energy_index,E_center_MeV,sim_particles,root_file_pattern,n_root_files,budget_mode,E_in_expected_MeV,E_deposited_MeV,E_not_deposited_MeV,E_escaped_MeV,E_escaped_back_MeV,E_escaped_forward_MeV,E_escaped_lateral_MeV,closure_from_event_tree_MeV,expected_closure_MeV,deposited_fraction,deposited_plus_escaped_fraction,n_events,event_coverage_vs_sim_particles,n_escaped_tracks,n_escaped_electrons,n_step_entries,status,error
0,0.00291062424,1000,/Users/yoffegid/Weizmann Institute Dropbox/Gidi Yoffe/Eureka Science/Code/geant4_projects/dnaphysics-ice/europa_energy_library/root/dna_ice_am_rho0p5_E00000_0p00291062424MeV.root,1,exact_event_tree,2.91062424,2.72778775,0.182836492,0.182706462,0.0828052859,1.79185345e-05,0.0998832575,0.000125789543,0.000130029543,0.937183066,0.999955326,1000,1,106635,106635,0,ok,
1,0.00292969248,1000,/Users/yoffegid/Weizmann Institute Dropbox/Gidi Yoffe/Eureka Science/Code/geant4_projects/dnaphysics-ice/europa_energy_library/root/dna_ice_am_rho0p5_E00001_0p00292969248MeV.root,0,,2.92969248,nan,nan,nan,nan,nan,nan,nan,nan,nan,nan,,,,,0,missing_root,
2,0.00294888565,1000,/Users/yoffegid/Weizmann Institute Dropbox/Gidi Yoffe/Eureka Science/Code/geant4_projects/dnaphysics-ice/europa_energy_library/root/dna_ice_am_rho0p5_E00002_0p00294888565MeV.root,0,,2.94888565,nan,nan,nan,nan,nan,nan,nan,nan,nan,nan,,,,,0,missing_root,
3,0.00296820455,1000,/Users/yoffegid/Weizmann Institute Dropbox/Gidi Yoffe/Eureka Science/Code/geant4_projects/dnaphysics-ice/europa_energy_library/root/dna_ice_am_rho0p5_E00003_0p00296820455MeV.root,0,,2.96820455,nan,nan,nan,nan,nan,nan,nan,nan,nan,nan,,,,,0,missing_root,
4,0.00298765002,1000,/Users/yoffegid/Weizmann Institute Dropbox/Gidi Yoffe/Eureka Science/Code/geant4_projects/dnaphysics-ice/europa_energy_library/root/dna_ice_am_rho0p5_E00004_0p00298765002MeV.root,0,,2.98765002,nan,nan,nan,nan,nan,nan,nan,nan,nan,nan,,,,,0,missing_root,
5,0.00300722288,1000,/Users/yoffegid/Weizmann Institute Dropbox/Gidi Yoffe/Eureka Science/Code/geant4_projects/dnaphysics-ice/europa_energy_library/root/dna_ice_am_rho0p5_E00005_0p00300722288MeV.root,0,,3.00722288,nan,nan,nan,nan,nan,nan,nan,nan,nan,nan,,,,,0,missing_root,
6,0.00302692396,1000,/Users/yoffegid/Weizmann Institute Dropbox/Gidi Yoffe/Eureka Science/Code/geant4_projects/dnaphysics-ice/europa_energy_library/root/dna_ice_am_rho0p5_E00006_0p00302692396MeV.root,0,,3.02692396,nan,nan,nan,nan,nan,nan,nan,nan,nan,nan,,,,,0,missing_root,
7,0.00304675411,1000,/Users/yoffegid/Weizmann Institute Dropbox/Gidi Yoffe/Eureka Science/Code/geant4_projects/dnaphysics-ice/europa_energy_library/root/dna_ice_am_rho0p5_E00007_0p00304675411MeV.root,0,,3.04675411,nan,nan,nan,nan,nan,nan,nan,nan,nan,nan,,,,,0,missing_root,
8,0.00306671418,1000,/Users/yoffegid/Weizmann Institute Dropbox/Gidi Yoffe/Eureka Science/Code/geant4_projects/dnaphysics-ice/europa_energy_library/root/dna_ice_am_rho0p5_E00008_0p00306671418MeV.root,0,,3.06671418,nan,nan,nan,nan,nan,nan,nan,nan,nan,nan,,,,,0,missing_root,
9,0.00308680501,1000,/Users/yoffegid/Weizmann Institute Dropbox/Gidi Yoffe/Eureka Science/Code/geant4_projects/dnaphysics-ice/europa_energy_library/root/dna_ice_am_rho0p5_E00009_0p00308680501MeV.root,0,,3.08680501,nan,nan,nan,nan,nan,nan,nan,nan,nan,nan,,,,,0,missing_root,
10,0.00310702745,1000,/Users/yoffegid/Weizmann Institute Dropbox/Gidi Yoffe/Eureka Science/Code/geant4_projects/dnaphysics-ice/europa_energy_library/root/dna_ice_am_rho0p5_E00010_0p00310702745MeV.root,0,,3.10702745,nan,nan,nan,nan,nan,nan,nan,nan,nan,nan,,,,,0,missing_root,
11,0.00312738238,1000,/Users/yoffegid/Weizmann Institute Dropbox/Gidi Yoffe/Eureka Science/Code/geant4_projects/dnaphysics-ice/europa_energy_library/root/dna_ice_am_rho0p5_E00011_0p00312738238MeV.root,0,,3.12738238,nan,nan,nan,nan,nan,nan,nan,nan,nan,nan,,,,,0,missing_root,
12,0.00314787067,1000,/Users/yoffegid/Weizmann Institute Dropbox/Gidi Yoffe/Eureka Science/Code/geant4_projects/dnaphysics-ice/europa_energy_library/root/dna_ice_am_rho0p5_E00012_0p00314787067MeV.root,0,,3.14787067,nan,nan,nan,nan,nan,nan,nan,nan,nan,nan,,,,,0,missing_root,
13,0.00316849317,1000,/Users/yoffegid/Weizmann Institute Dropbox/Gidi Yoffe/Eureka Science/Code/geant4_projects/dnaphysics-ice/europa_energy_library/root/dna_ice_am_rho0p5_E00013_0p00316849317MeV.root,0,,3.16849317,nan,nan,nan,nan,nan,nan,nan,nan,nan,nan,,,,,0,missing_root,
14,0.00318925078,1000,/Users/yoffegid/Weizmann Institute Dropbox/Gidi Yoffe/Eureka Science/Code/geant4_projects/dnaphysics-ice/europa_energy_library/root/dna_ice_am_rho0p5_E00014_0p00318925078MeV.root,0,,3.18925078,nan,nan,nan,nan,nan,nan,nan,nan,nan,nan,,,,,0,missing_root,
15,0.00321014437,1000,/Users/yoffegid/Weizmann Institute Dropbox/Gidi Yoffe/Eureka Science/Code/geant4_projects/dnaphysics-ice/europa_energy_library/root/dna_ice_am_rho0p5_E00015_0p00321014437MeV.root,0,,3.21014437,nan,nan,nan,nan,nan,nan,nan,nan,nan,nan,,,,,0,missing_root,
16,0.00323117485,1000,/Users/yoffegid/Weizmann Institute Dropbox/Gidi Yoffe/Eureka Science/Code/geant4_projects/dnaphysics-ice/europa_energy_library/root/dna_ice_am_rho0p5_E00016_0p00323117485MeV.root,0,,3.23117485,nan,nan,nan,nan,nan,nan,nan,nan,nan,nan,,,,,0,missing_root,
17,0.0032523431,1000,/Users/yoffegid/Weizmann Institute Dropbox/Gidi Yoffe/Eureka Science/Code/geant4_projects/dnaphysics-ice/europa_energy_library/root/dna_ice_am_rho0p5_E00017_0p0032523431MeV.root,0,,3.2523431,nan,nan,nan,nan,nan,nan,nan,nan,nan,nan,,,,,0,missing_root,
18,0.00327365003,1000,/Users/yoffegid/Weizmann Institute Dropbox/Gidi Yoffe/Eureka Science/Code/geant4_projects/dnaphysics-ice/europa_energy_library/root/dna_ice_am_rho0p5_E00018_0p00327365003MeV.root,0,,3.27365003,nan,nan,nan,nan,nan,nan,nan,nan,nan,nan,,,,,0,missing_root,
19,0.00329509655,1000,/Users/yoffegid/Weizmann Institute Dropbox/Gidi Yoffe/Eureka Science/Code/geant4_projects/dnaphysics-ice/europa_energy_library/root/dna_ice_am_rho0p5_E00019_0p00329509655MeV.root,0,,3.29509655,nan,nan,nan,nan,nan,nan,nan,nan,nan,nan,,,,,0,missing_root,
20,0.00331668357,1000,/Users/yoffegid/Weizmann Institute Dropbox/Gidi Yoffe/Eureka Science/Code/geant4_projects/dnaphysics-ice/europa_energy_library/root/dna_ice_am_rho0p5_E00020_0p00331668357MeV.root,0,,3.31668357,nan,nan,nan,nan,nan,nan,nan,nan,nan,nan,,,,,0,missing_root,
21,0.00333841201,1000,/Users/yoffegid/Weizmann Institute Dropbox/Gidi Yoffe/Eureka Science/Code/geant4_projects/dnaphysics-ice/europa_energy_library/root/dna_ice_am_rho0p5_E00021_0p00333841201MeV.root,0,,3.33841201,nan,nan,nan,nan,nan,nan,nan,nan,nan,nan,,,,,0,missing_root,
22,0.0033602828,1000,/Users/yoffegid/Weizmann Institute Dropbox/Gidi Yoffe/Eureka Science/Code/geant4_projects/dnaphysics-ice/europa_energy_library/root/dna_ice_am_rho0p5_E00022_0p0033602828MeV.root,0,,3.3602828,nan,nan,nan,nan,nan,nan,nan,nan,nan,nan,,,,,0,missing_root,
23,0.00338229687,1000,/Users/yoffegid/Weizmann Institute Dropbox/Gidi Yoffe/Eureka Science/Code/geant4_projects/dnaphysics-ice/europa_energy_library/root/dna_ice_am_rho0p5_E00023_0p00338229687MeV.root,0,,3.38229687,nan,nan,nan,nan,nan,nan,nan,nan,nan,nan,,,,,0,missing_root,
24,0.00340445516,1000,/Users/yoffegid/Weizmann Institute Dropbox/Gidi Yoffe/Eureka Science/Code/geant4_projects/dnaphysics-ice/europa_energy_library/root/dna_ice_am_rho0p5_E00024_0p00340445516MeV.root,0,,3.40445516,nan,nan,nan,nan,nan,nan,nan,nan,nan,nan,,,,,0,missing_root,
25,0.00342675862,1000,/Users/yoffegid/Weizmann Institute Dropbox/Gidi Yoffe/Eureka Science/Code/geant4_projects/dnaphysics-ice/europa_energy_library/root/dna_ice_am_rho0p5_E00025_0p00342675862MeV.root,0,,3.42675862,nan,nan,nan,nan,nan,nan,nan,nan,nan,nan,,,,,0,missing_root,
26,0.00344920819,1000,/Users/yoffegid/Weizmann Institute Dropbox/Gidi Yoffe/Eureka Science/Code/geant4_projects/dnaphysics-ice/europa_energy_library/root/dna_ice_am_rho0p5_E00026_0p00344920819MeV.root,0,,3.44920819,nan,nan,nan,nan,nan,nan,nan,nan,nan,nan,,,,,0,missing_root,
27,0.00347180483,1000,/Users/yoffegid/Weizmann Institute Dropbox/Gidi Yoffe/Eureka Science/Code/geant4_projects/dnaphysics-ice/europa_energy_library/root/dna_ice_am_rho0p5_E00027_0p00347180483MeV.root,0,,3.47180483,nan,nan,nan,nan,nan,nan,nan,nan,nan,nan,,,,,0,missing_root,
28,0.00349454952,1000,/Users/yoffegid/Weizmann Institute Dropbox/Gidi Yoffe/Eureka Science/Code/geant4_projects/dnaphysics-ice/europa_energy_library/root/dna_ice_am_rho0p5_E00028_0p00349454952MeV.root,0,,3.49454952,nan,nan,nan,nan,nan,nan,nan,nan,nan,nan,,,,,0,missing_root,
29,0.0035174432,1000,/Users/yoffegid/Weizmann Institute Dropbox/Gidi Yoffe/Eureka Science/Code/geant4_projects/dnaphysics-ice/europa_energy_library/root/dna_ice_am_rho0p5_E00029_0p0035174432MeV.root,0,,3.5174432,nan,nan,nan,nan,nan,nan,nan,nan,nan,nan,,,,,0,missing_root,
30,0.00354048687,1000,/Users/yoffegid/Weizmann Institute Dropbox/Gidi Yoffe/Eureka Science/Code/geant4_projects/dnaphysics-ice/europa_energy_library/root/dna_ice_am_rho0p5_E00030_0p00354048687MeV.root,0,,3.54048687,nan,nan,nan,nan,nan,nan,nan,nan,nan,nan,,,,,0,missing_root,
31,0.0035636815,1000,/Users/yoffegid/Weizmann Institute Dropbox/Gidi Yoffe/Eureka Science/Code/geant4_projects/dnaphysics-ice/europa_energy_library/root/dna_ice_am_rho0p5_E00031_0p0035636815MeV.root,0,,3.5636815,nan,nan,nan,nan,nan,nan,nan,nan,nan,nan,,,,,0,missing_root,
32,0.00358702809,1000,/Users/yoffegid/Weizmann Institute Dropbox/Gidi Yoffe/Eureka Science/Code/geant4_projects/dnaphysics-ice/europa_energy_library/root/dna_ice_am_rho0p5_E00032_0p00358702809MeV.root,0,,3.58702809,nan,nan,nan,nan,nan,nan,nan,nan,nan,nan,,,,,0,missing_root,
33,0.00361052763,1000,/Users/yoffegid/Weizmann Institute Dropbox/Gidi Yoffe/Eureka Science/Code/geant4_projects/dnaphysics-ice/europa_energy_library/root/dna_ice_am_rho0p5_E00033_0p00361052763MeV.root,0,,3.61052763,nan,nan,nan,nan,nan,nan,nan,nan,nan,nan,,,,,0,missing_root,
34,0.00363418112,1000,/Users/yoffegid/Weizmann Institute Dropbox/Gidi Yoffe/Eureka Science/Code/geant4_projects/dnaphysics-ice/europa_energy_library/root/dna_ice_am_rho0p5_E00034_0p00363418112MeV.root,0,,3.63418112,nan,nan,nan,nan,nan,nan,nan,nan,nan,nan,,,,,0,missing_root,
35,0.00365798957,1000,/Users/yoffegid/Weizmann Institute Dropbox/Gidi Yoffe/Eureka Science/Code/geant4_projects/dnaphysics-ice/europa_energy_library/root/dna_ice_am_rho0p5_E00035_0p00365798957MeV.root,0,,3.65798957,nan,nan,nan,nan,nan,nan,nan,nan,nan,nan,,,,,0,missing_root,
36,0.00368195399,1000,/Users/yoffegid/Weizmann Institute Dropbox/Gidi Yoffe/Eureka Science/Code/geant4_projects/dnaphysics-ice/europa_energy_library/root/dna_ice_am_rho0p5_E00036_0p00368195399MeV.root,0,,3.68195399,nan,nan,nan,nan,nan,nan,nan,nan,nan,nan,,,,,0,missing_root,
37,0.00370607541,1000,/Users/yoffegid/Weizmann Institute Dropbox/Gidi Yoffe/Eureka Science/Code/geant4_projects/dnaphysics-ice/europa_energy_library/root/dna_ice_am_rho0p5_E00037_0p00370607541MeV.root,0,,3.70607541,nan,nan,nan,nan,nan,nan,nan,nan,nan,nan,,,,,0,missing_root,
38,0.00373035486,1000,/Users/yoffegid/Weizmann Institute Dropbox/Gidi Yoffe/Eureka Science/Code/geant4_projects/dnaphysics-ice/europa_energy_library/root/dna_ice_am_rho0p5_E00038_0p00373035486MeV.root,0,,3.73035486,nan,nan,nan,nan,nan,nan,nan,nan,nan,nan,,,,,0,missing_root,
39,0.00375479337,1000,/Users/yoffegid/Weizmann Institute Dropbox/Gidi Yoffe/Eureka Science/Code/geant4_projects/dnaphysics-ice/europa_energy_library/root/dna_ice_am_rho0p5_E00039_0p00375479337MeV.root,0,,3.75479337,nan,nan,nan,nan,nan,nan,nan,nan,nan,nan,,,,,0,missing_root,
40,0.00377939198,1000,/Users/yoffegid/Weizmann Institute Dropbox/Gidi Yoffe/Eureka Science/Code/geant4_projects/dnaphysics-ice/europa_energy_library/root/dna_ice_am_rho0p5_E00040_0p00377939198MeV.root,0,,3.77939198,nan,nan,nan,nan,nan,nan,nan,nan,nan,nan,,,,,0,missing_root,
41,0.00380415174,1000,/Users/yoffegid/Weizmann Institute Dropbox/Gidi Yoffe/Eureka Science/Code/geant4_projects/dnaphysics-ice/europa_energy_library/root/dna_ice_am_rho0p5_E00041_0p00380415174MeV.root,0,,3.80415174,nan,nan,nan,nan,nan,nan,nan,nan,nan,nan,,,,,0,missing_root,
42,0.00382907371,1000,/Users/yoffegid/Weizmann Institute Dropbox/Gidi Yoffe/Eureka Science/Code/geant4_projects/dnaphysics-ice/europa_energy_library/root/dna_ice_am_rho0p5_E00042_0p00382907371MeV.root,0,,3.82907371,nan,nan,nan,nan,nan,nan,nan,nan,nan,nan,,,,,0,missing_root,
43,0.00385415895,1000,/Users/yoffegid/Weizmann Institute Dropbox/Gidi Yoffe/Eureka Science/Code/geant4_projects/dnaphysics-ice/europa_energy_library/root/dna_ice_am_rho0p5_E00043_0p00385415895MeV.root,0,,3.85415895,nan,nan,nan,nan,nan,nan,nan,nan,nan,nan,,,,,0,missing_root,
44,0.00387940853,1000,/Users/yoffegid/Weizmann Institute Dropbox/Gidi Yoffe/Eureka Science/Code/geant4_projects/dnaphysics-ice/europa_energy_library/root/dna_ice_am_rho0p5_E00044_0p00387940853MeV.root,0,,3.87940853,nan,nan,nan,nan,nan,nan,nan,nan,nan,nan,,,,,0,missing_root,
45,0.00390482353,1000,/Users/yoffegid/Weizmann Institute Dropbox/Gidi Yoffe/Eureka Science/Code/geant4_projects/dnaphysics-ice/europa_energy_library/root/dna_ice_am_rho0p5_E00045_0p00390482353MeV.root,0,,3.90482353,nan,nan,nan,nan,nan,nan,nan,nan,nan,nan,,,,,0,missing_root,
46,0.00393040502,1000,/Users/yoffegid/Weizmann Institute Dropbox/Gidi Yoffe/Eureka Science/Code/geant4_projects/dnaphysics-ice/europa_energy_library/root/dna_ice_am_rho0p5_E00046_0p00393040502MeV.root,0,,3.93040502,nan,nan,nan,nan,nan,nan,nan,nan,nan,nan,,,,,0,missing_root,
47,0.00395615411,1000,/Users/yoffegid/Weizmann Institute Dropbox/Gidi Yoffe/Eureka Science/Code/geant4_projects/dnaphysics-ice/europa_energy_library/root/dna_ice_am_rho0p5_E00047_0p00395615411MeV.root,0,,3.95615411,nan,nan,nan,nan,nan,nan,nan,nan,nan,nan,,,,,0,missing_root,
48,0.00398207189,1000,/Users/yoffegid/Weizmann Institute Dropbox/Gidi Yoffe/Eureka Science/Code/geant4_projects/dnaphysics-ice/europa_energy_library/root/dna_ice_am_rho0p5_E00048_0p00398207189MeV.root,0,,3.98207189,nan,nan,nan,nan,nan,nan,nan,nan,nan,nan,,,,,0,missing_root,
49,0.00400815946,1000,/Users/yoffegid/Weizmann Institute Dropbox/Gidi Yoffe/Eureka Science/Code/geant4_projects/dnaphysics-ice/europa_energy_library/root/dna_ice_am_rho0p5_E00049_0p00400815946MeV.root,0,,4.00815946,nan,nan,nan,nan,nan,nan,nan,nan,nan,nan,,,,,0,missing_root,
50,0.00403441793,1000,/Users/yoffegid/Weizmann Institute Dropbox/Gidi Yoffe/Eureka Science/Code/geant4_projects/dnaphysics-ice/europa_energy_library/root/dna_ice_am_rho0p5_E00050_0p00403441793MeV.root,0,,4.03441793,nan,nan,nan,nan,nan,nan,nan,nan,nan,nan,,,,,0,missing_root,
51,0.00406084844,1000,/Users/yoffegid/Weizmann Institute Dropbox/Gidi Yoffe/Eureka Science/Code/geant4_projects/dnaphysics-ice/europa_energy_library/root/dna_ice_am_rho0p5_E00051_0p00406084844MeV.root,0,,4.06084844,nan,nan,nan,nan,nan,nan,nan,nan,nan,nan,,,,,0,missing_root,
52,0.00408745209,1000,/Users/yoffegid/Weizmann Institute Dropbox/Gidi Yoffe/Eureka Science/Code/geant4_projects/dnaphysics-ice/europa_energy_library/root/dna_ice_am_rho0p5_E00052_0p00408745209MeV.root,0,,4.08745209,nan,nan,nan,nan,nan,nan,nan,nan,nan,nan,,,,,0,missing_root,
53,0.00411423004,1000,/Users/yoffegid/Weizmann Institute Dropbox/Gidi Yoffe/Eureka Science/Code/geant4_projects/dnaphysics-ice/europa_energy_library/root/dna_ice_am_rho0p5_E00053_0p00411423004MeV.root,0,,4.11423004,nan,nan,nan,nan,nan,nan,nan,nan,nan,nan,,,,,0,missing_root,
54,0.00414118341,1000,/Users/yoffegid/Weizmann Institute Dropbox/Gidi Yoffe/Eureka Science/Code/geant4_projects/dnaphysics-ice/europa_energy_library/root/dna_ice_am_rho0p5_E00054_0p00414118341MeV.root,0,,4.14118341,nan,nan,nan,nan,nan,nan,nan,nan,nan,nan,,,,,0,missing_root,
55,0.00416831336,1000,/Users/yoffegid/Weizmann Institute Dropbox/Gidi Yoffe/Eureka Science/Code/geant4_projects/dnaphysics-ice/europa_energy_library/root/dna_ice_am_rho0p5_E00055_0p00416831336MeV.root,0,,4.16831336,nan,nan,nan,nan,nan,nan,nan,nan,nan,nan,,,,,0,missing_root,
56,0.00419562104,1000,/Users/yoffegid/Weizmann Institute Dropbox/Gidi Yoffe/Eureka Science/Code/geant4_projects/dnaphysics-ice/europa_energy_library/root/dna_ice_am_rho0p5_E00056_0p00419562104MeV.root,0,,4.19562104,nan,nan,nan,nan,nan,nan,nan,nan,nan,nan,,,,,0,missing_root,
57,0.00422310763,1000,/Users/yoffegid/Weizmann Institute Dropbox/Gidi Yoffe/Eureka Science/Code/geant4_projects/dnaphysics-ice/europa_energy_library/root/dna_ice_am_rho0p5_E00057_0p00422310763MeV.root,0,,4.22310763,nan,nan,nan,nan,nan,nan,nan,nan,nan,nan,,,,,0,missing_root,
58,0.00425077429,1000,/Users/yoffegid/Weizmann Institute Dropbox/Gidi Yoffe/Eureka Science/Code/geant4_projects/dnaphysics-ice/europa_energy_library/root/dna_ice_am_rho0p5_E00058_0p00425077429MeV.root,0,,4.25077429,nan,nan,nan,nan,nan,nan,nan,nan,nan,nan,,,,,0,missing_root,
59,0.0042786222,1000,/Users/yoffegid/Weizmann Institute Dropbox/Gidi Yoffe/Eureka Science/Code/geant4_projects/dnaphysics-ice/europa_energy_library/root/dna_ice_am_rho0p5_E00059_0p0042786222MeV.root,0,,4.2786222,nan,nan,nan,nan,nan,nan,nan,nan,nan,nan,,,,,0,missing_root,
60,0.00430665254,1000,/Users/yoffegid/Weizmann Institute Dropbox/Gidi Yoffe/Eureka Science/Code/geant4_projects/dnaphysics-ice/europa_energy_library/root/dna_ice_am_rho0p5_E00060_0p00430665254MeV.root,0,,4.30665254,nan,nan,nan,nan,nan,nan,nan,nan,nan,nan,,,,,0,missing_root,
61,0.00433486652,1000,/Users/yoffegid/Weizmann Institute Dropbox/Gidi Yoffe/Eureka Science/Code/geant4_projects/dnaphysics-ice/europa_energy_library/root/dna_ice_am_rho0p5_E00061_0p00433486652MeV.root,0,,4.33486652,nan,nan,nan,nan,nan,nan,nan,nan,nan,nan,,,,,0,missing_root,
62,0.00436326534,1000,/Users/yoffegid/Weizmann Institute Dropbox/Gidi Yoffe/Eureka Science/Code/geant4_projects/dnaphysics-ice/europa_energy_library/root/dna_ice_am_rho0p5_E00062_0p00436326534MeV.root,0,,4.36326534,nan,nan,nan,nan,nan,nan,nan,nan,nan,nan,,,,,0,missing_root,
63,0.00439185021,1000,/Users/yoffegid/Weizmann Institute Dropbox/Gidi Yoffe/Eureka Science/Code/geant4_projects/dnaphysics-ice/europa_energy_library/root/dna_ice_am_rho0p5_E00063_0p00439185021MeV.root,0,,4.39185021,nan,nan,nan,nan,nan,nan,nan,nan,nan,nan,,,,,0,missing_root,
64,0.00442062234,1000,/Users/yoffegid/Weizmann Institute Dropbox/Gidi Yoffe/Eureka Science/Code/geant4_projects/dnaphysics-ice/europa_energy_library/root/dna_ice_am_rho0p5_E00064_0p00442062234MeV.root,0,,4.42062234,nan,nan,nan,nan,nan,nan,nan,nan,nan,nan,,,,,0,missing_root,
65,0.00444958297,1000,/Users/yoffegid/Weizmann Institute Dropbox/Gidi Yoffe/Eureka Science/Code/geant4_projects/dnaphysics-ice/europa_energy_library/root/dna_ice_am_rho0p5_E00065_0p00444958297MeV.root,0,,4.44958297,nan,nan,nan,nan,nan,nan,nan,nan,nan,nan,,,,,0,missing_root,
66,0.00447873332,1000,/Users/yoffegid/Weizmann Institute Dropbox/Gidi Yoffe/Eureka Science/Code/geant4_projects/dnaphysics-ice/europa_energy_library/root/dna_ice_am_rho0p5_E00066_0p00447873332MeV.root,0,,4.47873332,nan,nan,nan,nan,nan,nan,nan,nan,nan,nan,,,,,0,missing_root,
67,0.00450807465,1000,/Users/yoffegid/Weizmann Institute Dropbox/Gidi Yoffe/Eureka Science/Code/geant4_projects/dnaphysics-ice/europa_energy_library/root/dna_ice_am_rho0p5_E00067_0p00450807465MeV.root,0,,4.50807465,nan,nan,nan,nan,nan,nan,nan,nan,nan,nan,,,,,0,missing_root,
68,0.0045376082,1000,/Users/yoffegid/Weizmann Institute Dropbox/Gidi Yoffe/Eureka Science/Code/geant4_projects/dnaphysics-ice/europa_energy_library/root/dna_ice_am_rho0p5_E00068_0p0045376082MeV.root,0,,4.5376082,nan,nan,nan,nan,nan,nan,nan,nan,nan,nan,,,,,0,missing_root,
69,0.00456733523,1000,/Users/yoffegid/Weizmann Institute Dropbox/Gidi Yoffe/Eureka Science/Code/geant4_projects/dnaphysics-ice/europa_energy_library/root/dna_ice_am_rho0p5_E00069_0p00456733523MeV.root,0,,4.56733523,nan,nan,nan,nan,nan,nan,nan,nan,nan,nan,,,,,0,missing_root,
70,0.00459725701,1000,/Users/yoffegid/Weizmann Institute Dropbox/Gidi Yoffe/Eureka Science/Code/geant4_projects/dnaphysics-ice/europa_energy_library/root/dna_ice_am_rho0p5_E00070_0p00459725701MeV.root,0,,4.59725701,nan,nan,nan,nan,nan,nan,nan,nan,nan,nan,,,,,0,missing_root,
71,0.00462737481,1000,/Users/yoffegid/Weizmann Institute Dropbox/Gidi Yoffe/Eureka Science/Code/geant4_projects/dnaphysics-ice/europa_energy_library/root/dna_ice_am_rho0p5_E00071_0p00462737481MeV.root,0,,4.62737481,nan,nan,nan,nan,nan,nan,nan,nan,nan,nan,,,,,0,missing_root,
72,0.00465768993,1000,/Users/yoffegid/Weizmann Institute Dropbox/Gidi Yoffe/Eureka Science/Code/geant4_projects/dnaphysics-ice/europa_energy_library/root/dna_ice_am_rho0p5_E00072_0p00465768993MeV.root,0,,4.65768993,nan,nan,nan,nan,nan,nan,nan,nan,nan,nan,,,,,0,missing_root,
73,0.00468820364,1000,/Users/yoffegid/Weizmann Institute Dropbox/Gidi Yoffe/Eureka Science/Code/geant4_projects/dnaphysics-ice/europa_energy_library/root/dna_ice_am_rho0p5_E00073_0p00468820364MeV.root,0,,4.68820364,nan,nan,nan,nan,nan,nan,nan,nan,nan,nan,,,,,0,missing_root,
74,0.00471891726,1000,/Users/yoffegid/Weizmann Institute Dropbox/Gidi Yoffe/Eureka Science/Code/geant4_projects/dnaphysics-ice/europa_energy_library/root/dna_ice_am_rho0p5_E00074_0p00471891726MeV.root,0,,4.71891726,nan,nan,nan,nan,nan,nan,nan,nan,nan,nan,,,,,0,missing_root,
75,0.0047498321,1000,/Users/yoffegid/Weizmann Institute Dropbox/Gidi Yoffe/Eureka Science/Code/geant4_projects/dnaphysics-ice/europa_energy_library/root/dna_ice_am_rho0p5_E00075_0p0047498321MeV.root,0,,4.7498321,nan,nan,nan,nan,nan,nan,nan,nan,nan,nan,,,,,0,missing_root,
76,0.00478094946,1000,/Users/yoffegid/Weizmann Institute Dropbox/Gidi Yoffe/Eureka Science/Code/geant4_projects/dnaphysics-ice/europa_energy_library/root/dna_ice_am_rho0p5_E00076_0p00478094946MeV.root,0,,4.78094946,nan,nan,nan,nan,nan,nan,nan,nan,nan,nan,,,,,0,missing_root,
77,0.00481227068,1000,/Users/yoffegid/Weizmann Institute Dropbox/Gidi Yoffe/Eureka Science/Code/geant4_projects/dnaphysics-ice/europa_energy_library/root/dna_ice_am_rho0p5_E00077_0p00481227068MeV.root,0,,4.81227068,nan,nan,nan,nan,nan,nan,nan,nan,nan,nan,,,,,0,missing_root,
78,0.00484379709,1000,/Users/yoffegid/Weizmann Institute Dropbox/Gidi Yoffe/Eureka Science/Code/geant4_projects/dnaphysics-ice/europa_energy_library/root/dna_ice_am_rho0p5_E00078_0p00484379709MeV.root,0,,4.84379709,nan,nan,nan,nan,nan,nan,nan,nan,nan,nan,,,,,0,missing_root,
79,0.00487553005,1000,/Users/yoffegid/Weizmann Institute Dropbox/Gidi Yoffe/Eureka Science/Code/geant4_projects/dnaphysics-ice/europa_energy_library/root/dna_ice_am_rho0p5_E00079_0p00487553005MeV.root,0,,4.87553005,nan,nan,nan,nan,nan,nan,nan,nan,nan,nan,,,,,0,missing_root,
80,0.00490747089,1000,/Users/yoffegid/Weizmann Institute Dropbox/Gidi Yoffe/Eureka Science/Code/geant4_projects/dnaphysics-ice/europa_energy_library/root/dna_ice_am_rho0p5_E00080_0p00490747089MeV.root,0,,4.90747089,nan,nan,nan,nan,nan,nan,nan,nan,nan,nan,,,,,0,missing_root,
81,0.00493962099,1000,/Users/yoffegid/Weizmann Institute Dropbox/Gidi Yoffe/Eureka Science/Code/geant4_projects/dnaphysics-ice/europa_energy_library/root/dna_ice_am_rho0p5_E00081_0p00493962099MeV.root,0,,4.93962099,nan,nan,nan,nan,nan,nan,nan,nan,nan,nan,,,,,0,missing_root,
82,0.0049719817,1000,/Users/yoffegid/Weizmann Institute Dropbox/Gidi Yoffe/Eureka Science/Code/geant4_projects/dnaphysics-ice/europa_energy_library/root/dna_ice_am_rho0p5_E00082_0p0049719817MeV.root,0,,4.9719817,nan,nan,nan,nan,nan,nan,nan,nan,nan,nan,,,,,0,missing_root,
83,0.00500455443,1000,/Users/yoffegid/Weizmann Institute Dropbox/Gidi Yoffe/Eureka Science/Code/geant4_projects/dnaphysics-ice/europa_energy_library/root/dna_ice_am_rho0p5_E00083_0p00500455443MeV.root,0,,5.00455443,nan,nan,nan,nan,nan,nan,nan,nan,nan,nan,,,,,0,missing_root,
84,0.00503734054,1000,/Users/yoffegid/Weizmann Institute Dropbox/Gidi Yoffe/Eureka Science/Code/geant4_projects/dnaphysics-ice/europa_energy_library/root/dna_ice_am_rho0p5_E00084_0p00503734054MeV.root,0,,5.03734054,nan,nan,nan,nan,nan,nan,nan,nan,nan,nan,,,,,0,missing_root,
85,0.00507034145,1000,/Users/yoffegid/Weizmann Institute Dropbox/Gidi Yoffe/Eureka Science/Code/geant4_projects/dnaphysics-ice/europa_energy_library/root/dna_ice_am_rho0p5_E00085_0p00507034145MeV.root,0,,5.07034145,nan,nan,nan,nan,nan,nan,nan,nan,nan,nan,,,,,0,missing_root,
86,0.00510355855,1000,/Users/yoffegid/Weizmann Institute Dropbox/Gidi Yoffe/Eureka Science/Code/geant4_projects/dnaphysics-ice/europa_energy_library/root/dna_ice_am_rho0p5_E00086_0p00510355855MeV.root,0,,5.10355855,nan,nan,nan,nan,nan,nan,nan,nan,nan,nan,,,,,0,missing_root,
87,0.00513699326,1000,/Users/yoffegid/Weizmann Institute Dropbox/Gidi Yoffe/Eureka Science/Code/geant4_projects/dnaphysics-ice/europa_energy_library/root/dna_ice_am_rho0p5_E00087_0p00513699326MeV.root,0,,5.13699326,nan,nan,nan,nan,nan,nan,nan,nan,nan,nan,,,,,0,missing_root,
88,0.00517064702,1000,/Users/yoffegid/Weizmann Institute Dropbox/Gidi Yoffe/Eureka Science/Code/geant4_projects/dnaphysics-ice/europa_energy_library/root/dna_ice_am_rho0p5_E00088_0p00517064702MeV.root,0,,5.17064702,nan,nan,nan,nan,nan,nan,nan,nan,nan,nan,,,,,0,missing_root,
89,0.00520452125,1000,/Users/yoffegid/Weizmann Institute Dropbox/Gidi Yoffe/Eureka Science/Code/geant4_projects/dnaphysics-ice/europa_energy_library/root/dna_ice_am_rho0p5_E00089_0p00520452125MeV.root,0,,5.20452125,nan,nan,nan,nan,nan,nan,nan,nan,nan,nan,,,,,0,missing_root,
90,0.0052386174,1000,/Users/yoffegid/Weizmann Institute Dropbox/Gidi Yoffe/Eureka Science/Code/geant4_projects/dnaphysics-ice/europa_energy_library/root/dna_ice_am_rho0p5_E00090_0p0052386174MeV.root,0,,5.2386174,nan,nan,nan,nan,nan,nan,nan,nan,nan,nan,,,,,0,missing_root,
91,0.00527293692,1000,/Users/yoffegid/Weizmann Institute Dropbox/Gidi Yoffe/Eureka Science/Code/geant4_projects/dnaphysics-ice/europa_energy_library/root/dna_ice_am_rho0p5_E00091_0p00527293692MeV.root,0,,5.27293692,nan,nan,nan,nan,nan,nan,nan,nan,nan,nan,,,,,0,missing_root,
92,0.00530748128,1000,/Users/yoffegid/Weizmann Institute Dropbox/Gidi Yoffe/Eureka Science/Code/geant4_projects/dnaphysics-ice/europa_energy_library/root/dna_ice_am_rho0p5_E00092_0p00530748128MeV.root,0,,5.30748128,nan,nan,nan,nan,nan,nan,nan,nan,nan,nan,,,,,0,missing_root,
93,0.00534225194,1000,/Users/yoffegid/Weizmann Institute Dropbox/Gidi Yoffe/Eureka Science/Code/geant4_projects/dnaphysics-ice/europa_energy_library/root/dna_ice_am_rho0p5_E00093_0p00534225194MeV.root,0,,5.34225194,nan,nan,nan,nan,nan,nan,nan,nan,nan,nan,,,,,0,missing_root,
94,0.0053772504,1000,/Users/yoffegid/Weizmann Institute Dropbox/Gidi Yoffe/Eureka Science/Code/geant4_projects/dnaphysics-ice/europa_energy_library/root/dna_ice_am_rho0p5_E00094_0p0053772504MeV.root,0,,5.3772504,nan,nan,nan,nan,nan,nan,nan,nan,nan,nan,,,,,0,missing_root,
95,0.00541247814,1000,/Users/yoffegid/Weizmann Institute Dropbox/Gidi Yoffe/Eureka Science/Code/geant4_projects/dnaphysics-ice/europa_energy_library/root/dna_ice_am_rho0p5_E00095_0p00541247814MeV.root,0,,5.41247814,nan,nan,nan,nan,nan,nan,nan,nan,nan,nan,,,,,0,missing_root,
96,0.00544793667,1000,/Users/yoffegid/Weizmann Institute Dropbox/Gidi Yoffe/Eureka Science/Code/geant4_projects/dnaphysics-ice/europa_energy_library/root/dna_ice_am_rho0p5_E00096_0p00544793667MeV.root,0,,5.44793667,nan,nan,nan,nan,nan,nan,nan,nan,nan,nan,,,,,0,missing_root,
97,0.00548362749,1000,/Users/yoffegid/Weizmann Institute Dropbox/Gidi Yoffe/Eureka Science/Code/geant4_projects/dnaphysics-ice/europa_energy_library/root/dna_ice_am_rho0p5_E00097_0p00548362749MeV.root,0,,5.48362749,nan,nan,nan,nan,nan,nan,nan,nan,nan,nan,,,,,0,missing_root,
98,0.00551955214,1000,/Users/yoffegid/Weizmann Institute Dropbox/Gidi Yoffe/Eureka Science/Code/geant4_projects/dnaphysics-ice/europa_energy_library/root/dna_ice_am_rho0p5_E00098_0p00551955214MeV.root,0,,5.51955214,nan,nan,nan,nan,nan,nan,nan,nan,nan,nan,,,,,0,missing_root,
99,0.00555571213,1000,/Users/yoffegid/Weizmann Institute Dropbox/Gidi Yoffe/Eureka Science/Code/geant4_projects/dnaphysics-ice/europa_energy_library/root/dna_ice_am_rho0p5_E00099_0p00555571213MeV.root,0,,5.55571213,nan,nan,nan,nan,nan,nan,nan,nan,nan,nan,,,,,0,missing_root,
100,0.00559210902,1000,/Users/yoffegid/Weizmann Institute Dropbox/Gidi Yoffe/Eureka Science/Code/geant4_projects/dnaphysics-ice/europa_energy_library/root/dna_ice_am_rho0p5_E00100_0p00559210902MeV.root,0,,5.59210902,nan,nan,nan,nan,nan,nan,nan,nan,nan,nan,,,,,0,missing_root,
101,0.00562874436,1000,/Users/yoffegid/Weizmann Institute Dropbox/Gidi Yoffe/Eureka Science/Code/geant4_projects/dnaphysics-ice/europa_energy_library/root/dna_ice_am_rho0p5_E00101_0p00562874436MeV.root,0,,5.62874436,nan,nan,nan,nan,nan,nan,nan,nan,nan,nan,,,,,0,missing_root,
102,0.0056656197,1000,/Users/yoffegid/Weizmann Institute Dropbox/Gidi Yoffe/Eureka Science/Code/geant4_projects/dnaphysics-ice/europa_energy_library/root/dna_ice_am_rho0p5_E00102_0p0056656197MeV.root,0,,5.6656197,nan,nan,nan,nan,nan,nan,nan,nan,nan,nan,,,,,0,missing_root,
103,0.00570273662,1000,/Users/yoffegid/Weizmann Institute Dropbox/Gidi Yoffe/Eureka Science/Code/geant4_projects/dnaphysics-ice/europa_energy_library/root/dna_ice_am_rho0p5_E00103_0p00570273662MeV.root,0,,5.70273662,nan,nan,nan,nan,nan,nan,nan,nan,nan,nan,,,,,0,missing_root,
104,0.00574009671,1000,/Users/yoffegid/Weizmann Institute Dropbox/Gidi Yoffe/Eureka Science/Code/geant4_projects/dnaphysics-ice/europa_energy_library/root/dna_ice_am_rho0p5_E00104_0p00574009671MeV.root,0,,5.74009671,nan,nan,nan,nan,nan,nan,nan,nan,nan,nan,,,,,0,missing_root,
105,0.00577770155,1000,/Users/yoffegid/Weizmann Institute Dropbox/Gidi Yoffe/Eureka Science/Code/geant4_projects/dnaphysics-ice/europa_energy_library/root/dna_ice_am_rho0p5_E00105_0p00577770155MeV.root,0,,5.77770155,nan,nan,nan,nan,nan,nan,nan,nan,nan,nan,,,,,0,missing_root,
106,0.00581555275,1000,/Users/yoffegid/Weizmann Institute Dropbox/Gidi Yoffe/Eureka Science/Code/geant4_projects/dnaphysics-ice/europa_energy_library/root/dna_ice_am_rho0p5_E00106_0p00581555275MeV.root,0,,5.81555275,nan,nan,nan,nan,nan,nan,nan,nan,nan,nan,,,,,0,missing_root,
107,0.00585365192,1000,/Users/yoffegid/Weizmann Institute Dropbox/Gidi Yoffe/Eureka Science/Code/geant4_projects/dnaphysics-ice/europa_energy_library/root/dna_ice_am_rho0p5_E00107_0p00585365192MeV.root,0,,5.85365192,nan,nan,nan,nan,nan,nan,nan,nan,nan,nan,,,,,0,missing_root,
108,0.00589200069,1000,/Users/yoffegid/Weizmann Institute Dropbox/Gidi Yoffe/Eureka Science/Code/geant4_projects/dnaphysics-ice/europa_energy_library/root/dna_ice_am_rho0p5_E00108_0p00589200069MeV.root,0,,5.89200069,nan,nan,nan,nan,nan,nan,nan,nan,nan,nan,,,,,0,missing_root,
109,0.00593060069,1000,/Users/yoffegid/Weizmann Institute Dropbox/Gidi Yoffe/Eureka Science/Code/geant4_projects/dnaphysics-ice/europa_energy_library/root/dna_ice_am_rho0p5_E00109_0p00593060069MeV.root,0,,5.93060069,nan,nan,nan,nan,nan,nan,nan,nan,nan,nan,,,,,0,missing_root,
110,0.00596945357,1000,/Users/yoffegid/Weizmann Institute Dropbox/Gidi Yoffe/Eureka Science/Code/geant4_projects/dnaphysics-ice/europa_energy_library/root/dna_ice_am_rho0p5_E00110_0p00596945357MeV.root,0,,5.96945357,nan,nan,nan,nan,nan,nan,nan,nan,nan,nan,,,,,0,missing_root,
111,0.00600856098,1000,/Users/yoffegid/Weizmann Institute Dropbox/Gidi Yoffe/Eureka Science/Code/geant4_projects/dnaphysics-ice/europa_energy_library/root/dna_ice_am_rho0p5_E00111_0p00600856098MeV.root,0,,6.00856098,nan,nan,nan,nan,nan,nan,nan,nan,nan,nan,,,,,0,missing_root,
112,0.0060479246,1000,/Users/yoffegid/Weizmann Institute Dropbox/Gidi Yoffe/Eureka Science/Code/geant4_projects/dnaphysics-ice/europa_energy_library/root/dna_ice_am_rho0p5_E00112_0p0060479246MeV.root,0,,6.0479246,nan,nan,nan,nan,nan,nan,nan,nan,nan,nan,,,,,0,missing_root,
113,0.0060875461,1000,/Users/yoffegid/Weizmann Institute Dropbox/Gidi Yoffe/Eureka Science/Code/geant4_projects/dnaphysics-ice/europa_energy_library/root/dna_ice_am_rho0p5_E00113_0p0060875461MeV.root,0,,6.0875461,nan,nan,nan,nan,nan,nan,nan,nan,nan,nan,,,,,0,missing_root,
114,0.00612742717,1000,/Users/yoffegid/Weizmann Institute Dropbox/Gidi Yoffe/Eureka Science/Code/geant4_projects/dnaphysics-ice/europa_energy_library/root/dna_ice_am_rho0p5_E00114_0p00612742717MeV.root,0,,6.12742717,nan,nan,nan,nan,nan,nan,nan,nan,nan,nan,,,,,0,missing_root,
115,0.00616756951,1000,/Users/yoffegid/Weizmann Institute Dropbox/Gidi Yoffe/Eureka Science/Code/geant4_projects/dnaphysics-ice/europa_energy_library/root/dna_ice_am_rho0p5_E00115_0p00616756951MeV.root,0,,6.16756951,nan,nan,nan,nan,nan,nan,nan,nan,nan,nan,,,,,0,missing_root,
116,0.00620797484,1000,/Users/yoffegid/Weizmann Institute Dropbox/Gidi Yoffe/Eureka Science/Code/geant4_projects/dnaphysics-ice/europa_energy_library/root/dna_ice_am_rho0p5_E00116_0p00620797484MeV.root,0,,6.20797484,nan,nan,nan,nan,nan,nan,nan,nan,nan,nan,,,,,0,missing_root,
117,0.00624864486,1000,/Users/yoffegid/Weizmann Institute Dropbox/Gidi Yoffe/Eureka Science/Code/geant4_projects/dnaphysics-ice/europa_energy_library/root/dna_ice_am_rho0p5_E00117_0p00624864486MeV.root,0,,6.24864486,nan,nan,nan,nan,nan,nan,nan,nan,nan,nan,,,,,0,missing_root,
118,0.00628958133,1000,/Users/yoffegid/Weizmann Institute Dropbox/Gidi Yoffe/Eureka Science/Code/geant4_projects/dnaphysics-ice/europa_energy_library/root/dna_ice_am_rho0p5_E00118_0p00628958133MeV.root,0,,6.28958133,nan,nan,nan,nan,nan,nan,nan,nan,nan,nan,,,,,0,missing_root,
119,0.00633078599,1000,/Users/yoffegid/Weizmann Institute Dropbox/Gidi Yoffe/Eureka Science/Code/geant4_projects/dnaphysics-ice/europa_energy_library/root/dna_ice_am_rho0p5_E00119_0p00633078599MeV.root,0,,6.33078599,nan,nan,nan,nan,nan,nan,nan,nan,nan,nan,,,,,0,missing_root,
120,0.00637226058,1000,/Users/yoffegid/Weizmann Institute Dropbox/Gidi Yoffe/Eureka Science/Code/geant4_projects/dnaphysics-ice/europa_energy_library/root/dna_ice_am_rho0p5_E00120_0p00637226058MeV.root,0,,6.37226058,nan,nan,nan,nan,nan,nan,nan,nan,nan,nan,,,,,0,missing_root,
121,0.00641400689,1000,/Users/yoffegid/Weizmann Institute Dropbox/Gidi Yoffe/Eureka Science/Code/geant4_projects/dnaphysics-ice/europa_energy_library/root/dna_ice_am_rho0p5_E00121_0p00641400689MeV.root,0,,6.41400689,nan,nan,nan,nan,nan,nan,nan,nan,nan,nan,,,,,0,missing_root,
122,0.00645602669,1000,/Users/yoffegid/Weizmann Institute Dropbox/Gidi Yoffe/Eureka Science/Code/geant4_projects/dnaphysics-ice/europa_energy_library/root/dna_ice_am_rho0p5_E00122_0p00645602669MeV.root,0,,6.45602669,nan,nan,nan,nan,nan,nan,nan,nan,nan,nan,,,,,0,missing_root,
123,0.00649832177,1000,/Users/yoffegid/Weizmann Institute Dropbox/Gidi Yoffe/Eureka Science/Code/geant4_projects/dnaphysics-ice/europa_energy_library/root/dna_ice_am_rho0p5_E00123_0p00649832177MeV.root,0,,6.49832177,nan,nan,nan,nan,nan,nan,nan,nan,nan,nan,,,,,0,missing_root,
124,0.00654089393,1000,/Users/yoffegid/Weizmann Institute Dropbox/Gidi Yoffe/Eureka Science/Code/geant4_projects/dnaphysics-ice/europa_energy_library/root/dna_ice_am_rho0p5_E00124_0p00654089393MeV.root,0,,6.54089393,nan,nan,nan,nan,nan,nan,nan,nan,nan,nan,,,,,0,missing_root,
125,0.006583745,1000,/Users/yoffegid/Weizmann Institute Dropbox/Gidi Yoffe/Eureka Science/Code/geant4_projects/dnaphysics-ice/europa_energy_library/root/dna_ice_am_rho0p5_E00125_0p006583745MeV.root,0,,6.583745,nan,nan,nan,nan,nan,nan,nan,nan,nan,nan,,,,,0,missing_root,
126,0.0066268768,1000,/Users/yoffegid/Weizmann Institute Dropbox/Gidi Yoffe/Eureka Science/Code/geant4_projects/dnaphysics-ice/europa_energy_library/root/dna_ice_am_rho0p5_E00126_0p0066268768MeV.root,0,,6.6268768,nan,nan,nan,nan,nan,nan,nan,nan,nan,nan,,,,,0,missing_root,
127,0.00667029116,1000,/Users/yoffegid/Weizmann Institute Dropbox/Gidi Yoffe/Eureka Science/Code/geant4_projects/dnaphysics-ice/europa_energy_library/root/dna_ice_am_rho0p5_E00127_0p00667029116MeV.root,0,,6.67029116,nan,nan,nan,nan,nan,nan,nan,nan,nan,nan,,,,,0,missing_root,
128,0.00671398994,1000,/Users/yoffegid/Weizmann Institute Dropbox/Gidi Yoffe/Eureka Science/Code/geant4_projects/dnaphysics-ice/europa_energy_library/root/dna_ice_am_rho0p5_E00128_0p00671398994MeV.root,0,,6.71398994,nan,nan,nan,nan,nan,nan,nan,nan,nan,nan,,,,,0,missing_root,
129,0.00675797501,1000,/Users/yoffegid/Weizmann Institute Dropbox/Gidi Yoffe/Eureka Science/Code/geant4_projects/dnaphysics-ice/europa_energy_library/root/dna_ice_am_rho0p5_E00129_0p00675797501MeV.root,0,,6.75797501,nan,nan,nan,nan,nan,nan,nan,nan,nan,nan,,,,,0,missing_root,
130,0.00680224823,1000,/Users/yoffegid/Weizmann Institute Dropbox/Gidi Yoffe/Eureka Science/Code/geant4_projects/dnaphysics-ice/europa_energy_library/root/dna_ice_am_rho0p5_E00130_0p00680224823MeV.root,0,,6.80224823,nan,nan,nan,nan,nan,nan,nan,nan,nan,nan,,,,,0,missing_root,
131,0.00684681149,1000,/Users/yoffegid/Weizmann Institute Dropbox/Gidi Yoffe/Eureka Science/Code/geant4_projects/dnaphysics-ice/europa_energy_library/root/dna_ice_am_rho0p5_E00131_0p00684681149MeV.root,0,,6.84681149,nan,nan,nan,nan,nan,nan,nan,nan,nan,nan,,,,,0,missing_root,
132,0.0068916667,1000,/Users/yoffegid/Weizmann Institute Dropbox/Gidi Yoffe/Eureka Science/Code/geant4_projects/dnaphysics-ice/europa_energy_library/root/dna_ice_am_rho0p5_E00132_0p0068916667MeV.root,0,,6.8916667,nan,nan,nan,nan,nan,nan,nan,nan,nan,nan,,,,,0,missing_root,
133,0.00693681577,1000,/Users/yoffegid/Weizmann Institute Dropbox/Gidi Yoffe/Eureka Science/Code/geant4_projects/dnaphysics-ice/europa_energy_library/root/dna_ice_am_rho0p5_E00133_0p00693681577MeV.root,0,,6.93681577,nan,nan,nan,nan,nan,nan,nan,nan,nan,nan,,,,,0,missing_root,
134,0.00698226063,1000,/Users/yoffegid/Weizmann Institute Dropbox/Gidi Yoffe/Eureka Science/Code/geant4_projects/dnaphysics-ice/europa_energy_library/root/dna_ice_am_rho0p5_E00134_0p00698226063MeV.root,0,,6.98226063,nan,nan,nan,nan,nan,nan,nan,nan,nan,nan,,,,,0,missing_root,
135,0.0070280032,1000,/Users/yoffegid/Weizmann Institute Dropbox/Gidi Yoffe/Eureka Science/Code/geant4_projects/dnaphysics-ice/europa_energy_library/root/dna_ice_am_rho0p5_E00135_0p0070280032MeV.root,0,,7.0280032,nan,nan,nan,nan,nan,nan,nan,nan,nan,nan,,,,,0,missing_root,
136,0.00707404544,1000,/Users/yoffegid/Weizmann Institute Dropbox/Gidi Yoffe/Eureka Science/Code/geant4_projects/dnaphysics-ice/europa_energy_library/root/dna_ice_am_rho0p5_E00136_0p00707404544MeV.root,0,,7.07404544,nan,nan,nan,nan,nan,nan,nan,nan,nan,nan,,,,,0,missing_root,
137,0.00712038932,1000,/Users/yoffegid/Weizmann Institute Dropbox/Gidi Yoffe/Eureka Science/Code/geant4_projects/dnaphysics-ice/europa_energy_library/root/dna_ice_am_rho0p5_E00137_0p00712038932MeV.root,0,,7.12038932,nan,nan,nan,nan,nan,nan,nan,nan,nan,nan,,,,,0,missing_root,
138,0.00716703681,1000,/Users/yoffegid/Weizmann Institute Dropbox/Gidi Yoffe/Eureka Science/Code/geant4_projects/dnaphysics-ice/europa_energy_library/root/dna_ice_am_rho0p5_E00138_0p00716703681MeV.root,0,,7.16703681,nan,nan,nan,nan,nan,nan,nan,nan,nan,nan,,,,,0,missing_root,
139,0.0072139899,1000,/Users/yoffegid/Weizmann Institute Dropbox/Gidi Yoffe/Eureka Science/Code/geant4_projects/dnaphysics-ice/europa_energy_library/root/dna_ice_am_rho0p5_E00139_0p0072139899MeV.root,0,,7.2139899,nan,nan,nan,nan,nan,nan,nan,nan,nan,nan,,,,,0,missing_root,
140,0.00726125059,1000,/Users/yoffegid/Weizmann Institute Dropbox/Gidi Yoffe/Eureka Science/Code/geant4_projects/dnaphysics-ice/europa_energy_library/root/dna_ice_am_rho0p5_E00140_0p00726125059MeV.root,0,,7.26125059,nan,nan,nan,nan,nan,nan,nan,nan,nan,nan,,,,,0,missing_root,
141,0.0073088209,1000,/Users/yoffegid/Weizmann Institute Dropbox/Gidi Yoffe/Eureka Science/Code/geant4_projects/dnaphysics-ice/europa_energy_library/root/dna_ice_am_rho0p5_E00141_0p0073088209MeV.root,0,,7.3088209,nan,nan,nan,nan,nan,nan,nan,nan,nan,nan,,,,,0,missing_root,
142,0.00735670285,1000,/Users/yoffegid/Weizmann Institute Dropbox/Gidi Yoffe/Eureka Science/Code/geant4_projects/dnaphysics-ice/europa_energy_library/root/dna_ice_am_rho0p5_E00142_0p00735670285MeV.root,0,,7.35670285,nan,nan,nan,nan,nan,nan,nan,nan,nan,nan,,,,,0,missing_root,
143,0.00740489849,1000,/Users/yoffegid/Weizmann Institute Dropbox/Gidi Yoffe/Eureka Science/Code/geant4_projects/dnaphysics-ice/europa_energy_library/root/dna_ice_am_rho0p5_E00143_0p00740489849MeV.root,0,,7.40489849,nan,nan,nan,nan,nan,nan,nan,nan,nan,nan,,,,,0,missing_root,
144,0.00745340987,1000,/Users/yoffegid/Weizmann Institute Dropbox/Gidi Yoffe/Eureka Science/Code/geant4_projects/dnaphysics-ice/europa_energy_library/root/dna_ice_am_rho0p5_E00144_0p00745340987MeV.root,0,,7.45340987,nan,nan,nan,nan,nan,nan,nan,nan,nan,nan,,,,,0,missing_root,
145,0.00750223907,1000,/Users/yoffegid/Weizmann Institute Dropbox/Gidi Yoffe/Eureka Science/Code/geant4_projects/dnaphysics-ice/europa_energy_library/root/dna_ice_am_rho0p5_E00145_0p00750223907MeV.root,0,,7.50223907,nan,nan,nan,nan,nan,nan,nan,nan,nan,nan,,,,,0,missing_root,
146,0.00755138815,1000,/Users/yoffegid/Weizmann Institute Dropbox/Gidi Yoffe/Eureka Science/Code/geant4_projects/dnaphysics-ice/europa_energy_library/root/dna_ice_am_rho0p5_E00146_0p00755138815MeV.root,0,,7.55138815,nan,nan,nan,nan,nan,nan,nan,nan,nan,nan,,,,,0,missing_root,
147,0.00760085922,1000,/Users/yoffegid/Weizmann Institute Dropbox/Gidi Yoffe/Eureka Science/Code/geant4_projects/dnaphysics-ice/europa_energy_library/root/dna_ice_am_rho0p5_E00147_0p00760085922MeV.root,0,,7.60085922,nan,nan,nan,nan,nan,nan,nan,nan,nan,nan,,,,,0,missing_root,
148,0.00765065439,1000,/Users/yoffegid/Weizmann Institute Dropbox/Gidi Yoffe/Eureka Science/Code/geant4_projects/dnaphysics-ice/europa_energy_library/root/dna_ice_am_rho0p5_E00148_0p00765065439MeV.root,0,,7.65065439,nan,nan,nan,nan,nan,nan,nan,nan,nan,nan,,,,,0,missing_root,
149,0.00770077579,1000,/Users/yoffegid/Weizmann Institute Dropbox/Gidi Yoffe/Eureka Science/Code/geant4_projects/dnaphysics-ice/europa_energy_library/root/dna_ice_am_rho0p5_E00149_0p00770077579MeV.root,0,,7.70077579,nan,nan,nan,nan,nan,nan,nan,nan,nan,nan,,,,,0,missing_root,
150,0.00775122554,1000,/Users/yoffegid/Weizmann Institute Dropbox/Gidi Yoffe/Eureka Science/Code/geant4_projects/dnaphysics-ice/europa_energy_library/root/dna_ice_am_rho0p5_E00150_0p00775122554MeV.root,0,,7.75122554,nan,nan,nan,nan,nan,nan,nan,nan,nan,nan,,,,,0,missing_root,
151,0.00780200579,1000,/Users/yoffegid/Weizmann Institute Dropbox/Gidi Yoffe/Eureka Science/Code/geant4_projects/dnaphysics-ice/europa_energy_library/root/dna_ice_am_rho0p5_E00151_0p00780200579MeV.root,0,,7.80200579,nan,nan,nan,nan,nan,nan,nan,nan,nan,nan,,,,,0,missing_root,
152,0.00785311873,1000,/Users/yoffegid/Weizmann Institute Dropbox/Gidi Yoffe/Eureka Science/Code/geant4_projects/dnaphysics-ice/europa_energy_library/root/dna_ice_am_rho0p5_E00152_0p00785311873MeV.root,0,,7.85311873,nan,nan,nan,nan,nan,nan,nan,nan,nan,nan,,,,,0,missing_root,
153,0.00790456651,1000,/Users/yoffegid/Weizmann Institute Dropbox/Gidi Yoffe/Eureka Science/Code/geant4_projects/dnaphysics-ice/europa_energy_library/root/dna_ice_am_rho0p5_E00153_0p00790456651MeV.root,0,,7.90456651,nan,nan,nan,nan,nan,nan,nan,nan,nan,nan,,,,,0,missing_root,
154,0.00795635135,1000,/Users/yoffegid/Weizmann Institute Dropbox/Gidi Yoffe/Eureka Science/Code/geant4_projects/dnaphysics-ice/europa_energy_library/root/dna_ice_am_rho0p5_E00154_0p00795635135MeV.root,0,,7.95635135,nan,nan,nan,nan,nan,nan,nan,nan,nan,nan,,,,,0,missing_root,
155,0.00800847544,1000,/Users/yoffegid/Weizmann Institute Dropbox/Gidi Yoffe/Eureka Science/Code/geant4_projects/dnaphysics-ice/europa_energy_library/root/dna_ice_am_rho0p5_E00155_0p00800847544MeV.root,0,,8.00847544,nan,nan,nan,nan,nan,nan,nan,nan,nan,nan,,,,,0,missing_root,
156,0.00806094101,1000,/Users/yoffegid/Weizmann Institute Dropbox/Gidi Yoffe/Eureka Science/Code/geant4_projects/dnaphysics-ice/europa_energy_library/root/dna_ice_am_rho0p5_E00156_0p00806094101MeV.root,0,,8.06094101,nan,nan,nan,nan,nan,nan,nan,nan,nan,nan,,,,,0,missing_root,
157,0.00811375029,1000,/Users/yoffegid/Weizmann Institute Dropbox/Gidi Yoffe/Eureka Science/Code/geant4_projects/dnaphysics-ice/europa_energy_library/root/dna_ice_am_rho0p5_E00157_0p00811375029MeV.root,0,,8.11375029,nan,nan,nan,nan,nan,nan,nan,nan,nan,nan,,,,,0,missing_root,
158,0.00816690554,1000,/Users/yoffegid/Weizmann Institute Dropbox/Gidi Yoffe/Eureka Science/Code/geant4_projects/dnaphysics-ice/europa_energy_library/root/dna_ice_am_rho0p5_E00158_0p00816690554MeV.root,0,,8.16690554,nan,nan,nan,nan,nan,nan,nan,nan,nan,nan,,,,,0,missing_root,
159,0.00822040903,1000,/Users/yoffegid/Weizmann Institute Dropbox/Gidi Yoffe/Eureka Science/Code/geant4_projects/dnaphysics-ice/europa_energy_library/root/dna_ice_am_rho0p5_E00159_0p00822040903MeV.root,0,,8.22040903,nan,nan,nan,nan,nan,nan,nan,nan,nan,nan,,,,,0,missing_root,
160,0.00827426303,1000,/Users/yoffegid/Weizmann Institute Dropbox/Gidi Yoffe/Eureka Science/Code/geant4_projects/dnaphysics-ice/europa_energy_library/root/dna_ice_am_rho0p5_E00160_0p00827426303MeV.root,0,,8.27426303,nan,nan,nan,nan,nan,nan,nan,nan,nan,nan,,,,,0,missing_root,
161,0.00832846984,1000,/Users/yoffegid/Weizmann Institute Dropbox/Gidi Yoffe/Eureka Science/Code/geant4_projects/dnaphysics-ice/europa_energy_library/root/dna_ice_am_rho0p5_E00161_0p00832846984MeV.root,0,,8.32846984,nan,nan,nan,nan,nan,nan,nan,nan,nan,nan,,,,,0,missing_root,
162,0.00838303177,1000,/Users/yoffegid/Weizmann Institute Dropbox/Gidi Yoffe/Eureka Science/Code/geant4_projects/dnaphysics-ice/europa_energy_library/root/dna_ice_am_rho0p5_E00162_0p00838303177MeV.root,0,,8.38303177,nan,nan,nan,nan,nan,nan,nan,nan,nan,nan,,,,,0,missing_root,
163,0.00843795116,1000,/Users/yoffegid/Weizmann Institute Dropbox/Gidi Yoffe/Eureka Science/Code/geant4_projects/dnaphysics-ice/europa_energy_library/root/dna_ice_am_rho0p5_E00163_0p00843795116MeV.root,0,,8.43795116,nan,nan,nan,nan,nan,nan,nan,nan,nan,nan,,,,,0,missing_root,
164,0.00849323033,1000,/Users/yoffegid/Weizmann Institute Dropbox/Gidi Yoffe/Eureka Science/Code/geant4_projects/dnaphysics-ice/europa_energy_library/root/dna_ice_am_rho0p5_E00164_0p00849323033MeV.root,0,,8.49323033,nan,nan,nan,nan,nan,nan,nan,nan,nan,nan,,,,,0,missing_root,
165,0.00854887165,1000,/Users/yoffegid/Weizmann Institute Dropbox/Gidi Yoffe/Eureka Science/Code/geant4_projects/dnaphysics-ice/europa_energy_library/root/dna_ice_am_rho0p5_E00165_0p00854887165MeV.root,0,,8.54887165,nan,nan,nan,nan,nan,nan,nan,nan,nan,nan,,,,,0,missing_root,
166,0.00860487749,1000,/Users/yoffegid/Weizmann Institute Dropbox/Gidi Yoffe/Eureka Science/Code/geant4_projects/dnaphysics-ice/europa_energy_library/root/dna_ice_am_rho0p5_E00166_0p00860487749MeV.root,0,,8.60487749,nan,nan,nan,nan,nan,nan,nan,nan,nan,nan,,,,,0,missing_root,
167,0.00866125024,1000,/Users/yoffegid/Weizmann Institute Dropbox/Gidi Yoffe/Eureka Science/Code/geant4_projects/dnaphysics-ice/europa_energy_library/root/dna_ice_am_rho0p5_E00167_0p00866125024MeV.root,0,,8.66125024,nan,nan,nan,nan,nan,nan,nan,nan,nan,nan,,,,,0,missing_root,
168,0.00871799231,1000,/Users/yoffegid/Weizmann Institute Dropbox/Gidi Yoffe/Eureka Science/Code/geant4_projects/dnaphysics-ice/europa_energy_library/root/dna_ice_am_rho0p5_E00168_0p00871799231MeV.root,0,,8.71799231,nan,nan,nan,nan,nan,nan,nan,nan,nan,nan,,,,,0,missing_root,
169,0.0087751061,1000,/Users/yoffegid/Weizmann Institute Dropbox/Gidi Yoffe/Eureka Science/Code/geant4_projects/dnaphysics-ice/europa_energy_library/root/dna_ice_am_rho0p5_E00169_0p0087751061MeV.root,0,,8.7751061,nan,nan,nan,nan,nan,nan,nan,nan,nan,nan,,,,,0,missing_root,
170,0.00883259406,1000,/Users/yoffegid/Weizmann Institute Dropbox/Gidi Yoffe/Eureka Science/Code/geant4_projects/dnaphysics-ice/europa_energy_library/root/dna_ice_am_rho0p5_E00170_0p00883259406MeV.root,0,,8.83259406,nan,nan,nan,nan,nan,nan,nan,nan,nan,nan,,,,,0,missing_root,
171,0.00889045864,1000,/Users/yoffegid/Weizmann Institute Dropbox/Gidi Yoffe/Eureka Science/Code/geant4_projects/dnaphysics-ice/europa_energy_library/root/dna_ice_am_rho0p5_E00171_0p00889045864MeV.root,0,,8.89045864,nan,nan,nan,nan,nan,nan,nan,nan,nan,nan,,,,,0,missing_root,
172,0.00894870231,1000,/Users/yoffegid/Weizmann Institute Dropbox/Gidi Yoffe/Eureka Science/Code/geant4_projects/dnaphysics-ice/europa_energy_library/root/dna_ice_am_rho0p5_E00172_0p00894870231MeV.root,0,,8.94870231,nan,nan,nan,nan,nan,nan,nan,nan,nan,nan,,,,,0,missing_root,
173,0.00900732755,1000,/Users/yoffegid/Weizmann Institute Dropbox/Gidi Yoffe/Eureka Science/Code/geant4_projects/dnaphysics-ice/europa_energy_library/root/dna_ice_am_rho0p5_E00173_0p00900732755MeV.root,0,,9.00732755,nan,nan,nan,nan,nan,nan,nan,nan,nan,nan,,,,,0,missing_root,
174,0.00906633685,1000,/Users/yoffegid/Weizmann Institute Dropbox/Gidi Yoffe/Eureka Science/Code/geant4_projects/dnaphysics-ice/europa_energy_library/root/dna_ice_am_rho0p5_E00174_0p00906633685MeV.root,0,,9.06633685,nan,nan,nan,nan,nan,nan,nan,nan,nan,nan,,,,,0,missing_root,
175,0.00912573274,1000,/Users/yoffegid/Weizmann Institute Dropbox/Gidi Yoffe/Eureka Science/Code/geant4_projects/dnaphysics-ice/europa_energy_library/root/dna_ice_am_rho0p5_E00175_0p00912573274MeV.root,0,,9.12573274,nan,nan,nan,nan,nan,nan,nan,nan,nan,nan,,,,,0,missing_root,
176,0.00918551774,1000,/Users/yoffegid/Weizmann Institute Dropbox/Gidi Yoffe/Eureka Science/Code/geant4_projects/dnaphysics-ice/europa_energy_library/root/dna_ice_am_rho0p5_E00176_0p00918551774MeV.root,0,,9.18551774,nan,nan,nan,nan,nan,nan,nan,nan,nan,nan,,,,,0,missing_root,
177,0.00924569442,1000,/Users/yoffegid/Weizmann Institute Dropbox/Gidi Yoffe/Eureka Science/Code/geant4_projects/dnaphysics-ice/europa_energy_library/root/dna_ice_am_rho0p5_E00177_0p00924569442MeV.root,0,,9.24569442,nan,nan,nan,nan,nan,nan,nan,nan,nan,nan,,,,,0,missing_root,
178,0.00930626532,1000,/Users/yoffegid/Weizmann Institute Dropbox/Gidi Yoffe/Eureka Science/Code/geant4_projects/dnaphysics-ice/europa_energy_library/root/dna_ice_am_rho0p5_E00178_0p00930626532MeV.root,0,,9.30626532,nan,nan,nan,nan,nan,nan,nan,nan,nan,nan,,,,,0,missing_root,
179,0.00936723305,1000,/Users/yoffegid/Weizmann Institute Dropbox/Gidi Yoffe/Eureka Science/Code/geant4_projects/dnaphysics-ice/europa_energy_library/root/dna_ice_am_rho0p5_E00179_0p00936723305MeV.root,0,,9.36723305,nan,nan,nan,nan,nan,nan,nan,nan,nan,nan,,,,,0,missing_root,
180,0.00942860018,1000,/Users/yoffegid/Weizmann Institute Dropbox/Gidi Yoffe/Eureka Science/Code/geant4_projects/dnaphysics-ice/europa_energy_library/root/dna_ice_am_rho0p5_E00180_0p00942860018MeV.root,0,,9.42860018,nan,nan,nan,nan,nan,nan,nan,nan,nan,nan,,,,,0,missing_root,
181,0.00949036935,1000,/Users/yoffegid/Weizmann Institute Dropbox/Gidi Yoffe/Eureka Science/Code/geant4_projects/dnaphysics-ice/europa_energy_library/root/dna_ice_am_rho0p5_E00181_0p00949036935MeV.root,0,,9.49036935,nan,nan,nan,nan,nan,nan,nan,nan,nan,nan,,,,,0,missing_root,
182,0.00955254319,1000,/Users/yoffegid/Weizmann Institute Dropbox/Gidi Yoffe/Eureka Science/Code/geant4_projects/dnaphysics-ice/europa_energy_library/root/dna_ice_am_rho0p5_E00182_0p00955254319MeV.root,0,,9.55254319,nan,nan,nan,nan,nan,nan,nan,nan,nan,nan,,,,,0,missing_root,
183,0.00961512434,1000,/Users/yoffegid/Weizmann Institute Dropbox/Gidi Yoffe/Eureka Science/Code/geant4_projects/dnaphysics-ice/europa_energy_library/root/dna_ice_am_rho0p5_E00183_0p00961512434MeV.root,0,,9.61512434,nan,nan,nan,nan,nan,nan,nan,nan,nan,nan,,,,,0,missing_root,
184,0.00967811547,1000,/Users/yoffegid/Weizmann Institute Dropbox/Gidi Yoffe/Eureka Science/Code/geant4_projects/dnaphysics-ice/europa_energy_library/root/dna_ice_am_rho0p5_E00184_0p00967811547MeV.root,0,,9.67811547,nan,nan,nan,nan,nan,nan,nan,nan,nan,nan,,,,,0,missing_root,
185,0.00974151928,1000,/Users/yoffegid/Weizmann Institute Dropbox/Gidi Yoffe/Eureka Science/Code/geant4_projects/dnaphysics-ice/europa_energy_library/root/dna_ice_am_rho0p5_E00185_0p00974151928MeV.root,0,,9.74151928,nan,nan,nan,nan,nan,nan,nan,nan,nan,nan,,,,,0,missing_root,
186,0.00980533846,1000,/Users/yoffegid/Weizmann Institute Dropbox/Gidi Yoffe/Eureka Science/Code/geant4_projects/dnaphysics-ice/europa_energy_library/root/dna_ice_am_rho0p5_E00186_0p00980533846MeV.root,0,,9.80533846,nan,nan,nan,nan,nan,nan,nan,nan,nan,nan,,,,,0,missing_root,
187,0.00986957574,1000,/Users/yoffegid/Weizmann Institute Dropbox/Gidi Yoffe/Eureka Science/Code/geant4_projects/dnaphysics-ice/europa_energy_library/root/dna_ice_am_rho0p5_E00187_0p00986957574MeV.root,0,,9.86957574,nan,nan,nan,nan,nan,nan,nan,nan,nan,nan,,,,,0,missing_root,
188,0.00993423385,1000,/Users/yoffegid/Weizmann Institute Dropbox/Gidi Yoffe/Eureka Science/Code/geant4_projects/dnaphysics-ice/europa_energy_library/root/dna_ice_am_rho0p5_E00188_0p00993423385MeV.root,0,,9.93423385,nan,nan,nan,nan,nan,nan,nan,nan,nan,nan,,,,,0,missing_root,
189,0.00999931555,1000,/Users/yoffegid/Weizmann Institute Dropbox/Gidi Yoffe/Eureka Science/Code/geant4_projects/dnaphysics-ice/europa_energy_library/root/dna_ice_am_rho0p5_E00189_0p00999931555MeV.root,0,,9.99931555,nan,nan,nan,nan,nan,nan,nan,nan,nan,nan,,,,,0,missing_root,
190,0.0100648236,1000,/Users/yoffegid/Weizmann Institute Dropbox/Gidi Yoffe/Eureka Science/Code/geant4_projects/dnaphysics-ice/europa_energy_library/root/dna_ice_am_rho0p5_E00190_0p0100648236MeV.root,0,,10.0648236,nan,nan,nan,nan,nan,nan,nan,nan,nan,nan,,,,,0,missing_root,
191,0.0101307609,1000,/Users/yoffegid/Weizmann Institute Dropbox/Gidi Yoffe/Eureka Science/Code/geant4_projects/dnaphysics-ice/europa_energy_library/root/dna_ice_am_rho0p5_E00191_0p0101307609MeV.root,0,,10.1307609,nan,nan,nan,nan,nan,nan,nan,nan,nan,nan,,,,,0,missing_root,
192,0.0101971301,1000,/Users/yoffegid/Weizmann Institute Dropbox/Gidi Yoffe/Eureka Science/Code/geant4_projects/dnaphysics-ice/europa_energy_library/root/dna_ice_am_rho0p5_E00192_0p0101971301MeV.root,0,,10.1971301,nan,nan,nan,nan,nan,nan,nan,nan,nan,nan,,,,,0,missing_root,
193,0.0102639341,1000,/Users/yoffegid/Weizmann Institute Dropbox/Gidi Yoffe/Eureka Science/Code/geant4_projects/dnaphysics-ice/europa_energy_library/root/dna_ice_am_rho0p5_E00193_0p0102639341MeV.root,0,,10.2639341,nan,nan,nan,nan,nan,nan,nan,nan,nan,nan,,,,,0,missing_root,
194,0.0103311757,1000,/Users/yoffegid/Weizmann Institute Dropbox/Gidi Yoffe/Eureka Science/Code/geant4_projects/dnaphysics-ice/europa_energy_library/root/dna_ice_am_rho0p5_E00194_0p0103311757MeV.root,0,,10.3311757,nan,nan,nan,nan,nan,nan,nan,nan,nan,nan,,,,,0,missing_root,
195,0.0103988579,1000,/Users/yoffegid/Weizmann Institute Dropbox/Gidi Yoffe/Eureka Science/Code/geant4_projects/dnaphysics-ice/europa_energy_library/root/dna_ice_am_rho0p5_E00195_0p0103988579MeV.root,0,,10.3988579,nan,nan,nan,nan,nan,nan,nan,nan,nan,nan,,,,,0,missing_root,
196,0.0104669835,1000,/Users/yoffegid/Weizmann Institute Dropbox/Gidi Yoffe/Eureka Science/Code/geant4_projects/dnaphysics-ice/europa_energy_library/root/dna_ice_am_rho0p5_E00196_0p0104669835MeV.root,0,,10.4669835,nan,nan,nan,nan,nan,nan,nan,nan,nan,nan,,,,,0,missing_root,
197,0.0105355553,1000,/Users/yoffegid/Weizmann Institute Dropbox/Gidi Yoffe/Eureka Science/Code/geant4_projects/dnaphysics-ice/europa_energy_library/root/dna_ice_am_rho0p5_E00197_0p0105355553MeV.root,0,,10.5355553,nan,nan,nan,nan,nan,nan,nan,nan,nan,nan,,,,,0,missing_root,
198,0.0106045765,1000,/Users/yoffegid/Weizmann Institute Dropbox/Gidi Yoffe/Eureka Science/Code/geant4_projects/dnaphysics-ice/europa_energy_library/root/dna_ice_am_rho0p5_E00198_0p0106045765MeV.root,0,,10.6045765,nan,nan,nan,nan,nan,nan,nan,nan,nan,nan,,,,,0,missing_root,
199,0.0106740498,1000,/Users/yoffegid/Weizmann Institute Dropbox/Gidi Yoffe/Eureka Science/Code/geant4_projects/dnaphysics-ice/europa_energy_library/root/dna_ice_am_rho0p5_E00199_0p0106740498MeV.root,0,,10.6740498,nan,nan,nan,nan,nan,nan,nan,nan,nan,nan,,,,,0,missing_root,
200,0.0107439782,1000,/Users/yoffegid/Weizmann Institute Dropbox/Gidi Yoffe/Eureka Science/Code/geant4_projects/dnaphysics-ice/europa_energy_library/root/dna_ice_am_rho0p5_E00200_0p0107439782MeV.root,0,,10.7439782,nan,nan,nan,nan,nan,nan,nan,nan,nan,nan,,,,,0,missing_root,
201,0.0108143647,1000,/Users/yoffegid/Weizmann Institute Dropbox/Gidi Yoffe/Eureka Science/Code/geant4_projects/dnaphysics-ice/europa_energy_library/root/dna_ice_am_rho0p5_E00201_0p0108143647MeV.root,0,,10.8143647,nan,nan,nan,nan,nan,nan,nan,nan,nan,nan,,,,,0,missing_root,
202,0.0108852124,1000,/Users/yoffegid/Weizmann Institute Dropbox/Gidi Yoffe/Eureka Science/Code/geant4_projects/dnaphysics-ice/europa_energy_library/root/dna_ice_am_rho0p5_E00202_0p0108852124MeV.root,0,,10.8852124,nan,nan,nan,nan,nan,nan,nan,nan,nan,nan,,,,,0,missing_root,
203,0.0109565242,1000,/Users/yoffegid/Weizmann Institute Dropbox/Gidi Yoffe/Eureka Science/Code/geant4_projects/dnaphysics-ice/europa_energy_library/root/dna_ice_am_rho0p5_E00203_0p0109565242MeV.root,0,,10.9565242,nan,nan,nan,nan,nan,nan,nan,nan,nan,nan,,,,,0,missing_root,
204,0.0110283032,1000,/Users/yoffegid/Weizmann Institute Dropbox/Gidi Yoffe/Eureka Science/Code/geant4_projects/dnaphysics-ice/europa_energy_library/root/dna_ice_am_rho0p5_E00204_0p0110283032MeV.root,0,,11.0283032,nan,nan,nan,nan,nan,nan,nan,nan,nan,nan,,,,,0,missing_root,
205,0.0111005524,1000,/Users/yoffegid/Weizmann Institute Dropbox/Gidi Yoffe/Eureka Science/Code/geant4_projects/dnaphysics-ice/europa_energy_library/root/dna_ice_am_rho0p5_E00205_0p0111005524MeV.root,0,,11.1005524,nan,nan,nan,nan,nan,nan,nan,nan,nan,nan,,,,,0,missing_root,
206,0.011173275,1000,/Users/yoffegid/Weizmann Institute Dropbox/Gidi Yoffe/Eureka Science/Code/geant4_projects/dnaphysics-ice/europa_energy_library/root/dna_ice_am_rho0p5_E00206_0p011173275MeV.root,0,,11.173275,nan,nan,nan,nan,nan,nan,nan,nan,nan,nan,,,,,0,missing_root,
207,0.011246474,1000,/Users/yoffegid/Weizmann Institute Dropbox/Gidi Yoffe/Eureka Science/Code/geant4_projects/dnaphysics-ice/europa_energy_library/root/dna_ice_am_rho0p5_E00207_0p011246474MeV.root,0,,11.246474,nan,nan,nan,nan,nan,nan,nan,nan,nan,nan,,,,,0,missing_root,
208,0.0113201525,1000,/Users/yoffegid/Weizmann Institute Dropbox/Gidi Yoffe/Eureka Science/Code/geant4_projects/dnaphysics-ice/europa_energy_library/root/dna_ice_am_rho0p5_E00208_0p0113201525MeV.root,0,,11.3201525,nan,nan,nan,nan,nan,nan,nan,nan,nan,nan,,,,,0,missing_root,
209,0.0113943137,1000,/Users/yoffegid/Weizmann Institute Dropbox/Gidi Yoffe/Eureka Science/Code/geant4_projects/dnaphysics-ice/europa_energy_library/root/dna_ice_am_rho0p5_E00209_0p0113943137MeV.root,0,,11.3943137,nan,nan,nan,nan,nan,nan,nan,nan,nan,nan,,,,,0,missing_root,
210,0.0114689607,1000,/Users/yoffegid/Weizmann Institute Dropbox/Gidi Yoffe/Eureka Science/Code/geant4_projects/dnaphysics-ice/europa_energy_library/root/dna_ice_am_rho0p5_E00210_0p0114689607MeV.root,0,,11.4689607,nan,nan,nan,nan,nan,nan,nan,nan,nan,nan,,,,,0,missing_root,
211,0.0115440968,1000,/Users/yoffegid/Weizmann Institute Dropbox/Gidi Yoffe/Eureka Science/Code/geant4_projects/dnaphysics-ice/europa_energy_library/root/dna_ice_am_rho0p5_E00211_0p0115440968MeV.root,0,,11.5440968,nan,nan,nan,nan,nan,nan,nan,nan,nan,nan,,,,,0,missing_root,
212,0.0116197252,1000,/Users/yoffegid/Weizmann Institute Dropbox/Gidi Yoffe/Eureka Science/Code/geant4_projects/dnaphysics-ice/europa_energy_library/root/dna_ice_am_rho0p5_E00212_0p0116197252MeV.root,0,,11.6197252,nan,nan,nan,nan,nan,nan,nan,nan,nan,nan,,,,,0,missing_root,
213,0.011695849,1000,/Users/yoffegid/Weizmann Institute Dropbox/Gidi Yoffe/Eureka Science/Code/geant4_projects/dnaphysics-ice/europa_energy_library/root/dna_ice_am_rho0p5_E00213_0p011695849MeV.root,0,,11.695849,nan,nan,nan,nan,nan,nan,nan,nan,nan,nan,,,,,0,missing_root,
214,0.0117724714,1000,/Users/yoffegid/Weizmann Institute Dropbox/Gidi Yoffe/Eureka Science/Code/geant4_projects/dnaphysics-ice/europa_energy_library/root/dna_ice_am_rho0p5_E00214_0p0117724714MeV.root,0,,11.7724714,nan,nan,nan,nan,nan,nan,nan,nan,nan,nan,,,,,0,missing_root,
215,0.0118495959,1000,/Users/yoffegid/Weizmann Institute Dropbox/Gidi Yoffe/Eureka Science/Code/geant4_projects/dnaphysics-ice/europa_energy_library/root/dna_ice_am_rho0p5_E00215_0p0118495959MeV.root,0,,11.8495959,nan,nan,nan,nan,nan,nan,nan,nan,nan,nan,,,,,0,missing_root,
216,0.0119272256,1000,/Users/yoffegid/Weizmann Institute Dropbox/Gidi Yoffe/Eureka Science/Code/geant4_projects/dnaphysics-ice/europa_energy_library/root/dna_ice_am_rho0p5_E00216_0p0119272256MeV.root,0,,11.9272256,nan,nan,nan,nan,nan,nan,nan,nan,nan,nan,,,,,0,missing_root,
217,0.012005364,1000,/Users/yoffegid/Weizmann Institute Dropbox/Gidi Yoffe/Eureka Science/Code/geant4_projects/dnaphysics-ice/europa_energy_library/root/dna_ice_am_rho0p5_E00217_0p012005364MeV.root,0,,12.005364,nan,nan,nan,nan,nan,nan,nan,nan,nan,nan,,,,,0,missing_root,
218,0.0120840142,1000,/Users/yoffegid/Weizmann Institute Dropbox/Gidi Yoffe/Eureka Science/Code/geant4_projects/dnaphysics-ice/europa_energy_library/root/dna_ice_am_rho0p5_E00218_0p0120840142MeV.root,0,,12.0840142,nan,nan,nan,nan,nan,nan,nan,nan,nan,nan,,,,,0,missing_root,
219,0.0121631796,1000,/Users/yoffegid/Weizmann Institute Dropbox/Gidi Yoffe/Eureka Science/Code/geant4_projects/dnaphysics-ice/europa_energy_library/root/dna_ice_am_rho0p5_E00219_0p0121631796MeV.root,0,,12.1631796,nan,nan,nan,nan,nan,nan,nan,nan,nan,nan,,,,,0,missing_root,
220,0.0122428637,1000,/Users/yoffegid/Weizmann Institute Dropbox/Gidi Yoffe/Eureka Science/Code/geant4_projects/dnaphysics-ice/europa_energy_library/root/dna_ice_am_rho0p5_E00220_0p0122428637MeV.root,0,,12.2428637,nan,nan,nan,nan,nan,nan,nan,nan,nan,nan,,,,,0,missing_root,
221,0.0123230698,1000,/Users/yoffegid/Weizmann Institute Dropbox/Gidi Yoffe/Eureka Science/Code/geant4_projects/dnaphysics-ice/europa_energy_library/root/dna_ice_am_rho0p5_E00221_0p0123230698MeV.root,0,,12.3230698,nan,nan,nan,nan,nan,nan,nan,nan,nan,nan,,,,,0,missing_root,
222,0.0124038014,1000,/Users/yoffegid/Weizmann Institute Dropbox/Gidi Yoffe/Eureka Science/Code/geant4_projects/dnaphysics-ice/europa_energy_library/root/dna_ice_am_rho0p5_E00222_0p0124038014MeV.root,0,,12.4038014,nan,nan,nan,nan,nan,nan,nan,nan,nan,nan,,,,,0,missing_root,
223,0.0124850619,1000,/Users/yoffegid/Weizmann Institute Dropbox/Gidi Yoffe/Eureka Science/Code/geant4_projects/dnaphysics-ice/europa_energy_library/root/dna_ice_am_rho0p5_E00223_0p0124850619MeV.root,0,,12.4850619,nan,nan,nan,nan,nan,nan,nan,nan,nan,nan,,,,,0,missing_root,
224,0.0125668547,1000,/Users/yoffegid/Weizmann Institute Dropbox/Gidi Yoffe/Eureka Science/Code/geant4_projects/dnaphysics-ice/europa_energy_library/root/dna_ice_am_rho0p5_E00224_0p0125668547MeV.root,0,,12.5668547,nan,nan,nan,nan,nan,nan,nan,nan,nan,nan,,,,,0,missing_root,
225,0.0126491834,1000,/Users/yoffegid/Weizmann Institute Dropbox/Gidi Yoffe/Eureka Science/Code/geant4_projects/dnaphysics-ice/europa_energy_library/root/dna_ice_am_rho0p5_E00225_0p0126491834MeV.root,0,,12.6491834,nan,nan,nan,nan,nan,nan,nan,nan,nan,nan,,,,,0,missing_root,
226,0.0127320514,1000,/Users/yoffegid/Weizmann Institute Dropbox/Gidi Yoffe/Eureka Science/Code/geant4_projects/dnaphysics-ice/europa_energy_library/root/dna_ice_am_rho0p5_E00226_0p0127320514MeV.root,0,,12.7320514,nan,nan,nan,nan,nan,nan,nan,nan,nan,nan,,,,,0,missing_root,
227,0.0128154624,1000,/Users/yoffegid/Weizmann Institute Dropbox/Gidi Yoffe/Eureka Science/Code/geant4_projects/dnaphysics-ice/europa_energy_library/root/dna_ice_am_rho0p5_E00227_0p0128154624MeV.root,0,,12.8154624,nan,nan,nan,nan,nan,nan,nan,nan,nan,nan,,,,,0,missing_root,
228,0.0128994197,1000,/Users/yoffegid/Weizmann Institute Dropbox/Gidi Yoffe/Eureka Science/Code/geant4_projects/dnaphysics-ice/europa_energy_library/root/dna_ice_am_rho0p5_E00228_0p0128994197MeV.root,0,,12.8994197,nan,nan,nan,nan,nan,nan,nan,nan,nan,nan,,,,,0,missing_root,
229,0.0129839271,1000,/Users/yoffegid/Weizmann Institute Dropbox/Gidi Yoffe/Eureka Science/Code/geant4_projects/dnaphysics-ice/europa_energy_library/root/dna_ice_am_rho0p5_E00229_0p0129839271MeV.root,0,,12.9839271,nan,nan,nan,nan,nan,nan,nan,nan,nan,nan,,,,,0,missing_root,
230,0.0130689881,1000,/Users/yoffegid/Weizmann Institute Dropbox/Gidi Yoffe/Eureka Science/Code/geant4_projects/dnaphysics-ice/europa_energy_library/root/dna_ice_am_rho0p5_E00230_0p0130689881MeV.root,0,,13.0689881,nan,nan,nan,nan,nan,nan,nan,nan,nan,nan,,,,,0,missing_root,
231,0.0131546064,1000,/Users/yoffegid/Weizmann Institute Dropbox/Gidi Yoffe/Eureka Science/Code/geant4_projects/dnaphysics-ice/europa_energy_library/root/dna_ice_am_rho0p5_E00231_0p0131546064MeV.root,0,,13.1546064,nan,nan,nan,nan,nan,nan,nan,nan,nan,nan,,,,,0,missing_root,
232,0.0132407856,1000,/Users/yoffegid/Weizmann Institute Dropbox/Gidi Yoffe/Eureka Science/Code/geant4_projects/dnaphysics-ice/europa_energy_library/root/dna_ice_am_rho0p5_E00232_0p0132407856MeV.root,0,,13.2407856,nan,nan,nan,nan,nan,nan,nan,nan,nan,nan,,,,,0,missing_root,
233,0.0133275294,1000,/Users/yoffegid/Weizmann Institute Dropbox/Gidi Yoffe/Eureka Science/Code/geant4_projects/dnaphysics-ice/europa_energy_library/root/dna_ice_am_rho0p5_E00233_0p0133275294MeV.root,0,,13.3275294,nan,nan,nan,nan,nan,nan,nan,nan,nan,nan,,,,,0,missing_root,
234,0.0134148414,1000,/Users/yoffegid/Weizmann Institute Dropbox/Gidi Yoffe/Eureka Science/Code/geant4_projects/dnaphysics-ice/europa_energy_library/root/dna_ice_am_rho0p5_E00234_0p0134148414MeV.root,0,,13.4148414,nan,nan,nan,nan,nan,nan,nan,nan,nan,nan,,,,,0,missing_root,
235,0.0135027255,1000,/Users/yoffegid/Weizmann Institute Dropbox/Gidi Yoffe/Eureka Science/Code/geant4_projects/dnaphysics-ice/europa_energy_library/root/dna_ice_am_rho0p5_E00235_0p0135027255MeV.root,0,,13.5027255,nan,nan,nan,nan,nan,nan,nan,nan,nan,nan,,,,,0,missing_root,
236,0.0135911853,1000,/Users/yoffegid/Weizmann Institute Dropbox/Gidi Yoffe/Eureka Science/Code/geant4_projects/dnaphysics-ice/europa_energy_library/root/dna_ice_am_rho0p5_E00236_0p0135911853MeV.root,0,,13.5911853,nan,nan,nan,nan,nan,nan,nan,nan,nan,nan,,,,,0,missing_root,
237,0.0136802246,1000,/Users/yoffegid/Weizmann Institute Dropbox/Gidi Yoffe/Eureka Science/Code/geant4_projects/dnaphysics-ice/europa_energy_library/root/dna_ice_am_rho0p5_E00237_0p0136802246MeV.root,0,,13.6802246,nan,nan,nan,nan,nan,nan,nan,nan,nan,nan,,,,,0,missing_root,
238,0.0137698473,1000,/Users/yoffegid/Weizmann Institute Dropbox/Gidi Yoffe/Eureka Science/Code/geant4_projects/dnaphysics-ice/europa_energy_library/root/dna_ice_am_rho0p5_E00238_0p0137698473MeV.root,0,,13.7698473,nan,nan,nan,nan,nan,nan,nan,nan,nan,nan,,,,,0,missing_root,
239,0.013860057,1000,/Users/yoffegid/Weizmann Institute Dropbox/Gidi Yoffe/Eureka Science/Code/geant4_projects/dnaphysics-ice/europa_energy_library/root/dna_ice_am_rho0p5_E00239_0p013860057MeV.root,0,,13.860057,nan,nan,nan,nan,nan,nan,nan,nan,nan,nan,,,,,0,missing_root,
240,0.0139508578,1000,/Users/yoffegid/Weizmann Institute Dropbox/Gidi Yoffe/Eureka Science/Code/geant4_projects/dnaphysics-ice/europa_energy_library/root/dna_ice_am_rho0p5_E00240_0p0139508578MeV.root,0,,13.9508578,nan,nan,nan,nan,nan,nan,nan,nan,nan,nan,,,,,0,missing_root,
241,0.0140422535,1000,/Users/yoffegid/Weizmann Institute Dropbox/Gidi Yoffe/Eureka Science/Code/geant4_projects/dnaphysics-ice/europa_energy_library/root/dna_ice_am_rho0p5_E00241_0p0140422535MeV.root,0,,14.0422535,nan,nan,nan,nan,nan,nan,nan,nan,nan,nan,,,,,0,missing_root,
242,0.0141342478,1000,/Users/yoffegid/Weizmann Institute Dropbox/Gidi Yoffe/Eureka Science/Code/geant4_projects/dnaphysics-ice/europa_energy_library/root/dna_ice_am_rho0p5_E00242_0p0141342478MeV.root,0,,14.1342478,nan,nan,nan,nan,nan,nan,nan,nan,nan,nan,,,,,0,missing_root,
243,0.0142268449,1000,/Users/yoffegid/Weizmann Institute Dropbox/Gidi Yoffe/Eureka Science/Code/geant4_projects/dnaphysics-ice/europa_energy_library/root/dna_ice_am_rho0p5_E00243_0p0142268449MeV.root,0,,14.2268449,nan,nan,nan,nan,nan,nan,nan,nan,nan,nan,,,,,0,missing_root,
244,0.0143200486,1000,/Users/yoffegid/Weizmann Institute Dropbox/Gidi Yoffe/Eureka Science/Code/geant4_projects/dnaphysics-ice/europa_energy_library/root/dna_ice_am_rho0p5_E00244_0p0143200486MeV.root,0,,14.3200486,nan,nan,nan,nan,nan,nan,nan,nan,nan,nan,,,,,0,missing_root,
245,0.0144138629,1000,/Users/yoffegid/Weizmann Institute Dropbox/Gidi Yoffe/Eureka Science/Code/geant4_projects/dnaphysics-ice/europa_energy_library/root/dna_ice_am_rho0p5_E00245_0p0144138629MeV.root,0,,14.4138629,nan,nan,nan,nan,nan,nan,nan,nan,nan,nan,,,,,0,missing_root,
246,0.0145082918,1000,/Users/yoffegid/Weizmann Institute Dropbox/Gidi Yoffe/Eureka Science/Code/geant4_projects/dnaphysics-ice/europa_energy_library/root/dna_ice_am_rho0p5_E00246_0p0145082918MeV.root,0,,14.5082918,nan,nan,nan,nan,nan,nan,nan,nan,nan,nan,,,,,0,missing_root,
247,0.0146033393,1000,/Users/yoffegid/Weizmann Institute Dropbox/Gidi Yoffe/Eureka Science/Code/geant4_projects/dnaphysics-ice/europa_energy_library/root/dna_ice_am_rho0p5_E00247_0p0146033393MeV.root,0,,14.6033393,nan,nan,nan,nan,nan,nan,nan,nan,nan,nan,,,,,0,missing_root,
248,0.0146990095,1000,/Users/yoffegid/Weizmann Institute Dropbox/Gidi Yoffe/Eureka Science/Code/geant4_projects/dnaphysics-ice/europa_energy_library/root/dna_ice_am_rho0p5_E00248_0p0146990095MeV.root,0,,14.6990095,nan,nan,nan,nan,nan,nan,nan,nan,nan,nan,,,,,0,missing_root,
249,0.0147953065,1000,/Users/yoffegid/Weizmann Institute Dropbox/Gidi Yoffe/Eureka Science/Code/geant4_projects/dnaphysics-ice/europa_energy_library/root/dna_ice_am_rho0p5_E00249_0p0147953065MeV.root,0,,14.7953065,nan,nan,nan,nan,nan,nan,nan,nan,nan,nan,,,,,0,missing_root,
250,0.0148922343,1000,/Users/yoffegid/Weizmann Institute Dropbox/Gidi Yoffe/Eureka Science/Code/geant4_projects/dnaphysics-ice/europa_energy_library/root/dna_ice_am_rho0p5_E00250_0p0148922343MeV.root,0,,14.8922343,nan,nan,nan,nan,nan,nan,nan,nan,nan,nan,,,,,0,missing_root,
251,0.0149897972,1000,/Users/yoffegid/Weizmann Institute Dropbox/Gidi Yoffe/Eureka Science/Code/geant4_projects/dnaphysics-ice/europa_energy_library/root/dna_ice_am_rho0p5_E00251_0p0149897972MeV.root,0,,14.9897972,nan,nan,nan,nan,nan,nan,nan,nan,nan,nan,,,,,0,missing_root,
252,0.0150879992,1000,/Users/yoffegid/Weizmann Institute Dropbox/Gidi Yoffe/Eureka Science/Code/geant4_projects/dnaphysics-ice/europa_energy_library/root/dna_ice_am_rho0p5_E00252_0p0150879992MeV.root,0,,15.0879992,nan,nan,nan,nan,nan,nan,nan,nan,nan,nan,,,,,0,missing_root,
253,0.0151868445,1000,/Users/yoffegid/Weizmann Institute Dropbox/Gidi Yoffe/Eureka Science/Code/geant4_projects/dnaphysics-ice/europa_energy_library/root/dna_ice_am_rho0p5_E00253_0p0151868445MeV.root,0,,15.1868445,nan,nan,nan,nan,nan,nan,nan,nan,nan,nan,,,,,0,missing_root,
254,0.0152863374,1000,/Users/yoffegid/Weizmann Institute Dropbox/Gidi Yoffe/Eureka Science/Code/geant4_projects/dnaphysics-ice/europa_energy_library/root/dna_ice_am_rho0p5_E00254_0p0152863374MeV.root,0,,15.2863374,nan,nan,nan,nan,nan,nan,nan,nan,nan,nan,,,,,0,missing_root,
255,0.0153864821,1000,/Users/yoffegid/Weizmann Institute Dropbox/Gidi Yoffe/Eureka Science/Code/geant4_projects/dnaphysics-ice/europa_energy_library/root/dna_ice_am_rho0p5_E00255_0p0153864821MeV.root,0,,15.3864821,nan,nan,nan,nan,nan,nan,nan,nan,nan,nan,,,,,0,missing_root,
256,0.0154872829,1000,/Users/yoffegid/Weizmann Institute Dropbox/Gidi Yoffe/Eureka Science/Code/geant4_projects/dnaphysics-ice/europa_energy_library/root/dna_ice_am_rho0p5_E00256_0p0154872829MeV.root,0,,15.4872829,nan,nan,nan,nan,nan,nan,nan,nan,nan,nan,,,,,0,missing_root,
257,0.015588744,1000,/Users/yoffegid/Weizmann Institute Dropbox/Gidi Yoffe/Eureka Science/Code/geant4_projects/dnaphysics-ice/europa_energy_library/root/dna_ice_am_rho0p5_E00257_0p015588744MeV.root,0,,15.588744,nan,nan,nan,nan,nan,nan,nan,nan,nan,nan,,,,,0,missing_root,
258,0.0156908699,1000,/Users/yoffegid/Weizmann Institute Dropbox/Gidi Yoffe/Eureka Science/Code/geant4_projects/dnaphysics-ice/europa_energy_library/root/dna_ice_am_rho0p5_E00258_0p0156908699MeV.root,0,,15.6908699,nan,nan,nan,nan,nan,nan,nan,nan,nan,nan,,,,,0,missing_root,
259,0.0157936648,1000,/Users/yoffegid/Weizmann Institute Dropbox/Gidi Yoffe/Eureka Science/Code/geant4_projects/dnaphysics-ice/europa_energy_library/root/dna_ice_am_rho0p5_E00259_0p0157936648MeV.root,0,,15.7936648,nan,nan,nan,nan,nan,nan,nan,nan,nan,nan,,,,,0,missing_root,
260,0.0158971331,1000,/Users/yoffegid/Weizmann Institute Dropbox/Gidi Yoffe/Eureka Science/Code/geant4_projects/dnaphysics-ice/europa_energy_library/root/dna_ice_am_rho0p5_E00260_0p0158971331MeV.root,0,,15.8971331,nan,nan,nan,nan,nan,nan,nan,nan,nan,nan,,,,,0,missing_root,
261,0.0160012793,1000,/Users/yoffegid/Weizmann Institute Dropbox/Gidi Yoffe/Eureka Science/Code/geant4_projects/dnaphysics-ice/europa_energy_library/root/dna_ice_am_rho0p5_E00261_0p0160012793MeV.root,0,,16.0012793,nan,nan,nan,nan,nan,nan,nan,nan,nan,nan,,,,,0,missing_root,
262,0.0161061077,1000,/Users/yoffegid/Weizmann Institute Dropbox/Gidi Yoffe/Eureka Science/Code/geant4_projects/dnaphysics-ice/europa_energy_library/root/dna_ice_am_rho0p5_E00262_0p0161061077MeV.root,0,,16.1061077,nan,nan,nan,nan,nan,nan,nan,nan,nan,nan,,,,,0,missing_root,
263,0.016211623,1000,/Users/yoffegid/Weizmann Institute Dropbox/Gidi Yoffe/Eureka Science/Code/geant4_projects/dnaphysics-ice/europa_energy_library/root/dna_ice_am_rho0p5_E00263_0p016211623MeV.root,0,,16.211623,nan,nan,nan,nan,nan,nan,nan,nan,nan,nan,,,,,0,missing_root,
264,0.0163178295,1000,/Users/yoffegid/Weizmann Institute Dropbox/Gidi Yoffe/Eureka Science/Code/geant4_projects/dnaphysics-ice/europa_energy_library/root/dna_ice_am_rho0p5_E00264_0p0163178295MeV.root,0,,16.3178295,nan,nan,nan,nan,nan,nan,nan,nan,nan,nan,,,,,0,missing_root,
265,0.0164247317,1000,/Users/yoffegid/Weizmann Institute Dropbox/Gidi Yoffe/Eureka Science/Code/geant4_projects/dnaphysics-ice/europa_energy_library/root/dna_ice_am_rho0p5_E00265_0p0164247317MeV.root,0,,16.4247317,nan,nan,nan,nan,nan,nan,nan,nan,nan,nan,,,,,0,missing_root,
266,0.0165323343,1000,/Users/yoffegid/Weizmann Institute Dropbox/Gidi Yoffe/Eureka Science/Code/geant4_projects/dnaphysics-ice/europa_energy_library/root/dna_ice_am_rho0p5_E00266_0p0165323343MeV.root,0,,16.5323343,nan,nan,nan,nan,nan,nan,nan,nan,nan,nan,,,,,0,missing_root,
267,0.0166406419,1000,/Users/yoffegid/Weizmann Institute Dropbox/Gidi Yoffe/Eureka Science/Code/geant4_projects/dnaphysics-ice/europa_energy_library/root/dna_ice_am_rho0p5_E00267_0p0166406419MeV.root,0,,16.6406419,nan,nan,nan,nan,nan,nan,nan,nan,nan,nan,,,,,0,missing_root,
268,0.016749659,1000,/Users/yoffegid/Weizmann Institute Dropbox/Gidi Yoffe/Eureka Science/Code/geant4_projects/dnaphysics-ice/europa_energy_library/root/dna_ice_am_rho0p5_E00268_0p016749659MeV.root,0,,16.749659,nan,nan,nan,nan,nan,nan,nan,nan,nan,nan,,,,,0,missing_root,
269,0.0168593903,1000,/Users/yoffegid/Weizmann Institute Dropbox/Gidi Yoffe/Eureka Science/Code/geant4_projects/dnaphysics-ice/europa_energy_library/root/dna_ice_am_rho0p5_E00269_0p0168593903MeV.root,0,,16.8593903,nan,nan,nan,nan,nan,nan,nan,nan,nan,nan,,,,,0,missing_root,
270,0.0169698404,1000,/Users/yoffegid/Weizmann Institute Dropbox/Gidi Yoffe/Eureka Science/Code/geant4_projects/dnaphysics-ice/europa_energy_library/root/dna_ice_am_rho0p5_E00270_0p0169698404MeV.root,0,,16.9698404,nan,nan,nan,nan,nan,nan,nan,nan,nan,nan,,,,,0,missing_root,
271,0.0170810142,1000,/Users/yoffegid/Weizmann Institute Dropbox/Gidi Yoffe/Eureka Science/Code/geant4_projects/dnaphysics-ice/europa_energy_library/root/dna_ice_am_rho0p5_E00271_0p0170810142MeV.root,0,,17.0810142,nan,nan,nan,nan,nan,nan,nan,nan,nan,nan,,,,,0,missing_root,
272,0.0171929163,1000,/Users/yoffegid/Weizmann Institute Dropbox/Gidi Yoffe/Eureka Science/Code/geant4_projects/dnaphysics-ice/europa_energy_library/root/dna_ice_am_rho0p5_E00272_0p0171929163MeV.root,0,,17.1929163,nan,nan,nan,nan,nan,nan,nan,nan,nan,nan,,,,,0,missing_root,
273,0.0173055515,1000,/Users/yoffegid/Weizmann Institute Dropbox/Gidi Yoffe/Eureka Science/Code/geant4_projects/dnaphysics-ice/europa_energy_library/root/dna_ice_am_rho0p5_E00273_0p0173055515MeV.root,0,,17.3055515,nan,nan,nan,nan,nan,nan,nan,nan,nan,nan,,,,,0,missing_root,
274,0.0174189246,1000,/Users/yoffegid/Weizmann Institute Dropbox/Gidi Yoffe/Eureka Science/Code/geant4_projects/dnaphysics-ice/europa_energy_library/root/dna_ice_am_rho0p5_E00274_0p0174189246MeV.root,0,,17.4189246,nan,nan,nan,nan,nan,nan,nan,nan,nan,nan,,,,,0,missing_root,
275,0.0175330404,1000,/Users/yoffegid/Weizmann Institute Dropbox/Gidi Yoffe/Eureka Science/Code/geant4_projects/dnaphysics-ice/europa_energy_library/root/dna_ice_am_rho0p5_E00275_0p0175330404MeV.root,0,,17.5330404,nan,nan,nan,nan,nan,nan,nan,nan,nan,nan,,,,,0,missing_root,
276,0.0176479038,1000,/Users/yoffegid/Weizmann Institute Dropbox/Gidi Yoffe/Eureka Science/Code/geant4_projects/dnaphysics-ice/europa_energy_library/root/dna_ice_am_rho0p5_E00276_0p0176479038MeV.root,0,,17.6479038,nan,nan,nan,nan,nan,nan,nan,nan,nan,nan,,,,,0,missing_root,
277,0.0177635198,1000,/Users/yoffegid/Weizmann Institute Dropbox/Gidi Yoffe/Eureka Science/Code/geant4_projects/dnaphysics-ice/europa_energy_library/root/dna_ice_am_rho0p5_E00277_0p0177635198MeV.root,0,,17.7635198,nan,nan,nan,nan,nan,nan,nan,nan,nan,nan,,,,,0,missing_root,
278,0.0178798931,1000,/Users/yoffegid/Weizmann Institute Dropbox/Gidi Yoffe/Eureka Science/Code/geant4_projects/dnaphysics-ice/europa_energy_library/root/dna_ice_am_rho0p5_E00278_0p0178798931MeV.root,0,,17.8798931,nan,nan,nan,nan,nan,nan,nan,nan,nan,nan,,,,,0,missing_root,
279,0.0179970289,1000,/Users/yoffegid/Weizmann Institute Dropbox/Gidi Yoffe/Eureka Science/Code/geant4_projects/dnaphysics-ice/europa_energy_library/root/dna_ice_am_rho0p5_E00279_0p0179970289MeV.root,0,,17.9970289,nan,nan,nan,nan,nan,nan,nan,nan,nan,nan,,,,,0,missing_root,
280,0.018114932,1000,/Users/yoffegid/Weizmann Institute Dropbox/Gidi Yoffe/Eureka Science/Code/geant4_projects/dnaphysics-ice/europa_energy_library/root/dna_ice_am_rho0p5_E00280_0p018114932MeV.root,0,,18.114932,nan,nan,nan,nan,nan,nan,nan,nan,nan,nan,,,,,0,missing_root,
281,0.0182336075,1000,/Users/yoffegid/Weizmann Institute Dropbox/Gidi Yoffe/Eureka Science/Code/geant4_projects/dnaphysics-ice/europa_energy_library/root/dna_ice_am_rho0p5_E00281_0p0182336075MeV.root,0,,18.2336075,nan,nan,nan,nan,nan,nan,nan,nan,nan,nan,,,,,0,missing_root,
282,0.0183530606,1000,/Users/yoffegid/Weizmann Institute Dropbox/Gidi Yoffe/Eureka Science/Code/geant4_projects/dnaphysics-ice/europa_energy_library/root/dna_ice_am_rho0p5_E00282_0p0183530606MeV.root,0,,18.3530606,nan,nan,nan,nan,nan,nan,nan,nan,nan,nan,,,,,0,missing_root,
283,0.0184732961,1000,/Users/yoffegid/Weizmann Institute Dropbox/Gidi Yoffe/Eureka Science/Code/geant4_projects/dnaphysics-ice/europa_energy_library/root/dna_ice_am_rho0p5_E00283_0p0184732961MeV.root,0,,18.4732961,nan,nan,nan,nan,nan,nan,nan,nan,nan,nan,,,,,0,missing_root,
284,0.0185943194,1000,/Users/yoffegid/Weizmann Institute Dropbox/Gidi Yoffe/Eureka Science/Code/geant4_projects/dnaphysics-ice/europa_energy_library/root/dna_ice_am_rho0p5_E00284_0p0185943194MeV.root,0,,18.5943194,nan,nan,nan,nan,nan,nan,nan,nan,nan,nan,,,,,0,missing_root,
285,0.0187161356,1000,/Users/yoffegid/Weizmann Institute Dropbox/Gidi Yoffe/Eureka Science/Code/geant4_projects/dnaphysics-ice/europa_energy_library/root/dna_ice_am_rho0p5_E00285_0p0187161356MeV.root,0,,18.7161356,nan,nan,nan,nan,nan,nan,nan,nan,nan,nan,,,,,0,missing_root,
286,0.0188387498,1000,/Users/yoffegid/Weizmann Institute Dropbox/Gidi Yoffe/Eureka Science/Code/geant4_projects/dnaphysics-ice/europa_energy_library/root/dna_ice_am_rho0p5_E00286_0p0188387498MeV.root,0,,18.8387498,nan,nan,nan,nan,nan,nan,nan,nan,nan,nan,,,,,0,missing_root,
287,0.0189621672,1000,/Users/yoffegid/Weizmann Institute Dropbox/Gidi Yoffe/Eureka Science/Code/geant4_projects/dnaphysics-ice/europa_energy_library/root/dna_ice_am_rho0p5_E00287_0p0189621672MeV.root,0,,18.9621672,nan,nan,nan,nan,nan,nan,nan,nan,nan,nan,,,,,0,missing_root,
288,0.0190863932,1000,/Users/yoffegid/Weizmann Institute Dropbox/Gidi Yoffe/Eureka Science/Code/geant4_projects/dnaphysics-ice/europa_energy_library/root/dna_ice_am_rho0p5_E00288_0p0190863932MeV.root,0,,19.0863932,nan,nan,nan,nan,nan,nan,nan,nan,nan,nan,,,,,0,missing_root,
289,0.0192114331,1000,/Users/yoffegid/Weizmann Institute Dropbox/Gidi Yoffe/Eureka Science/Code/geant4_projects/dnaphysics-ice/europa_energy_library/root/dna_ice_am_rho0p5_E00289_0p0192114331MeV.root,0,,19.2114331,nan,nan,nan,nan,nan,nan,nan,nan,nan,nan,,,,,0,missing_root,
290,0.0193372921,1000,/Users/yoffegid/Weizmann Institute Dropbox/Gidi Yoffe/Eureka Science/Code/geant4_projects/dnaphysics-ice/europa_energy_library/root/dna_ice_am_rho0p5_E00290_0p0193372921MeV.root,0,,19.3372921,nan,nan,nan,nan,nan,nan,nan,nan,nan,nan,,,,,0,missing_root,
291,0.0194639756,1000,/Users/yoffegid/Weizmann Institute Dropbox/Gidi Yoffe/Eureka Science/Code/geant4_projects/dnaphysics-ice/europa_energy_library/root/dna_ice_am_rho0p5_E00291_0p0194639756MeV.root,0,,19.4639756,nan,nan,nan,nan,nan,nan,nan,nan,nan,nan,,,,,0,missing_root,
292,0.0195914891,1000,/Users/yoffegid/Weizmann Institute Dropbox/Gidi Yoffe/Eureka Science/Code/geant4_projects/dnaphysics-ice/europa_energy_library/root/dna_ice_am_rho0p5_E00292_0p0195914891MeV.root,0,,19.5914891,nan,nan,nan,nan,nan,nan,nan,nan,nan,nan,,,,,0,missing_root,
293,0.0197198379,1000,/Users/yoffegid/Weizmann Institute Dropbox/Gidi Yoffe/Eureka Science/Code/geant4_projects/dnaphysics-ice/europa_energy_library/root/dna_ice_am_rho0p5_E00293_0p0197198379MeV.root,0,,19.7198379,nan,nan,nan,nan,nan,nan,nan,nan,nan,nan,,,,,0,missing_root,
294,0.0198490276,1000,/Users/yoffegid/Weizmann Institute Dropbox/Gidi Yoffe/Eureka Science/Code/geant4_projects/dnaphysics-ice/europa_energy_library/root/dna_ice_am_rho0p5_E00294_0p0198490276MeV.root,0,,19.8490276,nan,nan,nan,nan,nan,nan,nan,nan,nan,nan,,,,,0,missing_root,
295,0.0199790637,1000,/Users/yoffegid/Weizmann Institute Dropbox/Gidi Yoffe/Eureka Science/Code/geant4_projects/dnaphysics-ice/europa_energy_library/root/dna_ice_am_rho0p5_E00295_0p0199790637MeV.root,0,,19.9790637,nan,nan,nan,nan,nan,nan,nan,nan,nan,nan,,,,,0,missing_root,
296,0.0201099516,1000,/Users/yoffegid/Weizmann Institute Dropbox/Gidi Yoffe/Eureka Science/Code/geant4_projects/dnaphysics-ice/europa_energy_library/root/dna_ice_am_rho0p5_E00296_0p0201099516MeV.root,0,,20.1099516,nan,nan,nan,nan,nan,nan,nan,nan,nan,nan,,,,,0,missing_root,
297,0.0202416971,1000,/Users/yoffegid/Weizmann Institute Dropbox/Gidi Yoffe/Eureka Science/Code/geant4_projects/dnaphysics-ice/europa_energy_library/root/dna_ice_am_rho0p5_E00297_0p0202416971MeV.root,0,,20.2416971,nan,nan,nan,nan,nan,nan,nan,nan,nan,nan,,,,,0,missing_root,
298,0.0203743056,1000,/Users/yoffegid/Weizmann Institute Dropbox/Gidi Yoffe/Eureka Science/Code/geant4_projects/dnaphysics-ice/europa_energy_library/root/dna_ice_am_rho0p5_E00298_0p0203743056MeV.root,0,,20.3743056,nan,nan,nan,nan,nan,nan,nan,nan,nan,nan,,,,,0,missing_root,
299,0.0205077829,1000,/Users/yoffegid/Weizmann Institute Dropbox/Gidi Yoffe/Eureka Science/Code/geant4_projects/dnaphysics-ice/europa_energy_library/root/dna_ice_am_rho0p5_E00299_0p0205077829MeV.root,0,,20.5077829,nan,nan,nan,nan,nan,nan,nan,nan,nan,nan,,,,,0,missing_root,
300,0.0206421346,1000,/Users/yoffegid/Weizmann Institute Dropbox/Gidi Yoffe/Eureka Science/Code/geant4_projects/dnaphysics-ice/europa_energy_library/root/dna_ice_am_rho0p5_E00300_0p0206421346MeV.root,0,,20.6421346,nan,nan,nan,nan,nan,nan,nan,nan,nan,nan,,,,,0,missing_root,
301,0.0207773665,1000,/Users/yoffegid/Weizmann Institute Dropbox/Gidi Yoffe/Eureka Science/Code/geant4_projects/dnaphysics-ice/europa_energy_library/root/dna_ice_am_rho0p5_E00301_0p0207773665MeV.root,0,,20.7773665,nan,nan,nan,nan,nan,nan,nan,nan,nan,nan,,,,,0,missing_root,
302,0.0209134843,1000,/Users/yoffegid/Weizmann Institute Dropbox/Gidi Yoffe/Eureka Science/Code/geant4_projects/dnaphysics-ice/europa_energy_library/root/dna_ice_am_rho0p5_E00302_0p0209134843MeV.root,0,,20.9134843,nan,nan,nan,nan,nan,nan,nan,nan,nan,nan,,,,,0,missing_root,
303,0.0210504939,1000,/Users/yoffegid/Weizmann Institute Dropbox/Gidi Yoffe/Eureka Science/Code/geant4_projects/dnaphysics-ice/europa_energy_library/root/dna_ice_am_rho0p5_E00303_0p0210504939MeV.root,0,,21.0504939,nan,nan,nan,nan,nan,nan,nan,nan,nan,nan,,,,,0,missing_root,
304,0.0211884011,1000,/Users/yoffegid/Weizmann Institute Dropbox/Gidi Yoffe/Eureka Science/Code/geant4_projects/dnaphysics-ice/europa_energy_library/root/dna_ice_am_rho0p5_E00304_0p0211884011MeV.root,0,,21.1884011,nan,nan,nan,nan,nan,nan,nan,nan,nan,nan,,,,,0,missing_root,
305,0.0213272117,1000,/Users/yoffegid/Weizmann Institute Dropbox/Gidi Yoffe/Eureka Science/Code/geant4_projects/dnaphysics-ice/europa_energy_library/root/dna_ice_am_rho0p5_E00305_0p0213272117MeV.root,0,,21.3272117,nan,nan,nan,nan,nan,nan,nan,nan,nan,nan,,,,,0,missing_root,
306,0.0214669317,1000,/Users/yoffegid/Weizmann Institute Dropbox/Gidi Yoffe/Eureka Science/Code/geant4_projects/dnaphysics-ice/europa_energy_library/root/dna_ice_am_rho0p5_E00306_0p0214669317MeV.root,0,,21.4669317,nan,nan,nan,nan,nan,nan,nan,nan,nan,nan,,,,,0,missing_root,
307,0.0216075671,1000,/Users/yoffegid/Weizmann Institute Dropbox/Gidi Yoffe/Eureka Science/Code/geant4_projects/dnaphysics-ice/europa_energy_library/root/dna_ice_am_rho0p5_E00307_0p0216075671MeV.root,0,,21.6075671,nan,nan,nan,nan,nan,nan,nan,nan,nan,nan,,,,,0,missing_root,
308,0.0217491238,1000,/Users/yoffegid/Weizmann Institute Dropbox/Gidi Yoffe/Eureka Science/Code/geant4_projects/dnaphysics-ice/europa_energy_library/root/dna_ice_am_rho0p5_E00308_0p0217491238MeV.root,0,,21.7491238,nan,nan,nan,nan,nan,nan,nan,nan,nan,nan,,,,,0,missing_root,
309,0.0218916078,1000,/Users/yoffegid/Weizmann Institute Dropbox/Gidi Yoffe/Eureka Science/Code/geant4_projects/dnaphysics-ice/europa_energy_library/root/dna_ice_am_rho0p5_E00309_0p0218916078MeV.root,0,,21.8916078,nan,nan,nan,nan,nan,nan,nan,nan,nan,nan,,,,,0,missing_root,
310,0.0220350253,1000,/Users/yoffegid/Weizmann Institute Dropbox/Gidi Yoffe/Eureka Science/Code/geant4_projects/dnaphysics-ice/europa_energy_library/root/dna_ice_am_rho0p5_E00310_0p0220350253MeV.root,0,,22.0350253,nan,nan,nan,nan,nan,nan,nan,nan,nan,nan,,,,,0,missing_root,
311,0.0221793824,1000,/Users/yoffegid/Weizmann Institute Dropbox/Gidi Yoffe/Eureka Science/Code/geant4_projects/dnaphysics-ice/europa_energy_library/root/dna_ice_am_rho0p5_E00311_0p0221793824MeV.root,0,,22.1793824,nan,nan,nan,nan,nan,nan,nan,nan,nan,nan,,,,,0,missing_root,
312,0.0223246852,1000,/Users/yoffegid/Weizmann Institute Dropbox/Gidi Yoffe/Eureka Science/Code/geant4_projects/dnaphysics-ice/europa_energy_library/root/dna_ice_am_rho0p5_E00312_0p0223246852MeV.root,0,,22.3246852,nan,nan,nan,nan,nan,nan,nan,nan,nan,nan,,,,,0,missing_root,
313,0.0224709399,1000,/Users/yoffegid/Weizmann Institute Dropbox/Gidi Yoffe/Eureka Science/Code/geant4_projects/dnaphysics-ice/europa_energy_library/root/dna_ice_am_rho0p5_E00313_0p0224709399MeV.root,0,,22.4709399,nan,nan,nan,nan,nan,nan,nan,nan,nan,nan,,,,,0,missing_root,
314,0.0226181528,1000,/Users/yoffegid/Weizmann Institute Dropbox/Gidi Yoffe/Eureka Science/Code/geant4_projects/dnaphysics-ice/europa_energy_library/root/dna_ice_am_rho0p5_E00314_0p0226181528MeV.root,0,,22.6181528,nan,nan,nan,nan,nan,nan,nan,nan,nan,nan,,,,,0,missing_root,
315,0.0227663301,1000,/Users/yoffegid/Weizmann Institute Dropbox/Gidi Yoffe/Eureka Science/Code/geant4_projects/dnaphysics-ice/europa_energy_library/root/dna_ice_am_rho0p5_E00315_0p0227663301MeV.root,0,,22.7663301,nan,nan,nan,nan,nan,nan,nan,nan,nan,nan,,,,,0,missing_root,
316,0.0229154781,1000,/Users/yoffegid/Weizmann Institute Dropbox/Gidi Yoffe/Eureka Science/Code/geant4_projects/dnaphysics-ice/europa_energy_library/root/dna_ice_am_rho0p5_E00316_0p0229154781MeV.root,0,,22.9154781,nan,nan,nan,nan,nan,nan,nan,nan,nan,nan,,,,,0,missing_root,
317,0.0230656033,1000,/Users/yoffegid/Weizmann Institute Dropbox/Gidi Yoffe/Eureka Science/Code/geant4_projects/dnaphysics-ice/europa_energy_library/root/dna_ice_am_rho0p5_E00317_0p0230656033MeV.root,0,,23.0656033,nan,nan,nan,nan,nan,nan,nan,nan,nan,nan,,,,,0,missing_root,
318,0.023216712,1000,/Users/yoffegid/Weizmann Institute Dropbox/Gidi Yoffe/Eureka Science/Code/geant4_projects/dnaphysics-ice/europa_energy_library/root/dna_ice_am_rho0p5_E00318_0p023216712MeV.root,0,,23.216712,nan,nan,nan,nan,nan,nan,nan,nan,nan,nan,,,,,0,missing_root,
319,0.0233688106,1000,/Users/yoffegid/Weizmann Institute Dropbox/Gidi Yoffe/Eureka Science/Code/geant4_projects/dnaphysics-ice/europa_energy_library/root/dna_ice_am_rho0p5_E00319_0p0233688106MeV.root,0,,23.3688106,nan,nan,nan,nan,nan,nan,nan,nan,nan,nan,,,,,0,missing_root,
320,0.0235219056,1000,/Users/yoffegid/Weizmann Institute Dropbox/Gidi Yoffe/Eureka Science/Code/geant4_projects/dnaphysics-ice/europa_energy_library/root/dna_ice_am_rho0p5_E00320_0p0235219056MeV.root,0,,23.5219056,nan,nan,nan,nan,nan,nan,nan,nan,nan,nan,,,,,0,missing_root,
321,0.0236760036,1000,/Users/yoffegid/Weizmann Institute Dropbox/Gidi Yoffe/Eureka Science/Code/geant4_projects/dnaphysics-ice/europa_energy_library/root/dna_ice_am_rho0p5_E00321_0p0236760036MeV.root,0,,23.6760036,nan,nan,nan,nan,nan,nan,nan,nan,nan,nan,,,,,0,missing_root,
322,0.0238311112,1000,/Users/yoffegid/Weizmann Institute Dropbox/Gidi Yoffe/Eureka Science/Code/geant4_projects/dnaphysics-ice/europa_energy_library/root/dna_ice_am_rho0p5_E00322_0p0238311112MeV.root,0,,23.8311112,nan,nan,nan,nan,nan,nan,nan,nan,nan,nan,,,,,0,missing_root,
323,0.0239872349,1000,/Users/yoffegid/Weizmann Institute Dropbox/Gidi Yoffe/Eureka Science/Code/geant4_projects/dnaphysics-ice/europa_energy_library/root/dna_ice_am_rho0p5_E00323_0p0239872349MeV.root,0,,23.9872349,nan,nan,nan,nan,nan,nan,nan,nan,nan,nan,,,,,0,missing_root,
324,0.0241443814,1000,/Users/yoffegid/Weizmann Institute Dropbox/Gidi Yoffe/Eureka Science/Code/geant4_projects/dnaphysics-ice/europa_energy_library/root/dna_ice_am_rho0p5_E00324_0p0241443814MeV.root,0,,24.1443814,nan,nan,nan,nan,nan,nan,nan,nan,nan,nan,,,,,0,missing_root,
325,0.0243025574,1000,/Users/yoffegid/Weizmann Institute Dropbox/Gidi Yoffe/Eureka Science/Code/geant4_projects/dnaphysics-ice/europa_energy_library/root/dna_ice_am_rho0p5_E00325_0p0243025574MeV.root,0,,24.3025574,nan,nan,nan,nan,nan,nan,nan,nan,nan,nan,,,,,0,missing_root,
326,0.0244617697,1000,/Users/yoffegid/Weizmann Institute Dropbox/Gidi Yoffe/Eureka Science/Code/geant4_projects/dnaphysics-ice/europa_energy_library/root/dna_ice_am_rho0p5_E00326_0p0244617697MeV.root,0,,24.4617697,nan,nan,nan,nan,nan,nan,nan,nan,nan,nan,,,,,0,missing_root,
327,0.024622025,1000,/Users/yoffegid/Weizmann Institute Dropbox/Gidi Yoffe/Eureka Science/Code/geant4_projects/dnaphysics-ice/europa_energy_library/root/dna_ice_am_rho0p5_E00327_0p024622025MeV.root,0,,24.622025,nan,nan,nan,nan,nan,nan,nan,nan,nan,nan,,,,,0,missing_root,
328,0.0247833301,1000,/Users/yoffegid/Weizmann Institute Dropbox/Gidi Yoffe/Eureka Science/Code/geant4_projects/dnaphysics-ice/europa_energy_library/root/dna_ice_am_rho0p5_E00328_0p0247833301MeV.root,0,,24.7833301,nan,nan,nan,nan,nan,nan,nan,nan,nan,nan,,,,,0,missing_root,
329,0.0249456921,1000,/Users/yoffegid/Weizmann Institute Dropbox/Gidi Yoffe/Eureka Science/Code/geant4_projects/dnaphysics-ice/europa_energy_library/root/dna_ice_am_rho0p5_E00329_0p0249456921MeV.root,0,,24.9456921,nan,nan,nan,nan,nan,nan,nan,nan,nan,nan,,,,,0,missing_root,
330,0.0251091177,1000,/Users/yoffegid/Weizmann Institute Dropbox/Gidi Yoffe/Eureka Science/Code/geant4_projects/dnaphysics-ice/europa_energy_library/root/dna_ice_am_rho0p5_E00330_0p0251091177MeV.root,0,,25.1091177,nan,nan,nan,nan,nan,nan,nan,nan,nan,nan,,,,,0,missing_root,
331,0.0252736139,1000,/Users/yoffegid/Weizmann Institute Dropbox/Gidi Yoffe/Eureka Science/Code/geant4_projects/dnaphysics-ice/europa_energy_library/root/dna_ice_am_rho0p5_E00331_0p0252736139MeV.root,0,,25.2736139,nan,nan,nan,nan,nan,nan,nan,nan,nan,nan,,,,,0,missing_root,
332,0.0254391878,1000,/Users/yoffegid/Weizmann Institute Dropbox/Gidi Yoffe/Eureka Science/Code/geant4_projects/dnaphysics-ice/europa_energy_library/root/dna_ice_am_rho0p5_E00332_0p0254391878MeV.root,0,,25.4391878,nan,nan,nan,nan,nan,nan,nan,nan,nan,nan,,,,,0,missing_root,
333,0.0256058464,1000,/Users/yoffegid/Weizmann Institute Dropbox/Gidi Yoffe/Eureka Science/Code/geant4_projects/dnaphysics-ice/europa_energy_library/root/dna_ice_am_rho0p5_E00333_0p0256058464MeV.root,0,,25.6058464,nan,nan,nan,nan,nan,nan,nan,nan,nan,nan,,,,,0,missing_root,
334,0.0257735969,1000,/Users/yoffegid/Weizmann Institute Dropbox/Gidi Yoffe/Eureka Science/Code/geant4_projects/dnaphysics-ice/europa_energy_library/root/dna_ice_am_rho0p5_E00334_0p0257735969MeV.root,0,,25.7735969,nan,nan,nan,nan,nan,nan,nan,nan,nan,nan,,,,,0,missing_root,
335,0.0259424463,1000,/Users/yoffegid/Weizmann Institute Dropbox/Gidi Yoffe/Eureka Science/Code/geant4_projects/dnaphysics-ice/europa_energy_library/root/dna_ice_am_rho0p5_E00335_0p0259424463MeV.root,0,,25.9424463,nan,nan,nan,nan,nan,nan,nan,nan,nan,nan,,,,,0,missing_root,
336,0.0261124019,1000,/Users/yoffegid/Weizmann Institute Dropbox/Gidi Yoffe/Eureka Science/Code/geant4_projects/dnaphysics-ice/europa_energy_library/root/dna_ice_am_rho0p5_E00336_0p0261124019MeV.root,0,,26.1124019,nan,nan,nan,nan,nan,nan,nan,nan,nan,nan,,,,,0,missing_root,
337,0.0262834709,1000,/Users/yoffegid/Weizmann Institute Dropbox/Gidi Yoffe/Eureka Science/Code/geant4_projects/dnaphysics-ice/europa_energy_library/root/dna_ice_am_rho0p5_E00337_0p0262834709MeV.root,0,,26.2834709,nan,nan,nan,nan,nan,nan,nan,nan,nan,nan,,,,,0,missing_root,
338,0.0264556606,1000,/Users/yoffegid/Weizmann Institute Dropbox/Gidi Yoffe/Eureka Science/Code/geant4_projects/dnaphysics-ice/europa_energy_library/root/dna_ice_am_rho0p5_E00338_0p0264556606MeV.root,0,,26.4556606,nan,nan,nan,nan,nan,nan,nan,nan,nan,nan,,,,,0,missing_root,
339,0.0266289784,1000,/Users/yoffegid/Weizmann Institute Dropbox/Gidi Yoffe/Eureka Science/Code/geant4_projects/dnaphysics-ice/europa_energy_library/root/dna_ice_am_rho0p5_E00339_0p0266289784MeV.root,0,,26.6289784,nan,nan,nan,nan,nan,nan,nan,nan,nan,nan,,,,,0,missing_root,
340,0.0268034317,1000,/Users/yoffegid/Weizmann Institute Dropbox/Gidi Yoffe/Eureka Science/Code/geant4_projects/dnaphysics-ice/europa_energy_library/root/dna_ice_am_rho0p5_E00340_0p0268034317MeV.root,0,,26.8034317,nan,nan,nan,nan,nan,nan,nan,nan,nan,nan,,,,,0,missing_root,
341,0.0269790278,1000,/Users/yoffegid/Weizmann Institute Dropbox/Gidi Yoffe/Eureka Science/Code/geant4_projects/dnaphysics-ice/europa_energy_library/root/dna_ice_am_rho0p5_E00341_0p0269790278MeV.root,0,,26.9790278,nan,nan,nan,nan,nan,nan,nan,nan,nan,nan,,,,,0,missing_root,
342,0.0271557743,1000,/Users/yoffegid/Weizmann Institute Dropbox/Gidi Yoffe/Eureka Science/Code/geant4_projects/dnaphysics-ice/europa_energy_library/root/dna_ice_am_rho0p5_E00342_0p0271557743MeV.root,0,,27.1557743,nan,nan,nan,nan,nan,nan,nan,nan,nan,nan,,,,,0,missing_root,
343,0.0273336787,1000,/Users/yoffegid/Weizmann Institute Dropbox/Gidi Yoffe/Eureka Science/Code/geant4_projects/dnaphysics-ice/europa_energy_library/root/dna_ice_am_rho0p5_E00343_0p0273336787MeV.root,0,,27.3336787,nan,nan,nan,nan,nan,nan,nan,nan,nan,nan,,,,,0,missing_root,
344,0.0275127486,1000,/Users/yoffegid/Weizmann Institute Dropbox/Gidi Yoffe/Eureka Science/Code/geant4_projects/dnaphysics-ice/europa_energy_library/root/dna_ice_am_rho0p5_E00344_0p0275127486MeV.root,0,,27.5127486,nan,nan,nan,nan,nan,nan,nan,nan,nan,nan,,,,,0,missing_root,
345,0.0276929917,1000,/Users/yoffegid/Weizmann Institute Dropbox/Gidi Yoffe/Eureka Science/Code/geant4_projects/dnaphysics-ice/europa_energy_library/root/dna_ice_am_rho0p5_E00345_0p0276929917MeV.root,0,,27.6929917,nan,nan,nan,nan,nan,nan,nan,nan,nan,nan,,,,,0,missing_root,
346,0.0278744155,1000,/Users/yoffegid/Weizmann Institute Dropbox/Gidi Yoffe/Eureka Science/Code/geant4_projects/dnaphysics-ice/europa_energy_library/root/dna_ice_am_rho0p5_E00346_0p0278744155MeV.root,0,,27.8744155,nan,nan,nan,nan,nan,nan,nan,nan,nan,nan,,,,,0,missing_root,
347,0.0280570279,1000,/Users/yoffegid/Weizmann Institute Dropbox/Gidi Yoffe/Eureka Science/Code/geant4_projects/dnaphysics-ice/europa_energy_library/root/dna_ice_am_rho0p5_E00347_0p0280570279MeV.root,0,,28.0570279,nan,nan,nan,nan,nan,nan,nan,nan,nan,nan,,,,,0,missing_root,
348,0.0282408367,1000,/Users/yoffegid/Weizmann Institute Dropbox/Gidi Yoffe/Eureka Science/Code/geant4_projects/dnaphysics-ice/europa_energy_library/root/dna_ice_am_rho0p5_E00348_0p0282408367MeV.root,0,,28.2408367,nan,nan,nan,nan,nan,nan,nan,nan,nan,nan,,,,,0,missing_root,
349,0.0284258496,1000,/Users/yoffegid/Weizmann Institute Dropbox/Gidi Yoffe/Eureka Science/Code/geant4_projects/dnaphysics-ice/europa_energy_library/root/dna_ice_am_rho0p5_E00349_0p0284258496MeV.root,0,,28.4258496,nan,nan,nan,nan,nan,nan,nan,nan,nan,nan,,,,,0,missing_root,
350,0.0286120746,1000,/Users/yoffegid/Weizmann Institute Dropbox/Gidi Yoffe/Eureka Science/Code/geant4_projects/dnaphysics-ice/europa_energy_library/root/dna_ice_am_rho0p5_E00350_0p0286120746MeV.root,0,,28.6120746,nan,nan,nan,nan,nan,nan,nan,nan,nan,nan,,,,,0,missing_root,
351,0.0287995197,1000,/Users/yoffegid/Weizmann Institute Dropbox/Gidi Yoffe/Eureka Science/Code/geant4_projects/dnaphysics-ice/europa_energy_library/root/dna_ice_am_rho0p5_E00351_0p0287995197MeV.root,0,,28.7995197,nan,nan,nan,nan,nan,nan,nan,nan,nan,nan,,,,,0,missing_root,
352,0.0289881927,1000,/Users/yoffegid/Weizmann Institute Dropbox/Gidi Yoffe/Eureka Science/Code/geant4_projects/dnaphysics-ice/europa_energy_library/root/dna_ice_am_rho0p5_E00352_0p0289881927MeV.root,0,,28.9881927,nan,nan,nan,nan,nan,nan,nan,nan,nan,nan,,,,,0,missing_root,
353,0.0291781017,1000,/Users/yoffegid/Weizmann Institute Dropbox/Gidi Yoffe/Eureka Science/Code/geant4_projects/dnaphysics-ice/europa_energy_library/root/dna_ice_am_rho0p5_E00353_0p0291781017MeV.root,0,,29.1781017,nan,nan,nan,nan,nan,nan,nan,nan,nan,nan,,,,,0,missing_root,
354,0.0293692549,1000,/Users/yoffegid/Weizmann Institute Dropbox/Gidi Yoffe/Eureka Science/Code/geant4_projects/dnaphysics-ice/europa_energy_library/root/dna_ice_am_rho0p5_E00354_0p0293692549MeV.root,0,,29.3692549,nan,nan,nan,nan,nan,nan,nan,nan,nan,nan,,,,,0,missing_root,
355,0.0295616604,1000,/Users/yoffegid/Weizmann Institute Dropbox/Gidi Yoffe/Eureka Science/Code/geant4_projects/dnaphysics-ice/europa_energy_library/root/dna_ice_am_rho0p5_E00355_0p0295616604MeV.root,0,,29.5616604,nan,nan,nan,nan,nan,nan,nan,nan,nan,nan,,,,,0,missing_root,
356,0.0297553264,1000,/Users/yoffegid/Weizmann Institute Dropbox/Gidi Yoffe/Eureka Science/Code/geant4_projects/dnaphysics-ice/europa_energy_library/root/dna_ice_am_rho0p5_E00356_0p0297553264MeV.root,0,,29.7553264,nan,nan,nan,nan,nan,nan,nan,nan,nan,nan,,,,,0,missing_root,
357,0.0299502611,1000,/Users/yoffegid/Weizmann Institute Dropbox/Gidi Yoffe/Eureka Science/Code/geant4_projects/dnaphysics-ice/europa_energy_library/root/dna_ice_am_rho0p5_E00357_0p0299502611MeV.root,0,,29.9502611,nan,nan,nan,nan,nan,nan,nan,nan,nan,nan,,,,,0,missing_root,
358,0.030146473,1000,/Users/yoffegid/Weizmann Institute Dropbox/Gidi Yoffe/Eureka Science/Code/geant4_projects/dnaphysics-ice/europa_energy_library/root/dna_ice_am_rho0p5_E00358_0p030146473MeV.root,0,,30.146473,nan,nan,nan,nan,nan,nan,nan,nan,nan,nan,,,,,0,missing_root,
359,0.0303439702,1000,/Users/yoffegid/Weizmann Institute Dropbox/Gidi Yoffe/Eureka Science/Code/geant4_projects/dnaphysics-ice/europa_energy_library/root/dna_ice_am_rho0p5_E00359_0p0303439702MeV.root,0,,30.3439702,nan,nan,nan,nan,nan,nan,nan,nan,nan,nan,,,,,0,missing_root,
360,0.0305427613,1000,/Users/yoffegid/Weizmann Institute Dropbox/Gidi Yoffe/Eureka Science/Code/geant4_projects/dnaphysics-ice/europa_energy_library/root/dna_ice_am_rho0p5_E00360_0p0305427613MeV.root,0,,30.5427613,nan,nan,nan,nan,nan,nan,nan,nan,nan,nan,,,,,0,missing_root,
361,0.0307428547,1000,/Users/yoffegid/Weizmann Institute Dropbox/Gidi Yoffe/Eureka Science/Code/geant4_projects/dnaphysics-ice/europa_energy_library/root/dna_ice_am_rho0p5_E00361_0p0307428547MeV.root,0,,30.7428547,nan,nan,nan,nan,nan,nan,nan,nan,nan,nan,,,,,0,missing_root,
362,0.030944259,1000,/Users/yoffegid/Weizmann Institute Dropbox/Gidi Yoffe/Eureka Science/Code/geant4_projects/dnaphysics-ice/europa_energy_library/root/dna_ice_am_rho0p5_E00362_0p030944259MeV.root,0,,30.944259,nan,nan,nan,nan,nan,nan,nan,nan,nan,nan,,,,,0,missing_root,
363,0.0311469828,1000,/Users/yoffegid/Weizmann Institute Dropbox/Gidi Yoffe/Eureka Science/Code/geant4_projects/dnaphysics-ice/europa_energy_library/root/dna_ice_am_rho0p5_E00363_0p0311469828MeV.root,0,,31.1469828,nan,nan,nan,nan,nan,nan,nan,nan,nan,nan,,,,,0,missing_root,
364,0.0313510346,1000,/Users/yoffegid/Weizmann Institute Dropbox/Gidi Yoffe/Eureka Science/Code/geant4_projects/dnaphysics-ice/europa_energy_library/root/dna_ice_am_rho0p5_E00364_0p0313510346MeV.root,0,,31.3510346,nan,nan,nan,nan,nan,nan,nan,nan,nan,nan,,,,,0,missing_root,
365,0.0315564233,1000,/Users/yoffegid/Weizmann Institute Dropbox/Gidi Yoffe/Eureka Science/Code/geant4_projects/dnaphysics-ice/europa_energy_library/root/dna_ice_am_rho0p5_E00365_0p0315564233MeV.root,0,,31.5564233,nan,nan,nan,nan,nan,nan,nan,nan,nan,nan,,,,,0,missing_root,
366,0.0317631575,1000,/Users/yoffegid/Weizmann Institute Dropbox/Gidi Yoffe/Eureka Science/Code/geant4_projects/dnaphysics-ice/europa_energy_library/root/dna_ice_am_rho0p5_E00366_0p0317631575MeV.root,0,,31.7631575,nan,nan,nan,nan,nan,nan,nan,nan,nan,nan,,,,,0,missing_root,
367,0.031971246,1000,/Users/yoffegid/Weizmann Institute Dropbox/Gidi Yoffe/Eureka Science/Code/geant4_projects/dnaphysics-ice/europa_energy_library/root/dna_ice_am_rho0p5_E00367_0p031971246MeV.root,0,,31.971246,nan,nan,nan,nan,nan,nan,nan,nan,nan,nan,,,,,0,missing_root,
368,0.0321806978,1000,/Users/yoffegid/Weizmann Institute Dropbox/Gidi Yoffe/Eureka Science/Code/geant4_projects/dnaphysics-ice/europa_energy_library/root/dna_ice_am_rho0p5_E00368_0p0321806978MeV.root,0,,32.1806978,nan,nan,nan,nan,nan,nan,nan,nan,nan,nan,,,,,0,missing_root,
369,0.0323915218,1000,/Users/yoffegid/Weizmann Institute Dropbox/Gidi Yoffe/Eureka Science/Code/geant4_projects/dnaphysics-ice/europa_energy_library/root/dna_ice_am_rho0p5_E00369_0p0323915218MeV.root,0,,32.3915218,nan,nan,nan,nan,nan,nan,nan,nan,nan,nan,,,,,0,missing_root,
370,0.0326037269,1000,/Users/yoffegid/Weizmann Institute Dropbox/Gidi Yoffe/Eureka Science/Code/geant4_projects/dnaphysics-ice/europa_energy_library/root/dna_ice_am_rho0p5_E00370_0p0326037269MeV.root,0,,32.6037269,nan,nan,nan,nan,nan,nan,nan,nan,nan,nan,,,,,0,missing_root,
371,0.0328173223,1000,/Users/yoffegid/Weizmann Institute Dropbox/Gidi Yoffe/Eureka Science/Code/geant4_projects/dnaphysics-ice/europa_energy_library/root/dna_ice_am_rho0p5_E00371_0p0328173223MeV.root,0,,32.8173223,nan,nan,nan,nan,nan,nan,nan,nan,nan,nan,,,,,0,missing_root,
372,0.0330323169,1000,/Users/yoffegid/Weizmann Institute Dropbox/Gidi Yoffe/Eureka Science/Code/geant4_projects/dnaphysics-ice/europa_energy_library/root/dna_ice_am_rho0p5_E00372_0p0330323169MeV.root,0,,33.0323169,nan,nan,nan,nan,nan,nan,nan,nan,nan,nan,,,,,0,missing_root,
373,0.0332487201,1000,/Users/yoffegid/Weizmann Institute Dropbox/Gidi Yoffe/Eureka Science/Code/geant4_projects/dnaphysics-ice/europa_energy_library/root/dna_ice_am_rho0p5_E00373_0p0332487201MeV.root,0,,33.2487201,nan,nan,nan,nan,nan,nan,nan,nan,nan,nan,,,,,0,missing_root,
374,0.0334665409,1000,/Users/yoffegid/Weizmann Institute Dropbox/Gidi Yoffe/Eureka Science/Code/geant4_projects/dnaphysics-ice/europa_energy_library/root/dna_ice_am_rho0p5_E00374_0p0334665409MeV.root,0,,33.4665409,nan,nan,nan,nan,nan,nan,nan,nan,nan,nan,,,,,0,missing_root,
375,0.0336857888,1000,/Users/yoffegid/Weizmann Institute Dropbox/Gidi Yoffe/Eureka Science/Code/geant4_projects/dnaphysics-ice/europa_energy_library/root/dna_ice_am_rho0p5_E00375_0p0336857888MeV.root,0,,33.6857888,nan,nan,nan,nan,nan,nan,nan,nan,nan,nan,,,,,0,missing_root,
376,0.033906473,1000,/Users/yoffegid/Weizmann Institute Dropbox/Gidi Yoffe/Eureka Science/Code/geant4_projects/dnaphysics-ice/europa_energy_library/root/dna_ice_am_rho0p5_E00376_0p033906473MeV.root,0,,33.906473,nan,nan,nan,nan,nan,nan,nan,nan,nan,nan,,,,,0,missing_root,
377,0.034128603,1000,/Users/yoffegid/Weizmann Institute Dropbox/Gidi Yoffe/Eureka Science/Code/geant4_projects/dnaphysics-ice/europa_energy_library/root/dna_ice_am_rho0p5_E00377_0p034128603MeV.root,0,,34.128603,nan,nan,nan,nan,nan,nan,nan,nan,nan,nan,,,,,0,missing_root,
378,0.0343521882,1000,/Users/yoffegid/Weizmann Institute Dropbox/Gidi Yoffe/Eureka Science/Code/geant4_projects/dnaphysics-ice/europa_energy_library/root/dna_ice_am_rho0p5_E00378_0p0343521882MeV.root,0,,34.3521882,nan,nan,nan,nan,nan,nan,nan,nan,nan,nan,,,,,0,missing_root,
379,0.0345772381,1000,/Users/yoffegid/Weizmann Institute Dropbox/Gidi Yoffe/Eureka Science/Code/geant4_projects/dnaphysics-ice/europa_energy_library/root/dna_ice_am_rho0p5_E00379_0p0345772381MeV.root,0,,34.5772381,nan,nan,nan,nan,nan,nan,nan,nan,nan,nan,,,,,0,missing_root,
380,0.0348037624,1000,/Users/yoffegid/Weizmann Institute Dropbox/Gidi Yoffe/Eureka Science/Code/geant4_projects/dnaphysics-ice/europa_energy_library/root/dna_ice_am_rho0p5_E00380_0p0348037624MeV.root,0,,34.8037624,nan,nan,nan,nan,nan,nan,nan,nan,nan,nan,,,,,0,missing_root,
381,0.0350317708,1000,/Users/yoffegid/Weizmann Institute Dropbox/Gidi Yoffe/Eureka Science/Code/geant4_projects/dnaphysics-ice/europa_energy_library/root/dna_ice_am_rho0p5_E00381_0p0350317708MeV.root,0,,35.0317708,nan,nan,nan,nan,nan,nan,nan,nan,nan,nan,,,,,0,missing_root,
382,0.0352612729,1000,/Users/yoffegid/Weizmann Institute Dropbox/Gidi Yoffe/Eureka Science/Code/geant4_projects/dnaphysics-ice/europa_energy_library/root/dna_ice_am_rho0p5_E00382_0p0352612729MeV.root,0,,35.2612729,nan,nan,nan,nan,nan,nan,nan,nan,nan,nan,,,,,0,missing_root,
383,0.0354922785,1000,/Users/yoffegid/Weizmann Institute Dropbox/Gidi Yoffe/Eureka Science/Code/geant4_projects/dnaphysics-ice/europa_energy_library/root/dna_ice_am_rho0p5_E00383_0p0354922785MeV.root,0,,35.4922785,nan,nan,nan,nan,nan,nan,nan,nan,nan,nan,,,,,0,missing_root,
384,0.0357247975,1000,/Users/yoffegid/Weizmann Institute Dropbox/Gidi Yoffe/Eureka Science/Code/geant4_projects/dnaphysics-ice/europa_energy_library/root/dna_ice_am_rho0p5_E00384_0p0357247975MeV.root,0,,35.7247975,nan,nan,nan,nan,nan,nan,nan,nan,nan,nan,,,,,0,missing_root,
385,0.0359588397,1000,/Users/yoffegid/Weizmann Institute Dropbox/Gidi Yoffe/Eureka Science/Code/geant4_projects/dnaphysics-ice/europa_energy_library/root/dna_ice_am_rho0p5_E00385_0p0359588397MeV.root,0,,35.9588397,nan,nan,nan,nan,nan,nan,nan,nan,nan,nan,,,,,0,missing_root,
386,0.0361944153,1000,/Users/yoffegid/Weizmann Institute Dropbox/Gidi Yoffe/Eureka Science/Code/geant4_projects/dnaphysics-ice/europa_energy_library/root/dna_ice_am_rho0p5_E00386_0p0361944153MeV.root,0,,36.1944153,nan,nan,nan,nan,nan,nan,nan,nan,nan,nan,,,,,0,missing_root,
387,0.0364315341,1000,/Users/yoffegid/Weizmann Institute Dropbox/Gidi Yoffe/Eureka Science/Code/geant4_projects/dnaphysics-ice/europa_energy_library/root/dna_ice_am_rho0p5_E00387_0p0364315341MeV.root,0,,36.4315341,nan,nan,nan,nan,nan,nan,nan,nan,nan,nan,,,,,0,missing_root,
388,0.0366702064,1000,/Users/yoffegid/Weizmann Institute Dropbox/Gidi Yoffe/Eureka Science/Code/geant4_projects/dnaphysics-ice/europa_energy_library/root/dna_ice_am_rho0p5_E00388_0p0366702064MeV.root,0,,36.6702064,nan,nan,nan,nan,nan,nan,nan,nan,nan,nan,,,,,0,missing_root,
389,0.0369104423,1000,/Users/yoffegid/Weizmann Institute Dropbox/Gidi Yoffe/Eureka Science/Code/geant4_projects/dnaphysics-ice/europa_energy_library/root/dna_ice_am_rho0p5_E00389_0p0369104423MeV.root,0,,36.9104423,nan,nan,nan,nan,nan,nan,nan,nan,nan,nan,,,,,0,missing_root,
390,0.0371522521,1000,/Users/yoffegid/Weizmann Institute Dropbox/Gidi Yoffe/Eureka Science/Code/geant4_projects/dnaphysics-ice/europa_energy_library/root/dna_ice_am_rho0p5_E00390_0p0371522521MeV.root,0,,37.1522521,nan,nan,nan,nan,nan,nan,nan,nan,nan,nan,,,,,0,missing_root,
391,0.0373956459,1000,/Users/yoffegid/Weizmann Institute Dropbox/Gidi Yoffe/Eureka Science/Code/geant4_projects/dnaphysics-ice/europa_energy_library/root/dna_ice_am_rho0p5_E00391_0p0373956459MeV.root,0,,37.3956459,nan,nan,nan,nan,nan,nan,nan,nan,nan,nan,,,,,0,missing_root,
392,0.0376406344,1000,/Users/yoffegid/Weizmann Institute Dropbox/Gidi Yoffe/Eureka Science/Code/geant4_projects/dnaphysics-ice/europa_energy_library/root/dna_ice_am_rho0p5_E00392_0p0376406344MeV.root,0,,37.6406344,nan,nan,nan,nan,nan,nan,nan,nan,nan,nan,,,,,0,missing_root,
393,0.0378872278,1000,/Users/yoffegid/Weizmann Institute Dropbox/Gidi Yoffe/Eureka Science/Code/geant4_projects/dnaphysics-ice/europa_energy_library/root/dna_ice_am_rho0p5_E00393_0p0378872278MeV.root,0,,37.8872278,nan,nan,nan,nan,nan,nan,nan,nan,nan,nan,,,,,0,missing_root,
394,0.0381354367,1000,/Users/yoffegid/Weizmann Institute Dropbox/Gidi Yoffe/Eureka Science/Code/geant4_projects/dnaphysics-ice/europa_energy_library/root/dna_ice_am_rho0p5_E00394_0p0381354367MeV.root,0,,38.1354367,nan,nan,nan,nan,nan,nan,nan,nan,nan,nan,,,,,0,missing_root,
395,0.0383852717,1000,/Users/yoffegid/Weizmann Institute Dropbox/Gidi Yoffe/Eureka Science/Code/geant4_projects/dnaphysics-ice/europa_energy_library/root/dna_ice_am_rho0p5_E00395_0p0383852717MeV.root,0,,38.3852717,nan,nan,nan,nan,nan,nan,nan,nan,nan,nan,,,,,0,missing_root,
396,0.0386367434,1000,/Users/yoffegid/Weizmann Institute Dropbox/Gidi Yoffe/Eureka Science/Code/geant4_projects/dnaphysics-ice/europa_energy_library/root/dna_ice_am_rho0p5_E00396_0p0386367434MeV.root,0,,38.6367434,nan,nan,nan,nan,nan,nan,nan,nan,nan,nan,,,,,0,missing_root,
397,0.0388898626,1000,/Users/yoffegid/Weizmann Institute Dropbox/Gidi Yoffe/Eureka Science/Code/geant4_projects/dnaphysics-ice/europa_energy_library/root/dna_ice_am_rho0p5_E00397_0p0388898626MeV.root,0,,38.8898626,nan,nan,nan,nan,nan,nan,nan,nan,nan,nan,,,,,0,missing_root,
398,0.03914464,1000,/Users/yoffegid/Weizmann Institute Dropbox/Gidi Yoffe/Eureka Science/Code/geant4_projects/dnaphysics-ice/europa_energy_library/root/dna_ice_am_rho0p5_E00398_0p03914464MeV.root,0,,39.14464,nan,nan,nan,nan,nan,nan,nan,nan,nan,nan,,,,,0,missing_root,
399,0.0394010866,1000,/Users/yoffegid/Weizmann Institute Dropbox/Gidi Yoffe/Eureka Science/Code/geant4_projects/dnaphysics-ice/europa_energy_library/root/dna_ice_am_rho0p5_E00399_0p0394010866MeV.root,0,,39.4010866,nan,nan,nan,nan,nan,nan,nan,nan,nan,nan,,,,,0,missing_root,
400,0.0396592131,1000,/Users/yoffegid/Weizmann Institute Dropbox/Gidi Yoffe/Eureka Science/Code/geant4_projects/dnaphysics-ice/europa_energy_library/root/dna_ice_am_rho0p5_E00400_0p0396592131MeV.root,0,,39.6592131,nan,nan,nan,nan,nan,nan,nan,nan,nan,nan,,,,,0,missing_root,
401,0.0399190308,1000,/Users/yoffegid/Weizmann Institute Dropbox/Gidi Yoffe/Eureka Science/Code/geant4_projects/dnaphysics-ice/europa_energy_library/root/dna_ice_am_rho0p5_E00401_0p0399190308MeV.root,0,,39.9190308,nan,nan,nan,nan,nan,nan,nan,nan,nan,nan,,,,,0,missing_root,
402,0.0401805505,1000,/Users/yoffegid/Weizmann Institute Dropbox/Gidi Yoffe/Eureka Science/Code/geant4_projects/dnaphysics-ice/europa_energy_library/root/dna_ice_am_rho0p5_E00402_0p0401805505MeV.root,0,,40.1805505,nan,nan,nan,nan,nan,nan,nan,nan,nan,nan,,,,,0,missing_root,
403,0.0404437836,1000,/Users/yoffegid/Weizmann Institute Dropbox/Gidi Yoffe/Eureka Science/Code/geant4_projects/dnaphysics-ice/europa_energy_library/root/dna_ice_am_rho0p5_E00403_0p0404437836MeV.root,0,,40.4437836,nan,nan,nan,nan,nan,nan,nan,nan,nan,nan,,,,,0,missing_root,
404,0.0407087412,1000,/Users/yoffegid/Weizmann Institute Dropbox/Gidi Yoffe/Eureka Science/Code/geant4_projects/dnaphysics-ice/europa_energy_library/root/dna_ice_am_rho0p5_E00404_0p0407087412MeV.root,0,,40.7087412,nan,nan,nan,nan,nan,nan,nan,nan,nan,nan,,,,,0,missing_root,
405,0.0409754345,1000,/Users/yoffegid/Weizmann Institute Dropbox/Gidi Yoffe/Eureka Science/Code/geant4_projects/dnaphysics-ice/europa_energy_library/root/dna_ice_am_rho0p5_E00405_0p0409754345MeV.root,0,,40.9754345,nan,nan,nan,nan,nan,nan,nan,nan,nan,nan,,,,,0,missing_root,
406,0.0412438751,1000,/Users/yoffegid/Weizmann Institute Dropbox/Gidi Yoffe/Eureka Science/Code/geant4_projects/dnaphysics-ice/europa_energy_library/root/dna_ice_am_rho0p5_E00406_0p0412438751MeV.root,0,,41.2438751,nan,nan,nan,nan,nan,nan,nan,nan,nan,nan,,,,,0,missing_root,
407,0.0415140742,1000,/Users/yoffegid/Weizmann Institute Dropbox/Gidi Yoffe/Eureka Science/Code/geant4_projects/dnaphysics-ice/europa_energy_library/root/dna_ice_am_rho0p5_E00407_0p0415140742MeV.root,0,,41.5140742,nan,nan,nan,nan,nan,nan,nan,nan,nan,nan,,,,,0,missing_root,
408,0.0417860435,1000,/Users/yoffegid/Weizmann Institute Dropbox/Gidi Yoffe/Eureka Science/Code/geant4_projects/dnaphysics-ice/europa_energy_library/root/dna_ice_am_rho0p5_E00408_0p0417860435MeV.root,0,,41.7860435,nan,nan,nan,nan,nan,nan,nan,nan,nan,nan,,,,,0,missing_root,
409,0.0420597946,1000,/Users/yoffegid/Weizmann Institute Dropbox/Gidi Yoffe/Eureka Science/Code/geant4_projects/dnaphysics-ice/europa_energy_library/root/dna_ice_am_rho0p5_E00409_0p0420597946MeV.root,0,,42.0597946,nan,nan,nan,nan,nan,nan,nan,nan,nan,nan,,,,,0,missing_root,
410,0.042335339,1000,/Users/yoffegid/Weizmann Institute Dropbox/Gidi Yoffe/Eureka Science/Code/geant4_projects/dnaphysics-ice/europa_energy_library/root/dna_ice_am_rho0p5_E00410_0p042335339MeV.root,0,,42.335339,nan,nan,nan,nan,nan,nan,nan,nan,nan,nan,,,,,0,missing_root,
411,0.0426126887,1000,/Users/yoffegid/Weizmann Institute Dropbox/Gidi Yoffe/Eureka Science/Code/geant4_projects/dnaphysics-ice/europa_energy_library/root/dna_ice_am_rho0p5_E00411_0p0426126887MeV.root,0,,42.6126887,nan,nan,nan,nan,nan,nan,nan,nan,nan,nan,,,,,0,missing_root,
412,0.0428918553,1000,/Users/yoffegid/Weizmann Institute Dropbox/Gidi Yoffe/Eureka Science/Code/geant4_projects/dnaphysics-ice/europa_energy_library/root/dna_ice_am_rho0p5_E00412_0p0428918553MeV.root,0,,42.8918553,nan,nan,nan,nan,nan,nan,nan,nan,nan,nan,,,,,0,missing_root,
413,0.0431728508,1000,/Users/yoffegid/Weizmann Institute Dropbox/Gidi Yoffe/Eureka Science/Code/geant4_projects/dnaphysics-ice/europa_energy_library/root/dna_ice_am_rho0p5_E00413_0p0431728508MeV.root,0,,43.1728508,nan,nan,nan,nan,nan,nan,nan,nan,nan,nan,,,,,0,missing_root,
414,0.0434556871,1000,/Users/yoffegid/Weizmann Institute Dropbox/Gidi Yoffe/Eureka Science/Code/geant4_projects/dnaphysics-ice/europa_energy_library/root/dna_ice_am_rho0p5_E00414_0p0434556871MeV.root,0,,43.4556871,nan,nan,nan,nan,nan,nan,nan,nan,nan,nan,,,,,0,missing_root,
415,0.0437403764,1000,/Users/yoffegid/Weizmann Institute Dropbox/Gidi Yoffe/Eureka Science/Code/geant4_projects/dnaphysics-ice/europa_energy_library/root/dna_ice_am_rho0p5_E00415_0p0437403764MeV.root,0,,43.7403764,nan,nan,nan,nan,nan,nan,nan,nan,nan,nan,,,,,0,missing_root,
416,0.0440269308,1000,/Users/yoffegid/Weizmann Institute Dropbox/Gidi Yoffe/Eureka Science/Code/geant4_projects/dnaphysics-ice/europa_energy_library/root/dna_ice_am_rho0p5_E00416_0p0440269308MeV.root,0,,44.0269308,nan,nan,nan,nan,nan,nan,nan,nan,nan,nan,,,,,0,missing_root,
417,0.0443153625,1000,/Users/yoffegid/Weizmann Institute Dropbox/Gidi Yoffe/Eureka Science/Code/geant4_projects/dnaphysics-ice/europa_energy_library/root/dna_ice_am_rho0p5_E00417_0p0443153625MeV.root,0,,44.3153625,nan,nan,nan,nan,nan,nan,nan,nan,nan,nan,,,,,0,missing_root,
418,0.0446056838,1000,/Users/yoffegid/Weizmann Institute Dropbox/Gidi Yoffe/Eureka Science/Code/geant4_projects/dnaphysics-ice/europa_energy_library/root/dna_ice_am_rho0p5_E00418_0p0446056838MeV.root,0,,44.6056838,nan,nan,nan,nan,nan,nan,nan,nan,nan,nan,,,,,0,missing_root,
419,0.044897907,1000,/Users/yoffegid/Weizmann Institute Dropbox/Gidi Yoffe/Eureka Science/Code/geant4_projects/dnaphysics-ice/europa_energy_library/root/dna_ice_am_rho0p5_E00419_0p044897907MeV.root,0,,44.897907,nan,nan,nan,nan,nan,nan,nan,nan,nan,nan,,,,,0,missing_root,
420,0.0451920447,1000,/Users/yoffegid/Weizmann Institute Dropbox/Gidi Yoffe/Eureka Science/Code/geant4_projects/dnaphysics-ice/europa_energy_library/root/dna_ice_am_rho0p5_E00420_0p0451920447MeV.root,0,,45.1920447,nan,nan,nan,nan,nan,nan,nan,nan,nan,nan,,,,,0,missing_root,
421,0.0454881093,1000,/Users/yoffegid/Weizmann Institute Dropbox/Gidi Yoffe/Eureka Science/Code/geant4_projects/dnaphysics-ice/europa_energy_library/root/dna_ice_am_rho0p5_E00421_0p0454881093MeV.root,0,,45.4881093,nan,nan,nan,nan,nan,nan,nan,nan,nan,nan,,,,,0,missing_root,
422,0.0457861135,1000,/Users/yoffegid/Weizmann Institute Dropbox/Gidi Yoffe/Eureka Science/Code/geant4_projects/dnaphysics-ice/europa_energy_library/root/dna_ice_am_rho0p5_E00422_0p0457861135MeV.root,0,,45.7861135,nan,nan,nan,nan,nan,nan,nan,nan,nan,nan,,,,,0,missing_root,
423,0.04608607,1000,/Users/yoffegid/Weizmann Institute Dropbox/Gidi Yoffe/Eureka Science/Code/geant4_projects/dnaphysics-ice/europa_energy_library/root/dna_ice_am_rho0p5_E00423_0p04608607MeV.root,0,,46.08607,nan,nan,nan,nan,nan,nan,nan,nan,nan,nan,,,,,0,missing_root,
424,0.0463879917,1000,/Users/yoffegid/Weizmann Institute Dropbox/Gidi Yoffe/Eureka Science/Code/geant4_projects/dnaphysics-ice/europa_energy_library/root/dna_ice_am_rho0p5_E00424_0p0463879917MeV.root,0,,46.3879917,nan,nan,nan,nan,nan,nan,nan,nan,nan,nan,,,,,0,missing_root,
425,0.0466918912,1000,/Users/yoffegid/Weizmann Institute Dropbox/Gidi Yoffe/Eureka Science/Code/geant4_projects/dnaphysics-ice/europa_energy_library/root/dna_ice_am_rho0p5_E00425_0p0466918912MeV.root,0,,46.6918912,nan,nan,nan,nan,nan,nan,nan,nan,nan,nan,,,,,0,missing_root,
426,0.0469977817,1000,/Users/yoffegid/Weizmann Institute Dropbox/Gidi Yoffe/Eureka Science/Code/geant4_projects/dnaphysics-ice/europa_energy_library/root/dna_ice_am_rho0p5_E00426_0p0469977817MeV.root,0,,46.9977817,nan,nan,nan,nan,nan,nan,nan,nan,nan,nan,,,,,0,missing_root,
427,0.0473056762,1000,/Users/yoffegid/Weizmann Institute Dropbox/Gidi Yoffe/Eureka Science/Code/geant4_projects/dnaphysics-ice/europa_energy_library/root/dna_ice_am_rho0p5_E00427_0p0473056762MeV.root,0,,47.3056762,nan,nan,nan,nan,nan,nan,nan,nan,nan,nan,,,,,0,missing_root,
428,0.0476155878,1000,/Users/yoffegid/Weizmann Institute Dropbox/Gidi Yoffe/Eureka Science/Code/geant4_projects/dnaphysics-ice/europa_energy_library/root/dna_ice_am_rho0p5_E00428_0p0476155878MeV.root,0,,47.6155878,nan,nan,nan,nan,nan,nan,nan,nan,nan,nan,,,,,0,missing_root,
429,0.0479275297,1000,/Users/yoffegid/Weizmann Institute Dropbox/Gidi Yoffe/Eureka Science/Code/geant4_projects/dnaphysics-ice/europa_energy_library/root/dna_ice_am_rho0p5_E00429_0p0479275297MeV.root,0,,47.9275297,nan,nan,nan,nan,nan,nan,nan,nan,nan,nan,,,,,0,missing_root,
430,0.0482415152,1000,/Users/yoffegid/Weizmann Institute Dropbox/Gidi Yoffe/Eureka Science/Code/geant4_projects/dnaphysics-ice/europa_energy_library/root/dna_ice_am_rho0p5_E00430_0p0482415152MeV.root,0,,48.2415152,nan,nan,nan,nan,nan,nan,nan,nan,nan,nan,,,,,0,missing_root,
431,0.0485575577,1000,/Users/yoffegid/Weizmann Institute Dropbox/Gidi Yoffe/Eureka Science/Code/geant4_projects/dnaphysics-ice/europa_energy_library/root/dna_ice_am_rho0p5_E00431_0p0485575577MeV.root,0,,48.5575577,nan,nan,nan,nan,nan,nan,nan,nan,nan,nan,,,,,0,missing_root,
432,0.0488756706,1000,/Users/yoffegid/Weizmann Institute Dropbox/Gidi Yoffe/Eureka Science/Code/geant4_projects/dnaphysics-ice/europa_energy_library/root/dna_ice_am_rho0p5_E00432_0p0488756706MeV.root,0,,48.8756706,nan,nan,nan,nan,nan,nan,nan,nan,nan,nan,,,,,0,missing_root,
433,0.0491958676,1000,/Users/yoffegid/Weizmann Institute Dropbox/Gidi Yoffe/Eureka Science/Code/geant4_projects/dnaphysics-ice/europa_energy_library/root/dna_ice_am_rho0p5_E00433_0p0491958676MeV.root,0,,49.1958676,nan,nan,nan,nan,nan,nan,nan,nan,nan,nan,,,,,0,missing_root,
434,0.0495181623,1000,/Users/yoffegid/Weizmann Institute Dropbox/Gidi Yoffe/Eureka Science/Code/geant4_projects/dnaphysics-ice/europa_energy_library/root/dna_ice_am_rho0p5_E00434_0p0495181623MeV.root,0,,49.5181623,nan,nan,nan,nan,nan,nan,nan,nan,nan,nan,,,,,0,missing_root,
435,0.0498425685,1000,/Users/yoffegid/Weizmann Institute Dropbox/Gidi Yoffe/Eureka Science/Code/geant4_projects/dnaphysics-ice/europa_energy_library/root/dna_ice_am_rho0p5_E00435_0p0498425685MeV.root,0,,49.8425685,nan,nan,nan,nan,nan,nan,nan,nan,nan,nan,,,,,0,missing_root,
436,0.0501690999,1000,/Users/yoffegid/Weizmann Institute Dropbox/Gidi Yoffe/Eureka Science/Code/geant4_projects/dnaphysics-ice/europa_energy_library/root/dna_ice_am_rho0p5_E00436_0p0501690999MeV.root,0,,50.1690999,nan,nan,nan,nan,nan,nan,nan,nan,nan,nan,,,,,0,missing_root,
437,0.0504977704,1000,/Users/yoffegid/Weizmann Institute Dropbox/Gidi Yoffe/Eureka Science/Code/geant4_projects/dnaphysics-ice/europa_energy_library/root/dna_ice_am_rho0p5_E00437_0p0504977704MeV.root,0,,50.4977704,nan,nan,nan,nan,nan,nan,nan,nan,nan,nan,,,,,0,missing_root,
438,0.0508285942,1000,/Users/yoffegid/Weizmann Institute Dropbox/Gidi Yoffe/Eureka Science/Code/geant4_projects/dnaphysics-ice/europa_energy_library/root/dna_ice_am_rho0p5_E00438_0p0508285942MeV.root,0,,50.8285942,nan,nan,nan,nan,nan,nan,nan,nan,nan,nan,,,,,0,missing_root,
439,0.0511615853,1000,/Users/yoffegid/Weizmann Institute Dropbox/Gidi Yoffe/Eureka Science/Code/geant4_projects/dnaphysics-ice/europa_energy_library/root/dna_ice_am_rho0p5_E00439_0p0511615853MeV.root,0,,51.1615853,nan,nan,nan,nan,nan,nan,nan,nan,nan,nan,,,,,0,missing_root,
440,0.051496758,1000,/Users/yoffegid/Weizmann Institute Dropbox/Gidi Yoffe/Eureka Science/Code/geant4_projects/dnaphysics-ice/europa_energy_library/root/dna_ice_am_rho0p5_E00440_0p051496758MeV.root,0,,51.496758,nan,nan,nan,nan,nan,nan,nan,nan,nan,nan,,,,,0,missing_root,
441,0.0518341264,1000,/Users/yoffegid/Weizmann Institute Dropbox/Gidi Yoffe/Eureka Science/Code/geant4_projects/dnaphysics-ice/europa_energy_library/root/dna_ice_am_rho0p5_E00441_0p0518341264MeV.root,0,,51.8341264,nan,nan,nan,nan,nan,nan,nan,nan,nan,nan,,,,,0,missing_root,
442,0.052173705,1000,/Users/yoffegid/Weizmann Institute Dropbox/Gidi Yoffe/Eureka Science/Code/geant4_projects/dnaphysics-ice/europa_energy_library/root/dna_ice_am_rho0p5_E00442_0p052173705MeV.root,0,,52.173705,nan,nan,nan,nan,nan,nan,nan,nan,nan,nan,,,,,0,missing_root,
443,0.0525155083,1000,/Users/yoffegid/Weizmann Institute Dropbox/Gidi Yoffe/Eureka Science/Code/geant4_projects/dnaphysics-ice/europa_energy_library/root/dna_ice_am_rho0p5_E00443_0p0525155083MeV.root,0,,52.5155083,nan,nan,nan,nan,nan,nan,nan,nan,nan,nan,,,,,0,missing_root,
444,0.0528595508,1000,/Users/yoffegid/Weizmann Institute Dropbox/Gidi Yoffe/Eureka Science/Code/geant4_projects/dnaphysics-ice/europa_energy_library/root/dna_ice_am_rho0p5_E00444_0p0528595508MeV.root,0,,52.8595508,nan,nan,nan,nan,nan,nan,nan,nan,nan,nan,,,,,0,missing_root,
445,0.0532058472,1000,/Users/yoffegid/Weizmann Institute Dropbox/Gidi Yoffe/Eureka Science/Code/geant4_projects/dnaphysics-ice/europa_energy_library/root/dna_ice_am_rho0p5_E00445_0p0532058472MeV.root,0,,53.2058472,nan,nan,nan,nan,nan,nan,nan,nan,nan,nan,,,,,0,missing_root,
446,0.0535544123,1000,/Users/yoffegid/Weizmann Institute Dropbox/Gidi Yoffe/Eureka Science/Code/geant4_projects/dnaphysics-ice/europa_energy_library/root/dna_ice_am_rho0p5_E00446_0p0535544123MeV.root,0,,53.5544123,nan,nan,nan,nan,nan,nan,nan,nan,nan,nan,,,,,0,missing_root,
447,0.0539052609,1000,/Users/yoffegid/Weizmann Institute Dropbox/Gidi Yoffe/Eureka Science/Code/geant4_projects/dnaphysics-ice/europa_energy_library/root/dna_ice_am_rho0p5_E00447_0p0539052609MeV.root,0,,53.9052609,nan,nan,nan,nan,nan,nan,nan,nan,nan,nan,,,,,0,missing_root,
448,0.0542584081,1000,/Users/yoffegid/Weizmann Institute Dropbox/Gidi Yoffe/Eureka Science/Code/geant4_projects/dnaphysics-ice/europa_energy_library/root/dna_ice_am_rho0p5_E00448_0p0542584081MeV.root,0,,54.2584081,nan,nan,nan,nan,nan,nan,nan,nan,nan,nan,,,,,0,missing_root,
449,0.0546138688,1000,/Users/yoffegid/Weizmann Institute Dropbox/Gidi Yoffe/Eureka Science/Code/geant4_projects/dnaphysics-ice/europa_energy_library/root/dna_ice_am_rho0p5_E00449_0p0546138688MeV.root,0,,54.6138688,nan,nan,nan,nan,nan,nan,nan,nan,nan,nan,,,,,0,missing_root,
450,0.0549716582,1000,/Users/yoffegid/Weizmann Institute Dropbox/Gidi Yoffe/Eureka Science/Code/geant4_projects/dnaphysics-ice/europa_energy_library/root/dna_ice_am_rho0p5_E00450_0p0549716582MeV.root,0,,54.9716582,nan,nan,nan,nan,nan,nan,nan,nan,nan,nan,,,,,0,missing_root,
451,0.0553317915,1000,/Users/yoffegid/Weizmann Institute Dropbox/Gidi Yoffe/Eureka Science/Code/geant4_projects/dnaphysics-ice/europa_energy_library/root/dna_ice_am_rho0p5_E00451_0p0553317915MeV.root,0,,55.3317915,nan,nan,nan,nan,nan,nan,nan,nan,nan,nan,,,,,0,missing_root,
452,0.0556942842,1000,/Users/yoffegid/Weizmann Institute Dropbox/Gidi Yoffe/Eureka Science/Code/geant4_projects/dnaphysics-ice/europa_energy_library/root/dna_ice_am_rho0p5_E00452_0p0556942842MeV.root,0,,55.6942842,nan,nan,nan,nan,nan,nan,nan,nan,nan,nan,,,,,0,missing_root,
453,0.0560591517,1000,/Users/yoffegid/Weizmann Institute Dropbox/Gidi Yoffe/Eureka Science/Code/geant4_projects/dnaphysics-ice/europa_energy_library/root/dna_ice_am_rho0p5_E00453_0p0560591517MeV.root,0,,56.0591517,nan,nan,nan,nan,nan,nan,nan,nan,nan,nan,,,,,0,missing_root,
454,0.0564264096,1000,/Users/yoffegid/Weizmann Institute Dropbox/Gidi Yoffe/Eureka Science/Code/geant4_projects/dnaphysics-ice/europa_energy_library/root/dna_ice_am_rho0p5_E00454_0p0564264096MeV.root,0,,56.4264096,nan,nan,nan,nan,nan,nan,nan,nan,nan,nan,,,,,0,missing_root,
455,0.0567960734,1000,/Users/yoffegid/Weizmann Institute Dropbox/Gidi Yoffe/Eureka Science/Code/geant4_projects/dnaphysics-ice/europa_energy_library/root/dna_ice_am_rho0p5_E00455_0p0567960734MeV.root,0,,56.7960734,nan,nan,nan,nan,nan,nan,nan,nan,nan,nan,,,,,0,missing_root,
456,0.057168159,1000,/Users/yoffegid/Weizmann Institute Dropbox/Gidi Yoffe/Eureka Science/Code/geant4_projects/dnaphysics-ice/europa_energy_library/root/dna_ice_am_rho0p5_E00456_0p057168159MeV.root,0,,57.168159,nan,nan,nan,nan,nan,nan,nan,nan,nan,nan,,,,,0,missing_root,
457,0.0575426822,1000,/Users/yoffegid/Weizmann Institute Dropbox/Gidi Yoffe/Eureka Science/Code/geant4_projects/dnaphysics-ice/europa_energy_library/root/dna_ice_am_rho0p5_E00457_0p0575426822MeV.root,0,,57.5426822,nan,nan,nan,nan,nan,nan,nan,nan,nan,nan,,,,,0,missing_root,
458,0.057919659,1000,/Users/yoffegid/Weizmann Institute Dropbox/Gidi Yoffe/Eureka Science/Code/geant4_projects/dnaphysics-ice/europa_energy_library/root/dna_ice_am_rho0p5_E00458_0p057919659MeV.root,0,,57.919659,nan,nan,nan,nan,nan,nan,nan,nan,nan,nan,,,,,0,missing_root,
459,0.0582991055,1000,/Users/yoffegid/Weizmann Institute Dropbox/Gidi Yoffe/Eureka Science/Code/geant4_projects/dnaphysics-ice/europa_energy_library/root/dna_ice_am_rho0p5_E00459_0p0582991055MeV.root,0,,58.2991055,nan,nan,nan,nan,nan,nan,nan,nan,nan,nan,,,,,0,missing_root,
460,0.0586810378,1000,/Users/yoffegid/Weizmann Institute Dropbox/Gidi Yoffe/Eureka Science/Code/geant4_projects/dnaphysics-ice/europa_energy_library/root/dna_ice_am_rho0p5_E00460_0p0586810378MeV.root,0,,58.6810378,nan,nan,nan,nan,nan,nan,nan,nan,nan,nan,,,,,0,missing_root,
461,0.0590654723,1000,/Users/yoffegid/Weizmann Institute Dropbox/Gidi Yoffe/Eureka Science/Code/geant4_projects/dnaphysics-ice/europa_energy_library/root/dna_ice_am_rho0p5_E00461_0p0590654723MeV.root,0,,59.0654723,nan,nan,nan,nan,nan,nan,nan,nan,nan,nan,,,,,0,missing_root,
462,0.0594524253,1000,/Users/yoffegid/Weizmann Institute Dropbox/Gidi Yoffe/Eureka Science/Code/geant4_projects/dnaphysics-ice/europa_energy_library/root/dna_ice_am_rho0p5_E00462_0p0594524253MeV.root,0,,59.4524253,nan,nan,nan,nan,nan,nan,nan,nan,nan,nan,,,,,0,missing_root,
463,0.0598419133,1000,/Users/yoffegid/Weizmann Institute Dropbox/Gidi Yoffe/Eureka Science/Code/geant4_projects/dnaphysics-ice/europa_energy_library/root/dna_ice_am_rho0p5_E00463_0p0598419133MeV.root,0,,59.8419133,nan,nan,nan,nan,nan,nan,nan,nan,nan,nan,,,,,0,missing_root,
464,0.060233953,1000,/Users/yoffegid/Weizmann Institute Dropbox/Gidi Yoffe/Eureka Science/Code/geant4_projects/dnaphysics-ice/europa_energy_library/root/dna_ice_am_rho0p5_E00464_0p060233953MeV.root,0,,60.233953,nan,nan,nan,nan,nan,nan,nan,nan,nan,nan,,,,,0,missing_root,
465,0.060628561,1000,/Users/yoffegid/Weizmann Institute Dropbox/Gidi Yoffe/Eureka Science/Code/geant4_projects/dnaphysics-ice/europa_energy_library/root/dna_ice_am_rho0p5_E00465_0p060628561MeV.root,0,,60.628561,nan,nan,nan,nan,nan,nan,nan,nan,nan,nan,,,,,0,missing_root,
466,0.0610257542,1000,/Users/yoffegid/Weizmann Institute Dropbox/Gidi Yoffe/Eureka Science/Code/geant4_projects/dnaphysics-ice/europa_energy_library/root/dna_ice_am_rho0p5_E00466_0p0610257542MeV.root,0,,61.0257542,nan,nan,nan,nan,nan,nan,nan,nan,nan,nan,,,,,0,missing_root,
467,0.0614255495,1000,/Users/yoffegid/Weizmann Institute Dropbox/Gidi Yoffe/Eureka Science/Code/geant4_projects/dnaphysics-ice/europa_energy_library/root/dna_ice_am_rho0p5_E00467_0p0614255495MeV.root,0,,61.4255495,nan,nan,nan,nan,nan,nan,nan,nan,nan,nan,,,,,0,missing_root,
468,0.0618279639,1000,/Users/yoffegid/Weizmann Institute Dropbox/Gidi Yoffe/Eureka Science/Code/geant4_projects/dnaphysics-ice/europa_energy_library/root/dna_ice_am_rho0p5_E00468_0p0618279639MeV.root,0,,61.8279639,nan,nan,nan,nan,nan,nan,nan,nan,nan,nan,,,,,0,missing_root,
469,0.0622330147,1000,/Users/yoffegid/Weizmann Institute Dropbox/Gidi Yoffe/Eureka Science/Code/geant4_projects/dnaphysics-ice/europa_energy_library/root/dna_ice_am_rho0p5_E00469_0p0622330147MeV.root,0,,62.2330147,nan,nan,nan,nan,nan,nan,nan,nan,nan,nan,,,,,0,missing_root,
470,0.0626407191,1000,/Users/yoffegid/Weizmann Institute Dropbox/Gidi Yoffe/Eureka Science/Code/geant4_projects/dnaphysics-ice/europa_energy_library/root/dna_ice_am_rho0p5_E00470_0p0626407191MeV.root,0,,62.6407191,nan,nan,nan,nan,nan,nan,nan,nan,nan,nan,,,,,0,missing_root,
471,0.0630510945,1000,/Users/yoffegid/Weizmann Institute Dropbox/Gidi Yoffe/Eureka Science/Code/geant4_projects/dnaphysics-ice/europa_energy_library/root/dna_ice_am_rho0p5_E00471_0p0630510945MeV.root,0,,63.0510945,nan,nan,nan,nan,nan,nan,nan,nan,nan,nan,,,,,0,missing_root,
472,0.0634641583,1000,/Users/yoffegid/Weizmann Institute Dropbox/Gidi Yoffe/Eureka Science/Code/geant4_projects/dnaphysics-ice/europa_energy_library/root/dna_ice_am_rho0p5_E00472_0p0634641583MeV.root,0,,63.4641583,nan,nan,nan,nan,nan,nan,nan,nan,nan,nan,,,,,0,missing_root,
473,0.0638799282,1000,/Users/yoffegid/Weizmann Institute Dropbox/Gidi Yoffe/Eureka Science/Code/geant4_projects/dnaphysics-ice/europa_energy_library/root/dna_ice_am_rho0p5_E00473_0p0638799282MeV.root,0,,63.8799282,nan,nan,nan,nan,nan,nan,nan,nan,nan,nan,,,,,0,missing_root,
474,0.0642984219,1000,/Users/yoffegid/Weizmann Institute Dropbox/Gidi Yoffe/Eureka Science/Code/geant4_projects/dnaphysics-ice/europa_energy_library/root/dna_ice_am_rho0p5_E00474_0p0642984219MeV.root,0,,64.2984219,nan,nan,nan,nan,nan,nan,nan,nan,nan,nan,,,,,0,missing_root,
475,0.0647196573,1000,/Users/yoffegid/Weizmann Institute Dropbox/Gidi Yoffe/Eureka Science/Code/geant4_projects/dnaphysics-ice/europa_energy_library/root/dna_ice_am_rho0p5_E00475_0p0647196573MeV.root,0,,64.7196573,nan,nan,nan,nan,nan,nan,nan,nan,nan,nan,,,,,0,missing_root,
476,0.0651436523,1000,/Users/yoffegid/Weizmann Institute Dropbox/Gidi Yoffe/Eureka Science/Code/geant4_projects/dnaphysics-ice/europa_energy_library/root/dna_ice_am_rho0p5_E00476_0p0651436523MeV.root,0,,65.1436523,nan,nan,nan,nan,nan,nan,nan,nan,nan,nan,,,,,0,missing_root,
477,0.065570425,1000,/Users/yoffegid/Weizmann Institute Dropbox/Gidi Yoffe/Eureka Science/Code/geant4_projects/dnaphysics-ice/europa_energy_library/root/dna_ice_am_rho0p5_E00477_0p065570425MeV.root,0,,65.570425,nan,nan,nan,nan,nan,nan,nan,nan,nan,nan,,,,,0,missing_root,
478,0.0659999937,1000,/Users/yoffegid/Weizmann Institute Dropbox/Gidi Yoffe/Eureka Science/Code/geant4_projects/dnaphysics-ice/europa_energy_library/root/dna_ice_am_rho0p5_E00478_0p0659999937MeV.root,0,,65.9999937,nan,nan,nan,nan,nan,nan,nan,nan,nan,nan,,,,,0,missing_root,
479,0.0664323765,1000,/Users/yoffegid/Weizmann Institute Dropbox/Gidi Yoffe/Eureka Science/Code/geant4_projects/dnaphysics-ice/europa_energy_library/root/dna_ice_am_rho0p5_E00479_0p0664323765MeV.root,0,,66.4323765,nan,nan,nan,nan,nan,nan,nan,nan,nan,nan,,,,,0,missing_root,
480,0.0668675919,1000,/Users/yoffegid/Weizmann Institute Dropbox/Gidi Yoffe/Eureka Science/Code/geant4_projects/dnaphysics-ice/europa_energy_library/root/dna_ice_am_rho0p5_E00480_0p0668675919MeV.root,0,,66.8675919,nan,nan,nan,nan,nan,nan,nan,nan,nan,nan,,,,,0,missing_root,
481,0.0673056586,1000,/Users/yoffegid/Weizmann Institute Dropbox/Gidi Yoffe/Eureka Science/Code/geant4_projects/dnaphysics-ice/europa_energy_library/root/dna_ice_am_rho0p5_E00481_0p0673056586MeV.root,0,,67.3056586,nan,nan,nan,nan,nan,nan,nan,nan,nan,nan,,,,,0,missing_root,
482,0.0677465952,1000,/Users/yoffegid/Weizmann Institute Dropbox/Gidi Yoffe/Eureka Science/Code/geant4_projects/dnaphysics-ice/europa_energy_library/root/dna_ice_am_rho0p5_E00482_0p0677465952MeV.root,0,,67.7465952,nan,nan,nan,nan,nan,nan,nan,nan,nan,nan,,,,,0,missing_root,
483,0.0681904204,1000,/Users/yoffegid/Weizmann Institute Dropbox/Gidi Yoffe/Eureka Science/Code/geant4_projects/dnaphysics-ice/europa_energy_library/root/dna_ice_am_rho0p5_E00483_0p0681904204MeV.root,0,,68.1904204,nan,nan,nan,nan,nan,nan,nan,nan,nan,nan,,,,,0,missing_root,
484,0.0686371533,1000,/Users/yoffegid/Weizmann Institute Dropbox/Gidi Yoffe/Eureka Science/Code/geant4_projects/dnaphysics-ice/europa_energy_library/root/dna_ice_am_rho0p5_E00484_0p0686371533MeV.root,0,,68.6371533,nan,nan,nan,nan,nan,nan,nan,nan,nan,nan,,,,,0,missing_root,
485,0.0690868128,1000,/Users/yoffegid/Weizmann Institute Dropbox/Gidi Yoffe/Eureka Science/Code/geant4_projects/dnaphysics-ice/europa_energy_library/root/dna_ice_am_rho0p5_E00485_0p0690868128MeV.root,0,,69.0868128,nan,nan,nan,nan,nan,nan,nan,nan,nan,nan,,,,,0,missing_root,
486,0.0695394182,1000,/Users/yoffegid/Weizmann Institute Dropbox/Gidi Yoffe/Eureka Science/Code/geant4_projects/dnaphysics-ice/europa_energy_library/root/dna_ice_am_rho0p5_E00486_0p0695394182MeV.root,0,,69.5394182,nan,nan,nan,nan,nan,nan,nan,nan,nan,nan,,,,,0,missing_root,
487,0.0699949887,1000,/Users/yoffegid/Weizmann Institute Dropbox/Gidi Yoffe/Eureka Science/Code/geant4_projects/dnaphysics-ice/europa_energy_library/root/dna_ice_am_rho0p5_E00487_0p0699949887MeV.root,0,,69.9949887,nan,nan,nan,nan,nan,nan,nan,nan,nan,nan,,,,,0,missing_root,
488,0.0704535437,1000,/Users/yoffegid/Weizmann Institute Dropbox/Gidi Yoffe/Eureka Science/Code/geant4_projects/dnaphysics-ice/europa_energy_library/root/dna_ice_am_rho0p5_E00488_0p0704535437MeV.root,0,,70.4535437,nan,nan,nan,nan,nan,nan,nan,nan,nan,nan,,,,,0,missing_root,
489,0.0709151029,1000,/Users/yoffegid/Weizmann Institute Dropbox/Gidi Yoffe/Eureka Science/Code/geant4_projects/dnaphysics-ice/europa_energy_library/root/dna_ice_am_rho0p5_E00489_0p0709151029MeV.root,0,,70.9151029,nan,nan,nan,nan,nan,nan,nan,nan,nan,nan,,,,,0,missing_root,
490,0.0713796859,1000,/Users/yoffegid/Weizmann Institute Dropbox/Gidi Yoffe/Eureka Science/Code/geant4_projects/dnaphysics-ice/europa_energy_library/root/dna_ice_am_rho0p5_E00490_0p0713796859MeV.root,0,,71.3796859,nan,nan,nan,nan,nan,nan,nan,nan,nan,nan,,,,,0,missing_root,
491,0.0718473124,1000,/Users/yoffegid/Weizmann Institute Dropbox/Gidi Yoffe/Eureka Science/Code/geant4_projects/dnaphysics-ice/europa_energy_library/root/dna_ice_am_rho0p5_E00491_0p0718473124MeV.root,0,,71.8473124,nan,nan,nan,nan,nan,nan,nan,nan,nan,nan,,,,,0,missing_root,
492,0.0723180025,1000,/Users/yoffegid/Weizmann Institute Dropbox/Gidi Yoffe/Eureka Science/Code/geant4_projects/dnaphysics-ice/europa_energy_library/root/dna_ice_am_rho0p5_E00492_0p0723180025MeV.root,0,,72.3180025,nan,nan,nan,nan,nan,nan,nan,nan,nan,nan,,,,,0,missing_root,
493,0.0727917762,1000,/Users/yoffegid/Weizmann Institute Dropbox/Gidi Yoffe/Eureka Science/Code/geant4_projects/dnaphysics-ice/europa_energy_library/root/dna_ice_am_rho0p5_E00493_0p0727917762MeV.root,0,,72.7917762,nan,nan,nan,nan,nan,nan,nan,nan,nan,nan,,,,,0,missing_root,
494,0.0732686538,1000,/Users/yoffegid/Weizmann Institute Dropbox/Gidi Yoffe/Eureka Science/Code/geant4_projects/dnaphysics-ice/europa_energy_library/root/dna_ice_am_rho0p5_E00494_0p0732686538MeV.root,0,,73.2686538,nan,nan,nan,nan,nan,nan,nan,nan,nan,nan,,,,,0,missing_root,
495,0.0737486554,1000,/Users/yoffegid/Weizmann Institute Dropbox/Gidi Yoffe/Eureka Science/Code/geant4_projects/dnaphysics-ice/europa_energy_library/root/dna_ice_am_rho0p5_E00495_0p0737486554MeV.root,0,,73.7486554,nan,nan,nan,nan,nan,nan,nan,nan,nan,nan,,,,,0,missing_root,
496,0.0742318017,1000,/Users/yoffegid/Weizmann Institute Dropbox/Gidi Yoffe/Eureka Science/Code/geant4_projects/dnaphysics-ice/europa_energy_library/root/dna_ice_am_rho0p5_E00496_0p0742318017MeV.root,0,,74.2318017,nan,nan,nan,nan,nan,nan,nan,nan,nan,nan,,,,,0,missing_root,
497,0.0747181132,1000,/Users/yoffegid/Weizmann Institute Dropbox/Gidi Yoffe/Eureka Science/Code/geant4_projects/dnaphysics-ice/europa_energy_library/root/dna_ice_am_rho0p5_E00497_0p0747181132MeV.root,0,,74.7181132,nan,nan,nan,nan,nan,nan,nan,nan,nan,nan,,,,,0,missing_root,
498,0.0752076107,1000,/Users/yoffegid/Weizmann Institute Dropbox/Gidi Yoffe/Eureka Science/Code/geant4_projects/dnaphysics-ice/europa_energy_library/root/dna_ice_am_rho0p5_E00498_0p0752076107MeV.root,0,,75.2076107,nan,nan,nan,nan,nan,nan,nan,nan,nan,nan,,,,,0,missing_root,
499,0.0757003149,1000,/Users/yoffegid/Weizmann Institute Dropbox/Gidi Yoffe/Eureka Science/Code/geant4_projects/dnaphysics-ice/europa_energy_library/root/dna_ice_am_rho0p5_E00499_0p0757003149MeV.root,0,,75.7003149,nan,nan,nan,nan,nan,nan,nan,nan,nan,nan,,,,,0,missing_root,
500,0.076196247,1000,/Users/yoffegid/Weizmann Institute Dropbox/Gidi Yoffe/Eureka Science/Code/geant4_projects/dnaphysics-ice/europa_energy_library/root/dna_ice_am_rho0p5_E00500_0p076196247MeV.root,0,,76.196247,nan,nan,nan,nan,nan,nan,nan,nan,nan,nan,,,,,0,missing_root,
501,0.0766954281,1000,/Users/yoffegid/Weizmann Institute Dropbox/Gidi Yoffe/Eureka Science/Code/geant4_projects/dnaphysics-ice/europa_energy_library/root/dna_ice_am_rho0p5_E00501_0p0766954281MeV.root,0,,76.6954281,nan,nan,nan,nan,nan,nan,nan,nan,nan,nan,,,,,0,missing_root,
502,0.0771978795,1000,/Users/yoffegid/Weizmann Institute Dropbox/Gidi Yoffe/Eureka Science/Code/geant4_projects/dnaphysics-ice/europa_energy_library/root/dna_ice_am_rho0p5_E00502_0p0771978795MeV.root,0,,77.1978795,nan,nan,nan,nan,nan,nan,nan,nan,nan,nan,,,,,0,missing_root,
503,0.0777036225,1000,/Users/yoffegid/Weizmann Institute Dropbox/Gidi Yoffe/Eureka Science/Code/geant4_projects/dnaphysics-ice/europa_energy_library/root/dna_ice_am_rho0p5_E00503_0p0777036225MeV.root,0,,77.7036225,nan,nan,nan,nan,nan,nan,nan,nan,nan,nan,,,,,0,missing_root,
504,0.0782126788,1000,/Users/yoffegid/Weizmann Institute Dropbox/Gidi Yoffe/Eureka Science/Code/geant4_projects/dnaphysics-ice/europa_energy_library/root/dna_ice_am_rho0p5_E00504_0p0782126788MeV.root,0,,78.2126788,nan,nan,nan,nan,nan,nan,nan,nan,nan,nan,,,,,0,missing_root,
505,0.07872507,1000,/Users/yoffegid/Weizmann Institute Dropbox/Gidi Yoffe/Eureka Science/Code/geant4_projects/dnaphysics-ice/europa_energy_library/root/dna_ice_am_rho0p5_E00505_0p07872507MeV.root,0,,78.72507,nan,nan,nan,nan,nan,nan,nan,nan,nan,nan,,,,,0,missing_root,
506,0.0792408181,1000,/Users/yoffegid/Weizmann Institute Dropbox/Gidi Yoffe/Eureka Science/Code/geant4_projects/dnaphysics-ice/europa_energy_library/root/dna_ice_am_rho0p5_E00506_0p0792408181MeV.root,0,,79.2408181,nan,nan,nan,nan,nan,nan,nan,nan,nan,nan,,,,,0,missing_root,
507,0.0797599449,1000,/Users/yoffegid/Weizmann Institute Dropbox/Gidi Yoffe/Eureka Science/Code/geant4_projects/dnaphysics-ice/europa_energy_library/root/dna_ice_am_rho0p5_E00507_0p0797599449MeV.root,0,,79.7599449,nan,nan,nan,nan,nan,nan,nan,nan,nan,nan,,,,,0,missing_root,
508,0.0802824727,1000,/Users/yoffegid/Weizmann Institute Dropbox/Gidi Yoffe/Eureka Science/Code/geant4_projects/dnaphysics-ice/europa_energy_library/root/dna_ice_am_rho0p5_E00508_0p0802824727MeV.root,0,,80.2824727,nan,nan,nan,nan,nan,nan,nan,nan,nan,nan,,,,,0,missing_root,
509,0.0808084237,1000,/Users/yoffegid/Weizmann Institute Dropbox/Gidi Yoffe/Eureka Science/Code/geant4_projects/dnaphysics-ice/europa_energy_library/root/dna_ice_am_rho0p5_E00509_0p0808084237MeV.root,0,,80.8084237,nan,nan,nan,nan,nan,nan,nan,nan,nan,nan,,,,,0,missing_root,
510,0.0813378203,1000,/Users/yoffegid/Weizmann Institute Dropbox/Gidi Yoffe/Eureka Science/Code/geant4_projects/dnaphysics-ice/europa_energy_library/root/dna_ice_am_rho0p5_E00510_0p0813378203MeV.root,0,,81.3378203,nan,nan,nan,nan,nan,nan,nan,nan,nan,nan,,,,,0,missing_root,
511,0.0818706851,1000,/Users/yoffegid/Weizmann Institute Dropbox/Gidi Yoffe/Eureka Science/Code/geant4_projects/dnaphysics-ice/europa_energy_library/root/dna_ice_am_rho0p5_E00511_0p0818706851MeV.root,0,,81.8706851,nan,nan,nan,nan,nan,nan,nan,nan,nan,nan,,,,,0,missing_root,
512,0.0824070409,1000,/Users/yoffegid/Weizmann Institute Dropbox/Gidi Yoffe/Eureka Science/Code/geant4_projects/dnaphysics-ice/europa_energy_library/root/dna_ice_am_rho0p5_E00512_0p0824070409MeV.root,0,,82.4070409,nan,nan,nan,nan,nan,nan,nan,nan,nan,nan,,,,,0,missing_root,
513,0.0829469105,1000,/Users/yoffegid/Weizmann Institute Dropbox/Gidi Yoffe/Eureka Science/Code/geant4_projects/dnaphysics-ice/europa_energy_library/root/dna_ice_am_rho0p5_E00513_0p0829469105MeV.root,0,,82.9469105,nan,nan,nan,nan,nan,nan,nan,nan,nan,nan,,,,,0,missing_root,
514,0.0834903169,1000,/Users/yoffegid/Weizmann Institute Dropbox/Gidi Yoffe/Eureka Science/Code/geant4_projects/dnaphysics-ice/europa_energy_library/root/dna_ice_am_rho0p5_E00514_0p0834903169MeV.root,0,,83.4903169,nan,nan,nan,nan,nan,nan,nan,nan,nan,nan,,,,,0,missing_root,
515,0.0840372833,1000,/Users/yoffegid/Weizmann Institute Dropbox/Gidi Yoffe/Eureka Science/Code/geant4_projects/dnaphysics-ice/europa_energy_library/root/dna_ice_am_rho0p5_E00515_0p0840372833MeV.root,0,,84.0372833,nan,nan,nan,nan,nan,nan,nan,nan,nan,nan,,,,,0,missing_root,
516,0.084587833,1000,/Users/yoffegid/Weizmann Institute Dropbox/Gidi Yoffe/Eureka Science/Code/geant4_projects/dnaphysics-ice/europa_energy_library/root/dna_ice_am_rho0p5_E00516_0p084587833MeV.root,0,,84.587833,nan,nan,nan,nan,nan,nan,nan,nan,nan,nan,,,,,0,missing_root,
517,0.0851419895,1000,/Users/yoffegid/Weizmann Institute Dropbox/Gidi Yoffe/Eureka Science/Code/geant4_projects/dnaphysics-ice/europa_energy_library/root/dna_ice_am_rho0p5_E00517_0p0851419895MeV.root,0,,85.1419895,nan,nan,nan,nan,nan,nan,nan,nan,nan,nan,,,,,0,missing_root,
518,0.0856997764,1000,/Users/yoffegid/Weizmann Institute Dropbox/Gidi Yoffe/Eureka Science/Code/geant4_projects/dnaphysics-ice/europa_energy_library/root/dna_ice_am_rho0p5_E00518_0p0856997764MeV.root,0,,85.6997764,nan,nan,nan,nan,nan,nan,nan,nan,nan,nan,,,,,0,missing_root,
519,0.0862612176,1000,/Users/yoffegid/Weizmann Institute Dropbox/Gidi Yoffe/Eureka Science/Code/geant4_projects/dnaphysics-ice/europa_energy_library/root/dna_ice_am_rho0p5_E00519_0p0862612176MeV.root,0,,86.2612176,nan,nan,nan,nan,nan,nan,nan,nan,nan,nan,,,,,0,missing_root,
520,0.0868263368,1000,/Users/yoffegid/Weizmann Institute Dropbox/Gidi Yoffe/Eureka Science/Code/geant4_projects/dnaphysics-ice/europa_energy_library/root/dna_ice_am_rho0p5_E00520_0p0868263368MeV.root,0,,86.8263368,nan,nan,nan,nan,nan,nan,nan,nan,nan,nan,,,,,0,missing_root,
521,0.0873951583,1000,/Users/yoffegid/Weizmann Institute Dropbox/Gidi Yoffe/Eureka Science/Code/geant4_projects/dnaphysics-ice/europa_energy_library/root/dna_ice_am_rho0p5_E00521_0p0873951583MeV.root,0,,87.3951583,nan,nan,nan,nan,nan,nan,nan,nan,nan,nan,,,,,0,missing_root,
522,0.0879677064,1000,/Users/yoffegid/Weizmann Institute Dropbox/Gidi Yoffe/Eureka Science/Code/geant4_projects/dnaphysics-ice/europa_energy_library/root/dna_ice_am_rho0p5_E00522_0p0879677064MeV.root,0,,87.9677064,nan,nan,nan,nan,nan,nan,nan,nan,nan,nan,,,,,0,missing_root,
523,0.0885440053,1000,/Users/yoffegid/Weizmann Institute Dropbox/Gidi Yoffe/Eureka Science/Code/geant4_projects/dnaphysics-ice/europa_energy_library/root/dna_ice_am_rho0p5_E00523_0p0885440053MeV.root,0,,88.5440053,nan,nan,nan,nan,nan,nan,nan,nan,nan,nan,,,,,0,missing_root,
524,0.0891240797,1000,/Users/yoffegid/Weizmann Institute Dropbox/Gidi Yoffe/Eureka Science/Code/geant4_projects/dnaphysics-ice/europa_energy_library/root/dna_ice_am_rho0p5_E00524_0p0891240797MeV.root,0,,89.1240797,nan,nan,nan,nan,nan,nan,nan,nan,nan,nan,,,,,0,missing_root,
525,0.0897079543,1000,/Users/yoffegid/Weizmann Institute Dropbox/Gidi Yoffe/Eureka Science/Code/geant4_projects/dnaphysics-ice/europa_energy_library/root/dna_ice_am_rho0p5_E00525_0p0897079543MeV.root,0,,89.7079543,nan,nan,nan,nan,nan,nan,nan,nan,nan,nan,,,,,0,missing_root,
526,0.090295654,1000,/Users/yoffegid/Weizmann Institute Dropbox/Gidi Yoffe/Eureka Science/Code/geant4_projects/dnaphysics-ice/europa_energy_library/root/dna_ice_am_rho0p5_E00526_0p090295654MeV.root,0,,90.295654,nan,nan,nan,nan,nan,nan,nan,nan,nan,nan,,,,,0,missing_root,
527,0.0908872039,1000,/Users/yoffegid/Weizmann Institute Dropbox/Gidi Yoffe/Eureka Science/Code/geant4_projects/dnaphysics-ice/europa_energy_library/root/dna_ice_am_rho0p5_E00527_0p0908872039MeV.root,0,,90.8872039,nan,nan,nan,nan,nan,nan,nan,nan,nan,nan,,,,,0,missing_root,
528,0.0914826292,1000,/Users/yoffegid/Weizmann Institute Dropbox/Gidi Yoffe/Eureka Science/Code/geant4_projects/dnaphysics-ice/europa_energy_library/root/dna_ice_am_rho0p5_E00528_0p0914826292MeV.root,0,,91.4826292,nan,nan,nan,nan,nan,nan,nan,nan,nan,nan,,,,,0,missing_root,
529,0.0920819553,1000,/Users/yoffegid/Weizmann Institute Dropbox/Gidi Yoffe/Eureka Science/Code/geant4_projects/dnaphysics-ice/europa_energy_library/root/dna_ice_am_rho0p5_E00529_0p0920819553MeV.root,0,,92.0819553,nan,nan,nan,nan,nan,nan,nan,nan,nan,nan,,,,,0,missing_root,
530,0.0926852077,1000,/Users/yoffegid/Weizmann Institute Dropbox/Gidi Yoffe/Eureka Science/Code/geant4_projects/dnaphysics-ice/europa_energy_library/root/dna_ice_am_rho0p5_E00530_0p0926852077MeV.root,0,,92.6852077,nan,nan,nan,nan,nan,nan,nan,nan,nan,nan,,,,,0,missing_root,
531,0.0932924122,1000,/Users/yoffegid/Weizmann Institute Dropbox/Gidi Yoffe/Eureka Science/Code/geant4_projects/dnaphysics-ice/europa_energy_library/root/dna_ice_am_rho0p5_E00531_0p0932924122MeV.root,0,,93.2924122,nan,nan,nan,nan,nan,nan,nan,nan,nan,nan,,,,,0,missing_root,
532,0.0939035946,1000,/Users/yoffegid/Weizmann Institute Dropbox/Gidi Yoffe/Eureka Science/Code/geant4_projects/dnaphysics-ice/europa_energy_library/root/dna_ice_am_rho0p5_E00532_0p0939035946MeV.root,0,,93.9035946,nan,nan,nan,nan,nan,nan,nan,nan,nan,nan,,,,,0,missing_root,
533,0.094518781,1000,/Users/yoffegid/Weizmann Institute Dropbox/Gidi Yoffe/Eureka Science/Code/geant4_projects/dnaphysics-ice/europa_energy_library/root/dna_ice_am_rho0p5_E00533_0p094518781MeV.root,0,,94.518781,nan,nan,nan,nan,nan,nan,nan,nan,nan,nan,,,,,0,missing_root,
534,0.0951379977,1000,/Users/yoffegid/Weizmann Institute Dropbox/Gidi Yoffe/Eureka Science/Code/geant4_projects/dnaphysics-ice/europa_energy_library/root/dna_ice_am_rho0p5_E00534_0p0951379977MeV.root,0,,95.1379977,nan,nan,nan,nan,nan,nan,nan,nan,nan,nan,,,,,0,missing_root,
535,0.095761271,1000,/Users/yoffegid/Weizmann Institute Dropbox/Gidi Yoffe/Eureka Science/Code/geant4_projects/dnaphysics-ice/europa_energy_library/root/dna_ice_am_rho0p5_E00535_0p095761271MeV.root,0,,95.761271,nan,nan,nan,nan,nan,nan,nan,nan,nan,nan,,,,,0,missing_root,
536,0.0963886276,1000,/Users/yoffegid/Weizmann Institute Dropbox/Gidi Yoffe/Eureka Science/Code/geant4_projects/dnaphysics-ice/europa_energy_library/root/dna_ice_am_rho0p5_E00536_0p0963886276MeV.root,0,,96.3886276,nan,nan,nan,nan,nan,nan,nan,nan,nan,nan,,,,,0,missing_root,
537,0.0970200941,1000,/Users/yoffegid/Weizmann Institute Dropbox/Gidi Yoffe/Eureka Science/Code/geant4_projects/dnaphysics-ice/europa_energy_library/root/dna_ice_am_rho0p5_E00537_0p0970200941MeV.root,0,,97.0200941,nan,nan,nan,nan,nan,nan,nan,nan,nan,nan,,,,,0,missing_root,
538,0.0976556975,1000,/Users/yoffegid/Weizmann Institute Dropbox/Gidi Yoffe/Eureka Science/Code/geant4_projects/dnaphysics-ice/europa_energy_library/root/dna_ice_am_rho0p5_E00538_0p0976556975MeV.root,0,,97.6556975,nan,nan,nan,nan,nan,nan,nan,nan,nan,nan,,,,,0,missing_root,
539,0.098295465,1000,/Users/yoffegid/Weizmann Institute Dropbox/Gidi Yoffe/Eureka Science/Code/geant4_projects/dnaphysics-ice/europa_energy_library/root/dna_ice_am_rho0p5_E00539_0p098295465MeV.root,0,,98.295465,nan,nan,nan,nan,nan,nan,nan,nan,nan,nan,,,,,0,missing_root,
540,0.0989394237,1000,/Users/yoffegid/Weizmann Institute Dropbox/Gidi Yoffe/Eureka Science/Code/geant4_projects/dnaphysics-ice/europa_energy_library/root/dna_ice_am_rho0p5_E00540_0p0989394237MeV.root,0,,98.9394237,nan,nan,nan,nan,nan,nan,nan,nan,nan,nan,,,,,0,missing_root,
541,0.0995876011,1000,/Users/yoffegid/Weizmann Institute Dropbox/Gidi Yoffe/Eureka Science/Code/geant4_projects/dnaphysics-ice/europa_energy_library/root/dna_ice_am_rho0p5_E00541_0p0995876011MeV.root,0,,99.5876011,nan,nan,nan,nan,nan,nan,nan,nan,nan,nan,,,,,0,missing_root,
542,0.100240025,1000,/Users/yoffegid/Weizmann Institute Dropbox/Gidi Yoffe/Eureka Science/Code/geant4_projects/dnaphysics-ice/europa_energy_library/root/dna_ice_am_rho0p5_E00542_0p100240025MeV.root,0,,100.240025,nan,nan,nan,nan,nan,nan,nan,nan,nan,nan,,,,,0,missing_root,
543,0.100896723,1000,/Users/yoffegid/Weizmann Institute Dropbox/Gidi Yoffe/Eureka Science/Code/geant4_projects/dnaphysics-ice/europa_energy_library/root/dna_ice_am_rho0p5_E00543_0p100896723MeV.root,0,,100.896723,nan,nan,nan,nan,nan,nan,nan,nan,nan,nan,,,,,0,missing_root,
544,0.101557723,1000,/Users/yoffegid/Weizmann Institute Dropbox/Gidi Yoffe/Eureka Science/Code/geant4_projects/dnaphysics-ice/europa_energy_library/root/dna_ice_am_rho0p5_E00544_0p101557723MeV.root,0,,101.557723,nan,nan,nan,nan,nan,nan,nan,nan,nan,nan,,,,,0,missing_root,
545,0.102223054,1000,/Users/yoffegid/Weizmann Institute Dropbox/Gidi Yoffe/Eureka Science/Code/geant4_projects/dnaphysics-ice/europa_energy_library/root/dna_ice_am_rho0p5_E00545_0p102223054MeV.root,0,,102.223054,nan,nan,nan,nan,nan,nan,nan,nan,nan,nan,,,,,0,missing_root,
546,0.102892743,1000,/Users/yoffegid/Weizmann Institute Dropbox/Gidi Yoffe/Eureka Science/Code/geant4_projects/dnaphysics-ice/europa_energy_library/root/dna_ice_am_rho0p5_E00546_0p102892743MeV.root,0,,102.892743,nan,nan,nan,nan,nan,nan,nan,nan,nan,nan,,,,,0,missing_root,
547,0.10356682,1000,/Users/yoffegid/Weizmann Institute Dropbox/Gidi Yoffe/Eureka Science/Code/geant4_projects/dnaphysics-ice/europa_energy_library/root/dna_ice_am_rho0p5_E00547_0p10356682MeV.root,0,,103.56682,nan,nan,nan,nan,nan,nan,nan,nan,nan,nan,,,,,0,missing_root,
548,0.104245312,1000,/Users/yoffegid/Weizmann Institute Dropbox/Gidi Yoffe/Eureka Science/Code/geant4_projects/dnaphysics-ice/europa_energy_library/root/dna_ice_am_rho0p5_E00548_0p104245312MeV.root,0,,104.245312,nan,nan,nan,nan,nan,nan,nan,nan,nan,nan,,,,,0,missing_root,
549,0.10492825,1000,/Users/yoffegid/Weizmann Institute Dropbox/Gidi Yoffe/Eureka Science/Code/geant4_projects/dnaphysics-ice/europa_energy_library/root/dna_ice_am_rho0p5_E00549_0p10492825MeV.root,0,,104.92825,nan,nan,nan,nan,nan,nan,nan,nan,nan,nan,,,,,0,missing_root,
550,0.105615662,1000,/Users/yoffegid/Weizmann Institute Dropbox/Gidi Yoffe/Eureka Science/Code/geant4_projects/dnaphysics-ice/europa_energy_library/root/dna_ice_am_rho0p5_E00550_0p105615662MeV.root,0,,105.615662,nan,nan,nan,nan,nan,nan,nan,nan,nan,nan,,,,,0,missing_root,
551,0.106307577,1000,/Users/yoffegid/Weizmann Institute Dropbox/Gidi Yoffe/Eureka Science/Code/geant4_projects/dnaphysics-ice/europa_energy_library/root/dna_ice_am_rho0p5_E00551_0p106307577MeV.root,0,,106.307577,nan,nan,nan,nan,nan,nan,nan,nan,nan,nan,,,,,0,missing_root,
552,0.107004025,1000,/Users/yoffegid/Weizmann Institute Dropbox/Gidi Yoffe/Eureka Science/Code/geant4_projects/dnaphysics-ice/europa_energy_library/root/dna_ice_am_rho0p5_E00552_0p107004025MeV.root,0,,107.004025,nan,nan,nan,nan,nan,nan,nan,nan,nan,nan,,,,,0,missing_root,
553,0.107705036,1000,/Users/yoffegid/Weizmann Institute Dropbox/Gidi Yoffe/Eureka Science/Code/geant4_projects/dnaphysics-ice/europa_energy_library/root/dna_ice_am_rho0p5_E00553_0p107705036MeV.root,0,,107.705036,nan,nan,nan,nan,nan,nan,nan,nan,nan,nan,,,,,0,missing_root,
554,0.108410639,1000,/Users/yoffegid/Weizmann Institute Dropbox/Gidi Yoffe/Eureka Science/Code/geant4_projects/dnaphysics-ice/europa_energy_library/root/dna_ice_am_rho0p5_E00554_0p108410639MeV.root,0,,108.410639,nan,nan,nan,nan,nan,nan,nan,nan,nan,nan,,,,,0,missing_root,
555,0.109120865,1000,/Users/yoffegid/Weizmann Institute Dropbox/Gidi Yoffe/Eureka Science/Code/geant4_projects/dnaphysics-ice/europa_energy_library/root/dna_ice_am_rho0p5_E00555_0p109120865MeV.root,0,,109.120865,nan,nan,nan,nan,nan,nan,nan,nan,nan,nan,,,,,0,missing_root,
556,0.109835744,1000,/Users/yoffegid/Weizmann Institute Dropbox/Gidi Yoffe/Eureka Science/Code/geant4_projects/dnaphysics-ice/europa_energy_library/root/dna_ice_am_rho0p5_E00556_0p109835744MeV.root,0,,109.835744,nan,nan,nan,nan,nan,nan,nan,nan,nan,nan,,,,,0,missing_root,
557,0.110555306,1000,/Users/yoffegid/Weizmann Institute Dropbox/Gidi Yoffe/Eureka Science/Code/geant4_projects/dnaphysics-ice/europa_energy_library/root/dna_ice_am_rho0p5_E00557_0p110555306MeV.root,0,,110.555306,nan,nan,nan,nan,nan,nan,nan,nan,nan,nan,,,,,0,missing_root,
558,0.111279582,1000,/Users/yoffegid/Weizmann Institute Dropbox/Gidi Yoffe/Eureka Science/Code/geant4_projects/dnaphysics-ice/europa_energy_library/root/dna_ice_am_rho0p5_E00558_0p111279582MeV.root,0,,111.279582,nan,nan,nan,nan,nan,nan,nan,nan,nan,nan,,,,,0,missing_root,
559,0.112008603,1000,/Users/yoffegid/Weizmann Institute Dropbox/Gidi Yoffe/Eureka Science/Code/geant4_projects/dnaphysics-ice/europa_energy_library/root/dna_ice_am_rho0p5_E00559_0p112008603MeV.root,0,,112.008603,nan,nan,nan,nan,nan,nan,nan,nan,nan,nan,,,,,0,missing_root,
560,0.1127424,1000,/Users/yoffegid/Weizmann Institute Dropbox/Gidi Yoffe/Eureka Science/Code/geant4_projects/dnaphysics-ice/europa_energy_library/root/dna_ice_am_rho0p5_E00560_0p1127424MeV.root,0,,112.7424,nan,nan,nan,nan,nan,nan,nan,nan,nan,nan,,,,,0,missing_root,
561,0.113481004,1000,/Users/yoffegid/Weizmann Institute Dropbox/Gidi Yoffe/Eureka Science/Code/geant4_projects/dnaphysics-ice/europa_energy_library/root/dna_ice_am_rho0p5_E00561_0p113481004MeV.root,0,,113.481004,nan,nan,nan,nan,nan,nan,nan,nan,nan,nan,,,,,0,missing_root,
562,0.114224447,1000,/Users/yoffegid/Weizmann Institute Dropbox/Gidi Yoffe/Eureka Science/Code/geant4_projects/dnaphysics-ice/europa_energy_library/root/dna_ice_am_rho0p5_E00562_0p114224447MeV.root,0,,114.224447,nan,nan,nan,nan,nan,nan,nan,nan,nan,nan,,,,,0,missing_root,
563,0.11497276,1000,/Users/yoffegid/Weizmann Institute Dropbox/Gidi Yoffe/Eureka Science/Code/geant4_projects/dnaphysics-ice/europa_energy_library/root/dna_ice_am_rho0p5_E00563_0p11497276MeV.root,0,,114.97276,nan,nan,nan,nan,nan,nan,nan,nan,nan,nan,,,,,0,missing_root,
564,0.115725976,1000,/Users/yoffegid/Weizmann Institute Dropbox/Gidi Yoffe/Eureka Science/Code/geant4_projects/dnaphysics-ice/europa_energy_library/root/dna_ice_am_rho0p5_E00564_0p115725976MeV.root,0,,115.725976,nan,nan,nan,nan,nan,nan,nan,nan,nan,nan,,,,,0,missing_root,
565,0.116484127,1000,/Users/yoffegid/Weizmann Institute Dropbox/Gidi Yoffe/Eureka Science/Code/geant4_projects/dnaphysics-ice/europa_energy_library/root/dna_ice_am_rho0p5_E00565_0p116484127MeV.root,0,,116.484127,nan,nan,nan,nan,nan,nan,nan,nan,nan,nan,,,,,0,missing_root,
566,0.117247244,1000,/Users/yoffegid/Weizmann Institute Dropbox/Gidi Yoffe/Eureka Science/Code/geant4_projects/dnaphysics-ice/europa_energy_library/root/dna_ice_am_rho0p5_E00566_0p117247244MeV.root,0,,117.247244,nan,nan,nan,nan,nan,nan,nan,nan,nan,nan,,,,,0,missing_root,
567,0.118015361,1000,/Users/yoffegid/Weizmann Institute Dropbox/Gidi Yoffe/Eureka Science/Code/geant4_projects/dnaphysics-ice/europa_energy_library/root/dna_ice_am_rho0p5_E00567_0p118015361MeV.root,0,,118.015361,nan,nan,nan,nan,nan,nan,nan,nan,nan,nan,,,,,0,missing_root,
568,0.118788509,1000,/Users/yoffegid/Weizmann Institute Dropbox/Gidi Yoffe/Eureka Science/Code/geant4_projects/dnaphysics-ice/europa_energy_library/root/dna_ice_am_rho0p5_E00568_0p118788509MeV.root,0,,118.788509,nan,nan,nan,nan,nan,nan,nan,nan,nan,nan,,,,,0,missing_root,
569,0.119566723,1000,/Users/yoffegid/Weizmann Institute Dropbox/Gidi Yoffe/Eureka Science/Code/geant4_projects/dnaphysics-ice/europa_energy_library/root/dna_ice_am_rho0p5_E00569_0p119566723MeV.root,0,,119.566723,nan,nan,nan,nan,nan,nan,nan,nan,nan,nan,,,,,0,missing_root,
570,0.120350035,1000,/Users/yoffegid/Weizmann Institute Dropbox/Gidi Yoffe/Eureka Science/Code/geant4_projects/dnaphysics-ice/europa_energy_library/root/dna_ice_am_rho0p5_E00570_0p120350035MeV.root,0,,120.350035,nan,nan,nan,nan,nan,nan,nan,nan,nan,nan,,,,,0,missing_root,
571,0.121138479,1000,/Users/yoffegid/Weizmann Institute Dropbox/Gidi Yoffe/Eureka Science/Code/geant4_projects/dnaphysics-ice/europa_energy_library/root/dna_ice_am_rho0p5_E00571_0p121138479MeV.root,0,,121.138479,nan,nan,nan,nan,nan,nan,nan,nan,nan,nan,,,,,0,missing_root,
572,0.121932088,1000,/Users/yoffegid/Weizmann Institute Dropbox/Gidi Yoffe/Eureka Science/Code/geant4_projects/dnaphysics-ice/europa_energy_library/root/dna_ice_am_rho0p5_E00572_0p121932088MeV.root,0,,121.932088,nan,nan,nan,nan,nan,nan,nan,nan,nan,nan,,,,,0,missing_root,
573,0.122730897,1000,/Users/yoffegid/Weizmann Institute Dropbox/Gidi Yoffe/Eureka Science/Code/geant4_projects/dnaphysics-ice/europa_energy_library/root/dna_ice_am_rho0p5_E00573_0p122730897MeV.root,0,,122.730897,nan,nan,nan,nan,nan,nan,nan,nan,nan,nan,,,,,0,missing_root,
574,0.123534938,1000,/Users/yoffegid/Weizmann Institute Dropbox/Gidi Yoffe/Eureka Science/Code/geant4_projects/dnaphysics-ice/europa_energy_library/root/dna_ice_am_rho0p5_E00574_0p123534938MeV.root,0,,123.534938,nan,nan,nan,nan,nan,nan,nan,nan,nan,nan,,,,,0,missing_root,
575,0.124344247,1000,/Users/yoffegid/Weizmann Institute Dropbox/Gidi Yoffe/Eureka Science/Code/geant4_projects/dnaphysics-ice/europa_energy_library/root/dna_ice_am_rho0p5_E00575_0p124344247MeV.root,0,,124.344247,nan,nan,nan,nan,nan,nan,nan,nan,nan,nan,,,,,0,missing_root,
576,0.125158858,1000,/Users/yoffegid/Weizmann Institute Dropbox/Gidi Yoffe/Eureka Science/Code/geant4_projects/dnaphysics-ice/europa_energy_library/root/dna_ice_am_rho0p5_E00576_0p125158858MeV.root,0,,125.158858,nan,nan,nan,nan,nan,nan,nan,nan,nan,nan,,,,,0,missing_root,
577,0.125978806,1000,/Users/yoffegid/Weizmann Institute Dropbox/Gidi Yoffe/Eureka Science/Code/geant4_projects/dnaphysics-ice/europa_energy_library/root/dna_ice_am_rho0p5_E00577_0p125978806MeV.root,0,,125.978806,nan,nan,nan,nan,nan,nan,nan,nan,nan,nan,,,,,0,missing_root,
578,0.126804125,1000,/Users/yoffegid/Weizmann Institute Dropbox/Gidi Yoffe/Eureka Science/Code/geant4_projects/dnaphysics-ice/europa_energy_library/root/dna_ice_am_rho0p5_E00578_0p126804125MeV.root,0,,126.804125,nan,nan,nan,nan,nan,nan,nan,nan,nan,nan,,,,,0,missing_root,
579,0.127634851,1000,/Users/yoffegid/Weizmann Institute Dropbox/Gidi Yoffe/Eureka Science/Code/geant4_projects/dnaphysics-ice/europa_energy_library/root/dna_ice_am_rho0p5_E00579_0p127634851MeV.root,0,,127.634851,nan,nan,nan,nan,nan,nan,nan,nan,nan,nan,,,,,0,missing_root,
580,0.12847102,1000,/Users/yoffegid/Weizmann Institute Dropbox/Gidi Yoffe/Eureka Science/Code/geant4_projects/dnaphysics-ice/europa_energy_library/root/dna_ice_am_rho0p5_E00580_0p12847102MeV.root,0,,128.47102,nan,nan,nan,nan,nan,nan,nan,nan,nan,nan,,,,,0,missing_root,
581,0.129312666,1000,/Users/yoffegid/Weizmann Institute Dropbox/Gidi Yoffe/Eureka Science/Code/geant4_projects/dnaphysics-ice/europa_energy_library/root/dna_ice_am_rho0p5_E00581_0p129312666MeV.root,0,,129.312666,nan,nan,nan,nan,nan,nan,nan,nan,nan,nan,,,,,0,missing_root,
582,0.130159827,1000,/Users/yoffegid/Weizmann Institute Dropbox/Gidi Yoffe/Eureka Science/Code/geant4_projects/dnaphysics-ice/europa_energy_library/root/dna_ice_am_rho0p5_E00582_0p130159827MeV.root,0,,130.159827,nan,nan,nan,nan,nan,nan,nan,nan,nan,nan,,,,,0,missing_root,
583,0.131012537,1000,/Users/yoffegid/Weizmann Institute Dropbox/Gidi Yoffe/Eureka Science/Code/geant4_projects/dnaphysics-ice/europa_energy_library/root/dna_ice_am_rho0p5_E00583_0p131012537MeV.root,0,,131.012537,nan,nan,nan,nan,nan,nan,nan,nan,nan,nan,,,,,0,missing_root,
584,0.131870833,1000,/Users/yoffegid/Weizmann Institute Dropbox/Gidi Yoffe/Eureka Science/Code/geant4_projects/dnaphysics-ice/europa_energy_library/root/dna_ice_am_rho0p5_E00584_0p131870833MeV.root,0,,131.870833,nan,nan,nan,nan,nan,nan,nan,nan,nan,nan,,,,,0,missing_root,
585,0.132734753,1000,/Users/yoffegid/Weizmann Institute Dropbox/Gidi Yoffe/Eureka Science/Code/geant4_projects/dnaphysics-ice/europa_energy_library/root/dna_ice_am_rho0p5_E00585_0p132734753MeV.root,0,,132.734753,nan,nan,nan,nan,nan,nan,nan,nan,nan,nan,,,,,0,missing_root,
586,0.133604332,1000,/Users/yoffegid/Weizmann Institute Dropbox/Gidi Yoffe/Eureka Science/Code/geant4_projects/dnaphysics-ice/europa_energy_library/root/dna_ice_am_rho0p5_E00586_0p133604332MeV.root,0,,133.604332,nan,nan,nan,nan,nan,nan,nan,nan,nan,nan,,,,,0,missing_root,
587,0.134479608,1000,/Users/yoffegid/Weizmann Institute Dropbox/Gidi Yoffe/Eureka Science/Code/geant4_projects/dnaphysics-ice/europa_energy_library/root/dna_ice_am_rho0p5_E00587_0p134479608MeV.root,0,,134.479608,nan,nan,nan,nan,nan,nan,nan,nan,nan,nan,,,,,0,missing_root,
588,0.135360619,1000,/Users/yoffegid/Weizmann Institute Dropbox/Gidi Yoffe/Eureka Science/Code/geant4_projects/dnaphysics-ice/europa_energy_library/root/dna_ice_am_rho0p5_E00588_0p135360619MeV.root,0,,135.360619,nan,nan,nan,nan,nan,nan,nan,nan,nan,nan,,,,,0,missing_root,
589,0.136247401,1000,/Users/yoffegid/Weizmann Institute Dropbox/Gidi Yoffe/Eureka Science/Code/geant4_projects/dnaphysics-ice/europa_energy_library/root/dna_ice_am_rho0p5_E00589_0p136247401MeV.root,0,,136.247401,nan,nan,nan,nan,nan,nan,nan,nan,nan,nan,,,,,0,missing_root,
590,0.137139992,1000,/Users/yoffegid/Weizmann Institute Dropbox/Gidi Yoffe/Eureka Science/Code/geant4_projects/dnaphysics-ice/europa_energy_library/root/dna_ice_am_rho0p5_E00590_0p137139992MeV.root,0,,137.139992,nan,nan,nan,nan,nan,nan,nan,nan,nan,nan,,,,,0,missing_root,
591,0.138038431,1000,/Users/yoffegid/Weizmann Institute Dropbox/Gidi Yoffe/Eureka Science/Code/geant4_projects/dnaphysics-ice/europa_energy_library/root/dna_ice_am_rho0p5_E00591_0p138038431MeV.root,0,,138.038431,nan,nan,nan,nan,nan,nan,nan,nan,nan,nan,,,,,0,missing_root,
592,0.138942756,1000,/Users/yoffegid/Weizmann Institute Dropbox/Gidi Yoffe/Eureka Science/Code/geant4_projects/dnaphysics-ice/europa_energy_library/root/dna_ice_am_rho0p5_E00592_0p138942756MeV.root,0,,138.942756,nan,nan,nan,nan,nan,nan,nan,nan,nan,nan,,,,,0,missing_root,
593,0.139853006,1000,/Users/yoffegid/Weizmann Institute Dropbox/Gidi Yoffe/Eureka Science/Code/geant4_projects/dnaphysics-ice/europa_energy_library/root/dna_ice_am_rho0p5_E00593_0p139853006MeV.root,0,,139.853006,nan,nan,nan,nan,nan,nan,nan,nan,nan,nan,,,,,0,missing_root,
594,0.140769219,1000,/Users/yoffegid/Weizmann Institute Dropbox/Gidi Yoffe/Eureka Science/Code/geant4_projects/dnaphysics-ice/europa_energy_library/root/dna_ice_am_rho0p5_E00594_0p140769219MeV.root,0,,140.769219,nan,nan,nan,nan,nan,nan,nan,nan,nan,nan,,,,,0,missing_root,
595,0.141691434,1000,/Users/yoffegid/Weizmann Institute Dropbox/Gidi Yoffe/Eureka Science/Code/geant4_projects/dnaphysics-ice/europa_energy_library/root/dna_ice_am_rho0p5_E00595_0p141691434MeV.root,0,,141.691434,nan,nan,nan,nan,nan,nan,nan,nan,nan,nan,,,,,0,missing_root,
596,0.14261969,1000,/Users/yoffegid/Weizmann Institute Dropbox/Gidi Yoffe/Eureka Science/Code/geant4_projects/dnaphysics-ice/europa_energy_library/root/dna_ice_am_rho0p5_E00596_0p14261969MeV.root,0,,142.61969,nan,nan,nan,nan,nan,nan,nan,nan,nan,nan,,,,,0,missing_root,
597,0.143554028,1000,/Users/yoffegid/Weizmann Institute Dropbox/Gidi Yoffe/Eureka Science/Code/geant4_projects/dnaphysics-ice/europa_energy_library/root/dna_ice_am_rho0p5_E00597_0p143554028MeV.root,0,,143.554028,nan,nan,nan,nan,nan,nan,nan,nan,nan,nan,,,,,0,missing_root,
598,0.144494488,1000,/Users/yoffegid/Weizmann Institute Dropbox/Gidi Yoffe/Eureka Science/Code/geant4_projects/dnaphysics-ice/europa_energy_library/root/dna_ice_am_rho0p5_E00598_0p144494488MeV.root,0,,144.494488,nan,nan,nan,nan,nan,nan,nan,nan,nan,nan,,,,,0,missing_root,
599,0.145441108,1000,/Users/yoffegid/Weizmann Institute Dropbox/Gidi Yoffe/Eureka Science/Code/geant4_projects/dnaphysics-ice/europa_energy_library/root/dna_ice_am_rho0p5_E00599_0p145441108MeV.root,0,,145.441108,nan,nan,nan,nan,nan,nan,nan,nan,nan,nan,,,,,0,missing_root,
600,0.14639393,1000,/Users/yoffegid/Weizmann Institute Dropbox/Gidi Yoffe/Eureka Science/Code/geant4_projects/dnaphysics-ice/europa_energy_library/root/dna_ice_am_rho0p5_E00600_0p14639393MeV.root,0,,146.39393,nan,nan,nan,nan,nan,nan,nan,nan,nan,nan,,,,,0,missing_root,
601,0.147352994,1000,/Users/yoffegid/Weizmann Institute Dropbox/Gidi Yoffe/Eureka Science/Code/geant4_projects/dnaphysics-ice/europa_energy_library/root/dna_ice_am_rho0p5_E00601_0p147352994MeV.root,0,,147.352994,nan,nan,nan,nan,nan,nan,nan,nan,nan,nan,,,,,0,missing_root,
602,0.148318341,1000,/Users/yoffegid/Weizmann Institute Dropbox/Gidi Yoffe/Eureka Science/Code/geant4_projects/dnaphysics-ice/europa_energy_library/root/dna_ice_am_rho0p5_E00602_0p148318341MeV.root,0,,148.318341,nan,nan,nan,nan,nan,nan,nan,nan,nan,nan,,,,,0,missing_root,
603,0.149290012,1000,/Users/yoffegid/Weizmann Institute Dropbox/Gidi Yoffe/Eureka Science/Code/geant4_projects/dnaphysics-ice/europa_energy_library/root/dna_ice_am_rho0p5_E00603_0p149290012MeV.root,0,,149.290012,nan,nan,nan,nan,nan,nan,nan,nan,nan,nan,,,,,0,missing_root,
604,0.150268049,1000,/Users/yoffegid/Weizmann Institute Dropbox/Gidi Yoffe/Eureka Science/Code/geant4_projects/dnaphysics-ice/europa_energy_library/root/dna_ice_am_rho0p5_E00604_0p150268049MeV.root,0,,150.268049,nan,nan,nan,nan,nan,nan,nan,nan,nan,nan,,,,,0,missing_root,
605,0.151252494,1000,/Users/yoffegid/Weizmann Institute Dropbox/Gidi Yoffe/Eureka Science/Code/geant4_projects/dnaphysics-ice/europa_energy_library/root/dna_ice_am_rho0p5_E00605_0p151252494MeV.root,0,,151.252494,nan,nan,nan,nan,nan,nan,nan,nan,nan,nan,,,,,0,missing_root,
606,0.152243387,1000,/Users/yoffegid/Weizmann Institute Dropbox/Gidi Yoffe/Eureka Science/Code/geant4_projects/dnaphysics-ice/europa_energy_library/root/dna_ice_am_rho0p5_E00606_0p152243387MeV.root,0,,152.243387,nan,nan,nan,nan,nan,nan,nan,nan,nan,nan,,,,,0,missing_root,
607,0.153240773,1000,/Users/yoffegid/Weizmann Institute Dropbox/Gidi Yoffe/Eureka Science/Code/geant4_projects/dnaphysics-ice/europa_energy_library/root/dna_ice_am_rho0p5_E00607_0p153240773MeV.root,0,,153.240773,nan,nan,nan,nan,nan,nan,nan,nan,nan,nan,,,,,0,missing_root,
608,0.154244692,1000,/Users/yoffegid/Weizmann Institute Dropbox/Gidi Yoffe/Eureka Science/Code/geant4_projects/dnaphysics-ice/europa_energy_library/root/dna_ice_am_rho0p5_E00608_0p154244692MeV.root,0,,154.244692,nan,nan,nan,nan,nan,nan,nan,nan,nan,nan,,,,,0,missing_root,
609,0.155255189,1000,/Users/yoffegid/Weizmann Institute Dropbox/Gidi Yoffe/Eureka Science/Code/geant4_projects/dnaphysics-ice/europa_energy_library/root/dna_ice_am_rho0p5_E00609_0p155255189MeV.root,0,,155.255189,nan,nan,nan,nan,nan,nan,nan,nan,nan,nan,,,,,0,missing_root,
610,0.156272305,1000,/Users/yoffegid/Weizmann Institute Dropbox/Gidi Yoffe/Eureka Science/Code/geant4_projects/dnaphysics-ice/europa_energy_library/root/dna_ice_am_rho0p5_E00610_0p156272305MeV.root,0,,156.272305,nan,nan,nan,nan,nan,nan,nan,nan,nan,nan,,,,,0,missing_root,
611,0.157296085,1000,/Users/yoffegid/Weizmann Institute Dropbox/Gidi Yoffe/Eureka Science/Code/geant4_projects/dnaphysics-ice/europa_energy_library/root/dna_ice_am_rho0p5_E00611_0p157296085MeV.root,0,,157.296085,nan,nan,nan,nan,nan,nan,nan,nan,nan,nan,,,,,0,missing_root,
612,0.158326572,1000,/Users/yoffegid/Weizmann Institute Dropbox/Gidi Yoffe/Eureka Science/Code/geant4_projects/dnaphysics-ice/europa_energy_library/root/dna_ice_am_rho0p5_E00612_0p158326572MeV.root,0,,158.326572,nan,nan,nan,nan,nan,nan,nan,nan,nan,nan,,,,,0,missing_root,
613,0.159363809,1000,/Users/yoffegid/Weizmann Institute Dropbox/Gidi Yoffe/Eureka Science/Code/geant4_projects/dnaphysics-ice/europa_energy_library/root/dna_ice_am_rho0p5_E00613_0p159363809MeV.root,0,,159.363809,nan,nan,nan,nan,nan,nan,nan,nan,nan,nan,,,,,0,missing_root,
614,0.160407842,1000,/Users/yoffegid/Weizmann Institute Dropbox/Gidi Yoffe/Eureka Science/Code/geant4_projects/dnaphysics-ice/europa_energy_library/root/dna_ice_am_rho0p5_E00614_0p160407842MeV.root,0,,160.407842,nan,nan,nan,nan,nan,nan,nan,nan,nan,nan,,,,,0,missing_root,
615,0.161458715,1000,/Users/yoffegid/Weizmann Institute Dropbox/Gidi Yoffe/Eureka Science/Code/geant4_projects/dnaphysics-ice/europa_energy_library/root/dna_ice_am_rho0p5_E00615_0p161458715MeV.root,0,,161.458715,nan,nan,nan,nan,nan,nan,nan,nan,nan,nan,,,,,0,missing_root,
616,0.162516472,1000,/Users/yoffegid/Weizmann Institute Dropbox/Gidi Yoffe/Eureka Science/Code/geant4_projects/dnaphysics-ice/europa_energy_library/root/dna_ice_am_rho0p5_E00616_0p162516472MeV.root,0,,162.516472,nan,nan,nan,nan,nan,nan,nan,nan,nan,nan,,,,,0,missing_root,
617,0.163581159,1000,/Users/yoffegid/Weizmann Institute Dropbox/Gidi Yoffe/Eureka Science/Code/geant4_projects/dnaphysics-ice/europa_energy_library/root/dna_ice_am_rho0p5_E00617_0p163581159MeV.root,0,,163.581159,nan,nan,nan,nan,nan,nan,nan,nan,nan,nan,,,,,0,missing_root,
618,0.164652821,1000,/Users/yoffegid/Weizmann Institute Dropbox/Gidi Yoffe/Eureka Science/Code/geant4_projects/dnaphysics-ice/europa_energy_library/root/dna_ice_am_rho0p5_E00618_0p164652821MeV.root,0,,164.652821,nan,nan,nan,nan,nan,nan,nan,nan,nan,nan,,,,,0,missing_root,
619,0.165731504,1000,/Users/yoffegid/Weizmann Institute Dropbox/Gidi Yoffe/Eureka Science/Code/geant4_projects/dnaphysics-ice/europa_energy_library/root/dna_ice_am_rho0p5_E00619_0p165731504MeV.root,0,,165.731504,nan,nan,nan,nan,nan,nan,nan,nan,nan,nan,,,,,0,missing_root,
620,0.166817253,1000,/Users/yoffegid/Weizmann Institute Dropbox/Gidi Yoffe/Eureka Science/Code/geant4_projects/dnaphysics-ice/europa_energy_library/root/dna_ice_am_rho0p5_E00620_0p166817253MeV.root,0,,166.817253,nan,nan,nan,nan,nan,nan,nan,nan,nan,nan,,,,,0,missing_root,
621,0.167910116,1000,/Users/yoffegid/Weizmann Institute Dropbox/Gidi Yoffe/Eureka Science/Code/geant4_projects/dnaphysics-ice/europa_energy_library/root/dna_ice_am_rho0p5_E00621_0p167910116MeV.root,0,,167.910116,nan,nan,nan,nan,nan,nan,nan,nan,nan,nan,,,,,0,missing_root,
622,0.169010138,1000,/Users/yoffegid/Weizmann Institute Dropbox/Gidi Yoffe/Eureka Science/Code/geant4_projects/dnaphysics-ice/europa_energy_library/root/dna_ice_am_rho0p5_E00622_0p169010138MeV.root,0,,169.010138,nan,nan,nan,nan,nan,nan,nan,nan,nan,nan,,,,,0,missing_root,
623,0.170117367,1000,/Users/yoffegid/Weizmann Institute Dropbox/Gidi Yoffe/Eureka Science/Code/geant4_projects/dnaphysics-ice/europa_energy_library/root/dna_ice_am_rho0p5_E00623_0p170117367MeV.root,0,,170.117367,nan,nan,nan,nan,nan,nan,nan,nan,nan,nan,,,,,0,missing_root,
624,0.171231849,1000,/Users/yoffegid/Weizmann Institute Dropbox/Gidi Yoffe/Eureka Science/Code/geant4_projects/dnaphysics-ice/europa_energy_library/root/dna_ice_am_rho0p5_E00624_0p171231849MeV.root,0,,171.231849,nan,nan,nan,nan,nan,nan,nan,nan,nan,nan,,,,,0,missing_root,
625,0.172353632,1000,/Users/yoffegid/Weizmann Institute Dropbox/Gidi Yoffe/Eureka Science/Code/geant4_projects/dnaphysics-ice/europa_energy_library/root/dna_ice_am_rho0p5_E00625_0p172353632MeV.root,0,,172.353632,nan,nan,nan,nan,nan,nan,nan,nan,nan,nan,,,,,0,missing_root,
626,0.173482765,1000,/Users/yoffegid/Weizmann Institute Dropbox/Gidi Yoffe/Eureka Science/Code/geant4_projects/dnaphysics-ice/europa_energy_library/root/dna_ice_am_rho0p5_E00626_0p173482765MeV.root,0,,173.482765,nan,nan,nan,nan,nan,nan,nan,nan,nan,nan,,,,,0,missing_root,
627,0.174619295,1000,/Users/yoffegid/Weizmann Institute Dropbox/Gidi Yoffe/Eureka Science/Code/geant4_projects/dnaphysics-ice/europa_energy_library/root/dna_ice_am_rho0p5_E00627_0p174619295MeV.root,0,,174.619295,nan,nan,nan,nan,nan,nan,nan,nan,nan,nan,,,,,0,missing_root,
628,0.175763271,1000,/Users/yoffegid/Weizmann Institute Dropbox/Gidi Yoffe/Eureka Science/Code/geant4_projects/dnaphysics-ice/europa_energy_library/root/dna_ice_am_rho0p5_E00628_0p175763271MeV.root,0,,175.763271,nan,nan,nan,nan,nan,nan,nan,nan,nan,nan,,,,,0,missing_root,
629,0.176914741,1000,/Users/yoffegid/Weizmann Institute Dropbox/Gidi Yoffe/Eureka Science/Code/geant4_projects/dnaphysics-ice/europa_energy_library/root/dna_ice_am_rho0p5_E00629_0p176914741MeV.root,0,,176.914741,nan,nan,nan,nan,nan,nan,nan,nan,nan,nan,,,,,0,missing_root,
630,0.178073754,1000,/Users/yoffegid/Weizmann Institute Dropbox/Gidi Yoffe/Eureka Science/Code/geant4_projects/dnaphysics-ice/europa_energy_library/root/dna_ice_am_rho0p5_E00630_0p178073754MeV.root,0,,178.073754,nan,nan,nan,nan,nan,nan,nan,nan,nan,nan,,,,,0,missing_root,
631,0.179240361,1000,/Users/yoffegid/Weizmann Institute Dropbox/Gidi Yoffe/Eureka Science/Code/geant4_projects/dnaphysics-ice/europa_energy_library/root/dna_ice_am_rho0p5_E00631_0p179240361MeV.root,0,,179.240361,nan,nan,nan,nan,nan,nan,nan,nan,nan,nan,,,,,0,missing_root,
632,0.180414611,1000,/Users/yoffegid/Weizmann Institute Dropbox/Gidi Yoffe/Eureka Science/Code/geant4_projects/dnaphysics-ice/europa_energy_library/root/dna_ice_am_rho0p5_E00632_0p180414611MeV.root,0,,180.414611,nan,nan,nan,nan,nan,nan,nan,nan,nan,nan,,,,,0,missing_root,
633,0.181596553,1000,/Users/yoffegid/Weizmann Institute Dropbox/Gidi Yoffe/Eureka Science/Code/geant4_projects/dnaphysics-ice/europa_energy_library/root/dna_ice_am_rho0p5_E00633_0p181596553MeV.root,0,,181.596553,nan,nan,nan,nan,nan,nan,nan,nan,nan,nan,,,,,0,missing_root,
634,0.182786238,1000,/Users/yoffegid/Weizmann Institute Dropbox/Gidi Yoffe/Eureka Science/Code/geant4_projects/dnaphysics-ice/europa_energy_library/root/dna_ice_am_rho0p5_E00634_0p182786238MeV.root,0,,182.786238,nan,nan,nan,nan,nan,nan,nan,nan,nan,nan,,,,,0,missing_root,
635,0.183983717,1000,/Users/yoffegid/Weizmann Institute Dropbox/Gidi Yoffe/Eureka Science/Code/geant4_projects/dnaphysics-ice/europa_energy_library/root/dna_ice_am_rho0p5_E00635_0p183983717MeV.root,0,,183.983717,nan,nan,nan,nan,nan,nan,nan,nan,nan,nan,,,,,0,missing_root,
636,0.185189042,1000,/Users/yoffegid/Weizmann Institute Dropbox/Gidi Yoffe/Eureka Science/Code/geant4_projects/dnaphysics-ice/europa_energy_library/root/dna_ice_am_rho0p5_E00636_0p185189042MeV.root,0,,185.189042,nan,nan,nan,nan,nan,nan,nan,nan,nan,nan,,,,,0,missing_root,
637,0.186402263,1000,/Users/yoffegid/Weizmann Institute Dropbox/Gidi Yoffe/Eureka Science/Code/geant4_projects/dnaphysics-ice/europa_energy_library/root/dna_ice_am_rho0p5_E00637_0p186402263MeV.root,0,,186.402263,nan,nan,nan,nan,nan,nan,nan,nan,nan,nan,,,,,0,missing_root,
638,0.187623431,1000,/Users/yoffegid/Weizmann Institute Dropbox/Gidi Yoffe/Eureka Science/Code/geant4_projects/dnaphysics-ice/europa_energy_library/root/dna_ice_am_rho0p5_E00638_0p187623431MeV.root,0,,187.623431,nan,nan,nan,nan,nan,nan,nan,nan,nan,nan,,,,,0,missing_root,
639,0.1888526,1000,/Users/yoffegid/Weizmann Institute Dropbox/Gidi Yoffe/Eureka Science/Code/geant4_projects/dnaphysics-ice/europa_energy_library/root/dna_ice_am_rho0p5_E00639_0p1888526MeV.root,0,,188.8526,nan,nan,nan,nan,nan,nan,nan,nan,nan,nan,,,,,0,missing_root,
640,0.190089822,1000,/Users/yoffegid/Weizmann Institute Dropbox/Gidi Yoffe/Eureka Science/Code/geant4_projects/dnaphysics-ice/europa_energy_library/root/dna_ice_am_rho0p5_E00640_0p190089822MeV.root,0,,190.089822,nan,nan,nan,nan,nan,nan,nan,nan,nan,nan,,,,,0,missing_root,
641,0.191335149,1000,/Users/yoffegid/Weizmann Institute Dropbox/Gidi Yoffe/Eureka Science/Code/geant4_projects/dnaphysics-ice/europa_energy_library/root/dna_ice_am_rho0p5_E00641_0p191335149MeV.root,0,,191.335149,nan,nan,nan,nan,nan,nan,nan,nan,nan,nan,,,,,0,missing_root,
642,0.192588634,1000,/Users/yoffegid/Weizmann Institute Dropbox/Gidi Yoffe/Eureka Science/Code/geant4_projects/dnaphysics-ice/europa_energy_library/root/dna_ice_am_rho0p5_E00642_0p192588634MeV.root,0,,192.588634,nan,nan,nan,nan,nan,nan,nan,nan,nan,nan,,,,,0,missing_root,
643,0.193850332,1000,/Users/yoffegid/Weizmann Institute Dropbox/Gidi Yoffe/Eureka Science/Code/geant4_projects/dnaphysics-ice/europa_energy_library/root/dna_ice_am_rho0p5_E00643_0p193850332MeV.root,0,,193.850332,nan,nan,nan,nan,nan,nan,nan,nan,nan,nan,,,,,0,missing_root,
644,0.195120295,1000,/Users/yoffegid/Weizmann Institute Dropbox/Gidi Yoffe/Eureka Science/Code/geant4_projects/dnaphysics-ice/europa_energy_library/root/dna_ice_am_rho0p5_E00644_0p195120295MeV.root,0,,195.120295,nan,nan,nan,nan,nan,nan,nan,nan,nan,nan,,,,,0,missing_root,
645,0.196398578,1000,/Users/yoffegid/Weizmann Institute Dropbox/Gidi Yoffe/Eureka Science/Code/geant4_projects/dnaphysics-ice/europa_energy_library/root/dna_ice_am_rho0p5_E00645_0p196398578MeV.root,0,,196.398578,nan,nan,nan,nan,nan,nan,nan,nan,nan,nan,,,,,0,missing_root,
646,0.197685235,1000,/Users/yoffegid/Weizmann Institute Dropbox/Gidi Yoffe/Eureka Science/Code/geant4_projects/dnaphysics-ice/europa_energy_library/root/dna_ice_am_rho0p5_E00646_0p197685235MeV.root,0,,197.685235,nan,nan,nan,nan,nan,nan,nan,nan,nan,nan,,,,,0,missing_root,
647,0.198980322,1000,/Users/yoffegid/Weizmann Institute Dropbox/Gidi Yoffe/Eureka Science/Code/geant4_projects/dnaphysics-ice/europa_energy_library/root/dna_ice_am_rho0p5_E00647_0p198980322MeV.root,0,,198.980322,nan,nan,nan,nan,nan,nan,nan,nan,nan,nan,,,,,0,missing_root,
648,0.200283892,1000,/Users/yoffegid/Weizmann Institute Dropbox/Gidi Yoffe/Eureka Science/Code/geant4_projects/dnaphysics-ice/europa_energy_library/root/dna_ice_am_rho0p5_E00648_0p200283892MeV.root,0,,200.283892,nan,nan,nan,nan,nan,nan,nan,nan,nan,nan,,,,,0,missing_root,
649,0.201596003,1000,/Users/yoffegid/Weizmann Institute Dropbox/Gidi Yoffe/Eureka Science/Code/geant4_projects/dnaphysics-ice/europa_energy_library/root/dna_ice_am_rho0p5_E00649_0p201596003MeV.root,0,,201.596003,nan,nan,nan,nan,nan,nan,nan,nan,nan,nan,,,,,0,missing_root,
650,0.20291671,1000,/Users/yoffegid/Weizmann Institute Dropbox/Gidi Yoffe/Eureka Science/Code/geant4_projects/dnaphysics-ice/europa_energy_library/root/dna_ice_am_rho0p5_E00650_0p20291671MeV.root,0,,202.91671,nan,nan,nan,nan,nan,nan,nan,nan,nan,nan,,,,,0,missing_root,
651,0.20424607,1000,/Users/yoffegid/Weizmann Institute Dropbox/Gidi Yoffe/Eureka Science/Code/geant4_projects/dnaphysics-ice/europa_energy_library/root/dna_ice_am_rho0p5_E00651_0p20424607MeV.root,0,,204.24607,nan,nan,nan,nan,nan,nan,nan,nan,nan,nan,,,,,0,missing_root,
652,0.205584138,1000,/Users/yoffegid/Weizmann Institute Dropbox/Gidi Yoffe/Eureka Science/Code/geant4_projects/dnaphysics-ice/europa_energy_library/root/dna_ice_am_rho0p5_E00652_0p205584138MeV.root,0,,205.584138,nan,nan,nan,nan,nan,nan,nan,nan,nan,nan,,,,,0,missing_root,
653,0.206930972,1000,/Users/yoffegid/Weizmann Institute Dropbox/Gidi Yoffe/Eureka Science/Code/geant4_projects/dnaphysics-ice/europa_energy_library/root/dna_ice_am_rho0p5_E00653_0p206930972MeV.root,0,,206.930972,nan,nan,nan,nan,nan,nan,nan,nan,nan,nan,,,,,0,missing_root,
654,0.20828663,1000,/Users/yoffegid/Weizmann Institute Dropbox/Gidi Yoffe/Eureka Science/Code/geant4_projects/dnaphysics-ice/europa_energy_library/root/dna_ice_am_rho0p5_E00654_0p20828663MeV.root,0,,208.28663,nan,nan,nan,nan,nan,nan,nan,nan,nan,nan,,,,,0,missing_root,
655,0.209651168,1000,/Users/yoffegid/Weizmann Institute Dropbox/Gidi Yoffe/Eureka Science/Code/geant4_projects/dnaphysics-ice/europa_energy_library/root/dna_ice_am_rho0p5_E00655_0p209651168MeV.root,0,,209.651168,nan,nan,nan,nan,nan,nan,nan,nan,nan,nan,,,,,0,missing_root,
656,0.211024647,1000,/Users/yoffegid/Weizmann Institute Dropbox/Gidi Yoffe/Eureka Science/Code/geant4_projects/dnaphysics-ice/europa_energy_library/root/dna_ice_am_rho0p5_E00656_0p211024647MeV.root,0,,211.024647,nan,nan,nan,nan,nan,nan,nan,nan,nan,nan,,,,,0,missing_root,
657,0.212407123,1000,/Users/yoffegid/Weizmann Institute Dropbox/Gidi Yoffe/Eureka Science/Code/geant4_projects/dnaphysics-ice/europa_energy_library/root/dna_ice_am_rho0p5_E00657_0p212407123MeV.root,0,,212.407123,nan,nan,nan,nan,nan,nan,nan,nan,nan,nan,,,,,0,missing_root,
658,0.213798657,1000,/Users/yoffegid/Weizmann Institute Dropbox/Gidi Yoffe/Eureka Science/Code/geant4_projects/dnaphysics-ice/europa_energy_library/root/dna_ice_am_rho0p5_E00658_0p213798657MeV.root,0,,213.798657,nan,nan,nan,nan,nan,nan,nan,nan,nan,nan,,,,,0,missing_root,
659,0.215199306,1000,/Users/yoffegid/Weizmann Institute Dropbox/Gidi Yoffe/Eureka Science/Code/geant4_projects/dnaphysics-ice/europa_energy_library/root/dna_ice_am_rho0p5_E00659_0p215199306MeV.root,0,,215.199306,nan,nan,nan,nan,nan,nan,nan,nan,nan,nan,,,,,0,missing_root,
660,0.216609132,1000,/Users/yoffegid/Weizmann Institute Dropbox/Gidi Yoffe/Eureka Science/Code/geant4_projects/dnaphysics-ice/europa_energy_library/root/dna_ice_am_rho0p5_E00660_0p216609132MeV.root,0,,216.609132,nan,nan,nan,nan,nan,nan,nan,nan,nan,nan,,,,,0,missing_root,
661,0.218028194,1000,/Users/yoffegid/Weizmann Institute Dropbox/Gidi Yoffe/Eureka Science/Code/geant4_projects/dnaphysics-ice/europa_energy_library/root/dna_ice_am_rho0p5_E00661_0p218028194MeV.root,0,,218.028194,nan,nan,nan,nan,nan,nan,nan,nan,nan,nan,,,,,0,missing_root,
662,0.219456552,1000,/Users/yoffegid/Weizmann Institute Dropbox/Gidi Yoffe/Eureka Science/Code/geant4_projects/dnaphysics-ice/europa_energy_library/root/dna_ice_am_rho0p5_E00662_0p219456552MeV.root,0,,219.456552,nan,nan,nan,nan,nan,nan,nan,nan,nan,nan,,,,,0,missing_root,
663,0.220894268,1000,/Users/yoffegid/Weizmann Institute Dropbox/Gidi Yoffe/Eureka Science/Code/geant4_projects/dnaphysics-ice/europa_energy_library/root/dna_ice_am_rho0p5_E00663_0p220894268MeV.root,0,,220.894268,nan,nan,nan,nan,nan,nan,nan,nan,nan,nan,,,,,0,missing_root,
664,0.222341403,1000,/Users/yoffegid/Weizmann Institute Dropbox/Gidi Yoffe/Eureka Science/Code/geant4_projects/dnaphysics-ice/europa_energy_library/root/dna_ice_am_rho0p5_E00664_0p222341403MeV.root,0,,222.341403,nan,nan,nan,nan,nan,nan,nan,nan,nan,nan,,,,,0,missing_root,
665,0.223798018,1000,/Users/yoffegid/Weizmann Institute Dropbox/Gidi Yoffe/Eureka Science/Code/geant4_projects/dnaphysics-ice/europa_energy_library/root/dna_ice_am_rho0p5_E00665_0p223798018MeV.root,0,,223.798018,nan,nan,nan,nan,nan,nan,nan,nan,nan,nan,,,,,0,missing_root,
666,0.225264176,1000,/Users/yoffegid/Weizmann Institute Dropbox/Gidi Yoffe/Eureka Science/Code/geant4_projects/dnaphysics-ice/europa_energy_library/root/dna_ice_am_rho0p5_E00666_0p225264176MeV.root,0,,225.264176,nan,nan,nan,nan,nan,nan,nan,nan,nan,nan,,,,,0,missing_root,
667,0.226739939,1000,/Users/yoffegid/Weizmann Institute Dropbox/Gidi Yoffe/Eureka Science/Code/geant4_projects/dnaphysics-ice/europa_energy_library/root/dna_ice_am_rho0p5_E00667_0p226739939MeV.root,0,,226.739939,nan,nan,nan,nan,nan,nan,nan,nan,nan,nan,,,,,0,missing_root,
668,0.22822537,1000,/Users/yoffegid/Weizmann Institute Dropbox/Gidi Yoffe/Eureka Science/Code/geant4_projects/dnaphysics-ice/europa_energy_library/root/dna_ice_am_rho0p5_E00668_0p22822537MeV.root,0,,228.22537,nan,nan,nan,nan,nan,nan,nan,nan,nan,nan,,,,,0,missing_root,
669,0.229720533,1000,/Users/yoffegid/Weizmann Institute Dropbox/Gidi Yoffe/Eureka Science/Code/geant4_projects/dnaphysics-ice/europa_energy_library/root/dna_ice_am_rho0p5_E00669_0p229720533MeV.root,0,,229.720533,nan,nan,nan,nan,nan,nan,nan,nan,nan,nan,,,,,0,missing_root,
670,0.231225491,1000,/Users/yoffegid/Weizmann Institute Dropbox/Gidi Yoffe/Eureka Science/Code/geant4_projects/dnaphysics-ice/europa_energy_library/root/dna_ice_am_rho0p5_E00670_0p231225491MeV.root,0,,231.225491,nan,nan,nan,nan,nan,nan,nan,nan,nan,nan,,,,,0,missing_root,
671,0.232740308,1000,/Users/yoffegid/Weizmann Institute Dropbox/Gidi Yoffe/Eureka Science/Code/geant4_projects/dnaphysics-ice/europa_energy_library/root/dna_ice_am_rho0p5_E00671_0p232740308MeV.root,0,,232.740308,nan,nan,nan,nan,nan,nan,nan,nan,nan,nan,,,,,0,missing_root,
672,0.23426505,1000,/Users/yoffegid/Weizmann Institute Dropbox/Gidi Yoffe/Eureka Science/Code/geant4_projects/dnaphysics-ice/europa_energy_library/root/dna_ice_am_rho0p5_E00672_0p23426505MeV.root,0,,234.26505,nan,nan,nan,nan,nan,nan,nan,nan,nan,nan,,,,,0,missing_root,
673,0.23579978,1000,/Users/yoffegid/Weizmann Institute Dropbox/Gidi Yoffe/Eureka Science/Code/geant4_projects/dnaphysics-ice/europa_energy_library/root/dna_ice_am_rho0p5_E00673_0p23579978MeV.root,0,,235.79978,nan,nan,nan,nan,nan,nan,nan,nan,nan,nan,,,,,0,missing_root,
674,0.237344564,1000,/Users/yoffegid/Weizmann Institute Dropbox/Gidi Yoffe/Eureka Science/Code/geant4_projects/dnaphysics-ice/europa_energy_library/root/dna_ice_am_rho0p5_E00674_0p237344564MeV.root,0,,237.344564,nan,nan,nan,nan,nan,nan,nan,nan,nan,nan,,,,,0,missing_root,
675,0.238899469,1000,/Users/yoffegid/Weizmann Institute Dropbox/Gidi Yoffe/Eureka Science/Code/geant4_projects/dnaphysics-ice/europa_energy_library/root/dna_ice_am_rho0p5_E00675_0p238899469MeV.root,0,,238.899469,nan,nan,nan,nan,nan,nan,nan,nan,nan,nan,,,,,0,missing_root,
676,0.240464561,1000,/Users/yoffegid/Weizmann Institute Dropbox/Gidi Yoffe/Eureka Science/Code/geant4_projects/dnaphysics-ice/europa_energy_library/root/dna_ice_am_rho0p5_E00676_0p240464561MeV.root,0,,240.464561,nan,nan,nan,nan,nan,nan,nan,nan,nan,nan,,,,,0,missing_root,
677,0.242039905,1000,/Users/yoffegid/Weizmann Institute Dropbox/Gidi Yoffe/Eureka Science/Code/geant4_projects/dnaphysics-ice/europa_energy_library/root/dna_ice_am_rho0p5_E00677_0p242039905MeV.root,0,,242.039905,nan,nan,nan,nan,nan,nan,nan,nan,nan,nan,,,,,0,missing_root,
678,0.243625571,1000,/Users/yoffegid/Weizmann Institute Dropbox/Gidi Yoffe/Eureka Science/Code/geant4_projects/dnaphysics-ice/europa_energy_library/root/dna_ice_am_rho0p5_E00678_0p243625571MeV.root,0,,243.625571,nan,nan,nan,nan,nan,nan,nan,nan,nan,nan,,,,,0,missing_root,
679,0.245221624,1000,/Users/yoffegid/Weizmann Institute Dropbox/Gidi Yoffe/Eureka Science/Code/geant4_projects/dnaphysics-ice/europa_energy_library/root/dna_ice_am_rho0p5_E00679_0p245221624MeV.root,0,,245.221624,nan,nan,nan,nan,nan,nan,nan,nan,nan,nan,,,,,0,missing_root,
680,0.246828134,1000,/Users/yoffegid/Weizmann Institute Dropbox/Gidi Yoffe/Eureka Science/Code/geant4_projects/dnaphysics-ice/europa_energy_library/root/dna_ice_am_rho0p5_E00680_0p246828134MeV.root,0,,246.828134,nan,nan,nan,nan,nan,nan,nan,nan,nan,nan,,,,,0,missing_root,
681,0.248445168,1000,/Users/yoffegid/Weizmann Institute Dropbox/Gidi Yoffe/Eureka Science/Code/geant4_projects/dnaphysics-ice/europa_energy_library/root/dna_ice_am_rho0p5_E00681_0p248445168MeV.root,0,,248.445168,nan,nan,nan,nan,nan,nan,nan,nan,nan,nan,,,,,0,missing_root,
682,0.250072795,1000,/Users/yoffegid/Weizmann Institute Dropbox/Gidi Yoffe/Eureka Science/Code/geant4_projects/dnaphysics-ice/europa_energy_library/root/dna_ice_am_rho0p5_E00682_0p250072795MeV.root,0,,250.072795,nan,nan,nan,nan,nan,nan,nan,nan,nan,nan,,,,,0,missing_root,
683,0.251711086,1000,/Users/yoffegid/Weizmann Institute Dropbox/Gidi Yoffe/Eureka Science/Code/geant4_projects/dnaphysics-ice/europa_energy_library/root/dna_ice_am_rho0p5_E00683_0p251711086MeV.root,0,,251.711086,nan,nan,nan,nan,nan,nan,nan,nan,nan,nan,,,,,0,missing_root,
684,0.25336011,1000,/Users/yoffegid/Weizmann Institute Dropbox/Gidi Yoffe/Eureka Science/Code/geant4_projects/dnaphysics-ice/europa_energy_library/root/dna_ice_am_rho0p5_E00684_0p25336011MeV.root,0,,253.36011,nan,nan,nan,nan,nan,nan,nan,nan,nan,nan,,,,,0,missing_root,
685,0.255019937,1000,/Users/yoffegid/Weizmann Institute Dropbox/Gidi Yoffe/Eureka Science/Code/geant4_projects/dnaphysics-ice/europa_energy_library/root/dna_ice_am_rho0p5_E00685_0p255019937MeV.root,0,,255.019937,nan,nan,nan,nan,nan,nan,nan,nan,nan,nan,,,,,0,missing_root,
686,0.256690637,1000,/Users/yoffegid/Weizmann Institute Dropbox/Gidi Yoffe/Eureka Science/Code/geant4_projects/dnaphysics-ice/europa_energy_library/root/dna_ice_am_rho0p5_E00686_0p256690637MeV.root,0,,256.690637,nan,nan,nan,nan,nan,nan,nan,nan,nan,nan,,,,,0,missing_root,
687,0.258372283,1000,/Users/yoffegid/Weizmann Institute Dropbox/Gidi Yoffe/Eureka Science/Code/geant4_projects/dnaphysics-ice/europa_energy_library/root/dna_ice_am_rho0p5_E00687_0p258372283MeV.root,0,,258.372283,nan,nan,nan,nan,nan,nan,nan,nan,nan,nan,,,,,0,missing_root,
688,0.260064946,1000,/Users/yoffegid/Weizmann Institute Dropbox/Gidi Yoffe/Eureka Science/Code/geant4_projects/dnaphysics-ice/europa_energy_library/root/dna_ice_am_rho0p5_E00688_0p260064946MeV.root,0,,260.064946,nan,nan,nan,nan,nan,nan,nan,nan,nan,nan,,,,,0,missing_root,
689,0.261768698,1000,/Users/yoffegid/Weizmann Institute Dropbox/Gidi Yoffe/Eureka Science/Code/geant4_projects/dnaphysics-ice/europa_energy_library/root/dna_ice_am_rho0p5_E00689_0p261768698MeV.root,0,,261.768698,nan,nan,nan,nan,nan,nan,nan,nan,nan,nan,,,,,0,missing_root,
690,0.263483612,1000,/Users/yoffegid/Weizmann Institute Dropbox/Gidi Yoffe/Eureka Science/Code/geant4_projects/dnaphysics-ice/europa_energy_library/root/dna_ice_am_rho0p5_E00690_0p263483612MeV.root,0,,263.483612,nan,nan,nan,nan,nan,nan,nan,nan,nan,nan,,,,,0,missing_root,
691,0.26520976,1000,/Users/yoffegid/Weizmann Institute Dropbox/Gidi Yoffe/Eureka Science/Code/geant4_projects/dnaphysics-ice/europa_energy_library/root/dna_ice_am_rho0p5_E00691_0p26520976MeV.root,0,,265.20976,nan,nan,nan,nan,nan,nan,nan,nan,nan,nan,,,,,0,missing_root,
692,0.266947217,1000,/Users/yoffegid/Weizmann Institute Dropbox/Gidi Yoffe/Eureka Science/Code/geant4_projects/dnaphysics-ice/europa_energy_library/root/dna_ice_am_rho0p5_E00692_0p266947217MeV.root,0,,266.947217,nan,nan,nan,nan,nan,nan,nan,nan,nan,nan,,,,,0,missing_root,
693,0.268696057,1000,/Users/yoffegid/Weizmann Institute Dropbox/Gidi Yoffe/Eureka Science/Code/geant4_projects/dnaphysics-ice/europa_energy_library/root/dna_ice_am_rho0p5_E00693_0p268696057MeV.root,0,,268.696057,nan,nan,nan,nan,nan,nan,nan,nan,nan,nan,,,,,0,missing_root,
694,0.270456353,1000,/Users/yoffegid/Weizmann Institute Dropbox/Gidi Yoffe/Eureka Science/Code/geant4_projects/dnaphysics-ice/europa_energy_library/root/dna_ice_am_rho0p5_E00694_0p270456353MeV.root,0,,270.456353,nan,nan,nan,nan,nan,nan,nan,nan,nan,nan,,,,,0,missing_root,
695,0.272228182,1000,/Users/yoffegid/Weizmann Institute Dropbox/Gidi Yoffe/Eureka Science/Code/geant4_projects/dnaphysics-ice/europa_energy_library/root/dna_ice_am_rho0p5_E00695_0p272228182MeV.root,0,,272.228182,nan,nan,nan,nan,nan,nan,nan,nan,nan,nan,,,,,0,missing_root,
696,0.274011618,1000,/Users/yoffegid/Weizmann Institute Dropbox/Gidi Yoffe/Eureka Science/Code/geant4_projects/dnaphysics-ice/europa_energy_library/root/dna_ice_am_rho0p5_E00696_0p274011618MeV.root,0,,274.011618,nan,nan,nan,nan,nan,nan,nan,nan,nan,nan,,,,,0,missing_root,
697,0.275806738,1000,/Users/yoffegid/Weizmann Institute Dropbox/Gidi Yoffe/Eureka Science/Code/geant4_projects/dnaphysics-ice/europa_energy_library/root/dna_ice_am_rho0p5_E00697_0p275806738MeV.root,0,,275.806738,nan,nan,nan,nan,nan,nan,nan,nan,nan,nan,,,,,0,missing_root,
698,0.277613619,1000,/Users/yoffegid/Weizmann Institute Dropbox/Gidi Yoffe/Eureka Science/Code/geant4_projects/dnaphysics-ice/europa_energy_library/root/dna_ice_am_rho0p5_E00698_0p277613619MeV.root,0,,277.613619,nan,nan,nan,nan,nan,nan,nan,nan,nan,nan,,,,,0,missing_root,
699,0.279432336,1000,/Users/yoffegid/Weizmann Institute Dropbox/Gidi Yoffe/Eureka Science/Code/geant4_projects/dnaphysics-ice/europa_energy_library/root/dna_ice_am_rho0p5_E00699_0p279432336MeV.root,0,,279.432336,nan,nan,nan,nan,nan,nan,nan,nan,nan,nan,,,,,0,missing_root,
700,0.281262969,1000,/Users/yoffegid/Weizmann Institute Dropbox/Gidi Yoffe/Eureka Science/Code/geant4_projects/dnaphysics-ice/europa_energy_library/root/dna_ice_am_rho0p5_E00700_0p281262969MeV.root,0,,281.262969,nan,nan,nan,nan,nan,nan,nan,nan,nan,nan,,,,,0,missing_root,
701,0.283105595,1000,/Users/yoffegid/Weizmann Institute Dropbox/Gidi Yoffe/Eureka Science/Code/geant4_projects/dnaphysics-ice/europa_energy_library/root/dna_ice_am_rho0p5_E00701_0p283105595MeV.root,0,,283.105595,nan,nan,nan,nan,nan,nan,nan,nan,nan,nan,,,,,0,missing_root,
702,0.284960292,1000,/Users/yoffegid/Weizmann Institute Dropbox/Gidi Yoffe/Eureka Science/Code/geant4_projects/dnaphysics-ice/europa_energy_library/root/dna_ice_am_rho0p5_E00702_0p284960292MeV.root,0,,284.960292,nan,nan,nan,nan,nan,nan,nan,nan,nan,nan,,,,,0,missing_root,
703,0.286827139,1000,/Users/yoffegid/Weizmann Institute Dropbox/Gidi Yoffe/Eureka Science/Code/geant4_projects/dnaphysics-ice/europa_energy_library/root/dna_ice_am_rho0p5_E00703_0p286827139MeV.root,0,,286.827139,nan,nan,nan,nan,nan,nan,nan,nan,nan,nan,,,,,0,missing_root,
704,0.288706217,1000,/Users/yoffegid/Weizmann Institute Dropbox/Gidi Yoffe/Eureka Science/Code/geant4_projects/dnaphysics-ice/europa_energy_library/root/dna_ice_am_rho0p5_E00704_0p288706217MeV.root,0,,288.706217,nan,nan,nan,nan,nan,nan,nan,nan,nan,nan,,,,,0,missing_root,
705,0.290597605,1000,/Users/yoffegid/Weizmann Institute Dropbox/Gidi Yoffe/Eureka Science/Code/geant4_projects/dnaphysics-ice/europa_energy_library/root/dna_ice_am_rho0p5_E00705_0p290597605MeV.root,0,,290.597605,nan,nan,nan,nan,nan,nan,nan,nan,nan,nan,,,,,0,missing_root,
706,0.292501385,1000,/Users/yoffegid/Weizmann Institute Dropbox/Gidi Yoffe/Eureka Science/Code/geant4_projects/dnaphysics-ice/europa_energy_library/root/dna_ice_am_rho0p5_E00706_0p292501385MeV.root,0,,292.501385,nan,nan,nan,nan,nan,nan,nan,nan,nan,nan,,,,,0,missing_root,
707,0.294417636,1000,/Users/yoffegid/Weizmann Institute Dropbox/Gidi Yoffe/Eureka Science/Code/geant4_projects/dnaphysics-ice/europa_energy_library/root/dna_ice_am_rho0p5_E00707_0p294417636MeV.root,0,,294.417636,nan,nan,nan,nan,nan,nan,nan,nan,nan,nan,,,,,0,missing_root,
708,0.296346441,1000,/Users/yoffegid/Weizmann Institute Dropbox/Gidi Yoffe/Eureka Science/Code/geant4_projects/dnaphysics-ice/europa_energy_library/root/dna_ice_am_rho0p5_E00708_0p296346441MeV.root,0,,296.346441,nan,nan,nan,nan,nan,nan,nan,nan,nan,nan,,,,,0,missing_root,
709,0.298287882,1000,/Users/yoffegid/Weizmann Institute Dropbox/Gidi Yoffe/Eureka Science/Code/geant4_projects/dnaphysics-ice/europa_energy_library/root/dna_ice_am_rho0p5_E00709_0p298287882MeV.root,0,,298.287882,nan,nan,nan,nan,nan,nan,nan,nan,nan,nan,,,,,0,missing_root,
710,0.300242042,1000,/Users/yoffegid/Weizmann Institute Dropbox/Gidi Yoffe/Eureka Science/Code/geant4_projects/dnaphysics-ice/europa_energy_library/root/dna_ice_am_rho0p5_E00710_0p300242042MeV.root,0,,300.242042,nan,nan,nan,nan,nan,nan,nan,nan,nan,nan,,,,,0,missing_root,
711,0.302209005,1000,/Users/yoffegid/Weizmann Institute Dropbox/Gidi Yoffe/Eureka Science/Code/geant4_projects/dnaphysics-ice/europa_energy_library/root/dna_ice_am_rho0p5_E00711_0p302209005MeV.root,0,,302.209005,nan,nan,nan,nan,nan,nan,nan,nan,nan,nan,,,,,0,missing_root,
712,0.304188853,1000,/Users/yoffegid/Weizmann Institute Dropbox/Gidi Yoffe/Eureka Science/Code/geant4_projects/dnaphysics-ice/europa_energy_library/root/dna_ice_am_rho0p5_E00712_0p304188853MeV.root,0,,304.188853,nan,nan,nan,nan,nan,nan,nan,nan,nan,nan,,,,,0,missing_root,
713,0.306181672,1000,/Users/yoffegid/Weizmann Institute Dropbox/Gidi Yoffe/Eureka Science/Code/geant4_projects/dnaphysics-ice/europa_energy_library/root/dna_ice_am_rho0p5_E00713_0p306181672MeV.root,0,,306.181672,nan,nan,nan,nan,nan,nan,nan,nan,nan,nan,,,,,0,missing_root,
714,0.308187546,1000,/Users/yoffegid/Weizmann Institute Dropbox/Gidi Yoffe/Eureka Science/Code/geant4_projects/dnaphysics-ice/europa_energy_library/root/dna_ice_am_rho0p5_E00714_0p308187546MeV.root,0,,308.187546,nan,nan,nan,nan,nan,nan,nan,nan,nan,nan,,,,,0,missing_root,
715,0.310206562,1000,/Users/yoffegid/Weizmann Institute Dropbox/Gidi Yoffe/Eureka Science/Code/geant4_projects/dnaphysics-ice/europa_energy_library/root/dna_ice_am_rho0p5_E00715_0p310206562MeV.root,0,,310.206562,nan,nan,nan,nan,nan,nan,nan,nan,nan,nan,,,,,0,missing_root,
716,0.312238804,1000,/Users/yoffegid/Weizmann Institute Dropbox/Gidi Yoffe/Eureka Science/Code/geant4_projects/dnaphysics-ice/europa_energy_library/root/dna_ice_am_rho0p5_E00716_0p312238804MeV.root,0,,312.238804,nan,nan,nan,nan,nan,nan,nan,nan,nan,nan,,,,,0,missing_root,
717,0.31428436,1000,/Users/yoffegid/Weizmann Institute Dropbox/Gidi Yoffe/Eureka Science/Code/geant4_projects/dnaphysics-ice/europa_energy_library/root/dna_ice_am_rho0p5_E00717_0p31428436MeV.root,0,,314.28436,nan,nan,nan,nan,nan,nan,nan,nan,nan,nan,,,,,0,missing_root,
718,0.316343317,1000,/Users/yoffegid/Weizmann Institute Dropbox/Gidi Yoffe/Eureka Science/Code/geant4_projects/dnaphysics-ice/europa_energy_library/root/dna_ice_am_rho0p5_E00718_0p316343317MeV.root,0,,316.343317,nan,nan,nan,nan,nan,nan,nan,nan,nan,nan,,,,,0,missing_root,
719,0.318415763,1000,/Users/yoffegid/Weizmann Institute Dropbox/Gidi Yoffe/Eureka Science/Code/geant4_projects/dnaphysics-ice/europa_energy_library/root/dna_ice_am_rho0p5_E00719_0p318415763MeV.root,0,,318.415763,nan,nan,nan,nan,nan,nan,nan,nan,nan,nan,,,,,0,missing_root,
720,0.320501786,1000,/Users/yoffegid/Weizmann Institute Dropbox/Gidi Yoffe/Eureka Science/Code/geant4_projects/dnaphysics-ice/europa_energy_library/root/dna_ice_am_rho0p5_E00720_0p320501786MeV.root,0,,320.501786,nan,nan,nan,nan,nan,nan,nan,nan,nan,nan,,,,,0,missing_root,
721,0.322601475,1000,/Users/yoffegid/Weizmann Institute Dropbox/Gidi Yoffe/Eureka Science/Code/geant4_projects/dnaphysics-ice/europa_energy_library/root/dna_ice_am_rho0p5_E00721_0p322601475MeV.root,0,,322.601475,nan,nan,nan,nan,nan,nan,nan,nan,nan,nan,,,,,0,missing_root,
722,0.32471492,1000,/Users/yoffegid/Weizmann Institute Dropbox/Gidi Yoffe/Eureka Science/Code/geant4_projects/dnaphysics-ice/europa_energy_library/root/dna_ice_am_rho0p5_E00722_0p32471492MeV.root,0,,324.71492,nan,nan,nan,nan,nan,nan,nan,nan,nan,nan,,,,,0,missing_root,
723,0.32684221,1000,/Users/yoffegid/Weizmann Institute Dropbox/Gidi Yoffe/Eureka Science/Code/geant4_projects/dnaphysics-ice/europa_energy_library/root/dna_ice_am_rho0p5_E00723_0p32684221MeV.root,0,,326.84221,nan,nan,nan,nan,nan,nan,nan,nan,nan,nan,,,,,0,missing_root,
724,0.328983437,1000,/Users/yoffegid/Weizmann Institute Dropbox/Gidi Yoffe/Eureka Science/Code/geant4_projects/dnaphysics-ice/europa_energy_library/root/dna_ice_am_rho0p5_E00724_0p328983437MeV.root,0,,328.983437,nan,nan,nan,nan,nan,nan,nan,nan,nan,nan,,,,,0,missing_root,
725,0.331138692,1000,/Users/yoffegid/Weizmann Institute Dropbox/Gidi Yoffe/Eureka Science/Code/geant4_projects/dnaphysics-ice/europa_energy_library/root/dna_ice_am_rho0p5_E00725_0p331138692MeV.root,0,,331.138692,nan,nan,nan,nan,nan,nan,nan,nan,nan,nan,,,,,0,missing_root,
726,0.333308066,1000,/Users/yoffegid/Weizmann Institute Dropbox/Gidi Yoffe/Eureka Science/Code/geant4_projects/dnaphysics-ice/europa_energy_library/root/dna_ice_am_rho0p5_E00726_0p333308066MeV.root,0,,333.308066,nan,nan,nan,nan,nan,nan,nan,nan,nan,nan,,,,,0,missing_root,
727,0.335491652,1000,/Users/yoffegid/Weizmann Institute Dropbox/Gidi Yoffe/Eureka Science/Code/geant4_projects/dnaphysics-ice/europa_energy_library/root/dna_ice_am_rho0p5_E00727_0p335491652MeV.root,0,,335.491652,nan,nan,nan,nan,nan,nan,nan,nan,nan,nan,,,,,0,missing_root,
728,0.337689544,1000,/Users/yoffegid/Weizmann Institute Dropbox/Gidi Yoffe/Eureka Science/Code/geant4_projects/dnaphysics-ice/europa_energy_library/root/dna_ice_am_rho0p5_E00728_0p337689544MeV.root,0,,337.689544,nan,nan,nan,nan,nan,nan,nan,nan,nan,nan,,,,,0,missing_root,
729,0.339901834,1000,/Users/yoffegid/Weizmann Institute Dropbox/Gidi Yoffe/Eureka Science/Code/geant4_projects/dnaphysics-ice/europa_energy_library/root/dna_ice_am_rho0p5_E00729_0p339901834MeV.root,0,,339.901834,nan,nan,nan,nan,nan,nan,nan,nan,nan,nan,,,,,0,missing_root,
730,0.342128618,1000,/Users/yoffegid/Weizmann Institute Dropbox/Gidi Yoffe/Eureka Science/Code/geant4_projects/dnaphysics-ice/europa_energy_library/root/dna_ice_am_rho0p5_E00730_0p342128618MeV.root,0,,342.128618,nan,nan,nan,nan,nan,nan,nan,nan,nan,nan,,,,,0,missing_root,
731,0.34436999,1000,/Users/yoffegid/Weizmann Institute Dropbox/Gidi Yoffe/Eureka Science/Code/geant4_projects/dnaphysics-ice/europa_energy_library/root/dna_ice_am_rho0p5_E00731_0p34436999MeV.root,0,,344.36999,nan,nan,nan,nan,nan,nan,nan,nan,nan,nan,,,,,0,missing_root,
732,0.346626046,1000,/Users/yoffegid/Weizmann Institute Dropbox/Gidi Yoffe/Eureka Science/Code/geant4_projects/dnaphysics-ice/europa_energy_library/root/dna_ice_am_rho0p5_E00732_0p346626046MeV.root,0,,346.626046,nan,nan,nan,nan,nan,nan,nan,nan,nan,nan,,,,,0,missing_root,
733,0.348896882,1000,/Users/yoffegid/Weizmann Institute Dropbox/Gidi Yoffe/Eureka Science/Code/geant4_projects/dnaphysics-ice/europa_energy_library/root/dna_ice_am_rho0p5_E00733_0p348896882MeV.root,0,,348.896882,nan,nan,nan,nan,nan,nan,nan,nan,nan,nan,,,,,0,missing_root,
734,0.351182594,1000,/Users/yoffegid/Weizmann Institute Dropbox/Gidi Yoffe/Eureka Science/Code/geant4_projects/dnaphysics-ice/europa_energy_library/root/dna_ice_am_rho0p5_E00734_0p351182594MeV.root,0,,351.182594,nan,nan,nan,nan,nan,nan,nan,nan,nan,nan,,,,,0,missing_root,
735,0.353483281,1000,/Users/yoffegid/Weizmann Institute Dropbox/Gidi Yoffe/Eureka Science/Code/geant4_projects/dnaphysics-ice/europa_energy_library/root/dna_ice_am_rho0p5_E00735_0p353483281MeV.root,0,,353.483281,nan,nan,nan,nan,nan,nan,nan,nan,nan,nan,,,,,0,missing_root,
736,0.35579904,1000,/Users/yoffegid/Weizmann Institute Dropbox/Gidi Yoffe/Eureka Science/Code/geant4_projects/dnaphysics-ice/europa_energy_library/root/dna_ice_am_rho0p5_E00736_0p35579904MeV.root,0,,355.79904,nan,nan,nan,nan,nan,nan,nan,nan,nan,nan,,,,,0,missing_root,
737,0.358129971,1000,/Users/yoffegid/Weizmann Institute Dropbox/Gidi Yoffe/Eureka Science/Code/geant4_projects/dnaphysics-ice/europa_energy_library/root/dna_ice_am_rho0p5_E00737_0p358129971MeV.root,0,,358.129971,nan,nan,nan,nan,nan,nan,nan,nan,nan,nan,,,,,0,missing_root,
738,0.360476172,1000,/Users/yoffegid/Weizmann Institute Dropbox/Gidi Yoffe/Eureka Science/Code/geant4_projects/dnaphysics-ice/europa_energy_library/root/dna_ice_am_rho0p5_E00738_0p360476172MeV.root,0,,360.476172,nan,nan,nan,nan,nan,nan,nan,nan,nan,nan,,,,,0,missing_root,
739,0.362837743,1000,/Users/yoffegid/Weizmann Institute Dropbox/Gidi Yoffe/Eureka Science/Code/geant4_projects/dnaphysics-ice/europa_energy_library/root/dna_ice_am_rho0p5_E00739_0p362837743MeV.root,0,,362.837743,nan,nan,nan,nan,nan,nan,nan,nan,nan,nan,,,,,0,missing_root,
740,0.365214786,1000,/Users/yoffegid/Weizmann Institute Dropbox/Gidi Yoffe/Eureka Science/Code/geant4_projects/dnaphysics-ice/europa_energy_library/root/dna_ice_am_rho0p5_E00740_0p365214786MeV.root,0,,365.214786,nan,nan,nan,nan,nan,nan,nan,nan,nan,nan,,,,,0,missing_root,
741,0.367607401,1000,/Users/yoffegid/Weizmann Institute Dropbox/Gidi Yoffe/Eureka Science/Code/geant4_projects/dnaphysics-ice/europa_energy_library/root/dna_ice_am_rho0p5_E00741_0p367607401MeV.root,0,,367.607401,nan,nan,nan,nan,nan,nan,nan,nan,nan,nan,,,,,0,missing_root,
742,0.370015691,1000,/Users/yoffegid/Weizmann Institute Dropbox/Gidi Yoffe/Eureka Science/Code/geant4_projects/dnaphysics-ice/europa_energy_library/root/dna_ice_am_rho0p5_E00742_0p370015691MeV.root,0,,370.015691,nan,nan,nan,nan,nan,nan,nan,nan,nan,nan,,,,,0,missing_root,
743,0.372439759,1000,/Users/yoffegid/Weizmann Institute Dropbox/Gidi Yoffe/Eureka Science/Code/geant4_projects/dnaphysics-ice/europa_energy_library/root/dna_ice_am_rho0p5_E00743_0p372439759MeV.root,0,,372.439759,nan,nan,nan,nan,nan,nan,nan,nan,nan,nan,,,,,0,missing_root,
744,0.374879707,1000,/Users/yoffegid/Weizmann Institute Dropbox/Gidi Yoffe/Eureka Science/Code/geant4_projects/dnaphysics-ice/europa_energy_library/root/dna_ice_am_rho0p5_E00744_0p374879707MeV.root,0,,374.879707,nan,nan,nan,nan,nan,nan,nan,nan,nan,nan,,,,,0,missing_root,
745,0.377335639,1000,/Users/yoffegid/Weizmann Institute Dropbox/Gidi Yoffe/Eureka Science/Code/geant4_projects/dnaphysics-ice/europa_energy_library/root/dna_ice_am_rho0p5_E00745_0p377335639MeV.root,0,,377.335639,nan,nan,nan,nan,nan,nan,nan,nan,nan,nan,,,,,0,missing_root,
746,0.379807662,1000,/Users/yoffegid/Weizmann Institute Dropbox/Gidi Yoffe/Eureka Science/Code/geant4_projects/dnaphysics-ice/europa_energy_library/root/dna_ice_am_rho0p5_E00746_0p379807662MeV.root,0,,379.807662,nan,nan,nan,nan,nan,nan,nan,nan,nan,nan,,,,,0,missing_root,
747,0.382295879,1000,/Users/yoffegid/Weizmann Institute Dropbox/Gidi Yoffe/Eureka Science/Code/geant4_projects/dnaphysics-ice/europa_energy_library/root/dna_ice_am_rho0p5_E00747_0p382295879MeV.root,0,,382.295879,nan,nan,nan,nan,nan,nan,nan,nan,nan,nan,,,,,0,missing_root,
748,0.384800397,1000,/Users/yoffegid/Weizmann Institute Dropbox/Gidi Yoffe/Eureka Science/Code/geant4_projects/dnaphysics-ice/europa_energy_library/root/dna_ice_am_rho0p5_E00748_0p384800397MeV.root,0,,384.800397,nan,nan,nan,nan,nan,nan,nan,nan,nan,nan,,,,,0,missing_root,
749,0.387321322,1000,/Users/yoffegid/Weizmann Institute Dropbox/Gidi Yoffe/Eureka Science/Code/geant4_projects/dnaphysics-ice/europa_energy_library/root/dna_ice_am_rho0p5_E00749_0p387321322MeV.root,0,,387.321322,nan,nan,nan,nan,nan,nan,nan,nan,nan,nan,,,,,0,missing_root,
750,0.389858763,1000,/Users/yoffegid/Weizmann Institute Dropbox/Gidi Yoffe/Eureka Science/Code/geant4_projects/dnaphysics-ice/europa_energy_library/root/dna_ice_am_rho0p5_E00750_0p389858763MeV.root,0,,389.858763,nan,nan,nan,nan,nan,nan,nan,nan,nan,nan,,,,,0,missing_root,
751,0.392412828,1000,/Users/yoffegid/Weizmann Institute Dropbox/Gidi Yoffe/Eureka Science/Code/geant4_projects/dnaphysics-ice/europa_energy_library/root/dna_ice_am_rho0p5_E00751_0p392412828MeV.root,0,,392.412828,nan,nan,nan,nan,nan,nan,nan,nan,nan,nan,,,,,0,missing_root,
752,0.394983624,1000,/Users/yoffegid/Weizmann Institute Dropbox/Gidi Yoffe/Eureka Science/Code/geant4_projects/dnaphysics-ice/europa_energy_library/root/dna_ice_am_rho0p5_E00752_0p394983624MeV.root,0,,394.983624,nan,nan,nan,nan,nan,nan,nan,nan,nan,nan,,,,,0,missing_root,
753,0.397571263,1000,/Users/yoffegid/Weizmann Institute Dropbox/Gidi Yoffe/Eureka Science/Code/geant4_projects/dnaphysics-ice/europa_energy_library/root/dna_ice_am_rho0p5_E00753_0p397571263MeV.root,0,,397.571263,nan,nan,nan,nan,nan,nan,nan,nan,nan,nan,,,,,0,missing_root,
754,0.400175854,1000,/Users/yoffegid/Weizmann Institute Dropbox/Gidi Yoffe/Eureka Science/Code/geant4_projects/dnaphysics-ice/europa_energy_library/root/dna_ice_am_rho0p5_E00754_0p400175854MeV.root,0,,400.175854,nan,nan,nan,nan,nan,nan,nan,nan,nan,nan,,,,,0,missing_root,
755,0.402797508,1000,/Users/yoffegid/Weizmann Institute Dropbox/Gidi Yoffe/Eureka Science/Code/geant4_projects/dnaphysics-ice/europa_energy_library/root/dna_ice_am_rho0p5_E00755_0p402797508MeV.root,0,,402.797508,nan,nan,nan,nan,nan,nan,nan,nan,nan,nan,,,,,0,missing_root,
756,0.405436337,1000,/Users/yoffegid/Weizmann Institute Dropbox/Gidi Yoffe/Eureka Science/Code/geant4_projects/dnaphysics-ice/europa_energy_library/root/dna_ice_am_rho0p5_E00756_0p405436337MeV.root,0,,405.436337,nan,nan,nan,nan,nan,nan,nan,nan,nan,nan,,,,,0,missing_root,
757,0.408092455,1000,/Users/yoffegid/Weizmann Institute Dropbox/Gidi Yoffe/Eureka Science/Code/geant4_projects/dnaphysics-ice/europa_energy_library/root/dna_ice_am_rho0p5_E00757_0p408092455MeV.root,0,,408.092455,nan,nan,nan,nan,nan,nan,nan,nan,nan,nan,,,,,0,missing_root,
758,0.410765972,1000,/Users/yoffegid/Weizmann Institute Dropbox/Gidi Yoffe/Eureka Science/Code/geant4_projects/dnaphysics-ice/europa_energy_library/root/dna_ice_am_rho0p5_E00758_0p410765972MeV.root,0,,410.765972,nan,nan,nan,nan,nan,nan,nan,nan,nan,nan,,,,,0,missing_root,
759,0.413457005,1000,/Users/yoffegid/Weizmann Institute Dropbox/Gidi Yoffe/Eureka Science/Code/geant4_projects/dnaphysics-ice/europa_energy_library/root/dna_ice_am_rho0p5_E00759_0p413457005MeV.root,0,,413.457005,nan,nan,nan,nan,nan,nan,nan,nan,nan,nan,,,,,0,missing_root,
760,0.416165668,1000,/Users/yoffegid/Weizmann Institute Dropbox/Gidi Yoffe/Eureka Science/Code/geant4_projects/dnaphysics-ice/europa_energy_library/root/dna_ice_am_rho0p5_E00760_0p416165668MeV.root,0,,416.165668,nan,nan,nan,nan,nan,nan,nan,nan,nan,nan,,,,,0,missing_root,
761,0.418892075,1000,/Users/yoffegid/Weizmann Institute Dropbox/Gidi Yoffe/Eureka Science/Code/geant4_projects/dnaphysics-ice/europa_energy_library/root/dna_ice_am_rho0p5_E00761_0p418892075MeV.root,0,,418.892075,nan,nan,nan,nan,nan,nan,nan,nan,nan,nan,,,,,0,missing_root,
762,0.421636344,1000,/Users/yoffegid/Weizmann Institute Dropbox/Gidi Yoffe/Eureka Science/Code/geant4_projects/dnaphysics-ice/europa_energy_library/root/dna_ice_am_rho0p5_E00762_0p421636344MeV.root,0,,421.636344,nan,nan,nan,nan,nan,nan,nan,nan,nan,nan,,,,,0,missing_root,
763,0.424398592,1000,/Users/yoffegid/Weizmann Institute Dropbox/Gidi Yoffe/Eureka Science/Code/geant4_projects/dnaphysics-ice/europa_energy_library/root/dna_ice_am_rho0p5_E00763_0p424398592MeV.root,0,,424.398592,nan,nan,nan,nan,nan,nan,nan,nan,nan,nan,,,,,0,missing_root,
764,0.427178935,1000,/Users/yoffegid/Weizmann Institute Dropbox/Gidi Yoffe/Eureka Science/Code/geant4_projects/dnaphysics-ice/europa_energy_library/root/dna_ice_am_rho0p5_E00764_0p427178935MeV.root,0,,427.178935,nan,nan,nan,nan,nan,nan,nan,nan,nan,nan,,,,,0,missing_root,
765,0.429977494,1000,/Users/yoffegid/Weizmann Institute Dropbox/Gidi Yoffe/Eureka Science/Code/geant4_projects/dnaphysics-ice/europa_energy_library/root/dna_ice_am_rho0p5_E00765_0p429977494MeV.root,0,,429.977494,nan,nan,nan,nan,nan,nan,nan,nan,nan,nan,,,,,0,missing_root,
766,0.432794386,1000,/Users/yoffegid/Weizmann Institute Dropbox/Gidi Yoffe/Eureka Science/Code/geant4_projects/dnaphysics-ice/europa_energy_library/root/dna_ice_am_rho0p5_E00766_0p432794386MeV.root,0,,432.794386,nan,nan,nan,nan,nan,nan,nan,nan,nan,nan,,,,,0,missing_root,
767,0.435629733,1000,/Users/yoffegid/Weizmann Institute Dropbox/Gidi Yoffe/Eureka Science/Code/geant4_projects/dnaphysics-ice/europa_energy_library/root/dna_ice_am_rho0p5_E00767_0p435629733MeV.root,0,,435.629733,nan,nan,nan,nan,nan,nan,nan,nan,nan,nan,,,,,0,missing_root,
768,0.438483654,1000,/Users/yoffegid/Weizmann Institute Dropbox/Gidi Yoffe/Eureka Science/Code/geant4_projects/dnaphysics-ice/europa_energy_library/root/dna_ice_am_rho0p5_E00768_0p438483654MeV.root,0,,438.483654,nan,nan,nan,nan,nan,nan,nan,nan,nan,nan,,,,,0,missing_root,
769,0.441356273,1000,/Users/yoffegid/Weizmann Institute Dropbox/Gidi Yoffe/Eureka Science/Code/geant4_projects/dnaphysics-ice/europa_energy_library/root/dna_ice_am_rho0p5_E00769_0p441356273MeV.root,0,,441.356273,nan,nan,nan,nan,nan,nan,nan,nan,nan,nan,,,,,0,missing_root,
770,0.444247711,1000,/Users/yoffegid/Weizmann Institute Dropbox/Gidi Yoffe/Eureka Science/Code/geant4_projects/dnaphysics-ice/europa_energy_library/root/dna_ice_am_rho0p5_E00770_0p444247711MeV.root,0,,444.247711,nan,nan,nan,nan,nan,nan,nan,nan,nan,nan,,,,,0,missing_root,
771,0.447158091,1000,/Users/yoffegid/Weizmann Institute Dropbox/Gidi Yoffe/Eureka Science/Code/geant4_projects/dnaphysics-ice/europa_energy_library/root/dna_ice_am_rho0p5_E00771_0p447158091MeV.root,0,,447.158091,nan,nan,nan,nan,nan,nan,nan,nan,nan,nan,,,,,0,missing_root,
772,0.450087538,1000,/Users/yoffegid/Weizmann Institute Dropbox/Gidi Yoffe/Eureka Science/Code/geant4_projects/dnaphysics-ice/europa_energy_library/root/dna_ice_am_rho0p5_E00772_0p450087538MeV.root,0,,450.087538,nan,nan,nan,nan,nan,nan,nan,nan,nan,nan,,,,,0,missing_root,
773,0.453036176,1000,/Users/yoffegid/Weizmann Institute Dropbox/Gidi Yoffe/Eureka Science/Code/geant4_projects/dnaphysics-ice/europa_energy_library/root/dna_ice_am_rho0p5_E00773_0p453036176MeV.root,0,,453.036176,nan,nan,nan,nan,nan,nan,nan,nan,nan,nan,,,,,0,missing_root,
774,0.456004132,1000,/Users/yoffegid/Weizmann Institute Dropbox/Gidi Yoffe/Eureka Science/Code/geant4_projects/dnaphysics-ice/europa_energy_library/root/dna_ice_am_rho0p5_E00774_0p456004132MeV.root,0,,456.004132,nan,nan,nan,nan,nan,nan,nan,nan,nan,nan,,,,,0,missing_root,
775,0.458991531,1000,/Users/yoffegid/Weizmann Institute Dropbox/Gidi Yoffe/Eureka Science/Code/geant4_projects/dnaphysics-ice/europa_energy_library/root/dna_ice_am_rho0p5_E00775_0p458991531MeV.root,0,,458.991531,nan,nan,nan,nan,nan,nan,nan,nan,nan,nan,,,,,0,missing_root,
776,0.461998502,1000,/Users/yoffegid/Weizmann Institute Dropbox/Gidi Yoffe/Eureka Science/Code/geant4_projects/dnaphysics-ice/europa_energy_library/root/dna_ice_am_rho0p5_E00776_0p461998502MeV.root,0,,461.998502,nan,nan,nan,nan,nan,nan,nan,nan,nan,nan,,,,,0,missing_root,
777,0.465025172,1000,/Users/yoffegid/Weizmann Institute Dropbox/Gidi Yoffe/Eureka Science/Code/geant4_projects/dnaphysics-ice/europa_energy_library/root/dna_ice_am_rho0p5_E00777_0p465025172MeV.root,0,,465.025172,nan,nan,nan,nan,nan,nan,nan,nan,nan,nan,,,,,0,missing_root,
778,0.468071671,1000,/Users/yoffegid/Weizmann Institute Dropbox/Gidi Yoffe/Eureka Science/Code/geant4_projects/dnaphysics-ice/europa_energy_library/root/dna_ice_am_rho0p5_E00778_0p468071671MeV.root,0,,468.071671,nan,nan,nan,nan,nan,nan,nan,nan,nan,nan,,,,,0,missing_root,
779,0.471138128,1000,/Users/yoffegid/Weizmann Institute Dropbox/Gidi Yoffe/Eureka Science/Code/geant4_projects/dnaphysics-ice/europa_energy_library/root/dna_ice_am_rho0p5_E00779_0p471138128MeV.root,0,,471.138128,nan,nan,nan,nan,nan,nan,nan,nan,nan,nan,,,,,0,missing_root,
780,0.474224674,1000,/Users/yoffegid/Weizmann Institute Dropbox/Gidi Yoffe/Eureka Science/Code/geant4_projects/dnaphysics-ice/europa_energy_library/root/dna_ice_am_rho0p5_E00780_0p474224674MeV.root,0,,474.224674,nan,nan,nan,nan,nan,nan,nan,nan,nan,nan,,,,,0,missing_root,
781,0.477331441,1000,/Users/yoffegid/Weizmann Institute Dropbox/Gidi Yoffe/Eureka Science/Code/geant4_projects/dnaphysics-ice/europa_energy_library/root/dna_ice_am_rho0p5_E00781_0p477331441MeV.root,0,,477.331441,nan,nan,nan,nan,nan,nan,nan,nan,nan,nan,,,,,0,missing_root,
782,0.480458562,1000,/Users/yoffegid/Weizmann Institute Dropbox/Gidi Yoffe/Eureka Science/Code/geant4_projects/dnaphysics-ice/europa_energy_library/root/dna_ice_am_rho0p5_E00782_0p480458562MeV.root,0,,480.458562,nan,nan,nan,nan,nan,nan,nan,nan,nan,nan,,,,,0,missing_root,
783,0.483606168,1000,/Users/yoffegid/Weizmann Institute Dropbox/Gidi Yoffe/Eureka Science/Code/geant4_projects/dnaphysics-ice/europa_energy_library/root/dna_ice_am_rho0p5_E00783_0p483606168MeV.root,0,,483.606168,nan,nan,nan,nan,nan,nan,nan,nan,nan,nan,,,,,0,missing_root,
784,0.486774396,1000,/Users/yoffegid/Weizmann Institute Dropbox/Gidi Yoffe/Eureka Science/Code/geant4_projects/dnaphysics-ice/europa_energy_library/root/dna_ice_am_rho0p5_E00784_0p486774396MeV.root,0,,486.774396,nan,nan,nan,nan,nan,nan,nan,nan,nan,nan,,,,,0,missing_root,
785,0.489963379,1000,/Users/yoffegid/Weizmann Institute Dropbox/Gidi Yoffe/Eureka Science/Code/geant4_projects/dnaphysics-ice/europa_energy_library/root/dna_ice_am_rho0p5_E00785_0p489963379MeV.root,0,,489.963379,nan,nan,nan,nan,nan,nan,nan,nan,nan,nan,,,,,0,missing_root,
786,0.493173255,1000,/Users/yoffegid/Weizmann Institute Dropbox/Gidi Yoffe/Eureka Science/Code/geant4_projects/dnaphysics-ice/europa_energy_library/root/dna_ice_am_rho0p5_E00786_0p493173255MeV.root,0,,493.173255,nan,nan,nan,nan,nan,nan,nan,nan,nan,nan,,,,,0,missing_root,
787,0.496404159,1000,/Users/yoffegid/Weizmann Institute Dropbox/Gidi Yoffe/Eureka Science/Code/geant4_projects/dnaphysics-ice/europa_energy_library/root/dna_ice_am_rho0p5_E00787_0p496404159MeV.root,0,,496.404159,nan,nan,nan,nan,nan,nan,nan,nan,nan,nan,,,,,0,missing_root,
788,0.499656229,1000,/Users/yoffegid/Weizmann Institute Dropbox/Gidi Yoffe/Eureka Science/Code/geant4_projects/dnaphysics-ice/europa_energy_library/root/dna_ice_am_rho0p5_E00788_0p499656229MeV.root,0,,499.656229,nan,nan,nan,nan,nan,nan,nan,nan,nan,nan,,,,,0,missing_root,
789,0.502929605,1000,/Users/yoffegid/Weizmann Institute Dropbox/Gidi Yoffe/Eureka Science/Code/geant4_projects/dnaphysics-ice/europa_energy_library/root/dna_ice_am_rho0p5_E00789_0p502929605MeV.root,0,,502.929605,nan,nan,nan,nan,nan,nan,nan,nan,nan,nan,,,,,0,missing_root,
790,0.506224425,1000,/Users/yoffegid/Weizmann Institute Dropbox/Gidi Yoffe/Eureka Science/Code/geant4_projects/dnaphysics-ice/europa_energy_library/root/dna_ice_am_rho0p5_E00790_0p506224425MeV.root,0,,506.224425,nan,nan,nan,nan,nan,nan,nan,nan,nan,nan,,,,,0,missing_root,
791,0.509540831,1000,/Users/yoffegid/Weizmann Institute Dropbox/Gidi Yoffe/Eureka Science/Code/geant4_projects/dnaphysics-ice/europa_energy_library/root/dna_ice_am_rho0p5_E00791_0p509540831MeV.root,0,,509.540831,nan,nan,nan,nan,nan,nan,nan,nan,nan,nan,,,,,0,missing_root,
792,0.512878963,1000,/Users/yoffegid/Weizmann Institute Dropbox/Gidi Yoffe/Eureka Science/Code/geant4_projects/dnaphysics-ice/europa_energy_library/root/dna_ice_am_rho0p5_E00792_0p512878963MeV.root,0,,512.878963,nan,nan,nan,nan,nan,nan,nan,nan,nan,nan,,,,,0,missing_root,
793,0.516238964,1000,/Users/yoffegid/Weizmann Institute Dropbox/Gidi Yoffe/Eureka Science/Code/geant4_projects/dnaphysics-ice/europa_energy_library/root/dna_ice_am_rho0p5_E00793_0p516238964MeV.root,0,,516.238964,nan,nan,nan,nan,nan,nan,nan,nan,nan,nan,,,,,0,missing_root,
794,0.519620977,1000,/Users/yoffegid/Weizmann Institute Dropbox/Gidi Yoffe/Eureka Science/Code/geant4_projects/dnaphysics-ice/europa_energy_library/root/dna_ice_am_rho0p5_E00794_0p519620977MeV.root,0,,519.620977,nan,nan,nan,nan,nan,nan,nan,nan,nan,nan,,,,,0,missing_root,
795,0.523025147,1000,/Users/yoffegid/Weizmann Institute Dropbox/Gidi Yoffe/Eureka Science/Code/geant4_projects/dnaphysics-ice/europa_energy_library/root/dna_ice_am_rho0p5_E00795_0p523025147MeV.root,0,,523.025147,nan,nan,nan,nan,nan,nan,nan,nan,nan,nan,,,,,0,missing_root,
796,0.526451618,1000,/Users/yoffegid/Weizmann Institute Dropbox/Gidi Yoffe/Eureka Science/Code/geant4_projects/dnaphysics-ice/europa_energy_library/root/dna_ice_am_rho0p5_E00796_0p526451618MeV.root,0,,526.451618,nan,nan,nan,nan,nan,nan,nan,nan,nan,nan,,,,,0,missing_root,
797,0.529900537,1000,/Users/yoffegid/Weizmann Institute Dropbox/Gidi Yoffe/Eureka Science/Code/geant4_projects/dnaphysics-ice/europa_energy_library/root/dna_ice_am_rho0p5_E00797_0p529900537MeV.root,0,,529.900537,nan,nan,nan,nan,nan,nan,nan,nan,nan,nan,,,,,0,missing_root,
798,0.533372051,1000,/Users/yoffegid/Weizmann Institute Dropbox/Gidi Yoffe/Eureka Science/Code/geant4_projects/dnaphysics-ice/europa_energy_library/root/dna_ice_am_rho0p5_E00798_0p533372051MeV.root,0,,533.372051,nan,nan,nan,nan,nan,nan,nan,nan,nan,nan,,,,,0,missing_root,
799,0.536866308,1000,/Users/yoffegid/Weizmann Institute Dropbox/Gidi Yoffe/Eureka Science/Code/geant4_projects/dnaphysics-ice/europa_energy_library/root/dna_ice_am_rho0p5_E00799_0p536866308MeV.root,0,,536.866308,nan,nan,nan,nan,nan,nan,nan,nan,nan,nan,,,,,0,missing_root,
800,0.540383456,1000,/Users/yoffegid/Weizmann Institute Dropbox/Gidi Yoffe/Eureka Science/Code/geant4_projects/dnaphysics-ice/europa_energy_library/root/dna_ice_am_rho0p5_E00800_0p540383456MeV.root,0,,540.383456,nan,nan,nan,nan,nan,nan,nan,nan,nan,nan,,,,,0,missing_root,
801,0.543923646,1000,/Users/yoffegid/Weizmann Institute Dropbox/Gidi Yoffe/Eureka Science/Code/geant4_projects/dnaphysics-ice/europa_energy_library/root/dna_ice_am_rho0p5_E00801_0p543923646MeV.root,0,,543.923646,nan,nan,nan,nan,nan,nan,nan,nan,nan,nan,,,,,0,missing_root,
802,0.547487029,1000,/Users/yoffegid/Weizmann Institute Dropbox/Gidi Yoffe/Eureka Science/Code/geant4_projects/dnaphysics-ice/europa_energy_library/root/dna_ice_am_rho0p5_E00802_0p547487029MeV.root,0,,547.487029,nan,nan,nan,nan,nan,nan,nan,nan,nan,nan,,,,,0,missing_root,
803,0.551073756,1000,/Users/yoffegid/Weizmann Institute Dropbox/Gidi Yoffe/Eureka Science/Code/geant4_projects/dnaphysics-ice/europa_energy_library/root/dna_ice_am_rho0p5_E00803_0p551073756MeV.root,0,,551.073756,nan,nan,nan,nan,nan,nan,nan,nan,nan,nan,,,,,0,missing_root,
804,0.554683981,1000,/Users/yoffegid/Weizmann Institute Dropbox/Gidi Yoffe/Eureka Science/Code/geant4_projects/dnaphysics-ice/europa_energy_library/root/dna_ice_am_rho0p5_E00804_0p554683981MeV.root,0,,554.683981,nan,nan,nan,nan,nan,nan,nan,nan,nan,nan,,,,,0,missing_root,
805,0.558317858,1000,/Users/yoffegid/Weizmann Institute Dropbox/Gidi Yoffe/Eureka Science/Code/geant4_projects/dnaphysics-ice/europa_energy_library/root/dna_ice_am_rho0p5_E00805_0p558317858MeV.root,0,,558.317858,nan,nan,nan,nan,nan,nan,nan,nan,nan,nan,,,,,0,missing_root,
806,0.561975541,1000,/Users/yoffegid/Weizmann Institute Dropbox/Gidi Yoffe/Eureka Science/Code/geant4_projects/dnaphysics-ice/europa_energy_library/root/dna_ice_am_rho0p5_E00806_0p561975541MeV.root,0,,561.975541,nan,nan,nan,nan,nan,nan,nan,nan,nan,nan,,,,,0,missing_root,
807,0.565657186,1000,/Users/yoffegid/Weizmann Institute Dropbox/Gidi Yoffe/Eureka Science/Code/geant4_projects/dnaphysics-ice/europa_energy_library/root/dna_ice_am_rho0p5_E00807_0p565657186MeV.root,0,,565.657186,nan,nan,nan,nan,nan,nan,nan,nan,nan,nan,,,,,0,missing_root,
808,0.569362951,1000,/Users/yoffegid/Weizmann Institute Dropbox/Gidi Yoffe/Eureka Science/Code/geant4_projects/dnaphysics-ice/europa_energy_library/root/dna_ice_am_rho0p5_E00808_0p569362951MeV.root,0,,569.362951,nan,nan,nan,nan,nan,nan,nan,nan,nan,nan,,,,,0,missing_root,
809,0.573092993,1000,/Users/yoffegid/Weizmann Institute Dropbox/Gidi Yoffe/Eureka Science/Code/geant4_projects/dnaphysics-ice/europa_energy_library/root/dna_ice_am_rho0p5_E00809_0p573092993MeV.root,0,,573.092993,nan,nan,nan,nan,nan,nan,nan,nan,nan,nan,,,,,0,missing_root,
810,0.576847472,1000,/Users/yoffegid/Weizmann Institute Dropbox/Gidi Yoffe/Eureka Science/Code/geant4_projects/dnaphysics-ice/europa_energy_library/root/dna_ice_am_rho0p5_E00810_0p576847472MeV.root,0,,576.847472,nan,nan,nan,nan,nan,nan,nan,nan,nan,nan,,,,,0,missing_root,
811,0.580626547,1000,/Users/yoffegid/Weizmann Institute Dropbox/Gidi Yoffe/Eureka Science/Code/geant4_projects/dnaphysics-ice/europa_energy_library/root/dna_ice_am_rho0p5_E00811_0p580626547MeV.root,0,,580.626547,nan,nan,nan,nan,nan,nan,nan,nan,nan,nan,,,,,0,missing_root,
812,0.58443038,1000,/Users/yoffegid/Weizmann Institute Dropbox/Gidi Yoffe/Eureka Science/Code/geant4_projects/dnaphysics-ice/europa_energy_library/root/dna_ice_am_rho0p5_E00812_0p58443038MeV.root,0,,584.43038,nan,nan,nan,nan,nan,nan,nan,nan,nan,nan,,,,,0,missing_root,
813,0.588259132,1000,/Users/yoffegid/Weizmann Institute Dropbox/Gidi Yoffe/Eureka Science/Code/geant4_projects/dnaphysics-ice/europa_energy_library/root/dna_ice_am_rho0p5_E00813_0p588259132MeV.root,0,,588.259132,nan,nan,nan,nan,nan,nan,nan,nan,nan,nan,,,,,0,missing_root,
814,0.592112968,1000,/Users/yoffegid/Weizmann Institute Dropbox/Gidi Yoffe/Eureka Science/Code/geant4_projects/dnaphysics-ice/europa_energy_library/root/dna_ice_am_rho0p5_E00814_0p592112968MeV.root,0,,592.112968,nan,nan,nan,nan,nan,nan,nan,nan,nan,nan,,,,,0,missing_root,
815,0.595992052,1000,/Users/yoffegid/Weizmann Institute Dropbox/Gidi Yoffe/Eureka Science/Code/geant4_projects/dnaphysics-ice/europa_energy_library/root/dna_ice_am_rho0p5_E00815_0p595992052MeV.root,0,,595.992052,nan,nan,nan,nan,nan,nan,nan,nan,nan,nan,,,,,0,missing_root,
816,0.599896548,1000,/Users/yoffegid/Weizmann Institute Dropbox/Gidi Yoffe/Eureka Science/Code/geant4_projects/dnaphysics-ice/europa_energy_library/root/dna_ice_am_rho0p5_E00816_0p599896548MeV.root,0,,599.896548,nan,nan,nan,nan,nan,nan,nan,nan,nan,nan,,,,,0,missing_root,
817,0.603826623,1000,/Users/yoffegid/Weizmann Institute Dropbox/Gidi Yoffe/Eureka Science/Code/geant4_projects/dnaphysics-ice/europa_energy_library/root/dna_ice_am_rho0p5_E00817_0p603826623MeV.root,0,,603.826623,nan,nan,nan,nan,nan,nan,nan,nan,nan,nan,,,,,0,missing_root,
818,0.607782446,1000,/Users/yoffegid/Weizmann Institute Dropbox/Gidi Yoffe/Eureka Science/Code/geant4_projects/dnaphysics-ice/europa_energy_library/root/dna_ice_am_rho0p5_E00818_0p607782446MeV.root,0,,607.782446,nan,nan,nan,nan,nan,nan,nan,nan,nan,nan,,,,,0,missing_root,
819,0.611764184,1000,/Users/yoffegid/Weizmann Institute Dropbox/Gidi Yoffe/Eureka Science/Code/geant4_projects/dnaphysics-ice/europa_energy_library/root/dna_ice_am_rho0p5_E00819_0p611764184MeV.root,0,,611.764184,nan,nan,nan,nan,nan,nan,nan,nan,nan,nan,,,,,0,missing_root,
820,0.615772007,1000,/Users/yoffegid/Weizmann Institute Dropbox/Gidi Yoffe/Eureka Science/Code/geant4_projects/dnaphysics-ice/europa_energy_library/root/dna_ice_am_rho0p5_E00820_0p615772007MeV.root,0,,615.772007,nan,nan,nan,nan,nan,nan,nan,nan,nan,nan,,,,,0,missing_root,
821,0.619806087,1000,/Users/yoffegid/Weizmann Institute Dropbox/Gidi Yoffe/Eureka Science/Code/geant4_projects/dnaphysics-ice/europa_energy_library/root/dna_ice_am_rho0p5_E00821_0p619806087MeV.root,0,,619.806087,nan,nan,nan,nan,nan,nan,nan,nan,nan,nan,,,,,0,missing_root,
822,0.623866595,1000,/Users/yoffegid/Weizmann Institute Dropbox/Gidi Yoffe/Eureka Science/Code/geant4_projects/dnaphysics-ice/europa_energy_library/root/dna_ice_am_rho0p5_E00822_0p623866595MeV.root,0,,623.866595,nan,nan,nan,nan,nan,nan,nan,nan,nan,nan,,,,,0,missing_root,
823,0.627953705,1000,/Users/yoffegid/Weizmann Institute Dropbox/Gidi Yoffe/Eureka Science/Code/geant4_projects/dnaphysics-ice/europa_energy_library/root/dna_ice_am_rho0p5_E00823_0p627953705MeV.root,0,,627.953705,nan,nan,nan,nan,nan,nan,nan,nan,nan,nan,,,,,0,missing_root,
824,0.63206759,1000,/Users/yoffegid/Weizmann Institute Dropbox/Gidi Yoffe/Eureka Science/Code/geant4_projects/dnaphysics-ice/europa_energy_library/root/dna_ice_am_rho0p5_E00824_0p63206759MeV.root,0,,632.06759,nan,nan,nan,nan,nan,nan,nan,nan,nan,nan,,,,,0,missing_root,
825,0.636208426,1000,/Users/yoffegid/Weizmann Institute Dropbox/Gidi Yoffe/Eureka Science/Code/geant4_projects/dnaphysics-ice/europa_energy_library/root/dna_ice_am_rho0p5_E00825_0p636208426MeV.root,0,,636.208426,nan,nan,nan,nan,nan,nan,nan,nan,nan,nan,,,,,0,missing_root,
826,0.64037639,1000,/Users/yoffegid/Weizmann Institute Dropbox/Gidi Yoffe/Eureka Science/Code/geant4_projects/dnaphysics-ice/europa_energy_library/root/dna_ice_am_rho0p5_E00826_0p64037639MeV.root,0,,640.37639,nan,nan,nan,nan,nan,nan,nan,nan,nan,nan,,,,,0,missing_root,
827,0.644571659,1000,/Users/yoffegid/Weizmann Institute Dropbox/Gidi Yoffe/Eureka Science/Code/geant4_projects/dnaphysics-ice/europa_energy_library/root/dna_ice_am_rho0p5_E00827_0p644571659MeV.root,0,,644.571659,nan,nan,nan,nan,nan,nan,nan,nan,nan,nan,,,,,0,missing_root,
828,0.648794413,1000,/Users/yoffegid/Weizmann Institute Dropbox/Gidi Yoffe/Eureka Science/Code/geant4_projects/dnaphysics-ice/europa_energy_library/root/dna_ice_am_rho0p5_E00828_0p648794413MeV.root,0,,648.794413,nan,nan,nan,nan,nan,nan,nan,nan,nan,nan,,,,,0,missing_root,
829,0.653044831,1000,/Users/yoffegid/Weizmann Institute Dropbox/Gidi Yoffe/Eureka Science/Code/geant4_projects/dnaphysics-ice/europa_energy_library/root/dna_ice_am_rho0p5_E00829_0p653044831MeV.root,0,,653.044831,nan,nan,nan,nan,nan,nan,nan,nan,nan,nan,,,,,0,missing_root,
830,0.657323094,1000,/Users/yoffegid/Weizmann Institute Dropbox/Gidi Yoffe/Eureka Science/Code/geant4_projects/dnaphysics-ice/europa_energy_library/root/dna_ice_am_rho0p5_E00830_0p657323094MeV.root,0,,657.323094,nan,nan,nan,nan,nan,nan,nan,nan,nan,nan,,,,,0,missing_root,
831,0.661629386,1000,/Users/yoffegid/Weizmann Institute Dropbox/Gidi Yoffe/Eureka Science/Code/geant4_projects/dnaphysics-ice/europa_energy_library/root/dna_ice_am_rho0p5_E00831_0p661629386MeV.root,0,,661.629386,nan,nan,nan,nan,nan,nan,nan,nan,nan,nan,,,,,0,missing_root,
832,0.665963889,1000,/Users/yoffegid/Weizmann Institute Dropbox/Gidi Yoffe/Eureka Science/Code/geant4_projects/dnaphysics-ice/europa_energy_library/root/dna_ice_am_rho0p5_E00832_0p665963889MeV.root,0,,665.963889,nan,nan,nan,nan,nan,nan,nan,nan,nan,nan,,,,,0,missing_root,
833,0.670326789,1000,/Users/yoffegid/Weizmann Institute Dropbox/Gidi Yoffe/Eureka Science/Code/geant4_projects/dnaphysics-ice/europa_energy_library/root/dna_ice_am_rho0p5_E00833_0p670326789MeV.root,0,,670.326789,nan,nan,nan,nan,nan,nan,nan,nan,nan,nan,,,,,0,missing_root,
834,0.674718271,1000,/Users/yoffegid/Weizmann Institute Dropbox/Gidi Yoffe/Eureka Science/Code/geant4_projects/dnaphysics-ice/europa_energy_library/root/dna_ice_am_rho0p5_E00834_0p674718271MeV.root,0,,674.718271,nan,nan,nan,nan,nan,nan,nan,nan,nan,nan,,,,,0,missing_root,
835,0.679138522,1000,/Users/yoffegid/Weizmann Institute Dropbox/Gidi Yoffe/Eureka Science/Code/geant4_projects/dnaphysics-ice/europa_energy_library/root/dna_ice_am_rho0p5_E00835_0p679138522MeV.root,0,,679.138522,nan,nan,nan,nan,nan,nan,nan,nan,nan,nan,,,,,0,missing_root,
836,0.683587732,1000,/Users/yoffegid/Weizmann Institute Dropbox/Gidi Yoffe/Eureka Science/Code/geant4_projects/dnaphysics-ice/europa_energy_library/root/dna_ice_am_rho0p5_E00836_0p683587732MeV.root,0,,683.587732,nan,nan,nan,nan,nan,nan,nan,nan,nan,nan,,,,,0,missing_root,
837,0.68806609,1000,/Users/yoffegid/Weizmann Institute Dropbox/Gidi Yoffe/Eureka Science/Code/geant4_projects/dnaphysics-ice/europa_energy_library/root/dna_ice_am_rho0p5_E00837_0p68806609MeV.root,0,,688.06609,nan,nan,nan,nan,nan,nan,nan,nan,nan,nan,,,,,0,missing_root,
838,0.692573787,1000,/Users/yoffegid/Weizmann Institute Dropbox/Gidi Yoffe/Eureka Science/Code/geant4_projects/dnaphysics-ice/europa_energy_library/root/dna_ice_am_rho0p5_E00838_0p692573787MeV.root,0,,692.573787,nan,nan,nan,nan,nan,nan,nan,nan,nan,nan,,,,,0,missing_root,
839,0.697111015,1000,/Users/yoffegid/Weizmann Institute Dropbox/Gidi Yoffe/Eureka Science/Code/geant4_projects/dnaphysics-ice/europa_energy_library/root/dna_ice_am_rho0p5_E00839_0p697111015MeV.root,0,,697.111015,nan,nan,nan,nan,nan,nan,nan,nan,nan,nan,,,,,0,missing_root,
840,0.701677967,1000,/Users/yoffegid/Weizmann Institute Dropbox/Gidi Yoffe/Eureka Science/Code/geant4_projects/dnaphysics-ice/europa_energy_library/root/dna_ice_am_rho0p5_E00840_0p701677967MeV.root,0,,701.677967,nan,nan,nan,nan,nan,nan,nan,nan,nan,nan,,,,,0,missing_root,
841,0.706274839,1000,/Users/yoffegid/Weizmann Institute Dropbox/Gidi Yoffe/Eureka Science/Code/geant4_projects/dnaphysics-ice/europa_energy_library/root/dna_ice_am_rho0p5_E00841_0p706274839MeV.root,0,,706.274839,nan,nan,nan,nan,nan,nan,nan,nan,nan,nan,,,,,0,missing_root,
842,0.710901826,1000,/Users/yoffegid/Weizmann Institute Dropbox/Gidi Yoffe/Eureka Science/Code/geant4_projects/dnaphysics-ice/europa_energy_library/root/dna_ice_am_rho0p5_E00842_0p710901826MeV.root,0,,710.901826,nan,nan,nan,nan,nan,nan,nan,nan,nan,nan,,,,,0,missing_root,
843,0.715559125,1000,/Users/yoffegid/Weizmann Institute Dropbox/Gidi Yoffe/Eureka Science/Code/geant4_projects/dnaphysics-ice/europa_energy_library/root/dna_ice_am_rho0p5_E00843_0p715559125MeV.root,0,,715.559125,nan,nan,nan,nan,nan,nan,nan,nan,nan,nan,,,,,0,missing_root,
844,0.720246936,1000,/Users/yoffegid/Weizmann Institute Dropbox/Gidi Yoffe/Eureka Science/Code/geant4_projects/dnaphysics-ice/europa_energy_library/root/dna_ice_am_rho0p5_E00844_0p720246936MeV.root,0,,720.246936,nan,nan,nan,nan,nan,nan,nan,nan,nan,nan,,,,,0,missing_root,
845,0.724965457,1000,/Users/yoffegid/Weizmann Institute Dropbox/Gidi Yoffe/Eureka Science/Code/geant4_projects/dnaphysics-ice/europa_energy_library/root/dna_ice_am_rho0p5_E00845_0p724965457MeV.root,0,,724.965457,nan,nan,nan,nan,nan,nan,nan,nan,nan,nan,,,,,0,missing_root,
846,0.729714891,1000,/Users/yoffegid/Weizmann Institute Dropbox/Gidi Yoffe/Eureka Science/Code/geant4_projects/dnaphysics-ice/europa_energy_library/root/dna_ice_am_rho0p5_E00846_0p729714891MeV.root,0,,729.714891,nan,nan,nan,nan,nan,nan,nan,nan,nan,nan,,,,,0,missing_root,
847,0.73449544,1000,/Users/yoffegid/Weizmann Institute Dropbox/Gidi Yoffe/Eureka Science/Code/geant4_projects/dnaphysics-ice/europa_energy_library/root/dna_ice_am_rho0p5_E00847_0p73449544MeV.root,0,,734.49544,nan,nan,nan,nan,nan,nan,nan,nan,nan,nan,,,,,0,missing_root,
848,0.739307307,1000,/Users/yoffegid/Weizmann Institute Dropbox/Gidi Yoffe/Eureka Science/Code/geant4_projects/dnaphysics-ice/europa_energy_library/root/dna_ice_am_rho0p5_E00848_0p739307307MeV.root,0,,739.307307,nan,nan,nan,nan,nan,nan,nan,nan,nan,nan,,,,,0,missing_root,
849,0.744150698,1000,/Users/yoffegid/Weizmann Institute Dropbox/Gidi Yoffe/Eureka Science/Code/geant4_projects/dnaphysics-ice/europa_energy_library/root/dna_ice_am_rho0p5_E00849_0p744150698MeV.root,0,,744.150698,nan,nan,nan,nan,nan,nan,nan,nan,nan,nan,,,,,0,missing_root,
850,0.74902582,1000,/Users/yoffegid/Weizmann Institute Dropbox/Gidi Yoffe/Eureka Science/Code/geant4_projects/dnaphysics-ice/europa_energy_library/root/dna_ice_am_rho0p5_E00850_0p74902582MeV.root,0,,749.02582,nan,nan,nan,nan,nan,nan,nan,nan,nan,nan,,,,,0,missing_root,
851,0.753932879,1000,/Users/yoffegid/Weizmann Institute Dropbox/Gidi Yoffe/Eureka Science/Code/geant4_projects/dnaphysics-ice/europa_energy_library/root/dna_ice_am_rho0p5_E00851_0p753932879MeV.root,0,,753.932879,nan,nan,nan,nan,nan,nan,nan,nan,nan,nan,,,,,0,missing_root,
852,0.758872086,1000,/Users/yoffegid/Weizmann Institute Dropbox/Gidi Yoffe/Eureka Science/Code/geant4_projects/dnaphysics-ice/europa_energy_library/root/dna_ice_am_rho0p5_E00852_0p758872086MeV.root,0,,758.872086,nan,nan,nan,nan,nan,nan,nan,nan,nan,nan,,,,,0,missing_root,
853,0.763843651,1000,/Users/yoffegid/Weizmann Institute Dropbox/Gidi Yoffe/Eureka Science/Code/geant4_projects/dnaphysics-ice/europa_energy_library/root/dna_ice_am_rho0p5_E00853_0p763843651MeV.root,0,,763.843651,nan,nan,nan,nan,nan,nan,nan,nan,nan,nan,,,,,0,missing_root,
854,0.768847786,1000,/Users/yoffegid/Weizmann Institute Dropbox/Gidi Yoffe/Eureka Science/Code/geant4_projects/dnaphysics-ice/europa_energy_library/root/dna_ice_am_rho0p5_E00854_0p768847786MeV.root,0,,768.847786,nan,nan,nan,nan,nan,nan,nan,nan,nan,nan,,,,,0,missing_root,
855,0.773884704,1000,/Users/yoffegid/Weizmann Institute Dropbox/Gidi Yoffe/Eureka Science/Code/geant4_projects/dnaphysics-ice/europa_energy_library/root/dna_ice_am_rho0p5_E00855_0p773884704MeV.root,0,,773.884704,nan,nan,nan,nan,nan,nan,nan,nan,nan,nan,,,,,0,missing_root,
856,0.778954621,1000,/Users/yoffegid/Weizmann Institute Dropbox/Gidi Yoffe/Eureka Science/Code/geant4_projects/dnaphysics-ice/europa_energy_library/root/dna_ice_am_rho0p5_E00856_0p778954621MeV.root,0,,778.954621,nan,nan,nan,nan,nan,nan,nan,nan,nan,nan,,,,,0,missing_root,
857,0.784057751,1000,/Users/yoffegid/Weizmann Institute Dropbox/Gidi Yoffe/Eureka Science/Code/geant4_projects/dnaphysics-ice/europa_energy_library/root/dna_ice_am_rho0p5_E00857_0p784057751MeV.root,0,,784.057751,nan,nan,nan,nan,nan,nan,nan,nan,nan,nan,,,,,0,missing_root,
858,0.789194314,1000,/Users/yoffegid/Weizmann Institute Dropbox/Gidi Yoffe/Eureka Science/Code/geant4_projects/dnaphysics-ice/europa_energy_library/root/dna_ice_am_rho0p5_E00858_0p789194314MeV.root,0,,789.194314,nan,nan,nan,nan,nan,nan,nan,nan,nan,nan,,,,,0,missing_root,
859,0.794364528,1000,/Users/yoffegid/Weizmann Institute Dropbox/Gidi Yoffe/Eureka Science/Code/geant4_projects/dnaphysics-ice/europa_energy_library/root/dna_ice_am_rho0p5_E00859_0p794364528MeV.root,0,,794.364528,nan,nan,nan,nan,nan,nan,nan,nan,nan,nan,,,,,0,missing_root,
860,0.799568613,1000,/Users/yoffegid/Weizmann Institute Dropbox/Gidi Yoffe/Eureka Science/Code/geant4_projects/dnaphysics-ice/europa_energy_library/root/dna_ice_am_rho0p5_E00860_0p799568613MeV.root,0,,799.568613,nan,nan,nan,nan,nan,nan,nan,nan,nan,nan,,,,,0,missing_root,
861,0.804806791,1000,/Users/yoffegid/Weizmann Institute Dropbox/Gidi Yoffe/Eureka Science/Code/geant4_projects/dnaphysics-ice/europa_energy_library/root/dna_ice_am_rho0p5_E00861_0p804806791MeV.root,0,,804.806791,nan,nan,nan,nan,nan,nan,nan,nan,nan,nan,,,,,0,missing_root,
862,0.810079286,1000,/Users/yoffegid/Weizmann Institute Dropbox/Gidi Yoffe/Eureka Science/Code/geant4_projects/dnaphysics-ice/europa_energy_library/root/dna_ice_am_rho0p5_E00862_0p810079286MeV.root,0,,810.079286,nan,nan,nan,nan,nan,nan,nan,nan,nan,nan,,,,,0,missing_root,
863,0.815386322,1000,/Users/yoffegid/Weizmann Institute Dropbox/Gidi Yoffe/Eureka Science/Code/geant4_projects/dnaphysics-ice/europa_energy_library/root/dna_ice_am_rho0p5_E00863_0p815386322MeV.root,0,,815.386322,nan,nan,nan,nan,nan,nan,nan,nan,nan,nan,,,,,0,missing_root,
864,0.820728126,1000,/Users/yoffegid/Weizmann Institute Dropbox/Gidi Yoffe/Eureka Science/Code/geant4_projects/dnaphysics-ice/europa_energy_library/root/dna_ice_am_rho0p5_E00864_0p820728126MeV.root,0,,820.728126,nan,nan,nan,nan,nan,nan,nan,nan,nan,nan,,,,,0,missing_root,
865,0.826104926,1000,/Users/yoffegid/Weizmann Institute Dropbox/Gidi Yoffe/Eureka Science/Code/geant4_projects/dnaphysics-ice/europa_energy_library/root/dna_ice_am_rho0p5_E00865_0p826104926MeV.root,0,,826.104926,nan,nan,nan,nan,nan,nan,nan,nan,nan,nan,,,,,0,missing_root,
866,0.83151695,1000,/Users/yoffegid/Weizmann Institute Dropbox/Gidi Yoffe/Eureka Science/Code/geant4_projects/dnaphysics-ice/europa_energy_library/root/dna_ice_am_rho0p5_E00866_0p83151695MeV.root,0,,831.51695,nan,nan,nan,nan,nan,nan,nan,nan,nan,nan,,,,,0,missing_root,
867,0.83696443,1000,/Users/yoffegid/Weizmann Institute Dropbox/Gidi Yoffe/Eureka Science/Code/geant4_projects/dnaphysics-ice/europa_energy_library/root/dna_ice_am_rho0p5_E00867_0p83696443MeV.root,0,,836.96443,nan,nan,nan,nan,nan,nan,nan,nan,nan,nan,,,,,0,missing_root,
868,0.842447598,1000,/Users/yoffegid/Weizmann Institute Dropbox/Gidi Yoffe/Eureka Science/Code/geant4_projects/dnaphysics-ice/europa_energy_library/root/dna_ice_am_rho0p5_E00868_0p842447598MeV.root,0,,842.447598,nan,nan,nan,nan,nan,nan,nan,nan,nan,nan,,,,,0,missing_root,
869,0.847966688,1000,/Users/yoffegid/Weizmann Institute Dropbox/Gidi Yoffe/Eureka Science/Code/geant4_projects/dnaphysics-ice/europa_energy_library/root/dna_ice_am_rho0p5_E00869_0p847966688MeV.root,0,,847.966688,nan,nan,nan,nan,nan,nan,nan,nan,nan,nan,,,,,0,missing_root,
870,0.853521934,1000,/Users/yoffegid/Weizmann Institute Dropbox/Gidi Yoffe/Eureka Science/Code/geant4_projects/dnaphysics-ice/europa_energy_library/root/dna_ice_am_rho0p5_E00870_0p853521934MeV.root,0,,853.521934,nan,nan,nan,nan,nan,nan,nan,nan,nan,nan,,,,,0,missing_root,
871,0.859113574,1000,/Users/yoffegid/Weizmann Institute Dropbox/Gidi Yoffe/Eureka Science/Code/geant4_projects/dnaphysics-ice/europa_energy_library/root/dna_ice_am_rho0p5_E00871_0p859113574MeV.root,0,,859.113574,nan,nan,nan,nan,nan,nan,nan,nan,nan,nan,,,,,0,missing_root,
872,0.864741847,1000,/Users/yoffegid/Weizmann Institute Dropbox/Gidi Yoffe/Eureka Science/Code/geant4_projects/dnaphysics-ice/europa_energy_library/root/dna_ice_am_rho0p5_E00872_0p864741847MeV.root,0,,864.741847,nan,nan,nan,nan,nan,nan,nan,nan,nan,nan,,,,,0,missing_root,
873,0.870406991,1000,/Users/yoffegid/Weizmann Institute Dropbox/Gidi Yoffe/Eureka Science/Code/geant4_projects/dnaphysics-ice/europa_energy_library/root/dna_ice_am_rho0p5_E00873_0p870406991MeV.root,0,,870.406991,nan,nan,nan,nan,nan,nan,nan,nan,nan,nan,,,,,0,missing_root,
874,0.87610925,1000,/Users/yoffegid/Weizmann Institute Dropbox/Gidi Yoffe/Eureka Science/Code/geant4_projects/dnaphysics-ice/europa_energy_library/root/dna_ice_am_rho0p5_E00874_0p87610925MeV.root,0,,876.10925,nan,nan,nan,nan,nan,nan,nan,nan,nan,nan,,,,,0,missing_root,
875,0.881848866,1000,/Users/yoffegid/Weizmann Institute Dropbox/Gidi Yoffe/Eureka Science/Code/geant4_projects/dnaphysics-ice/europa_energy_library/root/dna_ice_am_rho0p5_E00875_0p881848866MeV.root,0,,881.848866,nan,nan,nan,nan,nan,nan,nan,nan,nan,nan,,,,,0,missing_root,
876,0.887626083,1000,/Users/yoffegid/Weizmann Institute Dropbox/Gidi Yoffe/Eureka Science/Code/geant4_projects/dnaphysics-ice/europa_energy_library/root/dna_ice_am_rho0p5_E00876_0p887626083MeV.root,0,,887.626083,nan,nan,nan,nan,nan,nan,nan,nan,nan,nan,,,,,0,missing_root,
877,0.893441148,1000,/Users/yoffegid/Weizmann Institute Dropbox/Gidi Yoffe/Eureka Science/Code/geant4_projects/dnaphysics-ice/europa_energy_library/root/dna_ice_am_rho0p5_E00877_0p893441148MeV.root,0,,893.441148,nan,nan,nan,nan,nan,nan,nan,nan,nan,nan,,,,,0,missing_root,
878,0.899294309,1000,/Users/yoffegid/Weizmann Institute Dropbox/Gidi Yoffe/Eureka Science/Code/geant4_projects/dnaphysics-ice/europa_energy_library/root/dna_ice_am_rho0p5_E00878_0p899294309MeV.root,0,,899.294309,nan,nan,nan,nan,nan,nan,nan,nan,nan,nan,,,,,0,missing_root,
879,0.905185816,1000,/Users/yoffegid/Weizmann Institute Dropbox/Gidi Yoffe/Eureka Science/Code/geant4_projects/dnaphysics-ice/europa_energy_library/root/dna_ice_am_rho0p5_E00879_0p905185816MeV.root,0,,905.185816,nan,nan,nan,nan,nan,nan,nan,nan,nan,nan,,,,,0,missing_root,
880,0.91111592,1000,/Users/yoffegid/Weizmann Institute Dropbox/Gidi Yoffe/Eureka Science/Code/geant4_projects/dnaphysics-ice/europa_energy_library/root/dna_ice_am_rho0p5_E00880_0p91111592MeV.root,0,,911.11592,nan,nan,nan,nan,nan,nan,nan,nan,nan,nan,,,,,0,missing_root,
881,0.917084873,1000,/Users/yoffegid/Weizmann Institute Dropbox/Gidi Yoffe/Eureka Science/Code/geant4_projects/dnaphysics-ice/europa_energy_library/root/dna_ice_am_rho0p5_E00881_0p917084873MeV.root,0,,917.084873,nan,nan,nan,nan,nan,nan,nan,nan,nan,nan,,,,,0,missing_root,
882,0.92309293,1000,/Users/yoffegid/Weizmann Institute Dropbox/Gidi Yoffe/Eureka Science/Code/geant4_projects/dnaphysics-ice/europa_energy_library/root/dna_ice_am_rho0p5_E00882_0p92309293MeV.root,0,,923.09293,nan,nan,nan,nan,nan,nan,nan,nan,nan,nan,,,,,0,missing_root,
883,0.929140348,1000,/Users/yoffegid/Weizmann Institute Dropbox/Gidi Yoffe/Eureka Science/Code/geant4_projects/dnaphysics-ice/europa_energy_library/root/dna_ice_am_rho0p5_E00883_0p929140348MeV.root,0,,929.140348,nan,nan,nan,nan,nan,nan,nan,nan,nan,nan,,,,,0,missing_root,
884,0.935227383,1000,/Users/yoffegid/Weizmann Institute Dropbox/Gidi Yoffe/Eureka Science/Code/geant4_projects/dnaphysics-ice/europa_energy_library/root/dna_ice_am_rho0p5_E00884_0p935227383MeV.root,0,,935.227383,nan,nan,nan,nan,nan,nan,nan,nan,nan,nan,,,,,0,missing_root,
885,0.941354297,1000,/Users/yoffegid/Weizmann Institute Dropbox/Gidi Yoffe/Eureka Science/Code/geant4_projects/dnaphysics-ice/europa_energy_library/root/dna_ice_am_rho0p5_E00885_0p941354297MeV.root,0,,941.354297,nan,nan,nan,nan,nan,nan,nan,nan,nan,nan,,,,,0,missing_root,
886,0.947521349,1000,/Users/yoffegid/Weizmann Institute Dropbox/Gidi Yoffe/Eureka Science/Code/geant4_projects/dnaphysics-ice/europa_energy_library/root/dna_ice_am_rho0p5_E00886_0p947521349MeV.root,0,,947.521349,nan,nan,nan,nan,nan,nan,nan,nan,nan,nan,,,,,0,missing_root,
887,0.953728804,1000,/Users/yoffegid/Weizmann Institute Dropbox/Gidi Yoffe/Eureka Science/Code/geant4_projects/dnaphysics-ice/europa_energy_library/root/dna_ice_am_rho0p5_E00887_0p953728804MeV.root,0,,953.728804,nan,nan,nan,nan,nan,nan,nan,nan,nan,nan,,,,,0,missing_root,
888,0.959976925,1000,/Users/yoffegid/Weizmann Institute Dropbox/Gidi Yoffe/Eureka Science/Code/geant4_projects/dnaphysics-ice/europa_energy_library/root/dna_ice_am_rho0p5_E00888_0p959976925MeV.root,0,,959.976925,nan,nan,nan,nan,nan,nan,nan,nan,nan,nan,,,,,0,missing_root,
889,0.966265979,1000,/Users/yoffegid/Weizmann Institute Dropbox/Gidi Yoffe/Eureka Science/Code/geant4_projects/dnaphysics-ice/europa_energy_library/root/dna_ice_am_rho0p5_E00889_0p966265979MeV.root,0,,966.265979,nan,nan,nan,nan,nan,nan,nan,nan,nan,nan,,,,,0,missing_root,
890,0.972596234,1000,/Users/yoffegid/Weizmann Institute Dropbox/Gidi Yoffe/Eureka Science/Code/geant4_projects/dnaphysics-ice/europa_energy_library/root/dna_ice_am_rho0p5_E00890_0p972596234MeV.root,0,,972.596234,nan,nan,nan,nan,nan,nan,nan,nan,nan,nan,,,,,0,missing_root,
891,0.978967961,1000,/Users/yoffegid/Weizmann Institute Dropbox/Gidi Yoffe/Eureka Science/Code/geant4_projects/dnaphysics-ice/europa_energy_library/root/dna_ice_am_rho0p5_E00891_0p978967961MeV.root,0,,978.967961,nan,nan,nan,nan,nan,nan,nan,nan,nan,nan,,,,,0,missing_root,
892,0.98538143,1000,/Users/yoffegid/Weizmann Institute Dropbox/Gidi Yoffe/Eureka Science/Code/geant4_projects/dnaphysics-ice/europa_energy_library/root/dna_ice_am_rho0p5_E00892_0p98538143MeV.root,0,,985.38143,nan,nan,nan,nan,nan,nan,nan,nan,nan,nan,,,,,0,missing_root,
893,0.991836915,1000,/Users/yoffegid/Weizmann Institute Dropbox/Gidi Yoffe/Eureka Science/Code/geant4_projects/dnaphysics-ice/europa_energy_library/root/dna_ice_am_rho0p5_E00893_0p991836915MeV.root,0,,991.836915,nan,nan,nan,nan,nan,nan,nan,nan,nan,nan,,,,,0,missing_root,
894,0.998334692,1000,/Users/yoffegid/Weizmann Institute Dropbox/Gidi Yoffe/Eureka Science/Code/geant4_projects/dnaphysics-ice/europa_energy_library/root/dna_ice_am_rho0p5_E00894_0p998334692MeV.root,0,,998.334692,nan,nan,nan,nan,nan,nan,nan,nan,nan,nan,,,,,0,missing_root,
895,1.00487504,1000,/Users/yoffegid/Weizmann Institute Dropbox/Gidi Yoffe/Eureka Science/Code/geant4_projects/dnaphysics-ice/europa_energy_library/root/dna_ice_am_rho0p5_E00895_1p00487504MeV.root,0,,1004.87504,nan,nan,nan,nan,nan,nan,nan,nan,nan,nan,,,,,0,missing_root,
896,1.01145823,1000,/Users/yoffegid/Weizmann Institute Dropbox/Gidi Yoffe/Eureka Science/Code/geant4_projects/dnaphysics-ice/europa_energy_library/root/dna_ice_am_rho0p5_E00896_1p01145823MeV.root,0,,1011.45823,nan,nan,nan,nan,nan,nan,nan,nan,nan,nan,,,,,0,missing_root,
897,1.01808455,1000,/Users/yoffegid/Weizmann Institute Dropbox/Gidi Yoffe/Eureka Science/Code/geant4_projects/dnaphysics-ice/europa_energy_library/root/dna_ice_am_rho0p5_E00897_1p01808455MeV.root,0,,1018.08455,nan,nan,nan,nan,nan,nan,nan,nan,nan,nan,,,,,0,missing_root,
898,1.02475428,1000,/Users/yoffegid/Weizmann Institute Dropbox/Gidi Yoffe/Eureka Science/Code/geant4_projects/dnaphysics-ice/europa_energy_library/root/dna_ice_am_rho0p5_E00898_1p02475428MeV.root,0,,1024.75428,nan,nan,nan,nan,nan,nan,nan,nan,nan,nan,,,,,0,missing_root,
899,1.03146771,1000,/Users/yoffegid/Weizmann Institute Dropbox/Gidi Yoffe/Eureka Science/Code/geant4_projects/dnaphysics-ice/europa_energy_library/root/dna_ice_am_rho0p5_E00899_1p03146771MeV.root,0,,1031.46771,nan,nan,nan,nan,nan,nan,nan,nan,nan,nan,,,,,0,missing_root,
900,1.03822512,1000,/Users/yoffegid/Weizmann Institute Dropbox/Gidi Yoffe/Eureka Science/Code/geant4_projects/dnaphysics-ice/europa_energy_library/root/dna_ice_am_rho0p5_E00900_1p03822512MeV.root,0,,1038.22512,nan,nan,nan,nan,nan,nan,nan,nan,nan,nan,,,,,0,missing_root,
901,1.0450268,1000,/Users/yoffegid/Weizmann Institute Dropbox/Gidi Yoffe/Eureka Science/Code/geant4_projects/dnaphysics-ice/europa_energy_library/root/dna_ice_am_rho0p5_E00901_1p0450268MeV.root,0,,1045.0268,nan,nan,nan,nan,nan,nan,nan,nan,nan,nan,,,,,0,missing_root,
902,1.05187304,1000,/Users/yoffegid/Weizmann Institute Dropbox/Gidi Yoffe/Eureka Science/Code/geant4_projects/dnaphysics-ice/europa_energy_library/root/dna_ice_am_rho0p5_E00902_1p05187304MeV.root,0,,1051.87304,nan,nan,nan,nan,nan,nan,nan,nan,nan,nan,,,,,0,missing_root,
903,1.05876412,1000,/Users/yoffegid/Weizmann Institute Dropbox/Gidi Yoffe/Eureka Science/Code/geant4_projects/dnaphysics-ice/europa_energy_library/root/dna_ice_am_rho0p5_E00903_1p05876412MeV.root,0,,1058.76412,nan,nan,nan,nan,nan,nan,nan,nan,nan,nan,,,,,0,missing_root,
904,1.06570036,1000,/Users/yoffegid/Weizmann Institute Dropbox/Gidi Yoffe/Eureka Science/Code/geant4_projects/dnaphysics-ice/europa_energy_library/root/dna_ice_am_rho0p5_E00904_1p06570036MeV.root,0,,1065.70036,nan,nan,nan,nan,nan,nan,nan,nan,nan,nan,,,,,0,missing_root,
905,1.07268203,1000,/Users/yoffegid/Weizmann Institute Dropbox/Gidi Yoffe/Eureka Science/Code/geant4_projects/dnaphysics-ice/europa_energy_library/root/dna_ice_am_rho0p5_E00905_1p07268203MeV.root,0,,1072.68203,nan,nan,nan,nan,nan,nan,nan,nan,nan,nan,,,,,0,missing_root,
906,1.07970945,1000,/Users/yoffegid/Weizmann Institute Dropbox/Gidi Yoffe/Eureka Science/Code/geant4_projects/dnaphysics-ice/europa_energy_library/root/dna_ice_am_rho0p5_E00906_1p07970945MeV.root,0,,1079.70945,nan,nan,nan,nan,nan,nan,nan,nan,nan,nan,,,,,0,missing_root,
907,1.0867829,1000,/Users/yoffegid/Weizmann Institute Dropbox/Gidi Yoffe/Eureka Science/Code/geant4_projects/dnaphysics-ice/europa_energy_library/root/dna_ice_am_rho0p5_E00907_1p0867829MeV.root,0,,1086.7829,nan,nan,nan,nan,nan,nan,nan,nan,nan,nan,,,,,0,missing_root,
908,1.09390269,1000,/Users/yoffegid/Weizmann Institute Dropbox/Gidi Yoffe/Eureka Science/Code/geant4_projects/dnaphysics-ice/europa_energy_library/root/dna_ice_am_rho0p5_E00908_1p09390269MeV.root,0,,1093.90269,nan,nan,nan,nan,nan,nan,nan,nan,nan,nan,,,,,0,missing_root,
909,1.10106913,1000,/Users/yoffegid/Weizmann Institute Dropbox/Gidi Yoffe/Eureka Science/Code/geant4_projects/dnaphysics-ice/europa_energy_library/root/dna_ice_am_rho0p5_E00909_1p10106913MeV.root,0,,1101.06913,nan,nan,nan,nan,nan,nan,nan,nan,nan,nan,,,,,0,missing_root,
910,1.10828251,1000,/Users/yoffegid/Weizmann Institute Dropbox/Gidi Yoffe/Eureka Science/Code/geant4_projects/dnaphysics-ice/europa_energy_library/root/dna_ice_am_rho0p5_E00910_1p10828251MeV.root,0,,1108.28251,nan,nan,nan,nan,nan,nan,nan,nan,nan,nan,,,,,0,missing_root,
911,1.11554316,1000,/Users/yoffegid/Weizmann Institute Dropbox/Gidi Yoffe/Eureka Science/Code/geant4_projects/dnaphysics-ice/europa_energy_library/root/dna_ice_am_rho0p5_E00911_1p11554316MeV.root,0,,1115.54316,nan,nan,nan,nan,nan,nan,nan,nan,nan,nan,,,,,0,missing_root,
912,1.12285136,1000,/Users/yoffegid/Weizmann Institute Dropbox/Gidi Yoffe/Eureka Science/Code/geant4_projects/dnaphysics-ice/europa_energy_library/root/dna_ice_am_rho0p5_E00912_1p12285136MeV.root,0,,1122.85136,nan,nan,nan,nan,nan,nan,nan,nan,nan,nan,,,,,0,missing_root,
913,1.13020745,1000,/Users/yoffegid/Weizmann Institute Dropbox/Gidi Yoffe/Eureka Science/Code/geant4_projects/dnaphysics-ice/europa_energy_library/root/dna_ice_am_rho0p5_E00913_1p13020745MeV.root,0,,1130.20745,nan,nan,nan,nan,nan,nan,nan,nan,nan,nan,,,,,0,missing_root,
914,1.13761173,1000,/Users/yoffegid/Weizmann Institute Dropbox/Gidi Yoffe/Eureka Science/Code/geant4_projects/dnaphysics-ice/europa_energy_library/root/dna_ice_am_rho0p5_E00914_1p13761173MeV.root,0,,1137.61173,nan,nan,nan,nan,nan,nan,nan,nan,nan,nan,,,,,0,missing_root,
915,1.14506451,1000,/Users/yoffegid/Weizmann Institute Dropbox/Gidi Yoffe/Eureka Science/Code/geant4_projects/dnaphysics-ice/europa_energy_library/root/dna_ice_am_rho0p5_E00915_1p14506451MeV.root,0,,1145.06451,nan,nan,nan,nan,nan,nan,nan,nan,nan,nan,,,,,0,missing_root,
916,1.15256612,1000,/Users/yoffegid/Weizmann Institute Dropbox/Gidi Yoffe/Eureka Science/Code/geant4_projects/dnaphysics-ice/europa_energy_library/root/dna_ice_am_rho0p5_E00916_1p15256612MeV.root,0,,1152.56612,nan,nan,nan,nan,nan,nan,nan,nan,nan,nan,,,,,0,missing_root,
917,1.16011688,1000,/Users/yoffegid/Weizmann Institute Dropbox/Gidi Yoffe/Eureka Science/Code/geant4_projects/dnaphysics-ice/europa_energy_library/root/dna_ice_am_rho0p5_E00917_1p16011688MeV.root,0,,1160.11688,nan,nan,nan,nan,nan,nan,nan,nan,nan,nan,,,,,0,missing_root,
918,1.1677171,1000,/Users/yoffegid/Weizmann Institute Dropbox/Gidi Yoffe/Eureka Science/Code/geant4_projects/dnaphysics-ice/europa_energy_library/root/dna_ice_am_rho0p5_E00918_1p1677171MeV.root,0,,1167.7171,nan,nan,nan,nan,nan,nan,nan,nan,nan,nan,,,,,0,missing_root,
919,1.17536711,1000,/Users/yoffegid/Weizmann Institute Dropbox/Gidi Yoffe/Eureka Science/Code/geant4_projects/dnaphysics-ice/europa_energy_library/root/dna_ice_am_rho0p5_E00919_1p17536711MeV.root,0,,1175.36711,nan,nan,nan,nan,nan,nan,nan,nan,nan,nan,,,,,0,missing_root,
920,1.18306724,1000,/Users/yoffegid/Weizmann Institute Dropbox/Gidi Yoffe/Eureka Science/Code/geant4_projects/dnaphysics-ice/europa_energy_library/root/dna_ice_am_rho0p5_E00920_1p18306724MeV.root,0,,1183.06724,nan,nan,nan,nan,nan,nan,nan,nan,nan,nan,,,,,0,missing_root,
921,1.19081782,1000,/Users/yoffegid/Weizmann Institute Dropbox/Gidi Yoffe/Eureka Science/Code/geant4_projects/dnaphysics-ice/europa_energy_library/root/dna_ice_am_rho0p5_E00921_1p19081782MeV.root,0,,1190.81782,nan,nan,nan,nan,nan,nan,nan,nan,nan,nan,,,,,0,missing_root,
922,1.19861917,1000,/Users/yoffegid/Weizmann Institute Dropbox/Gidi Yoffe/Eureka Science/Code/geant4_projects/dnaphysics-ice/europa_energy_library/root/dna_ice_am_rho0p5_E00922_1p19861917MeV.root,0,,1198.61917,nan,nan,nan,nan,nan,nan,nan,nan,nan,nan,,,,,0,missing_root,
923,1.20647163,1000,/Users/yoffegid/Weizmann Institute Dropbox/Gidi Yoffe/Eureka Science/Code/geant4_projects/dnaphysics-ice/europa_energy_library/root/dna_ice_am_rho0p5_E00923_1p20647163MeV.root,0,,1206.47163,nan,nan,nan,nan,nan,nan,nan,nan,nan,nan,,,,,0,missing_root,
924,1.21437554,1000,/Users/yoffegid/Weizmann Institute Dropbox/Gidi Yoffe/Eureka Science/Code/geant4_projects/dnaphysics-ice/europa_energy_library/root/dna_ice_am_rho0p5_E00924_1p21437554MeV.root,0,,1214.37554,nan,nan,nan,nan,nan,nan,nan,nan,nan,nan,,,,,0,missing_root,
925,1.22233122,1000,/Users/yoffegid/Weizmann Institute Dropbox/Gidi Yoffe/Eureka Science/Code/geant4_projects/dnaphysics-ice/europa_energy_library/root/dna_ice_am_rho0p5_E00925_1p22233122MeV.root,0,,1222.33122,nan,nan,nan,nan,nan,nan,nan,nan,nan,nan,,,,,0,missing_root,
926,1.23033902,1000,/Users/yoffegid/Weizmann Institute Dropbox/Gidi Yoffe/Eureka Science/Code/geant4_projects/dnaphysics-ice/europa_energy_library/root/dna_ice_am_rho0p5_E00926_1p23033902MeV.root,0,,1230.33902,nan,nan,nan,nan,nan,nan,nan,nan,nan,nan,,,,,0,missing_root,
927,1.23839929,1000,/Users/yoffegid/Weizmann Institute Dropbox/Gidi Yoffe/Eureka Science/Code/geant4_projects/dnaphysics-ice/europa_energy_library/root/dna_ice_am_rho0p5_E00927_1p23839929MeV.root,0,,1238.39929,nan,nan,nan,nan,nan,nan,nan,nan,nan,nan,,,,,0,missing_root,
928,1.24651236,1000,/Users/yoffegid/Weizmann Institute Dropbox/Gidi Yoffe/Eureka Science/Code/geant4_projects/dnaphysics-ice/europa_energy_library/root/dna_ice_am_rho0p5_E00928_1p24651236MeV.root,0,,1246.51236,nan,nan,nan,nan,nan,nan,nan,nan,nan,nan,,,,,0,missing_root,
929,1.25467858,1000,/Users/yoffegid/Weizmann Institute Dropbox/Gidi Yoffe/Eureka Science/Code/geant4_projects/dnaphysics-ice/europa_energy_library/root/dna_ice_am_rho0p5_E00929_1p25467858MeV.root,0,,1254.67858,nan,nan,nan,nan,nan,nan,nan,nan,nan,nan,,,,,0,missing_root,
930,1.2628983,1000,/Users/yoffegid/Weizmann Institute Dropbox/Gidi Yoffe/Eureka Science/Code/geant4_projects/dnaphysics-ice/europa_energy_library/root/dna_ice_am_rho0p5_E00930_1p2628983MeV.root,0,,1262.8983,nan,nan,nan,nan,nan,nan,nan,nan,nan,nan,,,,,0,missing_root,
931,1.27117187,1000,/Users/yoffegid/Weizmann Institute Dropbox/Gidi Yoffe/Eureka Science/Code/geant4_projects/dnaphysics-ice/europa_energy_library/root/dna_ice_am_rho0p5_E00931_1p27117187MeV.root,0,,1271.17187,nan,nan,nan,nan,nan,nan,nan,nan,nan,nan,,,,,0,missing_root,
932,1.27949964,1000,/Users/yoffegid/Weizmann Institute Dropbox/Gidi Yoffe/Eureka Science/Code/geant4_projects/dnaphysics-ice/europa_energy_library/root/dna_ice_am_rho0p5_E00932_1p27949964MeV.root,0,,1279.49964,nan,nan,nan,nan,nan,nan,nan,nan,nan,nan,,,,,0,missing_root,
933,1.28788197,1000,/Users/yoffegid/Weizmann Institute Dropbox/Gidi Yoffe/Eureka Science/Code/geant4_projects/dnaphysics-ice/europa_energy_library/root/dna_ice_am_rho0p5_E00933_1p28788197MeV.root,0,,1287.88197,nan,nan,nan,nan,nan,nan,nan,nan,nan,nan,,,,,0,missing_root,
934,1.29631921,1000,/Users/yoffegid/Weizmann Institute Dropbox/Gidi Yoffe/Eureka Science/Code/geant4_projects/dnaphysics-ice/europa_energy_library/root/dna_ice_am_rho0p5_E00934_1p29631921MeV.root,0,,1296.31921,nan,nan,nan,nan,nan,nan,nan,nan,nan,nan,,,,,0,missing_root,
935,1.30481173,1000,/Users/yoffegid/Weizmann Institute Dropbox/Gidi Yoffe/Eureka Science/Code/geant4_projects/dnaphysics-ice/europa_energy_library/root/dna_ice_am_rho0p5_E00935_1p30481173MeV.root,0,,1304.81173,nan,nan,nan,nan,nan,nan,nan,nan,nan,nan,,,,,0,missing_root,
936,1.31335989,1000,/Users/yoffegid/Weizmann Institute Dropbox/Gidi Yoffe/Eureka Science/Code/geant4_projects/dnaphysics-ice/europa_energy_library/root/dna_ice_am_rho0p5_E00936_1p31335989MeV.root,0,,1313.35989,nan,nan,nan,nan,nan,nan,nan,nan,nan,nan,,,,,0,missing_root,
937,1.32196404,1000,/Users/yoffegid/Weizmann Institute Dropbox/Gidi Yoffe/Eureka Science/Code/geant4_projects/dnaphysics-ice/europa_energy_library/root/dna_ice_am_rho0p5_E00937_1p32196404MeV.root,0,,1321.96404,nan,nan,nan,nan,nan,nan,nan,nan,nan,nan,,,,,0,missing_root,
938,1.33062457,1000,/Users/yoffegid/Weizmann Institute Dropbox/Gidi Yoffe/Eureka Science/Code/geant4_projects/dnaphysics-ice/europa_energy_library/root/dna_ice_am_rho0p5_E00938_1p33062457MeV.root,0,,1330.62457,nan,nan,nan,nan,nan,nan,nan,nan,nan,nan,,,,,0,missing_root,
939,1.33934183,1000,/Users/yoffegid/Weizmann Institute Dropbox/Gidi Yoffe/Eureka Science/Code/geant4_projects/dnaphysics-ice/europa_energy_library/root/dna_ice_am_rho0p5_E00939_1p33934183MeV.root,0,,1339.34183,nan,nan,nan,nan,nan,nan,nan,nan,nan,nan,,,,,0,missing_root,
940,1.3481162,1000,/Users/yoffegid/Weizmann Institute Dropbox/Gidi Yoffe/Eureka Science/Code/geant4_projects/dnaphysics-ice/europa_energy_library/root/dna_ice_am_rho0p5_E00940_1p3481162MeV.root,0,,1348.1162,nan,nan,nan,nan,nan,nan,nan,nan,nan,nan,,,,,0,missing_root,
941,1.35694805,1000,/Users/yoffegid/Weizmann Institute Dropbox/Gidi Yoffe/Eureka Science/Code/geant4_projects/dnaphysics-ice/europa_energy_library/root/dna_ice_am_rho0p5_E00941_1p35694805MeV.root,0,,1356.94805,nan,nan,nan,nan,nan,nan,nan,nan,nan,nan,,,,,0,missing_root,
942,1.36583777,1000,/Users/yoffegid/Weizmann Institute Dropbox/Gidi Yoffe/Eureka Science/Code/geant4_projects/dnaphysics-ice/europa_energy_library/root/dna_ice_am_rho0p5_E00942_1p36583777MeV.root,0,,1365.83777,nan,nan,nan,nan,nan,nan,nan,nan,nan,nan,,,,,0,missing_root,
943,1.37478572,1000,/Users/yoffegid/Weizmann Institute Dropbox/Gidi Yoffe/Eureka Science/Code/geant4_projects/dnaphysics-ice/europa_energy_library/root/dna_ice_am_rho0p5_E00943_1p37478572MeV.root,0,,1374.78572,nan,nan,nan,nan,nan,nan,nan,nan,nan,nan,,,,,0,missing_root,
944,1.38379229,1000,/Users/yoffegid/Weizmann Institute Dropbox/Gidi Yoffe/Eureka Science/Code/geant4_projects/dnaphysics-ice/europa_energy_library/root/dna_ice_am_rho0p5_E00944_1p38379229MeV.root,0,,1383.79229,nan,nan,nan,nan,nan,nan,nan,nan,nan,nan,,,,,0,missing_root,
945,1.39285787,1000,/Users/yoffegid/Weizmann Institute Dropbox/Gidi Yoffe/Eureka Science/Code/geant4_projects/dnaphysics-ice/europa_energy_library/root/dna_ice_am_rho0p5_E00945_1p39285787MeV.root,0,,1392.85787,nan,nan,nan,nan,nan,nan,nan,nan,nan,nan,,,,,0,missing_root,
946,1.40198284,1000,/Users/yoffegid/Weizmann Institute Dropbox/Gidi Yoffe/Eureka Science/Code/geant4_projects/dnaphysics-ice/europa_energy_library/root/dna_ice_am_rho0p5_E00946_1p40198284MeV.root,0,,1401.98284,nan,nan,nan,nan,nan,nan,nan,nan,nan,nan,,,,,0,missing_root,
947,1.41116758,1000,/Users/yoffegid/Weizmann Institute Dropbox/Gidi Yoffe/Eureka Science/Code/geant4_projects/dnaphysics-ice/europa_energy_library/root/dna_ice_am_rho0p5_E00947_1p41116758MeV.root,0,,1411.16758,nan,nan,nan,nan,nan,nan,nan,nan,nan,nan,,,,,0,missing_root,
948,1.4204125,1000,/Users/yoffegid/Weizmann Institute Dropbox/Gidi Yoffe/Eureka Science/Code/geant4_projects/dnaphysics-ice/europa_energy_library/root/dna_ice_am_rho0p5_E00948_1p4204125MeV.root,0,,1420.4125,nan,nan,nan,nan,nan,nan,nan,nan,nan,nan,,,,,0,missing_root,
949,1.42971799,1000,/Users/yoffegid/Weizmann Institute Dropbox/Gidi Yoffe/Eureka Science/Code/geant4_projects/dnaphysics-ice/europa_energy_library/root/dna_ice_am_rho0p5_E00949_1p42971799MeV.root,0,,1429.71799,nan,nan,nan,nan,nan,nan,nan,nan,nan,nan,,,,,0,missing_root,
950,1.43908444,1000,/Users/yoffegid/Weizmann Institute Dropbox/Gidi Yoffe/Eureka Science/Code/geant4_projects/dnaphysics-ice/europa_energy_library/root/dna_ice_am_rho0p5_E00950_1p43908444MeV.root,0,,1439.08444,nan,nan,nan,nan,nan,nan,nan,nan,nan,nan,,,,,0,missing_root,
951,1.44851225,1000,/Users/yoffegid/Weizmann Institute Dropbox/Gidi Yoffe/Eureka Science/Code/geant4_projects/dnaphysics-ice/europa_energy_library/root/dna_ice_am_rho0p5_E00951_1p44851225MeV.root,0,,1448.51225,nan,nan,nan,nan,nan,nan,nan,nan,nan,nan,,,,,0,missing_root,
952,1.45800182,1000,/Users/yoffegid/Weizmann Institute Dropbox/Gidi Yoffe/Eureka Science/Code/geant4_projects/dnaphysics-ice/europa_energy_library/root/dna_ice_am_rho0p5_E00952_1p45800182MeV.root,0,,1458.00182,nan,nan,nan,nan,nan,nan,nan,nan,nan,nan,,,,,0,missing_root,
953,1.46755356,1000,/Users/yoffegid/Weizmann Institute Dropbox/Gidi Yoffe/Eureka Science/Code/geant4_projects/dnaphysics-ice/europa_energy_library/root/dna_ice_am_rho0p5_E00953_1p46755356MeV.root,0,,1467.55356,nan,nan,nan,nan,nan,nan,nan,nan,nan,nan,,,,,0,missing_root,
954,1.47716788,1000,/Users/yoffegid/Weizmann Institute Dropbox/Gidi Yoffe/Eureka Science/Code/geant4_projects/dnaphysics-ice/europa_energy_library/root/dna_ice_am_rho0p5_E00954_1p47716788MeV.root,0,,1477.16788,nan,nan,nan,nan,nan,nan,nan,nan,nan,nan,,,,,0,missing_root,
955,1.48684519,1000,/Users/yoffegid/Weizmann Institute Dropbox/Gidi Yoffe/Eureka Science/Code/geant4_projects/dnaphysics-ice/europa_energy_library/root/dna_ice_am_rho0p5_E00955_1p48684519MeV.root,0,,1486.84519,nan,nan,nan,nan,nan,nan,nan,nan,nan,nan,,,,,0,missing_root,
956,1.49658589,1000,/Users/yoffegid/Weizmann Institute Dropbox/Gidi Yoffe/Eureka Science/Code/geant4_projects/dnaphysics-ice/europa_energy_library/root/dna_ice_am_rho0p5_E00956_1p49658589MeV.root,0,,1496.58589,nan,nan,nan,nan,nan,nan,nan,nan,nan,nan,,,,,0,missing_root,
957,1.5063904,1000,/Users/yoffegid/Weizmann Institute Dropbox/Gidi Yoffe/Eureka Science/Code/geant4_projects/dnaphysics-ice/europa_energy_library/root/dna_ice_am_rho0p5_E00957_1p5063904MeV.root,0,,1506.3904,nan,nan,nan,nan,nan,nan,nan,nan,nan,nan,,,,,0,missing_root,
958,1.51625915,1000,/Users/yoffegid/Weizmann Institute Dropbox/Gidi Yoffe/Eureka Science/Code/geant4_projects/dnaphysics-ice/europa_energy_library/root/dna_ice_am_rho0p5_E00958_1p51625915MeV.root,0,,1516.25915,nan,nan,nan,nan,nan,nan,nan,nan,nan,nan,,,,,0,missing_root,
959,1.52619255,1000,/Users/yoffegid/Weizmann Institute Dropbox/Gidi Yoffe/Eureka Science/Code/geant4_projects/dnaphysics-ice/europa_energy_library/root/dna_ice_am_rho0p5_E00959_1p52619255MeV.root,0,,1526.19255,nan,nan,nan,nan,nan,nan,nan,nan,nan,nan,,,,,0,missing_root,
960,1.53619103,1000,/Users/yoffegid/Weizmann Institute Dropbox/Gidi Yoffe/Eureka Science/Code/geant4_projects/dnaphysics-ice/europa_energy_library/root/dna_ice_am_rho0p5_E00960_1p53619103MeV.root,0,,1536.19103,nan,nan,nan,nan,nan,nan,nan,nan,nan,nan,,,,,0,missing_root,
961,1.54625501,1000,/Users/yoffegid/Weizmann Institute Dropbox/Gidi Yoffe/Eureka Science/Code/geant4_projects/dnaphysics-ice/europa_energy_library/root/dna_ice_am_rho0p5_E00961_1p54625501MeV.root,0,,1546.25501,nan,nan,nan,nan,nan,nan,nan,nan,nan,nan,,,,,0,missing_root,
962,1.55638492,1000,/Users/yoffegid/Weizmann Institute Dropbox/Gidi Yoffe/Eureka Science/Code/geant4_projects/dnaphysics-ice/europa_energy_library/root/dna_ice_am_rho0p5_E00962_1p55638492MeV.root,0,,1556.38492,nan,nan,nan,nan,nan,nan,nan,nan,nan,nan,,,,,0,missing_root,
963,1.5665812,1000,/Users/yoffegid/Weizmann Institute Dropbox/Gidi Yoffe/Eureka Science/Code/geant4_projects/dnaphysics-ice/europa_energy_library/root/dna_ice_am_rho0p5_E00963_1p5665812MeV.root,0,,1566.5812,nan,nan,nan,nan,nan,nan,nan,nan,nan,nan,,,,,0,missing_root,
964,1.57684427,1000,/Users/yoffegid/Weizmann Institute Dropbox/Gidi Yoffe/Eureka Science/Code/geant4_projects/dnaphysics-ice/europa_energy_library/root/dna_ice_am_rho0p5_E00964_1p57684427MeV.root,0,,1576.84427,nan,nan,nan,nan,nan,nan,nan,nan,nan,nan,,,,,0,missing_root,
965,1.58717458,1000,/Users/yoffegid/Weizmann Institute Dropbox/Gidi Yoffe/Eureka Science/Code/geant4_projects/dnaphysics-ice/europa_energy_library/root/dna_ice_am_rho0p5_E00965_1p58717458MeV.root,0,,1587.17458,nan,nan,nan,nan,nan,nan,nan,nan,nan,nan,,,,,0,missing_root,
966,1.59757257,1000,/Users/yoffegid/Weizmann Institute Dropbox/Gidi Yoffe/Eureka Science/Code/geant4_projects/dnaphysics-ice/europa_energy_library/root/dna_ice_am_rho0p5_E00966_1p59757257MeV.root,0,,1597.57257,nan,nan,nan,nan,nan,nan,nan,nan,nan,nan,,,,,0,missing_root,
967,1.60803867,1000,/Users/yoffegid/Weizmann Institute Dropbox/Gidi Yoffe/Eureka Science/Code/geant4_projects/dnaphysics-ice/europa_energy_library/root/dna_ice_am_rho0p5_E00967_1p60803867MeV.root,0,,1608.03867,nan,nan,nan,nan,nan,nan,nan,nan,nan,nan,,,,,0,missing_root,
968,1.61857335,1000,/Users/yoffegid/Weizmann Institute Dropbox/Gidi Yoffe/Eureka Science/Code/geant4_projects/dnaphysics-ice/europa_energy_library/root/dna_ice_am_rho0p5_E00968_1p61857335MeV.root,0,,1618.57335,nan,nan,nan,nan,nan,nan,nan,nan,nan,nan,,,,,0,missing_root,
969,1.62917703,1000,/Users/yoffegid/Weizmann Institute Dropbox/Gidi Yoffe/Eureka Science/Code/geant4_projects/dnaphysics-ice/europa_energy_library/root/dna_ice_am_rho0p5_E00969_1p62917703MeV.root,0,,1629.17703,nan,nan,nan,nan,nan,nan,nan,nan,nan,nan,,,,,0,missing_root,
970,1.63985019,1000,/Users/yoffegid/Weizmann Institute Dropbox/Gidi Yoffe/Eureka Science/Code/geant4_projects/dnaphysics-ice/europa_energy_library/root/dna_ice_am_rho0p5_E00970_1p63985019MeV.root,0,,1639.85019,nan,nan,nan,nan,nan,nan,nan,nan,nan,nan,,,,,0,missing_root,
971,1.65059327,1000,/Users/yoffegid/Weizmann Institute Dropbox/Gidi Yoffe/Eureka Science/Code/geant4_projects/dnaphysics-ice/europa_energy_library/root/dna_ice_am_rho0p5_E00971_1p65059327MeV.root,0,,1650.59327,nan,nan,nan,nan,nan,nan,nan,nan,nan,nan,,,,,0,missing_root,
972,1.66140672,1000,/Users/yoffegid/Weizmann Institute Dropbox/Gidi Yoffe/Eureka Science/Code/geant4_projects/dnaphysics-ice/europa_energy_library/root/dna_ice_am_rho0p5_E00972_1p66140672MeV.root,0,,1661.40672,nan,nan,nan,nan,nan,nan,nan,nan,nan,nan,,,,,0,missing_root,
973,1.67229102,1000,/Users/yoffegid/Weizmann Institute Dropbox/Gidi Yoffe/Eureka Science/Code/geant4_projects/dnaphysics-ice/europa_energy_library/root/dna_ice_am_rho0p5_E00973_1p67229102MeV.root,0,,1672.29102,nan,nan,nan,nan,nan,nan,nan,nan,nan,nan,,,,,0,missing_root,
974,1.68324663,1000,/Users/yoffegid/Weizmann Institute Dropbox/Gidi Yoffe/Eureka Science/Code/geant4_projects/dnaphysics-ice/europa_energy_library/root/dna_ice_am_rho0p5_E00974_1p68324663MeV.root,0,,1683.24663,nan,nan,nan,nan,nan,nan,nan,nan,nan,nan,,,,,0,missing_root,
975,1.69427401,1000,/Users/yoffegid/Weizmann Institute Dropbox/Gidi Yoffe/Eureka Science/Code/geant4_projects/dnaphysics-ice/europa_energy_library/root/dna_ice_am_rho0p5_E00975_1p69427401MeV.root,0,,1694.27401,nan,nan,nan,nan,nan,nan,nan,nan,nan,nan,,,,,0,missing_root,
976,1.70537363,1000,/Users/yoffegid/Weizmann Institute Dropbox/Gidi Yoffe/Eureka Science/Code/geant4_projects/dnaphysics-ice/europa_energy_library/root/dna_ice_am_rho0p5_E00976_1p70537363MeV.root,0,,1705.37363,nan,nan,nan,nan,nan,nan,nan,nan,nan,nan,,,,,0,missing_root,
977,1.71654597,1000,/Users/yoffegid/Weizmann Institute Dropbox/Gidi Yoffe/Eureka Science/Code/geant4_projects/dnaphysics-ice/europa_energy_library/root/dna_ice_am_rho0p5_E00977_1p71654597MeV.root,0,,1716.54597,nan,nan,nan,nan,nan,nan,nan,nan,nan,nan,,,,,0,missing_root,
978,1.7277915,1000,/Users/yoffegid/Weizmann Institute Dropbox/Gidi Yoffe/Eureka Science/Code/geant4_projects/dnaphysics-ice/europa_energy_library/root/dna_ice_am_rho0p5_E00978_1p7277915MeV.root,0,,1727.7915,nan,nan,nan,nan,nan,nan,nan,nan,nan,nan,,,,,0,missing_root,
979,1.7391107,1000,/Users/yoffegid/Weizmann Institute Dropbox/Gidi Yoffe/Eureka Science/Code/geant4_projects/dnaphysics-ice/europa_energy_library/root/dna_ice_am_rho0p5_E00979_1p7391107MeV.root,0,,1739.1107,nan,nan,nan,nan,nan,nan,nan,nan,nan,nan,,,,,0,missing_root,
980,1.75050406,1000,/Users/yoffegid/Weizmann Institute Dropbox/Gidi Yoffe/Eureka Science/Code/geant4_projects/dnaphysics-ice/europa_energy_library/root/dna_ice_am_rho0p5_E00980_1p75050406MeV.root,0,,1750.50406,nan,nan,nan,nan,nan,nan,nan,nan,nan,nan,,,,,0,missing_root,
981,1.76197206,1000,/Users/yoffegid/Weizmann Institute Dropbox/Gidi Yoffe/Eureka Science/Code/geant4_projects/dnaphysics-ice/europa_energy_library/root/dna_ice_am_rho0p5_E00981_1p76197206MeV.root,0,,1761.97206,nan,nan,nan,nan,nan,nan,nan,nan,nan,nan,,,,,0,missing_root,
982,1.77351519,1000,/Users/yoffegid/Weizmann Institute Dropbox/Gidi Yoffe/Eureka Science/Code/geant4_projects/dnaphysics-ice/europa_energy_library/root/dna_ice_am_rho0p5_E00982_1p77351519MeV.root,0,,1773.51519,nan,nan,nan,nan,nan,nan,nan,nan,nan,nan,,,,,0,missing_root,
983,1.78513394,1000,/Users/yoffegid/Weizmann Institute Dropbox/Gidi Yoffe/Eureka Science/Code/geant4_projects/dnaphysics-ice/europa_energy_library/root/dna_ice_am_rho0p5_E00983_1p78513394MeV.root,0,,1785.13394,nan,nan,nan,nan,nan,nan,nan,nan,nan,nan,,,,,0,missing_root,
984,1.79682881,1000,/Users/yoffegid/Weizmann Institute Dropbox/Gidi Yoffe/Eureka Science/Code/geant4_projects/dnaphysics-ice/europa_energy_library/root/dna_ice_am_rho0p5_E00984_1p79682881MeV.root,0,,1796.82881,nan,nan,nan,nan,nan,nan,nan,nan,nan,nan,,,,,0,missing_root,
985,1.80860029,1000,/Users/yoffegid/Weizmann Institute Dropbox/Gidi Yoffe/Eureka Science/Code/geant4_projects/dnaphysics-ice/europa_energy_library/root/dna_ice_am_rho0p5_E00985_1p80860029MeV.root,0,,1808.60029,nan,nan,nan,nan,nan,nan,nan,nan,nan,nan,,,,,0,missing_root,
986,1.8204489,1000,/Users/yoffegid/Weizmann Institute Dropbox/Gidi Yoffe/Eureka Science/Code/geant4_projects/dnaphysics-ice/europa_energy_library/root/dna_ice_am_rho0p5_E00986_1p8204489MeV.root,0,,1820.4489,nan,nan,nan,nan,nan,nan,nan,nan,nan,nan,,,,,0,missing_root,
987,1.83237512,1000,/Users/yoffegid/Weizmann Institute Dropbox/Gidi Yoffe/Eureka Science/Code/geant4_projects/dnaphysics-ice/europa_energy_library/root/dna_ice_am_rho0p5_E00987_1p83237512MeV.root,0,,1832.37512,nan,nan,nan,nan,nan,nan,nan,nan,nan,nan,,,,,0,missing_root,
988,1.84437948,1000,/Users/yoffegid/Weizmann Institute Dropbox/Gidi Yoffe/Eureka Science/Code/geant4_projects/dnaphysics-ice/europa_energy_library/root/dna_ice_am_rho0p5_E00988_1p84437948MeV.root,0,,1844.37948,nan,nan,nan,nan,nan,nan,nan,nan,nan,nan,,,,,0,missing_root,
989,1.85646248,1000,/Users/yoffegid/Weizmann Institute Dropbox/Gidi Yoffe/Eureka Science/Code/geant4_projects/dnaphysics-ice/europa_energy_library/root/dna_ice_am_rho0p5_E00989_1p85646248MeV.root,0,,1856.46248,nan,nan,nan,nan,nan,nan,nan,nan,nan,nan,,,,,0,missing_root,
990,1.86862464,1000,/Users/yoffegid/Weizmann Institute Dropbox/Gidi Yoffe/Eureka Science/Code/geant4_projects/dnaphysics-ice/europa_energy_library/root/dna_ice_am_rho0p5_E00990_1p86862464MeV.root,0,,1868.62464,nan,nan,nan,nan,nan,nan,nan,nan,nan,nan,,,,,0,missing_root,
991,1.88086648,1000,/Users/yoffegid/Weizmann Institute Dropbox/Gidi Yoffe/Eureka Science/Code/geant4_projects/dnaphysics-ice/europa_energy_library/root/dna_ice_am_rho0p5_E00991_1p88086648MeV.root,0,,1880.86648,nan,nan,nan,nan,nan,nan,nan,nan,nan,nan,,,,,0,missing_root,
992,1.89318852,1000,/Users/yoffegid/Weizmann Institute Dropbox/Gidi Yoffe/Eureka Science/Code/geant4_projects/dnaphysics-ice/europa_energy_library/root/dna_ice_am_rho0p5_E00992_1p89318852MeV.root,0,,1893.18852,nan,nan,nan,nan,nan,nan,nan,nan,nan,nan,,,,,0,missing_root,
993,1.90559128,1000,/Users/yoffegid/Weizmann Institute Dropbox/Gidi Yoffe/Eureka Science/Code/geant4_projects/dnaphysics-ice/europa_energy_library/root/dna_ice_am_rho0p5_E00993_1p90559128MeV.root,0,,1905.59128,nan,nan,nan,nan,nan,nan,nan,nan,nan,nan,,,,,0,missing_root,
994,1.91807529,1000,/Users/yoffegid/Weizmann Institute Dropbox/Gidi Yoffe/Eureka Science/Code/geant4_projects/dnaphysics-ice/europa_energy_library/root/dna_ice_am_rho0p5_E00994_1p91807529MeV.root,0,,1918.07529,nan,nan,nan,nan,nan,nan,nan,nan,nan,nan,,,,,0,missing_root,
995,1.93064109,1000,/Users/yoffegid/Weizmann Institute Dropbox/Gidi Yoffe/Eureka Science/Code/geant4_projects/dnaphysics-ice/europa_energy_library/root/dna_ice_am_rho0p5_E00995_1p93064109MeV.root,0,,1930.64109,nan,nan,nan,nan,nan,nan,nan,nan,nan,nan,,,,,0,missing_root,
996,1.94328922,1000,/Users/yoffegid/Weizmann Institute Dropbox/Gidi Yoffe/Eureka Science/Code/geant4_projects/dnaphysics-ice/europa_energy_library/root/dna_ice_am_rho0p5_E00996_1p94328922MeV.root,0,,1943.28922,nan,nan,nan,nan,nan,nan,nan,nan,nan,nan,,,,,0,missing_root,
997,1.9560202,1000,/Users/yoffegid/Weizmann Institute Dropbox/Gidi Yoffe/Eureka Science/Code/geant4_projects/dnaphysics-ice/europa_energy_library/root/dna_ice_am_rho0p5_E00997_1p9560202MeV.root,0,,1956.0202,nan,nan,nan,nan,nan,nan,nan,nan,nan,nan,,,,,0,missing_root,
998,1.96883459,1000,/Users/yoffegid/Weizmann Institute Dropbox/Gidi Yoffe/Eureka Science/Code/geant4_projects/dnaphysics-ice/europa_energy_library/root/dna_ice_am_rho0p5_E00998_1p96883459MeV.root,0,,1968.83459,nan,nan,nan,nan,nan,nan,nan,nan,nan,nan,,,,,0,missing_root,
999,1.98173293,1000,/Users/yoffegid/Weizmann Institute Dropbox/Gidi Yoffe/Eureka Science/Code/geant4_projects/dnaphysics-ice/europa_energy_library/root/dna_ice_am_rho0p5_E00999_1p98173293MeV.root,0,,1981.73293,nan,nan,nan,nan,nan,nan,nan,nan,nan,nan,,,,,0,missing_root,
1000,1.99471577,1000,/Users/yoffegid/Weizmann Institute Dropbox/Gidi Yoffe/Eureka Science/Code/geant4_projects/dnaphysics-ice/europa_energy_library/root/dna_ice_am_rho0p5_E01000_1p99471577MeV.root,0,,1994.71577,nan,nan,nan,nan,nan,nan,nan,nan,nan,nan,,,,,0,missing_root,
1001,2.00778366,1000,/Users/yoffegid/Weizmann Institute Dropbox/Gidi Yoffe/Eureka Science/Code/geant4_projects/dnaphysics-ice/europa_energy_library/root/dna_ice_am_rho0p5_E01001_2p00778366MeV.root,0,,2007.78366,nan,nan,nan,nan,nan,nan,nan,nan,nan,nan,,,,,0,missing_root,
1002,2.02093716,1000,/Users/yoffegid/Weizmann Institute Dropbox/Gidi Yoffe/Eureka Science/Code/geant4_projects/dnaphysics-ice/europa_energy_library/root/dna_ice_am_rho0p5_E01002_2p02093716MeV.root,0,,2020.93716,nan,nan,nan,nan,nan,nan,nan,nan,nan,nan,,,,,0,missing_root,
1003,2.03417684,1000,/Users/yoffegid/Weizmann Institute Dropbox/Gidi Yoffe/Eureka Science/Code/geant4_projects/dnaphysics-ice/europa_energy_library/root/dna_ice_am_rho0p5_E01003_2p03417684MeV.root,0,,2034.17684,nan,nan,nan,nan,nan,nan,nan,nan,nan,nan,,,,,0,missing_root,
1004,2.04750325,1000,/Users/yoffegid/Weizmann Institute Dropbox/Gidi Yoffe/Eureka Science/Code/geant4_projects/dnaphysics-ice/europa_energy_library/root/dna_ice_am_rho0p5_E01004_2p04750325MeV.root,0,,2047.50325,nan,nan,nan,nan,nan,nan,nan,nan,nan,nan,,,,,0,missing_root,
1005,2.06091697,1000,/Users/yoffegid/Weizmann Institute Dropbox/Gidi Yoffe/Eureka Science/Code/geant4_projects/dnaphysics-ice/europa_energy_library/root/dna_ice_am_rho0p5_E01005_2p06091697MeV.root,0,,2060.91697,nan,nan,nan,nan,nan,nan,nan,nan,nan,nan,,,,,0,missing_root,
1006,2.07441856,1000,/Users/yoffegid/Weizmann Institute Dropbox/Gidi Yoffe/Eureka Science/Code/geant4_projects/dnaphysics-ice/europa_energy_library/root/dna_ice_am_rho0p5_E01006_2p07441856MeV.root,0,,2074.41856,nan,nan,nan,nan,nan,nan,nan,nan,nan,nan,,,,,0,missing_root,
1007,2.08800861,1000,/Users/yoffegid/Weizmann Institute Dropbox/Gidi Yoffe/Eureka Science/Code/geant4_projects/dnaphysics-ice/europa_energy_library/root/dna_ice_am_rho0p5_E01007_2p08800861MeV.root,0,,2088.00861,nan,nan,nan,nan,nan,nan,nan,nan,nan,nan,,,,,0,missing_root,
1008,2.10168768,1000,/Users/yoffegid/Weizmann Institute Dropbox/Gidi Yoffe/Eureka Science/Code/geant4_projects/dnaphysics-ice/europa_energy_library/root/dna_ice_am_rho0p5_E01008_2p10168768MeV.root,0,,2101.68768,nan,nan,nan,nan,nan,nan,nan,nan,nan,nan,,,,,0,missing_root,
1009,2.11545638,1000,/Users/yoffegid/Weizmann Institute Dropbox/Gidi Yoffe/Eureka Science/Code/geant4_projects/dnaphysics-ice/europa_energy_library/root/dna_ice_am_rho0p5_E01009_2p11545638MeV.root,0,,2115.45638,nan,nan,nan,nan,nan,nan,nan,nan,nan,nan,,,,,0,missing_root,
1010,2.12931527,1000,/Users/yoffegid/Weizmann Institute Dropbox/Gidi Yoffe/Eureka Science/Code/geant4_projects/dnaphysics-ice/europa_energy_library/root/dna_ice_am_rho0p5_E01010_2p12931527MeV.root,0,,2129.31527,nan,nan,nan,nan,nan,nan,nan,nan,nan,nan,,,,,0,missing_root,
1011,2.14326496,1000,/Users/yoffegid/Weizmann Institute Dropbox/Gidi Yoffe/Eureka Science/Code/geant4_projects/dnaphysics-ice/europa_energy_library/root/dna_ice_am_rho0p5_E01011_2p14326496MeV.root,0,,2143.26496,nan,nan,nan,nan,nan,nan,nan,nan,nan,nan,,,,,0,missing_root,
1012,2.15730604,1000,/Users/yoffegid/Weizmann Institute Dropbox/Gidi Yoffe/Eureka Science/Code/geant4_projects/dnaphysics-ice/europa_energy_library/root/dna_ice_am_rho0p5_E01012_2p15730604MeV.root,0,,2157.30604,nan,nan,nan,nan,nan,nan,nan,nan,nan,nan,,,,,0,missing_root,
1013,2.1714391,1000,/Users/yoffegid/Weizmann Institute Dropbox/Gidi Yoffe/Eureka Science/Code/geant4_projects/dnaphysics-ice/europa_energy_library/root/dna_ice_am_rho0p5_E01013_2p1714391MeV.root,0,,2171.4391,nan,nan,nan,nan,nan,nan,nan,nan,nan,nan,,,,,0,missing_root,
1014,2.18566475,1000,/Users/yoffegid/Weizmann Institute Dropbox/Gidi Yoffe/Eureka Science/Code/geant4_projects/dnaphysics-ice/europa_energy_library/root/dna_ice_am_rho0p5_E01014_2p18566475MeV.root,0,,2185.66475,nan,nan,nan,nan,nan,nan,nan,nan,nan,nan,,,,,0,missing_root,
1015,2.1999836,1000,/Users/yoffegid/Weizmann Institute Dropbox/Gidi Yoffe/Eureka Science/Code/geant4_projects/dnaphysics-ice/europa_energy_library/root/dna_ice_am_rho0p5_E01015_2p1999836MeV.root,0,,2199.9836,nan,nan,nan,nan,nan,nan,nan,nan,nan,nan,,,,,0,missing_root,
1016,2.21439626,1000,/Users/yoffegid/Weizmann Institute Dropbox/Gidi Yoffe/Eureka Science/Code/geant4_projects/dnaphysics-ice/europa_energy_library/root/dna_ice_am_rho0p5_E01016_2p21439626MeV.root,0,,2214.39626,nan,nan,nan,nan,nan,nan,nan,nan,nan,nan,,,,,0,missing_root,
1017,2.22890333,1000,/Users/yoffegid/Weizmann Institute Dropbox/Gidi Yoffe/Eureka Science/Code/geant4_projects/dnaphysics-ice/europa_energy_library/root/dna_ice_am_rho0p5_E01017_2p22890333MeV.root,0,,2228.90333,nan,nan,nan,nan,nan,nan,nan,nan,nan,nan,,,,,0,missing_root,
1018,2.24350545,1000,/Users/yoffegid/Weizmann Institute Dropbox/Gidi Yoffe/Eureka Science/Code/geant4_projects/dnaphysics-ice/europa_energy_library/root/dna_ice_am_rho0p5_E01018_2p24350545MeV.root,0,,2243.50545,nan,nan,nan,nan,nan,nan,nan,nan,nan,nan,,,,,0,missing_root,
1019,2.25820322,1000,/Users/yoffegid/Weizmann Institute Dropbox/Gidi Yoffe/Eureka Science/Code/geant4_projects/dnaphysics-ice/europa_energy_library/root/dna_ice_am_rho0p5_E01019_2p25820322MeV.root,0,,2258.20322,nan,nan,nan,nan,nan,nan,nan,nan,nan,nan,,,,,0,missing_root,
1020,2.27299729,1000,/Users/yoffegid/Weizmann Institute Dropbox/Gidi Yoffe/Eureka Science/Code/geant4_projects/dnaphysics-ice/europa_energy_library/root/dna_ice_am_rho0p5_E01020_2p27299729MeV.root,0,,2272.99729,nan,nan,nan,nan,nan,nan,nan,nan,nan,nan,,,,,0,missing_root,
1021,2.28788828,1000,/Users/yoffegid/Weizmann Institute Dropbox/Gidi Yoffe/Eureka Science/Code/geant4_projects/dnaphysics-ice/europa_energy_library/root/dna_ice_am_rho0p5_E01021_2p28788828MeV.root,0,,2287.88828,nan,nan,nan,nan,nan,nan,nan,nan,nan,nan,,,,,0,missing_root,
1022,2.30287682,1000,/Users/yoffegid/Weizmann Institute Dropbox/Gidi Yoffe/Eureka Science/Code/geant4_projects/dnaphysics-ice/europa_energy_library/root/dna_ice_am_rho0p5_E01022_2p30287682MeV.root,0,,2302.87682,nan,nan,nan,nan,nan,nan,nan,nan,nan,nan,,,,,0,missing_root,
1023,2.31796355,1000,/Users/yoffegid/Weizmann Institute Dropbox/Gidi Yoffe/Eureka Science/Code/geant4_projects/dnaphysics-ice/europa_energy_library/root/dna_ice_am_rho0p5_E01023_2p31796355MeV.root,0,,2317.96355,nan,nan,nan,nan,nan,nan,nan,nan,nan,nan,,,,,0,missing_root,
1024,2.33314912,1000,/Users/yoffegid/Weizmann Institute Dropbox/Gidi Yoffe/Eureka Science/Code/geant4_projects/dnaphysics-ice/europa_energy_library/root/dna_ice_am_rho0p5_E01024_2p33314912MeV.root,0,,2333.14912,nan,nan,nan,nan,nan,nan,nan,nan,nan,nan,,,,,0,missing_root,
1025,2.34843418,1000,/Users/yoffegid/Weizmann Institute Dropbox/Gidi Yoffe/Eureka Science/Code/geant4_projects/dnaphysics-ice/europa_energy_library/root/dna_ice_am_rho0p5_E01025_2p34843418MeV.root,0,,2348.43418,nan,nan,nan,nan,nan,nan,nan,nan,nan,nan,,,,,0,missing_root,
1026,2.36381937,1000,/Users/yoffegid/Weizmann Institute Dropbox/Gidi Yoffe/Eureka Science/Code/geant4_projects/dnaphysics-ice/europa_energy_library/root/dna_ice_am_rho0p5_E01026_2p36381937MeV.root,0,,2363.81937,nan,nan,nan,nan,nan,nan,nan,nan,nan,nan,,,,,0,missing_root,
1027,2.37930536,1000,/Users/yoffegid/Weizmann Institute Dropbox/Gidi Yoffe/Eureka Science/Code/geant4_projects/dnaphysics-ice/europa_energy_library/root/dna_ice_am_rho0p5_E01027_2p37930536MeV.root,0,,2379.30536,nan,nan,nan,nan,nan,nan,nan,nan,nan,nan,,,,,0,missing_root,
1028,2.39489279,1000,/Users/yoffegid/Weizmann Institute Dropbox/Gidi Yoffe/Eureka Science/Code/geant4_projects/dnaphysics-ice/europa_energy_library/root/dna_ice_am_rho0p5_E01028_2p39489279MeV.root,0,,2394.89279,nan,nan,nan,nan,nan,nan,nan,nan,nan,nan,,,,,0,missing_root,
1029,2.41058235,1000,/Users/yoffegid/Weizmann Institute Dropbox/Gidi Yoffe/Eureka Science/Code/geant4_projects/dnaphysics-ice/europa_energy_library/root/dna_ice_am_rho0p5_E01029_2p41058235MeV.root,0,,2410.58235,nan,nan,nan,nan,nan,nan,nan,nan,nan,nan,,,,,0,missing_root,
1030,2.42637469,1000,/Users/yoffegid/Weizmann Institute Dropbox/Gidi Yoffe/Eureka Science/Code/geant4_projects/dnaphysics-ice/europa_energy_library/root/dna_ice_am_rho0p5_E01030_2p42637469MeV.root,0,,2426.37469,nan,nan,nan,nan,nan,nan,nan,nan,nan,nan,,,,,0,missing_root,
1031,2.44227049,1000,/Users/yoffegid/Weizmann Institute Dropbox/Gidi Yoffe/Eureka Science/Code/geant4_projects/dnaphysics-ice/europa_energy_library/root/dna_ice_am_rho0p5_E01031_2p44227049MeV.root,0,,2442.27049,nan,nan,nan,nan,nan,nan,nan,nan,nan,nan,,,,,0,missing_root,
1032,2.45827043,1000,/Users/yoffegid/Weizmann Institute Dropbox/Gidi Yoffe/Eureka Science/Code/geant4_projects/dnaphysics-ice/europa_energy_library/root/dna_ice_am_rho0p5_E01032_2p45827043MeV.root,0,,2458.27043,nan,nan,nan,nan,nan,nan,nan,nan,nan,nan,,,,,0,missing_root,
1033,2.47437518,1000,/Users/yoffegid/Weizmann Institute Dropbox/Gidi Yoffe/Eureka Science/Code/geant4_projects/dnaphysics-ice/europa_energy_library/root/dna_ice_am_rho0p5_E01033_2p47437518MeV.root,0,,2474.37518,nan,nan,nan,nan,nan,nan,nan,nan,nan,nan,,,,,0,missing_root,
1034,2.49058545,1000,/Users/yoffegid/Weizmann Institute Dropbox/Gidi Yoffe/Eureka Science/Code/geant4_projects/dnaphysics-ice/europa_energy_library/root/dna_ice_am_rho0p5_E01034_2p49058545MeV.root,0,,2490.58545,nan,nan,nan,nan,nan,nan,nan,nan,nan,nan,,,,,0,missing_root,
1035,2.50690191,1000,/Users/yoffegid/Weizmann Institute Dropbox/Gidi Yoffe/Eureka Science/Code/geant4_projects/dnaphysics-ice/europa_energy_library/root/dna_ice_am_rho0p5_E01035_2p50690191MeV.root,0,,2506.90191,nan,nan,nan,nan,nan,nan,nan,nan,nan,nan,,,,,0,missing_root,
1036,2.52332526,1000,/Users/yoffegid/Weizmann Institute Dropbox/Gidi Yoffe/Eureka Science/Code/geant4_projects/dnaphysics-ice/europa_energy_library/root/dna_ice_am_rho0p5_E01036_2p52332526MeV.root,0,,2523.32526,nan,nan,nan,nan,nan,nan,nan,nan,nan,nan,,,,,0,missing_root,
1037,2.53985621,1000,/Users/yoffegid/Weizmann Institute Dropbox/Gidi Yoffe/Eureka Science/Code/geant4_projects/dnaphysics-ice/europa_energy_library/root/dna_ice_am_rho0p5_E01037_2p53985621MeV.root,0,,2539.85621,nan,nan,nan,nan,nan,nan,nan,nan,nan,nan,,,,,0,missing_root,
1038,2.55649546,1000,/Users/yoffegid/Weizmann Institute Dropbox/Gidi Yoffe/Eureka Science/Code/geant4_projects/dnaphysics-ice/europa_energy_library/root/dna_ice_am_rho0p5_E01038_2p55649546MeV.root,0,,2556.49546,nan,nan,nan,nan,nan,nan,nan,nan,nan,nan,,,,,0,missing_root,
1039,2.57324371,1000,/Users/yoffegid/Weizmann Institute Dropbox/Gidi Yoffe/Eureka Science/Code/geant4_projects/dnaphysics-ice/europa_energy_library/root/dna_ice_am_rho0p5_E01039_2p57324371MeV.root,0,,2573.24371,nan,nan,nan,nan,nan,nan,nan,nan,nan,nan,,,,,0,missing_root,
1040,2.59010169,1000,/Users/yoffegid/Weizmann Institute Dropbox/Gidi Yoffe/Eureka Science/Code/geant4_projects/dnaphysics-ice/europa_energy_library/root/dna_ice_am_rho0p5_E01040_2p59010169MeV.root,0,,2590.10169,nan,nan,nan,nan,nan,nan,nan,nan,nan,nan,,,,,0,missing_root,
1041,2.60707011,1000,/Users/yoffegid/Weizmann Institute Dropbox/Gidi Yoffe/Eureka Science/Code/geant4_projects/dnaphysics-ice/europa_energy_library/root/dna_ice_am_rho0p5_E01041_2p60707011MeV.root,0,,2607.07011,nan,nan,nan,nan,nan,nan,nan,nan,nan,nan,,,,,0,missing_root,
1042,2.62414969,1000,/Users/yoffegid/Weizmann Institute Dropbox/Gidi Yoffe/Eureka Science/Code/geant4_projects/dnaphysics-ice/europa_energy_library/root/dna_ice_am_rho0p5_E01042_2p62414969MeV.root,0,,2624.14969,nan,nan,nan,nan,nan,nan,nan,nan,nan,nan,,,,,0,missing_root,
1043,2.64134117,1000,/Users/yoffegid/Weizmann Institute Dropbox/Gidi Yoffe/Eureka Science/Code/geant4_projects/dnaphysics-ice/europa_energy_library/root/dna_ice_am_rho0p5_E01043_2p64134117MeV.root,0,,2641.34117,nan,nan,nan,nan,nan,nan,nan,nan,nan,nan,,,,,0,missing_root,
1044,2.65864527,1000,/Users/yoffegid/Weizmann Institute Dropbox/Gidi Yoffe/Eureka Science/Code/geant4_projects/dnaphysics-ice/europa_energy_library/root/dna_ice_am_rho0p5_E01044_2p65864527MeV.root,0,,2658.64527,nan,nan,nan,nan,nan,nan,nan,nan,nan,nan,,,,,0,missing_root,
1045,2.67606273,1000,/Users/yoffegid/Weizmann Institute Dropbox/Gidi Yoffe/Eureka Science/Code/geant4_projects/dnaphysics-ice/europa_energy_library/root/dna_ice_am_rho0p5_E01045_2p67606273MeV.root,0,,2676.06273,nan,nan,nan,nan,nan,nan,nan,nan,nan,nan,,,,,0,missing_root,
1046,2.6935943,1000,/Users/yoffegid/Weizmann Institute Dropbox/Gidi Yoffe/Eureka Science/Code/geant4_projects/dnaphysics-ice/europa_energy_library/root/dna_ice_am_rho0p5_E01046_2p6935943MeV.root,0,,2693.5943,nan,nan,nan,nan,nan,nan,nan,nan,nan,nan,,,,,0,missing_root,
1047,2.71124073,1000,/Users/yoffegid/Weizmann Institute Dropbox/Gidi Yoffe/Eureka Science/Code/geant4_projects/dnaphysics-ice/europa_energy_library/root/dna_ice_am_rho0p5_E01047_2p71124073MeV.root,0,,2711.24073,nan,nan,nan,nan,nan,nan,nan,nan,nan,nan,,,,,0,missing_root,
1048,2.72900276,1000,/Users/yoffegid/Weizmann Institute Dropbox/Gidi Yoffe/Eureka Science/Code/geant4_projects/dnaphysics-ice/europa_energy_library/root/dna_ice_am_rho0p5_E01048_2p72900276MeV.root,0,,2729.00276,nan,nan,nan,nan,nan,nan,nan,nan,nan,nan,,,,,0,missing_root,
1049,2.74688115,1000,/Users/yoffegid/Weizmann Institute Dropbox/Gidi Yoffe/Eureka Science/Code/geant4_projects/dnaphysics-ice/europa_energy_library/root/dna_ice_am_rho0p5_E01049_2p74688115MeV.root,0,,2746.88115,nan,nan,nan,nan,nan,nan,nan,nan,nan,nan,,,,,0,missing_root,
1050,2.76487667,1000,/Users/yoffegid/Weizmann Institute Dropbox/Gidi Yoffe/Eureka Science/Code/geant4_projects/dnaphysics-ice/europa_energy_library/root/dna_ice_am_rho0p5_E01050_2p76487667MeV.root,0,,2764.87667,nan,nan,nan,nan,nan,nan,nan,nan,nan,nan,,,,,0,missing_root,
1051,2.78299009,1000,/Users/yoffegid/Weizmann Institute Dropbox/Gidi Yoffe/Eureka Science/Code/geant4_projects/dnaphysics-ice/europa_energy_library/root/dna_ice_am_rho0p5_E01051_2p78299009MeV.root,0,,2782.99009,nan,nan,nan,nan,nan,nan,nan,nan,nan,nan,,,,,0,missing_root,
1052,2.80122216,1000,/Users/yoffegid/Weizmann Institute Dropbox/Gidi Yoffe/Eureka Science/Code/geant4_projects/dnaphysics-ice/europa_energy_library/root/dna_ice_am_rho0p5_E01052_2p80122216MeV.root,0,,2801.22216,nan,nan,nan,nan,nan,nan,nan,nan,nan,nan,,,,,0,missing_root,
1053,2.81957369,1000,/Users/yoffegid/Weizmann Institute Dropbox/Gidi Yoffe/Eureka Science/Code/geant4_projects/dnaphysics-ice/europa_energy_library/root/dna_ice_am_rho0p5_E01053_2p81957369MeV.root,0,,2819.57369,nan,nan,nan,nan,nan,nan,nan,nan,nan,nan,,,,,0,missing_root,
1054,2.83804543,1000,/Users/yoffegid/Weizmann Institute Dropbox/Gidi Yoffe/Eureka Science/Code/geant4_projects/dnaphysics-ice/europa_energy_library/root/dna_ice_am_rho0p5_E01054_2p83804543MeV.root,0,,2838.04543,nan,nan,nan,nan,nan,nan,nan,nan,nan,nan,,,,,0,missing_root,
1055,2.85663819,1000,/Users/yoffegid/Weizmann Institute Dropbox/Gidi Yoffe/Eureka Science/Code/geant4_projects/dnaphysics-ice/europa_energy_library/root/dna_ice_am_rho0p5_E01055_2p85663819MeV.root,0,,2856.63819,nan,nan,nan,nan,nan,nan,nan,nan,nan,nan,,,,,0,missing_root,
1056,2.87535276,1000,/Users/yoffegid/Weizmann Institute Dropbox/Gidi Yoffe/Eureka Science/Code/geant4_projects/dnaphysics-ice/europa_energy_library/root/dna_ice_am_rho0p5_E01056_2p87535276MeV.root,0,,2875.35276,nan,nan,nan,nan,nan,nan,nan,nan,nan,nan,,,,,0,missing_root,
1057,2.89418993,1000,/Users/yoffegid/Weizmann Institute Dropbox/Gidi Yoffe/Eureka Science/Code/geant4_projects/dnaphysics-ice/europa_energy_library/root/dna_ice_am_rho0p5_E01057_2p89418993MeV.root,0,,2894.18993,nan,nan,nan,nan,nan,nan,nan,nan,nan,nan,,,,,0,missing_root,
1058,2.91315051,1000,/Users/yoffegid/Weizmann Institute Dropbox/Gidi Yoffe/Eureka Science/Code/geant4_projects/dnaphysics-ice/europa_energy_library/root/dna_ice_am_rho0p5_E01058_2p91315051MeV.root,0,,2913.15051,nan,nan,nan,nan,nan,nan,nan,nan,nan,nan,,,,,0,missing_root,
1059,2.9322353,1000,/Users/yoffegid/Weizmann Institute Dropbox/Gidi Yoffe/Eureka Science/Code/geant4_projects/dnaphysics-ice/europa_energy_library/root/dna_ice_am_rho0p5_E01059_2p9322353MeV.root,0,,2932.2353,nan,nan,nan,nan,nan,nan,nan,nan,nan,nan,,,,,0,missing_root,
1060,2.95144513,1000,/Users/yoffegid/Weizmann Institute Dropbox/Gidi Yoffe/Eureka Science/Code/geant4_projects/dnaphysics-ice/europa_energy_library/root/dna_ice_am_rho0p5_E01060_2p95144513MeV.root,0,,2951.44513,nan,nan,nan,nan,nan,nan,nan,nan,nan,nan,,,,,0,missing_root,
1061,2.9707808,1000,/Users/yoffegid/Weizmann Institute Dropbox/Gidi Yoffe/Eureka Science/Code/geant4_projects/dnaphysics-ice/europa_energy_library/root/dna_ice_am_rho0p5_E01061_2p9707808MeV.root,0,,2970.7808,nan,nan,nan,nan,nan,nan,nan,nan,nan,nan,,,,,0,missing_root,
1062,2.99024314,1000,/Users/yoffegid/Weizmann Institute Dropbox/Gidi Yoffe/Eureka Science/Code/geant4_projects/dnaphysics-ice/europa_energy_library/root/dna_ice_am_rho0p5_E01062_2p99024314MeV.root,0,,2990.24314,nan,nan,nan,nan,nan,nan,nan,nan,nan,nan,,,,,0,missing_root,
1063,3.00983299,1000,/Users/yoffegid/Weizmann Institute Dropbox/Gidi Yoffe/Eureka Science/Code/geant4_projects/dnaphysics-ice/europa_energy_library/root/dna_ice_am_rho0p5_E01063_3p00983299MeV.root,0,,3009.83299,nan,nan,nan,nan,nan,nan,nan,nan,nan,nan,,,,,0,missing_root,
1064,3.02955117,1000,/Users/yoffegid/Weizmann Institute Dropbox/Gidi Yoffe/Eureka Science/Code/geant4_projects/dnaphysics-ice/europa_energy_library/root/dna_ice_am_rho0p5_E01064_3p02955117MeV.root,0,,3029.55117,nan,nan,nan,nan,nan,nan,nan,nan,nan,nan,,,,,0,missing_root,
1065,3.04939854,1000,/Users/yoffegid/Weizmann Institute Dropbox/Gidi Yoffe/Eureka Science/Code/geant4_projects/dnaphysics-ice/europa_energy_library/root/dna_ice_am_rho0p5_E01065_3p04939854MeV.root,0,,3049.39854,nan,nan,nan,nan,nan,nan,nan,nan,nan,nan,,,,,0,missing_root,
1066,3.06937592,1000,/Users/yoffegid/Weizmann Institute Dropbox/Gidi Yoffe/Eureka Science/Code/geant4_projects/dnaphysics-ice/europa_energy_library/root/dna_ice_am_rho0p5_E01066_3p06937592MeV.root,0,,3069.37592,nan,nan,nan,nan,nan,nan,nan,nan,nan,nan,,,,,0,missing_root,
1067,3.08948419,1000,/Users/yoffegid/Weizmann Institute Dropbox/Gidi Yoffe/Eureka Science/Code/geant4_projects/dnaphysics-ice/europa_energy_library/root/dna_ice_am_rho0p5_E01067_3p08948419MeV.root,0,,3089.48419,nan,nan,nan,nan,nan,nan,nan,nan,nan,nan,,,,,0,missing_root,
1068,3.10972419,1000,/Users/yoffegid/Weizmann Institute Dropbox/Gidi Yoffe/Eureka Science/Code/geant4_projects/dnaphysics-ice/europa_energy_library/root/dna_ice_am_rho0p5_E01068_3p10972419MeV.root,0,,3109.72419,nan,nan,nan,nan,nan,nan,nan,nan,nan,nan,,,,,0,missing_root,
1069,3.13009679,1000,/Users/yoffegid/Weizmann Institute Dropbox/Gidi Yoffe/Eureka Science/Code/geant4_projects/dnaphysics-ice/europa_energy_library/root/dna_ice_am_rho0p5_E01069_3p13009679MeV.root,0,,3130.09679,nan,nan,nan,nan,nan,nan,nan,nan,nan,nan,,,,,0,missing_root,
1070,3.15060285,1000,/Users/yoffegid/Weizmann Institute Dropbox/Gidi Yoffe/Eureka Science/Code/geant4_projects/dnaphysics-ice/europa_energy_library/root/dna_ice_am_rho0p5_E01070_3p15060285MeV.root,0,,3150.60285,nan,nan,nan,nan,nan,nan,nan,nan,nan,nan,,,,,0,missing_root,
1071,3.17124326,1000,/Users/yoffegid/Weizmann Institute Dropbox/Gidi Yoffe/Eureka Science/Code/geant4_projects/dnaphysics-ice/europa_energy_library/root/dna_ice_am_rho0p5_E01071_3p17124326MeV.root,0,,3171.24326,nan,nan,nan,nan,nan,nan,nan,nan,nan,nan,,,,,0,missing_root,
1072,3.19201888,1000,/Users/yoffegid/Weizmann Institute Dropbox/Gidi Yoffe/Eureka Science/Code/geant4_projects/dnaphysics-ice/europa_energy_library/root/dna_ice_am_rho0p5_E01072_3p19201888MeV.root,0,,3192.01888,nan,nan,nan,nan,nan,nan,nan,nan,nan,nan,,,,,0,missing_root,
1073,3.21293061,1000,/Users/yoffegid/Weizmann Institute Dropbox/Gidi Yoffe/Eureka Science/Code/geant4_projects/dnaphysics-ice/europa_energy_library/root/dna_ice_am_rho0p5_E01073_3p21293061MeV.root,0,,3212.93061,nan,nan,nan,nan,nan,nan,nan,nan,nan,nan,,,,,0,missing_root,
1074,3.23397934,1000,/Users/yoffegid/Weizmann Institute Dropbox/Gidi Yoffe/Eureka Science/Code/geant4_projects/dnaphysics-ice/europa_energy_library/root/dna_ice_am_rho0p5_E01074_3p23397934MeV.root,0,,3233.97934,nan,nan,nan,nan,nan,nan,nan,nan,nan,nan,,,,,0,missing_root,
1075,3.25516597,1000,/Users/yoffegid/Weizmann Institute Dropbox/Gidi Yoffe/Eureka Science/Code/geant4_projects/dnaphysics-ice/europa_energy_library/root/dna_ice_am_rho0p5_E01075_3p25516597MeV.root,0,,3255.16597,nan,nan,nan,nan,nan,nan,nan,nan,nan,nan,,,,,0,missing_root,
1076,3.27649139,1000,/Users/yoffegid/Weizmann Institute Dropbox/Gidi Yoffe/Eureka Science/Code/geant4_projects/dnaphysics-ice/europa_energy_library/root/dna_ice_am_rho0p5_E01076_3p27649139MeV.root,0,,3276.49139,nan,nan,nan,nan,nan,nan,nan,nan,nan,nan,,,,,0,missing_root,
1077,3.29795652,1000,/Users/yoffegid/Weizmann Institute Dropbox/Gidi Yoffe/Eureka Science/Code/geant4_projects/dnaphysics-ice/europa_energy_library/root/dna_ice_am_rho0p5_E01077_3p29795652MeV.root,0,,3297.95652,nan,nan,nan,nan,nan,nan,nan,nan,nan,nan,,,,,0,missing_root,
1078,3.31956228,1000,/Users/yoffegid/Weizmann Institute Dropbox/Gidi Yoffe/Eureka Science/Code/geant4_projects/dnaphysics-ice/europa_energy_library/root/dna_ice_am_rho0p5_E01078_3p31956228MeV.root,0,,3319.56228,nan,nan,nan,nan,nan,nan,nan,nan,nan,nan,,,,,0,missing_root,
1079,3.34130958,1000,/Users/yoffegid/Weizmann Institute Dropbox/Gidi Yoffe/Eureka Science/Code/geant4_projects/dnaphysics-ice/europa_energy_library/root/dna_ice_am_rho0p5_E01079_3p34130958MeV.root,0,,3341.30958,nan,nan,nan,nan,nan,nan,nan,nan,nan,nan,,,,,0,missing_root,
1080,3.36319935,1000,/Users/yoffegid/Weizmann Institute Dropbox/Gidi Yoffe/Eureka Science/Code/geant4_projects/dnaphysics-ice/europa_energy_library/root/dna_ice_am_rho0p5_E01080_3p36319935MeV.root,0,,3363.19935,nan,nan,nan,nan,nan,nan,nan,nan,nan,nan,,,,,0,missing_root,
1081,3.38523253,1000,/Users/yoffegid/Weizmann Institute Dropbox/Gidi Yoffe/Eureka Science/Code/geant4_projects/dnaphysics-ice/europa_energy_library/root/dna_ice_am_rho0p5_E01081_3p38523253MeV.root,0,,3385.23253,nan,nan,nan,nan,nan,nan,nan,nan,nan,nan,,,,,0,missing_root,
1082,3.40741005,1000,/Users/yoffegid/Weizmann Institute Dropbox/Gidi Yoffe/Eureka Science/Code/geant4_projects/dnaphysics-ice/europa_energy_library/root/dna_ice_am_rho0p5_E01082_3p40741005MeV.root,0,,3407.41005,nan,nan,nan,nan,nan,nan,nan,nan,nan,nan,,,,,0,missing_root,
1083,3.42973287,1000,/Users/yoffegid/Weizmann Institute Dropbox/Gidi Yoffe/Eureka Science/Code/geant4_projects/dnaphysics-ice/europa_energy_library/root/dna_ice_am_rho0p5_E01083_3p42973287MeV.root,0,,3429.73287,nan,nan,nan,nan,nan,nan,nan,nan,nan,nan,,,,,0,missing_root,
1084,3.45220192,1000,/Users/yoffegid/Weizmann Institute Dropbox/Gidi Yoffe/Eureka Science/Code/geant4_projects/dnaphysics-ice/europa_energy_library/root/dna_ice_am_rho0p5_E01084_3p45220192MeV.root,0,,3452.20192,nan,nan,nan,nan,nan,nan,nan,nan,nan,nan,,,,,0,missing_root,
1085,3.47481818,1000,/Users/yoffegid/Weizmann Institute Dropbox/Gidi Yoffe/Eureka Science/Code/geant4_projects/dnaphysics-ice/europa_energy_library/root/dna_ice_am_rho0p5_E01085_3p47481818MeV.root,0,,3474.81818,nan,nan,nan,nan,nan,nan,nan,nan,nan,nan,,,,,0,missing_root,
1086,3.4975826,1000,/Users/yoffegid/Weizmann Institute Dropbox/Gidi Yoffe/Eureka Science/Code/geant4_projects/dnaphysics-ice/europa_energy_library/root/dna_ice_am_rho0p5_E01086_3p4975826MeV.root,0,,3497.5826,nan,nan,nan,nan,nan,nan,nan,nan,nan,nan,,,,,0,missing_root,
1087,3.52049616,1000,/Users/yoffegid/Weizmann Institute Dropbox/Gidi Yoffe/Eureka Science/Code/geant4_projects/dnaphysics-ice/europa_energy_library/root/dna_ice_am_rho0p5_E01087_3p52049616MeV.root,0,,3520.49616,nan,nan,nan,nan,nan,nan,nan,nan,nan,nan,,,,,0,missing_root,
1088,3.54355983,1000,/Users/yoffegid/Weizmann Institute Dropbox/Gidi Yoffe/Eureka Science/Code/geant4_projects/dnaphysics-ice/europa_energy_library/root/dna_ice_am_rho0p5_E01088_3p54355983MeV.root,0,,3543.55983,nan,nan,nan,nan,nan,nan,nan,nan,nan,nan,,,,,0,missing_root,
1089,3.56677459,1000,/Users/yoffegid/Weizmann Institute Dropbox/Gidi Yoffe/Eureka Science/Code/geant4_projects/dnaphysics-ice/europa_energy_library/root/dna_ice_am_rho0p5_E01089_3p56677459MeV.root,0,,3566.77459,nan,nan,nan,nan,nan,nan,nan,nan,nan,nan,,,,,0,missing_root,
1090,3.59014145,1000,/Users/yoffegid/Weizmann Institute Dropbox/Gidi Yoffe/Eureka Science/Code/geant4_projects/dnaphysics-ice/europa_energy_library/root/dna_ice_am_rho0p5_E01090_3p59014145MeV.root,0,,3590.14145,nan,nan,nan,nan,nan,nan,nan,nan,nan,nan,,,,,0,missing_root,
1091,3.61366138,1000,/Users/yoffegid/Weizmann Institute Dropbox/Gidi Yoffe/Eureka Science/Code/geant4_projects/dnaphysics-ice/europa_energy_library/root/dna_ice_am_rho0p5_E01091_3p61366138MeV.root,0,,3613.66138,nan,nan,nan,nan,nan,nan,nan,nan,nan,nan,,,,,0,missing_root,
1092,3.6373354,1000,/Users/yoffegid/Weizmann Institute Dropbox/Gidi Yoffe/Eureka Science/Code/geant4_projects/dnaphysics-ice/europa_energy_library/root/dna_ice_am_rho0p5_E01092_3p6373354MeV.root,0,,3637.3354,nan,nan,nan,nan,nan,nan,nan,nan,nan,nan,,,,,0,missing_root,
1093,3.66116451,1000,/Users/yoffegid/Weizmann Institute Dropbox/Gidi Yoffe/Eureka Science/Code/geant4_projects/dnaphysics-ice/europa_energy_library/root/dna_ice_am_rho0p5_E01093_3p66116451MeV.root,0,,3661.16451,nan,nan,nan,nan,nan,nan,nan,nan,nan,nan,,,,,0,missing_root,
1094,3.68514974,1000,/Users/yoffegid/Weizmann Institute Dropbox/Gidi Yoffe/Eureka Science/Code/geant4_projects/dnaphysics-ice/europa_energy_library/root/dna_ice_am_rho0p5_E01094_3p68514974MeV.root,0,,3685.14974,nan,nan,nan,nan,nan,nan,nan,nan,nan,nan,,,,,0,missing_root,
1095,3.70929209,1000,/Users/yoffegid/Weizmann Institute Dropbox/Gidi Yoffe/Eureka Science/Code/geant4_projects/dnaphysics-ice/europa_energy_library/root/dna_ice_am_rho0p5_E01095_3p70929209MeV.root,0,,3709.29209,nan,nan,nan,nan,nan,nan,nan,nan,nan,nan,,,,,0,missing_root,
1096,3.73359261,1000,/Users/yoffegid/Weizmann Institute Dropbox/Gidi Yoffe/Eureka Science/Code/geant4_projects/dnaphysics-ice/europa_energy_library/root/dna_ice_am_rho0p5_E01096_3p73359261MeV.root,0,,3733.59261,nan,nan,nan,nan,nan,nan,nan,nan,nan,nan,,,,,0,missing_root,
1097,3.75805233,1000,/Users/yoffegid/Weizmann Institute Dropbox/Gidi Yoffe/Eureka Science/Code/geant4_projects/dnaphysics-ice/europa_energy_library/root/dna_ice_am_rho0p5_E01097_3p75805233MeV.root,0,,3758.05233,nan,nan,nan,nan,nan,nan,nan,nan,nan,nan,,,,,0,missing_root,
1098,3.78267229,1000,/Users/yoffegid/Weizmann Institute Dropbox/Gidi Yoffe/Eureka Science/Code/geant4_projects/dnaphysics-ice/europa_energy_library/root/dna_ice_am_rho0p5_E01098_3p78267229MeV.root,0,,3782.67229,nan,nan,nan,nan,nan,nan,nan,nan,nan,nan,,,,,0,missing_root,
1099,3.80745355,1000,/Users/yoffegid/Weizmann Institute Dropbox/Gidi Yoffe/Eureka Science/Code/geant4_projects/dnaphysics-ice/europa_energy_library/root/dna_ice_am_rho0p5_E01099_3p80745355MeV.root,0,,3807.45355,nan,nan,nan,nan,nan,nan,nan,nan,nan,nan,,,,,0,missing_root,
1100,3.83239715,1000,/Users/yoffegid/Weizmann Institute Dropbox/Gidi Yoffe/Eureka Science/Code/geant4_projects/dnaphysics-ice/europa_energy_library/root/dna_ice_am_rho0p5_E01100_3p83239715MeV.root,0,,3832.39715,nan,nan,nan,nan,nan,nan,nan,nan,nan,nan,,,,,0,missing_root,
1101,3.85750416,1000,/Users/yoffegid/Weizmann Institute Dropbox/Gidi Yoffe/Eureka Science/Code/geant4_projects/dnaphysics-ice/europa_energy_library/root/dna_ice_am_rho0p5_E01101_3p85750416MeV.root,0,,3857.50416,nan,nan,nan,nan,nan,nan,nan,nan,nan,nan,,,,,0,missing_root,
1102,3.88277566,1000,/Users/yoffegid/Weizmann Institute Dropbox/Gidi Yoffe/Eureka Science/Code/geant4_projects/dnaphysics-ice/europa_energy_library/root/dna_ice_am_rho0p5_E01102_3p88277566MeV.root,0,,3882.77566,nan,nan,nan,nan,nan,nan,nan,nan,nan,nan,,,,,0,missing_root,
1103,3.90821271,1000,/Users/yoffegid/Weizmann Institute Dropbox/Gidi Yoffe/Eureka Science/Code/geant4_projects/dnaphysics-ice/europa_energy_library/root/dna_ice_am_rho0p5_E01103_3p90821271MeV.root,0,,3908.21271,nan,nan,nan,nan,nan,nan,nan,nan,nan,nan,,,,,0,missing_root,
1104,3.93381641,1000,/Users/yoffegid/Weizmann Institute Dropbox/Gidi Yoffe/Eureka Science/Code/geant4_projects/dnaphysics-ice/europa_energy_library/root/dna_ice_am_rho0p5_E01104_3p93381641MeV.root,0,,3933.81641,nan,nan,nan,nan,nan,nan,nan,nan,nan,nan,,,,,0,missing_root,
1105,3.95958785,1000,/Users/yoffegid/Weizmann Institute Dropbox/Gidi Yoffe/Eureka Science/Code/geant4_projects/dnaphysics-ice/europa_energy_library/root/dna_ice_am_rho0p5_E01105_3p95958785MeV.root,0,,3959.58785,nan,nan,nan,nan,nan,nan,nan,nan,nan,nan,,,,,0,missing_root,
1106,3.98552812,1000,/Users/yoffegid/Weizmann Institute Dropbox/Gidi Yoffe/Eureka Science/Code/geant4_projects/dnaphysics-ice/europa_energy_library/root/dna_ice_am_rho0p5_E01106_3p98552812MeV.root,0,,3985.52812,nan,nan,nan,nan,nan,nan,nan,nan,nan,nan,,,,,0,missing_root,
1107,4.01163833,1000,/Users/yoffegid/Weizmann Institute Dropbox/Gidi Yoffe/Eureka Science/Code/geant4_projects/dnaphysics-ice/europa_energy_library/root/dna_ice_am_rho0p5_E01107_4p01163833MeV.root,0,,4011.63833,nan,nan,nan,nan,nan,nan,nan,nan,nan,nan,,,,,0,missing_root,
1108,4.0379196,1000,/Users/yoffegid/Weizmann Institute Dropbox/Gidi Yoffe/Eureka Science/Code/geant4_projects/dnaphysics-ice/europa_energy_library/root/dna_ice_am_rho0p5_E01108_4p0379196MeV.root,0,,4037.9196,nan,nan,nan,nan,nan,nan,nan,nan,nan,nan,,,,,0,missing_root,
1109,4.06437304,1000,/Users/yoffegid/Weizmann Institute Dropbox/Gidi Yoffe/Eureka Science/Code/geant4_projects/dnaphysics-ice/europa_energy_library/root/dna_ice_am_rho0p5_E01109_4p06437304MeV.root,0,,4064.37304,nan,nan,nan,nan,nan,nan,nan,nan,nan,nan,,,,,0,missing_root,
1110,4.09099979,1000,/Users/yoffegid/Weizmann Institute Dropbox/Gidi Yoffe/Eureka Science/Code/geant4_projects/dnaphysics-ice/europa_energy_library/root/dna_ice_am_rho0p5_E01110_4p09099979MeV.root,0,,4090.99979,nan,nan,nan,nan,nan,nan,nan,nan,nan,nan,,,,,0,missing_root,
1111,4.11780097,1000,/Users/yoffegid/Weizmann Institute Dropbox/Gidi Yoffe/Eureka Science/Code/geant4_projects/dnaphysics-ice/europa_energy_library/root/dna_ice_am_rho0p5_E01111_4p11780097MeV.root,0,,4117.80097,nan,nan,nan,nan,nan,nan,nan,nan,nan,nan,,,,,0,missing_root,
1112,4.14477774,1000,/Users/yoffegid/Weizmann Institute Dropbox/Gidi Yoffe/Eureka Science/Code/geant4_projects/dnaphysics-ice/europa_energy_library/root/dna_ice_am_rho0p5_E01112_4p14477774MeV.root,0,,4144.77774,nan,nan,nan,nan,nan,nan,nan,nan,nan,nan,,,,,0,missing_root,
1113,4.17193124,1000,/Users/yoffegid/Weizmann Institute Dropbox/Gidi Yoffe/Eureka Science/Code/geant4_projects/dnaphysics-ice/europa_energy_library/root/dna_ice_am_rho0p5_E01113_4p17193124MeV.root,0,,4171.93124,nan,nan,nan,nan,nan,nan,nan,nan,nan,nan,,,,,0,missing_root,
1114,4.19926262,1000,/Users/yoffegid/Weizmann Institute Dropbox/Gidi Yoffe/Eureka Science/Code/geant4_projects/dnaphysics-ice/europa_energy_library/root/dna_ice_am_rho0p5_E01114_4p19926262MeV.root,0,,4199.26262,nan,nan,nan,nan,nan,nan,nan,nan,nan,nan,,,,,0,missing_root,
1115,4.22677307,1000,/Users/yoffegid/Weizmann Institute Dropbox/Gidi Yoffe/Eureka Science/Code/geant4_projects/dnaphysics-ice/europa_energy_library/root/dna_ice_am_rho0p5_E01115_4p22677307MeV.root,0,,4226.77307,nan,nan,nan,nan,nan,nan,nan,nan,nan,nan,,,,,0,missing_root,
1116,4.25446374,1000,/Users/yoffegid/Weizmann Institute Dropbox/Gidi Yoffe/Eureka Science/Code/geant4_projects/dnaphysics-ice/europa_energy_library/root/dna_ice_am_rho0p5_E01116_4p25446374MeV.root,0,,4254.46374,nan,nan,nan,nan,nan,nan,nan,nan,nan,nan,,,,,0,missing_root,
1117,4.28233582,1000,/Users/yoffegid/Weizmann Institute Dropbox/Gidi Yoffe/Eureka Science/Code/geant4_projects/dnaphysics-ice/europa_energy_library/root/dna_ice_am_rho0p5_E01117_4p28233582MeV.root,0,,4282.33582,nan,nan,nan,nan,nan,nan,nan,nan,nan,nan,,,,,0,missing_root,
1118,4.31039049,1000,/Users/yoffegid/Weizmann Institute Dropbox/Gidi Yoffe/Eureka Science/Code/geant4_projects/dnaphysics-ice/europa_energy_library/root/dna_ice_am_rho0p5_E01118_4p31039049MeV.root,0,,4310.39049,nan,nan,nan,nan,nan,nan,nan,nan,nan,nan,,,,,0,missing_root,
1119,4.33862896,1000,/Users/yoffegid/Weizmann Institute Dropbox/Gidi Yoffe/Eureka Science/Code/geant4_projects/dnaphysics-ice/europa_energy_library/root/dna_ice_am_rho0p5_E01119_4p33862896MeV.root,0,,4338.62896,nan,nan,nan,nan,nan,nan,nan,nan,nan,nan,,,,,0,missing_root,
1120,4.36705243,1000,/Users/yoffegid/Weizmann Institute Dropbox/Gidi Yoffe/Eureka Science/Code/geant4_projects/dnaphysics-ice/europa_energy_library/root/dna_ice_am_rho0p5_E01120_4p36705243MeV.root,0,,4367.05243,nan,nan,nan,nan,nan,nan,nan,nan,nan,nan,,,,,0,missing_root,
1121,4.3956621,1000,/Users/yoffegid/Weizmann Institute Dropbox/Gidi Yoffe/Eureka Science/Code/geant4_projects/dnaphysics-ice/europa_energy_library/root/dna_ice_am_rho0p5_E01121_4p3956621MeV.root,0,,4395.6621,nan,nan,nan,nan,nan,nan,nan,nan,nan,nan,,,,,0,missing_root,
1122,4.42445921,1000,/Users/yoffegid/Weizmann Institute Dropbox/Gidi Yoffe/Eureka Science/Code/geant4_projects/dnaphysics-ice/europa_energy_library/root/dna_ice_am_rho0p5_E01122_4p42445921MeV.root,0,,4424.45921,nan,nan,nan,nan,nan,nan,nan,nan,nan,nan,,,,,0,missing_root,
1123,4.45344497,1000,/Users/yoffegid/Weizmann Institute Dropbox/Gidi Yoffe/Eureka Science/Code/geant4_projects/dnaphysics-ice/europa_energy_library/root/dna_ice_am_rho0p5_E01123_4p45344497MeV.root,0,,4453.44497,nan,nan,nan,nan,nan,nan,nan,nan,nan,nan,,,,,0,missing_root,
1124,4.48262063,1000,/Users/yoffegid/Weizmann Institute Dropbox/Gidi Yoffe/Eureka Science/Code/geant4_projects/dnaphysics-ice/europa_energy_library/root/dna_ice_am_rho0p5_E01124_4p48262063MeV.root,0,,4482.62063,nan,nan,nan,nan,nan,nan,nan,nan,nan,nan,,,,,0,missing_root,
1125,4.51198742,1000,/Users/yoffegid/Weizmann Institute Dropbox/Gidi Yoffe/Eureka Science/Code/geant4_projects/dnaphysics-ice/europa_energy_library/root/dna_ice_am_rho0p5_E01125_4p51198742MeV.root,0,,4511.98742,nan,nan,nan,nan,nan,nan,nan,nan,nan,nan,,,,,0,missing_root,
1126,4.5415466,1000,/Users/yoffegid/Weizmann Institute Dropbox/Gidi Yoffe/Eureka Science/Code/geant4_projects/dnaphysics-ice/europa_energy_library/root/dna_ice_am_rho0p5_E01126_4p5415466MeV.root,0,,4541.5466,nan,nan,nan,nan,nan,nan,nan,nan,nan,nan,,,,,0,missing_root,
1127,4.57129943,1000,/Users/yoffegid/Weizmann Institute Dropbox/Gidi Yoffe/Eureka Science/Code/geant4_projects/dnaphysics-ice/europa_energy_library/root/dna_ice_am_rho0p5_E01127_4p57129943MeV.root,0,,4571.29943,nan,nan,nan,nan,nan,nan,nan,nan,nan,nan,,,,,0,missing_root,
1128,4.60124719,1000,/Users/yoffegid/Weizmann Institute Dropbox/Gidi Yoffe/Eureka Science/Code/geant4_projects/dnaphysics-ice/europa_energy_library/root/dna_ice_am_rho0p5_E01128_4p60124719MeV.root,0,,4601.24719,nan,nan,nan,nan,nan,nan,nan,nan,nan,nan,,,,,0,missing_root,
1129,4.63139113,1000,/Users/yoffegid/Weizmann Institute Dropbox/Gidi Yoffe/Eureka Science/Code/geant4_projects/dnaphysics-ice/europa_energy_library/root/dna_ice_am_rho0p5_E01129_4p63139113MeV.root,0,,4631.39113,nan,nan,nan,nan,nan,nan,nan,nan,nan,nan,,,,,0,missing_root,
1130,4.66173256,1000,/Users/yoffegid/Weizmann Institute Dropbox/Gidi Yoffe/Eureka Science/Code/geant4_projects/dnaphysics-ice/europa_energy_library/root/dna_ice_am_rho0p5_E01130_4p66173256MeV.root,0,,4661.73256,nan,nan,nan,nan,nan,nan,nan,nan,nan,nan,,,,,0,missing_root,
1131,4.69227276,1000,/Users/yoffegid/Weizmann Institute Dropbox/Gidi Yoffe/Eureka Science/Code/geant4_projects/dnaphysics-ice/europa_energy_library/root/dna_ice_am_rho0p5_E01131_4p69227276MeV.root,0,,4692.27276,nan,nan,nan,nan,nan,nan,nan,nan,nan,nan,,,,,0,missing_root,
1132,4.72301304,1000,/Users/yoffegid/Weizmann Institute Dropbox/Gidi Yoffe/Eureka Science/Code/geant4_projects/dnaphysics-ice/europa_energy_library/root/dna_ice_am_rho0p5_E01132_4p72301304MeV.root,0,,4723.01304,nan,nan,nan,nan,nan,nan,nan,nan,nan,nan,,,,,0,missing_root,
1133,4.7539547,1000,/Users/yoffegid/Weizmann Institute Dropbox/Gidi Yoffe/Eureka Science/Code/geant4_projects/dnaphysics-ice/europa_energy_library/root/dna_ice_am_rho0p5_E01133_4p7539547MeV.root,0,,4753.9547,nan,nan,nan,nan,nan,nan,nan,nan,nan,nan,,,,,0,missing_root,
1134,4.78509907,1000,/Users/yoffegid/Weizmann Institute Dropbox/Gidi Yoffe/Eureka Science/Code/geant4_projects/dnaphysics-ice/europa_energy_library/root/dna_ice_am_rho0p5_E01134_4p78509907MeV.root,0,,4785.09907,nan,nan,nan,nan,nan,nan,nan,nan,nan,nan,,,,,0,missing_root,
1135,4.81644748,1000,/Users/yoffegid/Weizmann Institute Dropbox/Gidi Yoffe/Eureka Science/Code/geant4_projects/dnaphysics-ice/europa_energy_library/root/dna_ice_am_rho0p5_E01135_4p81644748MeV.root,0,,4816.44748,nan,nan,nan,nan,nan,nan,nan,nan,nan,nan,,,,,0,missing_root,
1136,4.84800126,1000,/Users/yoffegid/Weizmann Institute Dropbox/Gidi Yoffe/Eureka Science/Code/geant4_projects/dnaphysics-ice/europa_energy_library/root/dna_ice_am_rho0p5_E01136_4p84800126MeV.root,0,,4848.00126,nan,nan,nan,nan,nan,nan,nan,nan,nan,nan,,,,,0,missing_root,
1137,4.87976175,1000,/Users/yoffegid/Weizmann Institute Dropbox/Gidi Yoffe/Eureka Science/Code/geant4_projects/dnaphysics-ice/europa_energy_library/root/dna_ice_am_rho0p5_E01137_4p87976175MeV.root,0,,4879.76175,nan,nan,nan,nan,nan,nan,nan,nan,nan,nan,,,,,0,missing_root,
1138,4.91173032,1000,/Users/yoffegid/Weizmann Institute Dropbox/Gidi Yoffe/Eureka Science/Code/geant4_projects/dnaphysics-ice/europa_energy_library/root/dna_ice_am_rho0p5_E01138_4p91173032MeV.root,0,,4911.73032,nan,nan,nan,nan,nan,nan,nan,nan,nan,nan,,,,,0,missing_root,
1139,4.94390832,1000,/Users/yoffegid/Weizmann Institute Dropbox/Gidi Yoffe/Eureka Science/Code/geant4_projects/dnaphysics-ice/europa_energy_library/root/dna_ice_am_rho0p5_E01139_4p94390832MeV.root,0,,4943.90832,nan,nan,nan,nan,nan,nan,nan,nan,nan,nan,,,,,0,missing_root,
1140,4.97629713,1000,/Users/yoffegid/Weizmann Institute Dropbox/Gidi Yoffe/Eureka Science/Code/geant4_projects/dnaphysics-ice/europa_energy_library/root/dna_ice_am_rho0p5_E01140_4p97629713MeV.root,0,,4976.29713,nan,nan,nan,nan,nan,nan,nan,nan,nan,nan,,,,,0,missing_root,
1141,5.00889812,1000,/Users/yoffegid/Weizmann Institute Dropbox/Gidi Yoffe/Eureka Science/Code/geant4_projects/dnaphysics-ice/europa_energy_library/root/dna_ice_am_rho0p5_E01141_5p00889812MeV.root,0,,5008.89812,nan,nan,nan,nan,nan,nan,nan,nan,nan,nan,,,,,0,missing_root,
1142,5.04171269,1000,/Users/yoffegid/Weizmann Institute Dropbox/Gidi Yoffe/Eureka Science/Code/geant4_projects/dnaphysics-ice/europa_energy_library/root/dna_ice_am_rho0p5_E01142_5p04171269MeV.root,0,,5041.71269,nan,nan,nan,nan,nan,nan,nan,nan,nan,nan,,,,,0,missing_root,
1143,5.07474224,1000,/Users/yoffegid/Weizmann Institute Dropbox/Gidi Yoffe/Eureka Science/Code/geant4_projects/dnaphysics-ice/europa_energy_library/root/dna_ice_am_rho0p5_E01143_5p07474224MeV.root,0,,5074.74224,nan,nan,nan,nan,nan,nan,nan,nan,nan,nan,,,,,0,missing_root,
1144,5.10798817,1000,/Users/yoffegid/Weizmann Institute Dropbox/Gidi Yoffe/Eureka Science/Code/geant4_projects/dnaphysics-ice/europa_energy_library/root/dna_ice_am_rho0p5_E01144_5p10798817MeV.root,0,,5107.98817,nan,nan,nan,nan,nan,nan,nan,nan,nan,nan,,,,,0,missing_root,
1145,5.14145191,1000,/Users/yoffegid/Weizmann Institute Dropbox/Gidi Yoffe/Eureka Science/Code/geant4_projects/dnaphysics-ice/europa_energy_library/root/dna_ice_am_rho0p5_E01145_5p14145191MeV.root,0,,5141.45191,nan,nan,nan,nan,nan,nan,nan,nan,nan,nan,,,,,0,missing_root,
1146,5.17513487,1000,/Users/yoffegid/Weizmann Institute Dropbox/Gidi Yoffe/Eureka Science/Code/geant4_projects/dnaphysics-ice/europa_energy_library/root/dna_ice_am_rho0p5_E01146_5p17513487MeV.root,0,,5175.13487,nan,nan,nan,nan,nan,nan,nan,nan,nan,nan,,,,,0,missing_root,
1147,5.2090385,1000,/Users/yoffegid/Weizmann Institute Dropbox/Gidi Yoffe/Eureka Science/Code/geant4_projects/dnaphysics-ice/europa_energy_library/root/dna_ice_am_rho0p5_E01147_5p2090385MeV.root,0,,5209.0385,nan,nan,nan,nan,nan,nan,nan,nan,nan,nan,,,,,0,missing_root,
1148,5.24316424,1000,/Users/yoffegid/Weizmann Institute Dropbox/Gidi Yoffe/Eureka Science/Code/geant4_projects/dnaphysics-ice/europa_energy_library/root/dna_ice_am_rho0p5_E01148_5p24316424MeV.root,0,,5243.16424,nan,nan,nan,nan,nan,nan,nan,nan,nan,nan,,,,,0,missing_root,
1149,5.27751355,1000,/Users/yoffegid/Weizmann Institute Dropbox/Gidi Yoffe/Eureka Science/Code/geant4_projects/dnaphysics-ice/europa_energy_library/root/dna_ice_am_rho0p5_E01149_5p27751355MeV.root,0,,5277.51355,nan,nan,nan,nan,nan,nan,nan,nan,nan,nan,,,,,0,missing_root,
1150,5.31208789,1000,/Users/yoffegid/Weizmann Institute Dropbox/Gidi Yoffe/Eureka Science/Code/geant4_projects/dnaphysics-ice/europa_energy_library/root/dna_ice_am_rho0p5_E01150_5p31208789MeV.root,0,,5312.08789,nan,nan,nan,nan,nan,nan,nan,nan,nan,nan,,,,,0,missing_root,
1151,5.34688874,1000,/Users/yoffegid/Weizmann Institute Dropbox/Gidi Yoffe/Eureka Science/Code/geant4_projects/dnaphysics-ice/europa_energy_library/root/dna_ice_am_rho0p5_E01151_5p34688874MeV.root,0,,5346.88874,nan,nan,nan,nan,nan,nan,nan,nan,nan,nan,,,,,0,missing_root,
1152,5.38191757,1000,/Users/yoffegid/Weizmann Institute Dropbox/Gidi Yoffe/Eureka Science/Code/geant4_projects/dnaphysics-ice/europa_energy_library/root/dna_ice_am_rho0p5_E01152_5p38191757MeV.root,0,,5381.91757,nan,nan,nan,nan,nan,nan,nan,nan,nan,nan,,,,,0,missing_root,
1153,5.41717589,1000,/Users/yoffegid/Weizmann Institute Dropbox/Gidi Yoffe/Eureka Science/Code/geant4_projects/dnaphysics-ice/europa_energy_library/root/dna_ice_am_rho0p5_E01153_5p41717589MeV.root,0,,5417.17589,nan,nan,nan,nan,nan,nan,nan,nan,nan,nan,,,,,0,missing_root,
1154,5.45266519,1000,/Users/yoffegid/Weizmann Institute Dropbox/Gidi Yoffe/Eureka Science/Code/geant4_projects/dnaphysics-ice/europa_energy_library/root/dna_ice_am_rho0p5_E01154_5p45266519MeV.root,0,,5452.66519,nan,nan,nan,nan,nan,nan,nan,nan,nan,nan,,,,,0,missing_root,
1155,5.48838699,1000,/Users/yoffegid/Weizmann Institute Dropbox/Gidi Yoffe/Eureka Science/Code/geant4_projects/dnaphysics-ice/europa_energy_library/root/dna_ice_am_rho0p5_E01155_5p48838699MeV.root,0,,5488.38699,nan,nan,nan,nan,nan,nan,nan,nan,nan,nan,,,,,0,missing_root,
1156,5.52434282,1000,/Users/yoffegid/Weizmann Institute Dropbox/Gidi Yoffe/Eureka Science/Code/geant4_projects/dnaphysics-ice/europa_energy_library/root/dna_ice_am_rho0p5_E01156_5p52434282MeV.root,0,,5524.34282,nan,nan,nan,nan,nan,nan,nan,nan,nan,nan,,,,,0,missing_root,
1157,5.5605342,1000,/Users/yoffegid/Weizmann Institute Dropbox/Gidi Yoffe/Eureka Science/Code/geant4_projects/dnaphysics-ice/europa_energy_library/root/dna_ice_am_rho0p5_E01157_5p5605342MeV.root,0,,5560.5342,nan,nan,nan,nan,nan,nan,nan,nan,nan,nan,,,,,0,missing_root,
1158,5.59696268,1000,/Users/yoffegid/Weizmann Institute Dropbox/Gidi Yoffe/Eureka Science/Code/geant4_projects/dnaphysics-ice/europa_energy_library/root/dna_ice_am_rho0p5_E01158_5p59696268MeV.root,0,,5596.96268,nan,nan,nan,nan,nan,nan,nan,nan,nan,nan,,,,,0,missing_root,
1159,5.63362981,1000,/Users/yoffegid/Weizmann Institute Dropbox/Gidi Yoffe/Eureka Science/Code/geant4_projects/dnaphysics-ice/europa_energy_library/root/dna_ice_am_rho0p5_E01159_5p63362981MeV.root,0,,5633.62981,nan,nan,nan,nan,nan,nan,nan,nan,nan,nan,,,,,0,missing_root,
1160,5.67053716,1000,/Users/yoffegid/Weizmann Institute Dropbox/Gidi Yoffe/Eureka Science/Code/geant4_projects/dnaphysics-ice/europa_energy_library/root/dna_ice_am_rho0p5_E01160_5p67053716MeV.root,0,,5670.53716,nan,nan,nan,nan,nan,nan,nan,nan,nan,nan,,,,,0,missing_root,
1161,5.7076863,1000,/Users/yoffegid/Weizmann Institute Dropbox/Gidi Yoffe/Eureka Science/Code/geant4_projects/dnaphysics-ice/europa_energy_library/root/dna_ice_am_rho0p5_E01161_5p7076863MeV.root,0,,5707.6863,nan,nan,nan,nan,nan,nan,nan,nan,nan,nan,,,,,0,missing_root,
1162,5.74507881,1000,/Users/yoffegid/Weizmann Institute Dropbox/Gidi Yoffe/Eureka Science/Code/geant4_projects/dnaphysics-ice/europa_energy_library/root/dna_ice_am_rho0p5_E01162_5p74507881MeV.root,0,,5745.07881,nan,nan,nan,nan,nan,nan,nan,nan,nan,nan,,,,,0,missing_root,
1163,5.78271629,1000,/Users/yoffegid/Weizmann Institute Dropbox/Gidi Yoffe/Eureka Science/Code/geant4_projects/dnaphysics-ice/europa_energy_library/root/dna_ice_am_rho0p5_E01163_5p78271629MeV.root,0,,5782.71629,nan,nan,nan,nan,nan,nan,nan,nan,nan,nan,,,,,0,missing_root,
1164,5.82060034,1000,/Users/yoffegid/Weizmann Institute Dropbox/Gidi Yoffe/Eureka Science/Code/geant4_projects/dnaphysics-ice/europa_energy_library/root/dna_ice_am_rho0p5_E01164_5p82060034MeV.root,0,,5820.60034,nan,nan,nan,nan,nan,nan,nan,nan,nan,nan,,,,,0,missing_root,
1165,5.85873258,1000,/Users/yoffegid/Weizmann Institute Dropbox/Gidi Yoffe/Eureka Science/Code/geant4_projects/dnaphysics-ice/europa_energy_library/root/dna_ice_am_rho0p5_E01165_5p85873258MeV.root,0,,5858.73258,nan,nan,nan,nan,nan,nan,nan,nan,nan,nan,,,,,0,missing_root,
1166,5.89711463,1000,/Users/yoffegid/Weizmann Institute Dropbox/Gidi Yoffe/Eureka Science/Code/geant4_projects/dnaphysics-ice/europa_energy_library/root/dna_ice_am_rho0p5_E01166_5p89711463MeV.root,0,,5897.11463,nan,nan,nan,nan,nan,nan,nan,nan,nan,nan,,,,,0,missing_root,
1167,5.93574814,1000,/Users/yoffegid/Weizmann Institute Dropbox/Gidi Yoffe/Eureka Science/Code/geant4_projects/dnaphysics-ice/europa_energy_library/root/dna_ice_am_rho0p5_E01167_5p93574814MeV.root,0,,5935.74814,nan,nan,nan,nan,nan,nan,nan,nan,nan,nan,,,,,0,missing_root,
1168,5.97463474,1000,/Users/yoffegid/Weizmann Institute Dropbox/Gidi Yoffe/Eureka Science/Code/geant4_projects/dnaphysics-ice/europa_energy_library/root/dna_ice_am_rho0p5_E01168_5p97463474MeV.root,0,,5974.63474,nan,nan,nan,nan,nan,nan,nan,nan,nan,nan,,,,,0,missing_root,
1169,6.0137761,1000,/Users/yoffegid/Weizmann Institute Dropbox/Gidi Yoffe/Eureka Science/Code/geant4_projects/dnaphysics-ice/europa_energy_library/root/dna_ice_am_rho0p5_E01169_6p0137761MeV.root,0,,6013.7761,nan,nan,nan,nan,nan,nan,nan,nan,nan,nan,,,,,0,missing_root,
1170,6.05317388,1000,/Users/yoffegid/Weizmann Institute Dropbox/Gidi Yoffe/Eureka Science/Code/geant4_projects/dnaphysics-ice/europa_energy_library/root/dna_ice_am_rho0p5_E01170_6p05317388MeV.root,0,,6053.17388,nan,nan,nan,nan,nan,nan,nan,nan,nan,nan,,,,,0,missing_root,
1171,6.09282977,1000,/Users/yoffegid/Weizmann Institute Dropbox/Gidi Yoffe/Eureka Science/Code/geant4_projects/dnaphysics-ice/europa_energy_library/root/dna_ice_am_rho0p5_E01171_6p09282977MeV.root,0,,6092.82977,nan,nan,nan,nan,nan,nan,nan,nan,nan,nan,,,,,0,missing_root,
1172,6.13274546,1000,/Users/yoffegid/Weizmann Institute Dropbox/Gidi Yoffe/Eureka Science/Code/geant4_projects/dnaphysics-ice/europa_energy_library/root/dna_ice_am_rho0p5_E01172_6p13274546MeV.root,0,,6132.74546,nan,nan,nan,nan,nan,nan,nan,nan,nan,nan,,,,,0,missing_root,
1173,6.17292264,1000,/Users/yoffegid/Weizmann Institute Dropbox/Gidi Yoffe/Eureka Science/Code/geant4_projects/dnaphysics-ice/europa_energy_library/root/dna_ice_am_rho0p5_E01173_6p17292264MeV.root,0,,6172.92264,nan,nan,nan,nan,nan,nan,nan,nan,nan,nan,,,,,0,missing_root,
1174,6.21336303,1000,/Users/yoffegid/Weizmann Institute Dropbox/Gidi Yoffe/Eureka Science/Code/geant4_projects/dnaphysics-ice/europa_energy_library/root/dna_ice_am_rho0p5_E01174_6p21336303MeV.root,0,,6213.36303,nan,nan,nan,nan,nan,nan,nan,nan,nan,nan,,,,,0,missing_root,
1175,6.25406836,1000,/Users/yoffegid/Weizmann Institute Dropbox/Gidi Yoffe/Eureka Science/Code/geant4_projects/dnaphysics-ice/europa_energy_library/root/dna_ice_am_rho0p5_E01175_6p25406836MeV.root,0,,6254.06836,nan,nan,nan,nan,nan,nan,nan,nan,nan,nan,,,,,0,missing_root,
1176,6.29504036,1000,/Users/yoffegid/Weizmann Institute Dropbox/Gidi Yoffe/Eureka Science/Code/geant4_projects/dnaphysics-ice/europa_energy_library/root/dna_ice_am_rho0p5_E01176_6p29504036MeV.root,0,,6295.04036,nan,nan,nan,nan,nan,nan,nan,nan,nan,nan,,,,,0,missing_root,
1177,6.33628078,1000,/Users/yoffegid/Weizmann Institute Dropbox/Gidi Yoffe/Eureka Science/Code/geant4_projects/dnaphysics-ice/europa_energy_library/root/dna_ice_am_rho0p5_E01177_6p33628078MeV.root,0,,6336.28078,nan,nan,nan,nan,nan,nan,nan,nan,nan,nan,,,,,0,missing_root,
1178,6.37779137,1000,/Users/yoffegid/Weizmann Institute Dropbox/Gidi Yoffe/Eureka Science/Code/geant4_projects/dnaphysics-ice/europa_energy_library/root/dna_ice_am_rho0p5_E01178_6p37779137MeV.root,0,,6377.79137,nan,nan,nan,nan,nan,nan,nan,nan,nan,nan,,,,,0,missing_root,
1179,6.41957391,1000,/Users/yoffegid/Weizmann Institute Dropbox/Gidi Yoffe/Eureka Science/Code/geant4_projects/dnaphysics-ice/europa_energy_library/root/dna_ice_am_rho0p5_E01179_6p41957391MeV.root,0,,6419.57391,nan,nan,nan,nan,nan,nan,nan,nan,nan,nan,,,,,0,missing_root,
1180,6.46163018,1000,/Users/yoffegid/Weizmann Institute Dropbox/Gidi Yoffe/Eureka Science/Code/geant4_projects/dnaphysics-ice/europa_energy_library/root/dna_ice_am_rho0p5_E01180_6p46163018MeV.root,0,,6461.63018,nan,nan,nan,nan,nan,nan,nan,nan,nan,nan,,,,,0,missing_root,
1181,6.50396197,1000,/Users/yoffegid/Weizmann Institute Dropbox/Gidi Yoffe/Eureka Science/Code/geant4_projects/dnaphysics-ice/europa_energy_library/root/dna_ice_am_rho0p5_E01181_6p50396197MeV.root,0,,6503.96197,nan,nan,nan,nan,nan,nan,nan,nan,nan,nan,,,,,0,missing_root,
1182,6.54657109,1000,/Users/yoffegid/Weizmann Institute Dropbox/Gidi Yoffe/Eureka Science/Code/geant4_projects/dnaphysics-ice/europa_energy_library/root/dna_ice_am_rho0p5_E01182_6p54657109MeV.root,0,,6546.57109,nan,nan,nan,nan,nan,nan,nan,nan,nan,nan,,,,,0,missing_root,
1183,6.58945935,1000,/Users/yoffegid/Weizmann Institute Dropbox/Gidi Yoffe/Eureka Science/Code/geant4_projects/dnaphysics-ice/europa_energy_library/root/dna_ice_am_rho0p5_E01183_6p58945935MeV.root,0,,6589.45935,nan,nan,nan,nan,nan,nan,nan,nan,nan,nan,,,,,0,missing_root,
1184,6.63262858,1000,/Users/yoffegid/Weizmann Institute Dropbox/Gidi Yoffe/Eureka Science/Code/geant4_projects/dnaphysics-ice/europa_energy_library/root/dna_ice_am_rho0p5_E01184_6p63262858MeV.root,0,,6632.62858,nan,nan,nan,nan,nan,nan,nan,nan,nan,nan,,,,,0,missing_root,
1185,6.67608062,1000,/Users/yoffegid/Weizmann Institute Dropbox/Gidi Yoffe/Eureka Science/Code/geant4_projects/dnaphysics-ice/europa_energy_library/root/dna_ice_am_rho0p5_E01185_6p67608062MeV.root,0,,6676.08062,nan,nan,nan,nan,nan,nan,nan,nan,nan,nan,,,,,0,missing_root,
1186,6.71981733,1000,/Users/yoffegid/Weizmann Institute Dropbox/Gidi Yoffe/Eureka Science/Code/geant4_projects/dnaphysics-ice/europa_energy_library/root/dna_ice_am_rho0p5_E01186_6p71981733MeV.root,0,,6719.81733,nan,nan,nan,nan,nan,nan,nan,nan,nan,nan,,,,,0,missing_root,
1187,6.76384057,1000,/Users/yoffegid/Weizmann Institute Dropbox/Gidi Yoffe/Eureka Science/Code/geant4_projects/dnaphysics-ice/europa_energy_library/root/dna_ice_am_rho0p5_E01187_6p76384057MeV.root,0,,6763.84057,nan,nan,nan,nan,nan,nan,nan,nan,nan,nan,,,,,0,missing_root,
1188,6.80815222,1000,/Users/yoffegid/Weizmann Institute Dropbox/Gidi Yoffe/Eureka Science/Code/geant4_projects/dnaphysics-ice/europa_energy_library/root/dna_ice_am_rho0p5_E01188_6p80815222MeV.root,0,,6808.15222,nan,nan,nan,nan,nan,nan,nan,nan,nan,nan,,,,,0,missing_root,
1189,6.85275417,1000,/Users/yoffegid/Weizmann Institute Dropbox/Gidi Yoffe/Eureka Science/Code/geant4_projects/dnaphysics-ice/europa_energy_library/root/dna_ice_am_rho0p5_E01189_6p85275417MeV.root,0,,6852.75417,nan,nan,nan,nan,nan,nan,nan,nan,nan,nan,,,,,0,missing_root,
1190,6.89764831,1000,/Users/yoffegid/Weizmann Institute Dropbox/Gidi Yoffe/Eureka Science/Code/geant4_projects/dnaphysics-ice/europa_energy_library/root/dna_ice_am_rho0p5_E01190_6p89764831MeV.root,0,,6897.64831,nan,nan,nan,nan,nan,nan,nan,nan,nan,nan,,,,,0,missing_root,
1191,6.94283657,1000,/Users/yoffegid/Weizmann Institute Dropbox/Gidi Yoffe/Eureka Science/Code/geant4_projects/dnaphysics-ice/europa_energy_library/root/dna_ice_am_rho0p5_E01191_6p94283657MeV.root,0,,6942.83657,nan,nan,nan,nan,nan,nan,nan,nan,nan,nan,,,,,0,missing_root,
1192,6.98832086,1000,/Users/yoffegid/Weizmann Institute Dropbox/Gidi Yoffe/Eureka Science/Code/geant4_projects/dnaphysics-ice/europa_energy_library/root/dna_ice_am_rho0p5_E01192_6p98832086MeV.root,0,,6988.32086,nan,nan,nan,nan,nan,nan,nan,nan,nan,nan,,,,,0,missing_root,
1193,7.03410314,1000,/Users/yoffegid/Weizmann Institute Dropbox/Gidi Yoffe/Eureka Science/Code/geant4_projects/dnaphysics-ice/europa_energy_library/root/dna_ice_am_rho0p5_E01193_7p03410314MeV.root,0,,7034.10314,nan,nan,nan,nan,nan,nan,nan,nan,nan,nan,,,,,0,missing_root,
1194,7.08018534,1000,/Users/yoffegid/Weizmann Institute Dropbox/Gidi Yoffe/Eureka Science/Code/geant4_projects/dnaphysics-ice/europa_energy_library/root/dna_ice_am_rho0p5_E01194_7p08018534MeV.root,0,,7080.18534,nan,nan,nan,nan,nan,nan,nan,nan,nan,nan,,,,,0,missing_root,
1195,7.12656945,1000,/Users/yoffegid/Weizmann Institute Dropbox/Gidi Yoffe/Eureka Science/Code/geant4_projects/dnaphysics-ice/europa_energy_library/root/dna_ice_am_rho0p5_E01195_7p12656945MeV.root,0,,7126.56945,nan,nan,nan,nan,nan,nan,nan,nan,nan,nan,,,,,0,missing_root,
1196,7.17325742,1000,/Users/yoffegid/Weizmann Institute Dropbox/Gidi Yoffe/Eureka Science/Code/geant4_projects/dnaphysics-ice/europa_energy_library/root/dna_ice_am_rho0p5_E01196_7p17325742MeV.root,0,,7173.25742,nan,nan,nan,nan,nan,nan,nan,nan,nan,nan,,,,,0,missing_root,
1197,7.22025127,1000,/Users/yoffegid/Weizmann Institute Dropbox/Gidi Yoffe/Eureka Science/Code/geant4_projects/dnaphysics-ice/europa_energy_library/root/dna_ice_am_rho0p5_E01197_7p22025127MeV.root,0,,7220.25127,nan,nan,nan,nan,nan,nan,nan,nan,nan,nan,,,,,0,missing_root,
1198,7.26755298,1000,/Users/yoffegid/Weizmann Institute Dropbox/Gidi Yoffe/Eureka Science/Code/geant4_projects/dnaphysics-ice/europa_energy_library/root/dna_ice_am_rho0p5_E01198_7p26755298MeV.root,0,,7267.55298,nan,nan,nan,nan,nan,nan,nan,nan,nan,nan,,,,,0,missing_root,
1199,7.31516457,1000,/Users/yoffegid/Weizmann Institute Dropbox/Gidi Yoffe/Eureka Science/Code/geant4_projects/dnaphysics-ice/europa_energy_library/root/dna_ice_am_rho0p5_E01199_7p31516457MeV.root,0,,7315.16457,nan,nan,nan,nan,nan,nan,nan,nan,nan,nan,,,,,0,missing_root,
1200,7.36308809,1000,/Users/yoffegid/Weizmann Institute Dropbox/Gidi Yoffe/Eureka Science/Code/geant4_projects/dnaphysics-ice/europa_energy_library/root/dna_ice_am_rho0p5_E01200_7p36308809MeV.root,0,,7363.08809,nan,nan,nan,nan,nan,nan,nan,nan,nan,nan,,,,,0,missing_root,
1201,7.41132556,1000,/Users/yoffegid/Weizmann Institute Dropbox/Gidi Yoffe/Eureka Science/Code/geant4_projects/dnaphysics-ice/europa_energy_library/root/dna_ice_am_rho0p5_E01201_7p41132556MeV.root,0,,7411.32556,nan,nan,nan,nan,nan,nan,nan,nan,nan,nan,,,,,0,missing_root,
1202,7.45987904,1000,/Users/yoffegid/Weizmann Institute Dropbox/Gidi Yoffe/Eureka Science/Code/geant4_projects/dnaphysics-ice/europa_energy_library/root/dna_ice_am_rho0p5_E01202_7p45987904MeV.root,0,,7459.87904,nan,nan,nan,nan,nan,nan,nan,nan,nan,nan,,,,,0,missing_root,
1203,7.50875062,1000,/Users/yoffegid/Weizmann Institute Dropbox/Gidi Yoffe/Eureka Science/Code/geant4_projects/dnaphysics-ice/europa_energy_library/root/dna_ice_am_rho0p5_E01203_7p50875062MeV.root,0,,7508.75062,nan,nan,nan,nan,nan,nan,nan,nan,nan,nan,,,,,0,missing_root,
1204,7.55794236,1000,/Users/yoffegid/Weizmann Institute Dropbox/Gidi Yoffe/Eureka Science/Code/geant4_projects/dnaphysics-ice/europa_energy_library/root/dna_ice_am_rho0p5_E01204_7p55794236MeV.root,0,,7557.94236,nan,nan,nan,nan,nan,nan,nan,nan,nan,nan,,,,,0,missing_root,
1205,7.60745637,1000,/Users/yoffegid/Weizmann Institute Dropbox/Gidi Yoffe/Eureka Science/Code/geant4_projects/dnaphysics-ice/europa_energy_library/root/dna_ice_am_rho0p5_E01205_7p60745637MeV.root,0,,7607.45637,nan,nan,nan,nan,nan,nan,nan,nan,nan,nan,,,,,0,missing_root,
1206,7.65729476,1000,/Users/yoffegid/Weizmann Institute Dropbox/Gidi Yoffe/Eureka Science/Code/geant4_projects/dnaphysics-ice/europa_energy_library/root/dna_ice_am_rho0p5_E01206_7p65729476MeV.root,0,,7657.29476,nan,nan,nan,nan,nan,nan,nan,nan,nan,nan,,,,,0,missing_root,
1207,7.70745966,1000,/Users/yoffegid/Weizmann Institute Dropbox/Gidi Yoffe/Eureka Science/Code/geant4_projects/dnaphysics-ice/europa_energy_library/root/dna_ice_am_rho0p5_E01207_7p70745966MeV.root,0,,7707.45966,nan,nan,nan,nan,nan,nan,nan,nan,nan,nan,,,,,0,missing_root,
1208,7.75795319,1000,/Users/yoffegid/Weizmann Institute Dropbox/Gidi Yoffe/Eureka Science/Code/geant4_projects/dnaphysics-ice/europa_energy_library/root/dna_ice_am_rho0p5_E01208_7p75795319MeV.root,0,,7757.95319,nan,nan,nan,nan,nan,nan,nan,nan,nan,nan,,,,,0,missing_root,
1209,7.80877753,1000,/Users/yoffegid/Weizmann Institute Dropbox/Gidi Yoffe/Eureka Science/Code/geant4_projects/dnaphysics-ice/europa_energy_library/root/dna_ice_am_rho0p5_E01209_7p80877753MeV.root,0,,7808.77753,nan,nan,nan,nan,nan,nan,nan,nan,nan,nan,,,,,0,missing_root,
1210,7.85993482,1000,/Users/yoffegid/Weizmann Institute Dropbox/Gidi Yoffe/Eureka Science/Code/geant4_projects/dnaphysics-ice/europa_energy_library/root/dna_ice_am_rho0p5_E01210_7p85993482MeV.root,0,,7859.93482,nan,nan,nan,nan,nan,nan,nan,nan,nan,nan,,,,,0,missing_root,
1211,7.91142727,1000,/Users/yoffegid/Weizmann Institute Dropbox/Gidi Yoffe/Eureka Science/Code/geant4_projects/dnaphysics-ice/europa_energy_library/root/dna_ice_am_rho0p5_E01211_7p91142727MeV.root,0,,7911.42727,nan,nan,nan,nan,nan,nan,nan,nan,nan,nan,,,,,0,missing_root,
1212,7.96325705,1000,/Users/yoffegid/Weizmann Institute Dropbox/Gidi Yoffe/Eureka Science/Code/geant4_projects/dnaphysics-ice/europa_energy_library/root/dna_ice_am_rho0p5_E01212_7p96325705MeV.root,0,,7963.25705,nan,nan,nan,nan,nan,nan,nan,nan,nan,nan,,,,,0,missing_root,
1213,8.01542638,1000,/Users/yoffegid/Weizmann Institute Dropbox/Gidi Yoffe/Eureka Science/Code/geant4_projects/dnaphysics-ice/europa_energy_library/root/dna_ice_am_rho0p5_E01213_8p01542638MeV.root,0,,8015.42638,nan,nan,nan,nan,nan,nan,nan,nan,nan,nan,,,,,0,missing_root,
1214,8.06793748,1000,/Users/yoffegid/Weizmann Institute Dropbox/Gidi Yoffe/Eureka Science/Code/geant4_projects/dnaphysics-ice/europa_energy_library/root/dna_ice_am_rho0p5_E01214_8p06793748MeV.root,0,,8067.93748,nan,nan,nan,nan,nan,nan,nan,nan,nan,nan,,,,,0,missing_root,
1215,8.1207926,1000,/Users/yoffegid/Weizmann Institute Dropbox/Gidi Yoffe/Eureka Science/Code/geant4_projects/dnaphysics-ice/europa_energy_library/root/dna_ice_am_rho0p5_E01215_8p1207926MeV.root,0,,8120.7926,nan,nan,nan,nan,nan,nan,nan,nan,nan,nan,,,,,0,missing_root,
1216,8.17399399,1000,/Users/yoffegid/Weizmann Institute Dropbox/Gidi Yoffe/Eureka Science/Code/geant4_projects/dnaphysics-ice/europa_energy_library/root/dna_ice_am_rho0p5_E01216_8p17399399MeV.root,0,,8173.99399,nan,nan,nan,nan,nan,nan,nan,nan,nan,nan,,,,,0,missing_root,
1217,8.22754391,1000,/Users/yoffegid/Weizmann Institute Dropbox/Gidi Yoffe/Eureka Science/Code/geant4_projects/dnaphysics-ice/europa_energy_library/root/dna_ice_am_rho0p5_E01217_8p22754391MeV.root,0,,8227.54391,nan,nan,nan,nan,nan,nan,nan,nan,nan,nan,,,,,0,missing_root,
1218,8.28144466,1000,/Users/yoffegid/Weizmann Institute Dropbox/Gidi Yoffe/Eureka Science/Code/geant4_projects/dnaphysics-ice/europa_energy_library/root/dna_ice_am_rho0p5_E01218_8p28144466MeV.root,0,,8281.44466,nan,nan,nan,nan,nan,nan,nan,nan,nan,nan,,,,,0,missing_root,
1219,8.33569852,1000,/Users/yoffegid/Weizmann Institute Dropbox/Gidi Yoffe/Eureka Science/Code/geant4_projects/dnaphysics-ice/europa_energy_library/root/dna_ice_am_rho0p5_E01219_8p33569852MeV.root,0,,8335.69852,nan,nan,nan,nan,nan,nan,nan,nan,nan,nan,,,,,0,missing_root,
1220,8.39030781,1000,/Users/yoffegid/Weizmann Institute Dropbox/Gidi Yoffe/Eureka Science/Code/geant4_projects/dnaphysics-ice/europa_energy_library/root/dna_ice_am_rho0p5_E01220_8p39030781MeV.root,0,,8390.30781,nan,nan,nan,nan,nan,nan,nan,nan,nan,nan,,,,,0,missing_root,
1221,8.44527486,1000,/Users/yoffegid/Weizmann Institute Dropbox/Gidi Yoffe/Eureka Science/Code/geant4_projects/dnaphysics-ice/europa_energy_library/root/dna_ice_am_rho0p5_E01221_8p44527486MeV.root,0,,8445.27486,nan,nan,nan,nan,nan,nan,nan,nan,nan,nan,,,,,0,missing_root,
1222,8.50060201,1000,/Users/yoffegid/Weizmann Institute Dropbox/Gidi Yoffe/Eureka Science/Code/geant4_projects/dnaphysics-ice/europa_energy_library/root/dna_ice_am_rho0p5_E01222_8p50060201MeV.root,0,,8500.60201,nan,nan,nan,nan,nan,nan,nan,nan,nan,nan,,,,,0,missing_root,
1223,8.55629162,1000,/Users/yoffegid/Weizmann Institute Dropbox/Gidi Yoffe/Eureka Science/Code/geant4_projects/dnaphysics-ice/europa_energy_library/root/dna_ice_am_rho0p5_E01223_8p55629162MeV.root,0,,8556.29162,nan,nan,nan,nan,nan,nan,nan,nan,nan,nan,,,,,0,missing_root,
1224,8.61234608,1000,/Users/yoffegid/Weizmann Institute Dropbox/Gidi Yoffe/Eureka Science/Code/geant4_projects/dnaphysics-ice/europa_energy_library/root/dna_ice_am_rho0p5_E01224_8p61234608MeV.root,0,,8612.34608,nan,nan,nan,nan,nan,nan,nan,nan,nan,nan,,,,,0,missing_root,
1225,8.66876776,1000,/Users/yoffegid/Weizmann Institute Dropbox/Gidi Yoffe/Eureka Science/Code/geant4_projects/dnaphysics-ice/europa_energy_library/root/dna_ice_am_rho0p5_E01225_8p66876776MeV.root,0,,8668.76776,nan,nan,nan,nan,nan,nan,nan,nan,nan,nan,,,,,0,missing_root,
1226,8.72555907,1000,/Users/yoffegid/Weizmann Institute Dropbox/Gidi Yoffe/Eureka Science/Code/geant4_projects/dnaphysics-ice/europa_energy_library/root/dna_ice_am_rho0p5_E01226_8p72555907MeV.root,0,,8725.55907,nan,nan,nan,nan,nan,nan,nan,nan,nan,nan,,,,,0,missing_root,
1227,8.78272244,1000,/Users/yoffegid/Weizmann Institute Dropbox/Gidi Yoffe/Eureka Science/Code/geant4_projects/dnaphysics-ice/europa_energy_library/root/dna_ice_am_rho0p5_E01227_8p78272244MeV.root,0,,8782.72244,nan,nan,nan,nan,nan,nan,nan,nan,nan,nan,,,,,0,missing_root,
1228,8.84026029,1000,/Users/yoffegid/Weizmann Institute Dropbox/Gidi Yoffe/Eureka Science/Code/geant4_projects/dnaphysics-ice/europa_energy_library/root/dna_ice_am_rho0p5_E01228_8p84026029MeV.root,0,,8840.26029,nan,nan,nan,nan,nan,nan,nan,nan,nan,nan,,,,,0,missing_root,
1229,8.8981751,1000,/Users/yoffegid/Weizmann Institute Dropbox/Gidi Yoffe/Eureka Science/Code/geant4_projects/dnaphysics-ice/europa_energy_library/root/dna_ice_am_rho0p5_E01229_8p8981751MeV.root,0,,8898.1751,nan,nan,nan,nan,nan,nan,nan,nan,nan,nan,,,,,0,missing_root,
1230,8.95646932,1000,/Users/yoffegid/Weizmann Institute Dropbox/Gidi Yoffe/Eureka Science/Code/geant4_projects/dnaphysics-ice/europa_energy_library/root/dna_ice_am_rho0p5_E01230_8p95646932MeV.root,0,,8956.46932,nan,nan,nan,nan,nan,nan,nan,nan,nan,nan,,,,,0,missing_root,
1231,9.01514543,1000,/Users/yoffegid/Weizmann Institute Dropbox/Gidi Yoffe/Eureka Science/Code/geant4_projects/dnaphysics-ice/europa_energy_library/root/dna_ice_am_rho0p5_E01231_9p01514543MeV.root,0,,9015.14543,nan,nan,nan,nan,nan,nan,nan,nan,nan,nan,,,,,0,missing_root,
1232,9.07420596,1000,/Users/yoffegid/Weizmann Institute Dropbox/Gidi Yoffe/Eureka Science/Code/geant4_projects/dnaphysics-ice/europa_energy_library/root/dna_ice_am_rho0p5_E01232_9p07420596MeV.root,0,,9074.20596,nan,nan,nan,nan,nan,nan,nan,nan,nan,nan,,,,,0,missing_root,
1233,9.1336534,1000,/Users/yoffegid/Weizmann Institute Dropbox/Gidi Yoffe/Eureka Science/Code/geant4_projects/dnaphysics-ice/europa_energy_library/root/dna_ice_am_rho0p5_E01233_9p1336534MeV.root,0,,9133.6534,nan,nan,nan,nan,nan,nan,nan,nan,nan,nan,,,,,0,missing_root,
1234,9.19349029,1000,/Users/yoffegid/Weizmann Institute Dropbox/Gidi Yoffe/Eureka Science/Code/geant4_projects/dnaphysics-ice/europa_energy_library/root/dna_ice_am_rho0p5_E01234_9p19349029MeV.root,0,,9193.49029,nan,nan,nan,nan,nan,nan,nan,nan,nan,nan,,,,,0,missing_root,
1235,9.2537192,1000,/Users/yoffegid/Weizmann Institute Dropbox/Gidi Yoffe/Eureka Science/Code/geant4_projects/dnaphysics-ice/europa_energy_library/root/dna_ice_am_rho0p5_E01235_9p2537192MeV.root,0,,9253.7192,nan,nan,nan,nan,nan,nan,nan,nan,nan,nan,,,,,0,missing_root,
1236,9.31434268,1000,/Users/yoffegid/Weizmann Institute Dropbox/Gidi Yoffe/Eureka Science/Code/geant4_projects/dnaphysics-ice/europa_energy_library/root/dna_ice_am_rho0p5_E01236_9p31434268MeV.root,0,,9314.34268,nan,nan,nan,nan,nan,nan,nan,nan,nan,nan,,,,,0,missing_root,
1237,9.37536332,1000,/Users/yoffegid/Weizmann Institute Dropbox/Gidi Yoffe/Eureka Science/Code/geant4_projects/dnaphysics-ice/europa_energy_library/root/dna_ice_am_rho0p5_E01237_9p37536332MeV.root,0,,9375.36332,nan,nan,nan,nan,nan,nan,nan,nan,nan,nan,,,,,0,missing_root,
1238,9.43678372,1000,/Users/yoffegid/Weizmann Institute Dropbox/Gidi Yoffe/Eureka Science/Code/geant4_projects/dnaphysics-ice/europa_energy_library/root/dna_ice_am_rho0p5_E01238_9p43678372MeV.root,0,,9436.78372,nan,nan,nan,nan,nan,nan,nan,nan,nan,nan,,,,,0,missing_root,
1239,9.4986065,1000,/Users/yoffegid/Weizmann Institute Dropbox/Gidi Yoffe/Eureka Science/Code/geant4_projects/dnaphysics-ice/europa_energy_library/root/dna_ice_am_rho0p5_E01239_9p4986065MeV.root,0,,9498.6065,nan,nan,nan,nan,nan,nan,nan,nan,nan,nan,,,,,0,missing_root,
1240,9.56083429,1000,/Users/yoffegid/Weizmann Institute Dropbox/Gidi Yoffe/Eureka Science/Code/geant4_projects/dnaphysics-ice/europa_energy_library/root/dna_ice_am_rho0p5_E01240_9p56083429MeV.root,0,,9560.83429,nan,nan,nan,nan,nan,nan,nan,nan,nan,nan,,,,,0,missing_root,
1241,9.62346976,1000,/Users/yoffegid/Weizmann Institute Dropbox/Gidi Yoffe/Eureka Science/Code/geant4_projects/dnaphysics-ice/europa_energy_library/root/dna_ice_am_rho0p5_E01241_9p62346976MeV.root,0,,9623.46976,nan,nan,nan,nan,nan,nan,nan,nan,nan,nan,,,,,0,missing_root,
1242,9.68651557,1000,/Users/yoffegid/Weizmann Institute Dropbox/Gidi Yoffe/Eureka Science/Code/geant4_projects/dnaphysics-ice/europa_energy_library/root/dna_ice_am_rho0p5_E01242_9p68651557MeV.root,0,,9686.51557,nan,nan,nan,nan,nan,nan,nan,nan,nan,nan,,,,,0,missing_root,
1243,9.74997441,1000,/Users/yoffegid/Weizmann Institute Dropbox/Gidi Yoffe/Eureka Science/Code/geant4_projects/dnaphysics-ice/europa_energy_library/root/dna_ice_am_rho0p5_E01243_9p74997441MeV.root,0,,9749.97441,nan,nan,nan,nan,nan,nan,nan,nan,nan,nan,,,,,0,missing_root,
1244,9.81384898,1000,/Users/yoffegid/Weizmann Institute Dropbox/Gidi Yoffe/Eureka Science/Code/geant4_projects/dnaphysics-ice/europa_energy_library/root/dna_ice_am_rho0p5_E01244_9p81384898MeV.root,0,,9813.84898,nan,nan,nan,nan,nan,nan,nan,nan,nan,nan,,,,,0,missing_root,
1245,9.87814201,1000,/Users/yoffegid/Weizmann Institute Dropbox/Gidi Yoffe/Eureka Science/Code/geant4_projects/dnaphysics-ice/europa_energy_library/root/dna_ice_am_rho0p5_E01245_9p87814201MeV.root,0,,9878.14201,nan,nan,nan,nan,nan,nan,nan,nan,nan,nan,,,,,0,missing_root,
1246,9.94285625,1000,/Users/yoffegid/Weizmann Institute Dropbox/Gidi Yoffe/Eureka Science/Code/geant4_projects/dnaphysics-ice/europa_energy_library/root/dna_ice_am_rho0p5_E01246_9p94285625MeV.root,0,,9942.85625,nan,nan,nan,nan,nan,nan,nan,nan,nan,nan,,,,,0,missing_root,
1247,10.0079944,1000,/Users/yoffegid/Weizmann Institute Dropbox/Gidi Yoffe/Eureka Science/Code/geant4_projects/dnaphysics-ice/europa_energy_library/root/dna_ice_am_rho0p5_E01247_10p0079944MeV.root,0,,10007.9944,nan,nan,nan,nan,nan,nan,nan,nan,nan,nan,,,,,0,missing_root,
1248,10.0735594,1000,/Users/yoffegid/Weizmann Institute Dropbox/Gidi Yoffe/Eureka Science/Code/geant4_projects/dnaphysics-ice/europa_energy_library/root/dna_ice_am_rho0p5_E01248_10p0735594MeV.root,0,,10073.5594,nan,nan,nan,nan,nan,nan,nan,nan,nan,nan,,,,,0,missing_root,
1249,10.1395538,1000,/Users/yoffegid/Weizmann Institute Dropbox/Gidi Yoffe/Eureka Science/Code/geant4_projects/dnaphysics-ice/europa_energy_library/root/dna_ice_am_rho0p5_E01249_10p1395538MeV.root,0,,10139.5538,nan,nan,nan,nan,nan,nan,nan,nan,nan,nan,,,,,0,missing_root,
1250,10.2059806,1000,/Users/yoffegid/Weizmann Institute Dropbox/Gidi Yoffe/Eureka Science/Code/geant4_projects/dnaphysics-ice/europa_energy_library/root/dna_ice_am_rho0p5_E01250_10p2059806MeV.root,0,,10205.9806,nan,nan,nan,nan,nan,nan,nan,nan,nan,nan,,,,,0,missing_root,
1251,10.2728426,1000,/Users/yoffegid/Weizmann Institute Dropbox/Gidi Yoffe/Eureka Science/Code/geant4_projects/dnaphysics-ice/europa_energy_library/root/dna_ice_am_rho0p5_E01251_10p2728426MeV.root,0,,10272.8426,nan,nan,nan,nan,nan,nan,nan,nan,nan,nan,,,,,0,missing_root,
1252,10.3401426,1000,/Users/yoffegid/Weizmann Institute Dropbox/Gidi Yoffe/Eureka Science/Code/geant4_projects/dnaphysics-ice/europa_energy_library/root/dna_ice_am_rho0p5_E01252_10p3401426MeV.root,0,,10340.1426,nan,nan,nan,nan,nan,nan,nan,nan,nan,nan,,,,,0,missing_root,
1253,10.4078836,1000,/Users/yoffegid/Weizmann Institute Dropbox/Gidi Yoffe/Eureka Science/Code/geant4_projects/dnaphysics-ice/europa_energy_library/root/dna_ice_am_rho0p5_E01253_10p4078836MeV.root,0,,10407.8836,nan,nan,nan,nan,nan,nan,nan,nan,nan,nan,,,,,0,missing_root,
1254,10.4760683,1000,/Users/yoffegid/Weizmann Institute Dropbox/Gidi Yoffe/Eureka Science/Code/geant4_projects/dnaphysics-ice/europa_energy_library/root/dna_ice_am_rho0p5_E01254_10p4760683MeV.root,0,,10476.0683,nan,nan,nan,nan,nan,nan,nan,nan,nan,nan,,,,,0,missing_root,
1255,10.5446997,1000,/Users/yoffegid/Weizmann Institute Dropbox/Gidi Yoffe/Eureka Science/Code/geant4_projects/dnaphysics-ice/europa_energy_library/root/dna_ice_am_rho0p5_E01255_10p5446997MeV.root,0,,10544.6997,nan,nan,nan,nan,nan,nan,nan,nan,nan,nan,,,,,0,missing_root,
1256,10.6137807,1000,/Users/yoffegid/Weizmann Institute Dropbox/Gidi Yoffe/Eureka Science/Code/geant4_projects/dnaphysics-ice/europa_energy_library/root/dna_ice_am_rho0p5_E01256_10p6137807MeV.root,0,,10613.7807,nan,nan,nan,nan,nan,nan,nan,nan,nan,nan,,,,,0,missing_root,
1257,10.6833143,1000,/Users/yoffegid/Weizmann Institute Dropbox/Gidi Yoffe/Eureka Science/Code/geant4_projects/dnaphysics-ice/europa_energy_library/root/dna_ice_am_rho0p5_E01257_10p6833143MeV.root,0,,10683.3143,nan,nan,nan,nan,nan,nan,nan,nan,nan,nan,,,,,0,missing_root,
1258,10.7533034,1000,/Users/yoffegid/Weizmann Institute Dropbox/Gidi Yoffe/Eureka Science/Code/geant4_projects/dnaphysics-ice/europa_energy_library/root/dna_ice_am_rho0p5_E01258_10p7533034MeV.root,0,,10753.3034,nan,nan,nan,nan,nan,nan,nan,nan,nan,nan,,,,,0,missing_root,
1259,10.823751,1000,/Users/yoffegid/Weizmann Institute Dropbox/Gidi Yoffe/Eureka Science/Code/geant4_projects/dnaphysics-ice/europa_energy_library/root/dna_ice_am_rho0p5_E01259_10p823751MeV.root,0,,10823.751,nan,nan,nan,nan,nan,nan,nan,nan,nan,nan,,,,,0,missing_root,
1260,10.8946602,1000,/Users/yoffegid/Weizmann Institute Dropbox/Gidi Yoffe/Eureka Science/Code/geant4_projects/dnaphysics-ice/europa_energy_library/root/dna_ice_am_rho0p5_E01260_10p8946602MeV.root,0,,10894.6602,nan,nan,nan,nan,nan,nan,nan,nan,nan,nan,,,,,0,missing_root,
1261,10.9660339,1000,/Users/yoffegid/Weizmann Institute Dropbox/Gidi Yoffe/Eureka Science/Code/geant4_projects/dnaphysics-ice/europa_energy_library/root/dna_ice_am_rho0p5_E01261_10p9660339MeV.root,0,,10966.0339,nan,nan,nan,nan,nan,nan,nan,nan,nan,nan,,,,,0,missing_root,
1262,11.0378752,1000,/Users/yoffegid/Weizmann Institute Dropbox/Gidi Yoffe/Eureka Science/Code/geant4_projects/dnaphysics-ice/europa_energy_library/root/dna_ice_am_rho0p5_E01262_11p0378752MeV.root,0,,11037.8752,nan,nan,nan,nan,nan,nan,nan,nan,nan,nan,,,,,0,missing_root,
1263,11.1101871,1000,/Users/yoffegid/Weizmann Institute Dropbox/Gidi Yoffe/Eureka Science/Code/geant4_projects/dnaphysics-ice/europa_energy_library/root/dna_ice_am_rho0p5_E01263_11p1101871MeV.root,0,,11110.1871,nan,nan,nan,nan,nan,nan,nan,nan,nan,nan,,,,,0,missing_root,
1264,11.1829728,1000,/Users/yoffegid/Weizmann Institute Dropbox/Gidi Yoffe/Eureka Science/Code/geant4_projects/dnaphysics-ice/europa_energy_library/root/dna_ice_am_rho0p5_E01264_11p1829728MeV.root,0,,11182.9728,nan,nan,nan,nan,nan,nan,nan,nan,nan,nan,,,,,0,missing_root,
1265,11.2562353,1000,/Users/yoffegid/Weizmann Institute Dropbox/Gidi Yoffe/Eureka Science/Code/geant4_projects/dnaphysics-ice/europa_energy_library/root/dna_ice_am_rho0p5_E01265_11p2562353MeV.root,0,,11256.2353,nan,nan,nan,nan,nan,nan,nan,nan,nan,nan,,,,,0,missing_root,
1266,11.3299778,1000,/Users/yoffegid/Weizmann Institute Dropbox/Gidi Yoffe/Eureka Science/Code/geant4_projects/dnaphysics-ice/europa_energy_library/root/dna_ice_am_rho0p5_E01266_11p3299778MeV.root,0,,11329.9778,nan,nan,nan,nan,nan,nan,nan,nan,nan,nan,,,,,0,missing_root,
1267,11.4042034,1000,/Users/yoffegid/Weizmann Institute Dropbox/Gidi Yoffe/Eureka Science/Code/geant4_projects/dnaphysics-ice/europa_energy_library/root/dna_ice_am_rho0p5_E01267_11p4042034MeV.root,0,,11404.2034,nan,nan,nan,nan,nan,nan,nan,nan,nan,nan,,,,,0,missing_root,
1268,11.4789152,1000,/Users/yoffegid/Weizmann Institute Dropbox/Gidi Yoffe/Eureka Science/Code/geant4_projects/dnaphysics-ice/europa_energy_library/root/dna_ice_am_rho0p5_E01268_11p4789152MeV.root,0,,11478.9152,nan,nan,nan,nan,nan,nan,nan,nan,nan,nan,,,,,0,missing_root,
1269,11.5541165,1000,/Users/yoffegid/Weizmann Institute Dropbox/Gidi Yoffe/Eureka Science/Code/geant4_projects/dnaphysics-ice/europa_energy_library/root/dna_ice_am_rho0p5_E01269_11p5541165MeV.root,0,,11554.1165,nan,nan,nan,nan,nan,nan,nan,nan,nan,nan,,,,,0,missing_root,
1270,11.6298105,1000,/Users/yoffegid/Weizmann Institute Dropbox/Gidi Yoffe/Eureka Science/Code/geant4_projects/dnaphysics-ice/europa_energy_library/root/dna_ice_am_rho0p5_E01270_11p6298105MeV.root,0,,11629.8105,nan,nan,nan,nan,nan,nan,nan,nan,nan,nan,,,,,0,missing_root,
1271,11.7060003,1000,/Users/yoffegid/Weizmann Institute Dropbox/Gidi Yoffe/Eureka Science/Code/geant4_projects/dnaphysics-ice/europa_energy_library/root/dna_ice_am_rho0p5_E01271_11p7060003MeV.root,0,,11706.0003,nan,nan,nan,nan,nan,nan,nan,nan,nan,nan,,,,,0,missing_root,
1272,11.7826893,1000,/Users/yoffegid/Weizmann Institute Dropbox/Gidi Yoffe/Eureka Science/Code/geant4_projects/dnaphysics-ice/europa_energy_library/root/dna_ice_am_rho0p5_E01272_11p7826893MeV.root,0,,11782.6893,nan,nan,nan,nan,nan,nan,nan,nan,nan,nan,,,,,0,missing_root,
1273,11.8598807,1000,/Users/yoffegid/Weizmann Institute Dropbox/Gidi Yoffe/Eureka Science/Code/geant4_projects/dnaphysics-ice/europa_energy_library/root/dna_ice_am_rho0p5_E01273_11p8598807MeV.root,0,,11859.8807,nan,nan,nan,nan,nan,nan,nan,nan,nan,nan,,,,,0,missing_root,
1274,11.9375779,1000,/Users/yoffegid/Weizmann Institute Dropbox/Gidi Yoffe/Eureka Science/Code/geant4_projects/dnaphysics-ice/europa_energy_library/root/dna_ice_am_rho0p5_E01274_11p9375779MeV.root,0,,11937.5779,nan,nan,nan,nan,nan,nan,nan,nan,nan,nan,,,,,0,missing_root,
1275,12.015784,1000,/Users/yoffegid/Weizmann Institute Dropbox/Gidi Yoffe/Eureka Science/Code/geant4_projects/dnaphysics-ice/europa_energy_library/root/dna_ice_am_rho0p5_E01275_12p015784MeV.root,0,,12015.784,nan,nan,nan,nan,nan,nan,nan,nan,nan,nan,,,,,0,missing_root,
1276,12.0945024,1000,/Users/yoffegid/Weizmann Institute Dropbox/Gidi Yoffe/Eureka Science/Code/geant4_projects/dnaphysics-ice/europa_energy_library/root/dna_ice_am_rho0p5_E01276_12p0945024MeV.root,0,,12094.5024,nan,nan,nan,nan,nan,nan,nan,nan,nan,nan,,,,,0,missing_root,
1277,12.1737366,1000,/Users/yoffegid/Weizmann Institute Dropbox/Gidi Yoffe/Eureka Science/Code/geant4_projects/dnaphysics-ice/europa_energy_library/root/dna_ice_am_rho0p5_E01277_12p1737366MeV.root,0,,12173.7366,nan,nan,nan,nan,nan,nan,nan,nan,nan,nan,,,,,0,missing_root,
1278,12.2534899,1000,/Users/yoffegid/Weizmann Institute Dropbox/Gidi Yoffe/Eureka Science/Code/geant4_projects/dnaphysics-ice/europa_energy_library/root/dna_ice_am_rho0p5_E01278_12p2534899MeV.root,0,,12253.4899,nan,nan,nan,nan,nan,nan,nan,nan,nan,nan,,,,,0,missing_root,
1279,12.3337656,1000,/Users/yoffegid/Weizmann Institute Dropbox/Gidi Yoffe/Eureka Science/Code/geant4_projects/dnaphysics-ice/europa_energy_library/root/dna_ice_am_rho0p5_E01279_12p3337656MeV.root,0,,12333.7656,nan,nan,nan,nan,nan,nan,nan,nan,nan,nan,,,,,0,missing_root,
1280,12.4145673,1000,/Users/yoffegid/Weizmann Institute Dropbox/Gidi Yoffe/Eureka Science/Code/geant4_projects/dnaphysics-ice/europa_energy_library/root/dna_ice_am_rho0p5_E01280_12p4145673MeV.root,0,,12414.5673,nan,nan,nan,nan,nan,nan,nan,nan,nan,nan,,,,,0,missing_root,
1281,12.4958983,1000,/Users/yoffegid/Weizmann Institute Dropbox/Gidi Yoffe/Eureka Science/Code/geant4_projects/dnaphysics-ice/europa_energy_library/root/dna_ice_am_rho0p5_E01281_12p4958983MeV.root,0,,12495.8983,nan,nan,nan,nan,nan,nan,nan,nan,nan,nan,,,,,0,missing_root,
1282,12.5777621,1000,/Users/yoffegid/Weizmann Institute Dropbox/Gidi Yoffe/Eureka Science/Code/geant4_projects/dnaphysics-ice/europa_energy_library/root/dna_ice_am_rho0p5_E01282_12p5777621MeV.root,0,,12577.7621,nan,nan,nan,nan,nan,nan,nan,nan,nan,nan,,,,,0,missing_root,
1283,12.6601622,1000,/Users/yoffegid/Weizmann Institute Dropbox/Gidi Yoffe/Eureka Science/Code/geant4_projects/dnaphysics-ice/europa_energy_library/root/dna_ice_am_rho0p5_E01283_12p6601622MeV.root,0,,12660.1622,nan,nan,nan,nan,nan,nan,nan,nan,nan,nan,,,,,0,missing_root,
1284,12.7431022,1000,/Users/yoffegid/Weizmann Institute Dropbox/Gidi Yoffe/Eureka Science/Code/geant4_projects/dnaphysics-ice/europa_energy_library/root/dna_ice_am_rho0p5_E01284_12p7431022MeV.root,0,,12743.1022,nan,nan,nan,nan,nan,nan,nan,nan,nan,nan,,,,,0,missing_root,
1285,12.8265855,1000,/Users/yoffegid/Weizmann Institute Dropbox/Gidi Yoffe/Eureka Science/Code/geant4_projects/dnaphysics-ice/europa_energy_library/root/dna_ice_am_rho0p5_E01285_12p8265855MeV.root,0,,12826.5855,nan,nan,nan,nan,nan,nan,nan,nan,nan,nan,,,,,0,missing_root,
1286,12.9106157,1000,/Users/yoffegid/Weizmann Institute Dropbox/Gidi Yoffe/Eureka Science/Code/geant4_projects/dnaphysics-ice/europa_energy_library/root/dna_ice_am_rho0p5_E01286_12p9106157MeV.root,0,,12910.6157,nan,nan,nan,nan,nan,nan,nan,nan,nan,nan,,,,,0,missing_root,
1287,12.9951965,1000,/Users/yoffegid/Weizmann Institute Dropbox/Gidi Yoffe/Eureka Science/Code/geant4_projects/dnaphysics-ice/europa_energy_library/root/dna_ice_am_rho0p5_E01287_12p9951965MeV.root,0,,12995.1965,nan,nan,nan,nan,nan,nan,nan,nan,nan,nan,,,,,0,missing_root,
1288,13.0803313,1000,/Users/yoffegid/Weizmann Institute Dropbox/Gidi Yoffe/Eureka Science/Code/geant4_projects/dnaphysics-ice/europa_energy_library/root/dna_ice_am_rho0p5_E01288_13p0803313MeV.root,0,,13080.3313,nan,nan,nan,nan,nan,nan,nan,nan,nan,nan,,,,,0,missing_root,
1289,13.1660239,1000,/Users/yoffegid/Weizmann Institute Dropbox/Gidi Yoffe/Eureka Science/Code/geant4_projects/dnaphysics-ice/europa_energy_library/root/dna_ice_am_rho0p5_E01289_13p1660239MeV.root,0,,13166.0239,nan,nan,nan,nan,nan,nan,nan,nan,nan,nan,,,,,0,missing_root,
1290,13.2522779,1000,/Users/yoffegid/Weizmann Institute Dropbox/Gidi Yoffe/Eureka Science/Code/geant4_projects/dnaphysics-ice/europa_energy_library/root/dna_ice_am_rho0p5_E01290_13p2522779MeV.root,0,,13252.2779,nan,nan,nan,nan,nan,nan,nan,nan,nan,nan,,,,,0,missing_root,
1291,13.339097,1000,/Users/yoffegid/Weizmann Institute Dropbox/Gidi Yoffe/Eureka Science/Code/geant4_projects/dnaphysics-ice/europa_energy_library/root/dna_ice_am_rho0p5_E01291_13p339097MeV.root,0,,13339.097,nan,nan,nan,nan,nan,nan,nan,nan,nan,nan,,,,,0,missing_root,
1292,13.4264848,1000,/Users/yoffegid/Weizmann Institute Dropbox/Gidi Yoffe/Eureka Science/Code/geant4_projects/dnaphysics-ice/europa_energy_library/root/dna_ice_am_rho0p5_E01292_13p4264848MeV.root,0,,13426.4848,nan,nan,nan,nan,nan,nan,nan,nan,nan,nan,,,,,0,missing_root,
1293,13.5144451,1000,/Users/yoffegid/Weizmann Institute Dropbox/Gidi Yoffe/Eureka Science/Code/geant4_projects/dnaphysics-ice/europa_energy_library/root/dna_ice_am_rho0p5_E01293_13p5144451MeV.root,0,,13514.4451,nan,nan,nan,nan,nan,nan,nan,nan,nan,nan,,,,,0,missing_root,
1294,13.6029817,1000,/Users/yoffegid/Weizmann Institute Dropbox/Gidi Yoffe/Eureka Science/Code/geant4_projects/dnaphysics-ice/europa_energy_library/root/dna_ice_am_rho0p5_E01294_13p6029817MeV.root,0,,13602.9817,nan,nan,nan,nan,nan,nan,nan,nan,nan,nan,,,,,0,missing_root,
1295,13.6920983,1000,/Users/yoffegid/Weizmann Institute Dropbox/Gidi Yoffe/Eureka Science/Code/geant4_projects/dnaphysics-ice/europa_energy_library/root/dna_ice_am_rho0p5_E01295_13p6920983MeV.root,0,,13692.0983,nan,nan,nan,nan,nan,nan,nan,nan,nan,nan,,,,,0,missing_root,
1296,13.7817988,1000,/Users/yoffegid/Weizmann Institute Dropbox/Gidi Yoffe/Eureka Science/Code/geant4_projects/dnaphysics-ice/europa_energy_library/root/dna_ice_am_rho0p5_E01296_13p7817988MeV.root,0,,13781.7988,nan,nan,nan,nan,nan,nan,nan,nan,nan,nan,,,,,0,missing_root,
1297,13.8720869,1000,/Users/yoffegid/Weizmann Institute Dropbox/Gidi Yoffe/Eureka Science/Code/geant4_projects/dnaphysics-ice/europa_energy_library/root/dna_ice_am_rho0p5_E01297_13p8720869MeV.root,0,,13872.0869,nan,nan,nan,nan,nan,nan,nan,nan,nan,nan,,,,,0,missing_root,
1298,13.9629664,1000,/Users/yoffegid/Weizmann Institute Dropbox/Gidi Yoffe/Eureka Science/Code/geant4_projects/dnaphysics-ice/europa_energy_library/root/dna_ice_am_rho0p5_E01298_13p9629664MeV.root,0,,13962.9664,nan,nan,nan,nan,nan,nan,nan,nan,nan,nan,,,,,0,missing_root,
1299,14.0544414,1000,/Users/yoffegid/Weizmann Institute Dropbox/Gidi Yoffe/Eureka Science/Code/geant4_projects/dnaphysics-ice/europa_energy_library/root/dna_ice_am_rho0p5_E01299_14p0544414MeV.root,0,,14054.4414,nan,nan,nan,nan,nan,nan,nan,nan,nan,nan,,,,,0,missing_root,
1300,14.1465156,1000,/Users/yoffegid/Weizmann Institute Dropbox/Gidi Yoffe/Eureka Science/Code/geant4_projects/dnaphysics-ice/europa_energy_library/root/dna_ice_am_rho0p5_E01300_14p1465156MeV.root,0,,14146.5156,nan,nan,nan,nan,nan,nan,nan,nan,nan,nan,,,,,0,missing_root,
1301,14.2391931,1000,/Users/yoffegid/Weizmann Institute Dropbox/Gidi Yoffe/Eureka Science/Code/geant4_projects/dnaphysics-ice/europa_energy_library/root/dna_ice_am_rho0p5_E01301_14p2391931MeV.root,0,,14239.1931,nan,nan,nan,nan,nan,nan,nan,nan,nan,nan,,,,,0,missing_root,
1302,14.3324777,1000,/Users/yoffegid/Weizmann Institute Dropbox/Gidi Yoffe/Eureka Science/Code/geant4_projects/dnaphysics-ice/europa_energy_library/root/dna_ice_am_rho0p5_E01302_14p3324777MeV.root,0,,14332.4777,nan,nan,nan,nan,nan,nan,nan,nan,nan,nan,,,,,0,missing_root,
1303,14.4263734,1000,/Users/yoffegid/Weizmann Institute Dropbox/Gidi Yoffe/Eureka Science/Code/geant4_projects/dnaphysics-ice/europa_energy_library/root/dna_ice_am_rho0p5_E01303_14p4263734MeV.root,0,,14426.3734,nan,nan,nan,nan,nan,nan,nan,nan,nan,nan,,,,,0,missing_root,
1304,14.5208842,1000,/Users/yoffegid/Weizmann Institute Dropbox/Gidi Yoffe/Eureka Science/Code/geant4_projects/dnaphysics-ice/europa_energy_library/root/dna_ice_am_rho0p5_E01304_14p5208842MeV.root,0,,14520.8842,nan,nan,nan,nan,nan,nan,nan,nan,nan,nan,,,,,0,missing_root,
1305,14.6160143,1000,/Users/yoffegid/Weizmann Institute Dropbox/Gidi Yoffe/Eureka Science/Code/geant4_projects/dnaphysics-ice/europa_energy_library/root/dna_ice_am_rho0p5_E01305_14p6160143MeV.root,0,,14616.0143,nan,nan,nan,nan,nan,nan,nan,nan,nan,nan,,,,,0,missing_root,
1306,14.7117675,1000,/Users/yoffegid/Weizmann Institute Dropbox/Gidi Yoffe/Eureka Science/Code/geant4_projects/dnaphysics-ice/europa_energy_library/root/dna_ice_am_rho0p5_E01306_14p7117675MeV.root,0,,14711.7675,nan,nan,nan,nan,nan,nan,nan,nan,nan,nan,,,,,0,missing_root,
1307,14.8081481,1000,/Users/yoffegid/Weizmann Institute Dropbox/Gidi Yoffe/Eureka Science/Code/geant4_projects/dnaphysics-ice/europa_energy_library/root/dna_ice_am_rho0p5_E01307_14p8081481MeV.root,0,,14808.1481,nan,nan,nan,nan,nan,nan,nan,nan,nan,nan,,,,,0,missing_root,
1308,14.90516,1000,/Users/yoffegid/Weizmann Institute Dropbox/Gidi Yoffe/Eureka Science/Code/geant4_projects/dnaphysics-ice/europa_energy_library/root/dna_ice_am_rho0p5_E01308_14p90516MeV.root,0,,14905.16,nan,nan,nan,nan,nan,nan,nan,nan,nan,nan,,,,,0,missing_root,
1309,15.0028075,1000,/Users/yoffegid/Weizmann Institute Dropbox/Gidi Yoffe/Eureka Science/Code/geant4_projects/dnaphysics-ice/europa_energy_library/root/dna_ice_am_rho0p5_E01309_15p0028075MeV.root,0,,15002.8075,nan,nan,nan,nan,nan,nan,nan,nan,nan,nan,,,,,0,missing_root,
1310,15.1010948,1000,/Users/yoffegid/Weizmann Institute Dropbox/Gidi Yoffe/Eureka Science/Code/geant4_projects/dnaphysics-ice/europa_energy_library/root/dna_ice_am_rho0p5_E01310_15p1010948MeV.root,0,,15101.0948,nan,nan,nan,nan,nan,nan,nan,nan,nan,nan,,,,,0,missing_root,
1311,15.2000259,1000,/Users/yoffegid/Weizmann Institute Dropbox/Gidi Yoffe/Eureka Science/Code/geant4_projects/dnaphysics-ice/europa_energy_library/root/dna_ice_am_rho0p5_E01311_15p2000259MeV.root,0,,15200.0259,nan,nan,nan,nan,nan,nan,nan,nan,nan,nan,,,,,0,missing_root,
1312,15.2996051,1000,/Users/yoffegid/Weizmann Institute Dropbox/Gidi Yoffe/Eureka Science/Code/geant4_projects/dnaphysics-ice/europa_energy_library/root/dna_ice_am_rho0p5_E01312_15p2996051MeV.root,0,,15299.6051,nan,nan,nan,nan,nan,nan,nan,nan,nan,nan,,,,,0,missing_root,
1313,15.3998368,1000,/Users/yoffegid/Weizmann Institute Dropbox/Gidi Yoffe/Eureka Science/Code/geant4_projects/dnaphysics-ice/europa_energy_library/root/dna_ice_am_rho0p5_E01313_15p3998368MeV.root,0,,15399.8368,nan,nan,nan,nan,nan,nan,nan,nan,nan,nan,,,,,0,missing_root,
1314,15.500725,1000,/Users/yoffegid/Weizmann Institute Dropbox/Gidi Yoffe/Eureka Science/Code/geant4_projects/dnaphysics-ice/europa_energy_library/root/dna_ice_am_rho0p5_E01314_15p500725MeV.root,0,,15500.725,nan,nan,nan,nan,nan,nan,nan,nan,nan,nan,,,,,0,missing_root,
1315,15.6022742,1000,/Users/yoffegid/Weizmann Institute Dropbox/Gidi Yoffe/Eureka Science/Code/geant4_projects/dnaphysics-ice/europa_energy_library/root/dna_ice_am_rho0p5_E01315_15p6022742MeV.root,0,,15602.2742,nan,nan,nan,nan,nan,nan,nan,nan,nan,nan,,,,,0,missing_root,
1316,15.7044887,1000,/Users/yoffegid/Weizmann Institute Dropbox/Gidi Yoffe/Eureka Science/Code/geant4_projects/dnaphysics-ice/europa_energy_library/root/dna_ice_am_rho0p5_E01316_15p7044887MeV.root,0,,15704.4887,nan,nan,nan,nan,nan,nan,nan,nan,nan,nan,,,,,0,missing_root,
1317,15.8073728,1000,/Users/yoffegid/Weizmann Institute Dropbox/Gidi Yoffe/Eureka Science/Code/geant4_projects/dnaphysics-ice/europa_energy_library/root/dna_ice_am_rho0p5_E01317_15p8073728MeV.root,0,,15807.3728,nan,nan,nan,nan,nan,nan,nan,nan,nan,nan,,,,,0,missing_root,
1318,15.910931,1000,/Users/yoffegid/Weizmann Institute Dropbox/Gidi Yoffe/Eureka Science/Code/geant4_projects/dnaphysics-ice/europa_energy_library/root/dna_ice_am_rho0p5_E01318_15p910931MeV.root,0,,15910.931,nan,nan,nan,nan,nan,nan,nan,nan,nan,nan,,,,,0,missing_root,
1319,16.0151675,1000,/Users/yoffegid/Weizmann Institute Dropbox/Gidi Yoffe/Eureka Science/Code/geant4_projects/dnaphysics-ice/europa_energy_library/root/dna_ice_am_rho0p5_E01319_16p0151675MeV.root,0,,16015.1675,nan,nan,nan,nan,nan,nan,nan,nan,nan,nan,,,,,0,missing_root,
1320,16.120087,1000,/Users/yoffegid/Weizmann Institute Dropbox/Gidi Yoffe/Eureka Science/Code/geant4_projects/dnaphysics-ice/europa_energy_library/root/dna_ice_am_rho0p5_E01320_16p120087MeV.root,0,,16120.087,nan,nan,nan,nan,nan,nan,nan,nan,nan,nan,,,,,0,missing_root,
1321,16.2256938,1000,/Users/yoffegid/Weizmann Institute Dropbox/Gidi Yoffe/Eureka Science/Code/geant4_projects/dnaphysics-ice/europa_energy_library/root/dna_ice_am_rho0p5_E01321_16p2256938MeV.root,0,,16225.6938,nan,nan,nan,nan,nan,nan,nan,nan,nan,nan,,,,,0,missing_root,
1322,16.3319925,1000,/Users/yoffegid/Weizmann Institute Dropbox/Gidi Yoffe/Eureka Science/Code/geant4_projects/dnaphysics-ice/europa_energy_library/root/dna_ice_am_rho0p5_E01322_16p3319925MeV.root,0,,16331.9925,nan,nan,nan,nan,nan,nan,nan,nan,nan,nan,,,,,0,missing_root,
1323,16.4389875,1000,/Users/yoffegid/Weizmann Institute Dropbox/Gidi Yoffe/Eureka Science/Code/geant4_projects/dnaphysics-ice/europa_energy_library/root/dna_ice_am_rho0p5_E01323_16p4389875MeV.root,0,,16438.9875,nan,nan,nan,nan,nan,nan,nan,nan,nan,nan,,,,,0,missing_root,
1324,16.5466835,1000,/Users/yoffegid/Weizmann Institute Dropbox/Gidi Yoffe/Eureka Science/Code/geant4_projects/dnaphysics-ice/europa_energy_library/root/dna_ice_am_rho0p5_E01324_16p5466835MeV.root,0,,16546.6835,nan,nan,nan,nan,nan,nan,nan,nan,nan,nan,,,,,0,missing_root,
1325,16.6550851,1000,/Users/yoffegid/Weizmann Institute Dropbox/Gidi Yoffe/Eureka Science/Code/geant4_projects/dnaphysics-ice/europa_energy_library/root/dna_ice_am_rho0p5_E01325_16p6550851MeV.root,0,,16655.0851,nan,nan,nan,nan,nan,nan,nan,nan,nan,nan,,,,,0,missing_root,
1326,16.7641968,1000,/Users/yoffegid/Weizmann Institute Dropbox/Gidi Yoffe/Eureka Science/Code/geant4_projects/dnaphysics-ice/europa_energy_library/root/dna_ice_am_rho0p5_E01326_16p7641968MeV.root,0,,16764.1968,nan,nan,nan,nan,nan,nan,nan,nan,nan,nan,,,,,0,missing_root,
1327,16.8740233,1000,/Users/yoffegid/Weizmann Institute Dropbox/Gidi Yoffe/Eureka Science/Code/geant4_projects/dnaphysics-ice/europa_energy_library/root/dna_ice_am_rho0p5_E01327_16p8740233MeV.root,0,,16874.0233,nan,nan,nan,nan,nan,nan,nan,nan,nan,nan,,,,,0,missing_root,
1328,16.9845694,1000,/Users/yoffegid/Weizmann Institute Dropbox/Gidi Yoffe/Eureka Science/Code/geant4_projects/dnaphysics-ice/europa_energy_library/root/dna_ice_am_rho0p5_E01328_16p9845694MeV.root,0,,16984.5694,nan,nan,nan,nan,nan,nan,nan,nan,nan,nan,,,,,0,missing_root,
1329,17.0958396,1000,/Users/yoffegid/Weizmann Institute Dropbox/Gidi Yoffe/Eureka Science/Code/geant4_projects/dnaphysics-ice/europa_energy_library/root/dna_ice_am_rho0p5_E01329_17p0958396MeV.root,0,,17095.8396,nan,nan,nan,nan,nan,nan,nan,nan,nan,nan,,,,,0,missing_root,
1330,17.2078388,1000,/Users/yoffegid/Weizmann Institute Dropbox/Gidi Yoffe/Eureka Science/Code/geant4_projects/dnaphysics-ice/europa_energy_library/root/dna_ice_am_rho0p5_E01330_17p2078388MeV.root,0,,17207.8388,nan,nan,nan,nan,nan,nan,nan,nan,nan,nan,,,,,0,missing_root,
1331,17.3205718,1000,/Users/yoffegid/Weizmann Institute Dropbox/Gidi Yoffe/Eureka Science/Code/geant4_projects/dnaphysics-ice/europa_energy_library/root/dna_ice_am_rho0p5_E01331_17p3205718MeV.root,0,,17320.5718,nan,nan,nan,nan,nan,nan,nan,nan,nan,nan,,,,,0,missing_root,
1332,17.4340433,1000,/Users/yoffegid/Weizmann Institute Dropbox/Gidi Yoffe/Eureka Science/Code/geant4_projects/dnaphysics-ice/europa_energy_library/root/dna_ice_am_rho0p5_E01332_17p4340433MeV.root,0,,17434.0433,nan,nan,nan,nan,nan,nan,nan,nan,nan,nan,,,,,0,missing_root,
1333,17.5482582,1000,/Users/yoffegid/Weizmann Institute Dropbox/Gidi Yoffe/Eureka Science/Code/geant4_projects/dnaphysics-ice/europa_energy_library/root/dna_ice_am_rho0p5_E01333_17p5482582MeV.root,0,,17548.2582,nan,nan,nan,nan,nan,nan,nan,nan,nan,nan,,,,,0,missing_root,
1334,17.6632213,1000,/Users/yoffegid/Weizmann Institute Dropbox/Gidi Yoffe/Eureka Science/Code/geant4_projects/dnaphysics-ice/europa_energy_library/root/dna_ice_am_rho0p5_E01334_17p6632213MeV.root,0,,17663.2213,nan,nan,nan,nan,nan,nan,nan,nan,nan,nan,,,,,0,missing_root,
1335,17.7789376,1000,/Users/yoffegid/Weizmann Institute Dropbox/Gidi Yoffe/Eureka Science/Code/geant4_projects/dnaphysics-ice/europa_energy_library/root/dna_ice_am_rho0p5_E01335_17p7789376MeV.root,0,,17778.9376,nan,nan,nan,nan,nan,nan,nan,nan,nan,nan,,,,,0,missing_root,
1336,17.8954119,1000,/Users/yoffegid/Weizmann Institute Dropbox/Gidi Yoffe/Eureka Science/Code/geant4_projects/dnaphysics-ice/europa_energy_library/root/dna_ice_am_rho0p5_E01336_17p8954119MeV.root,0,,17895.4119,nan,nan,nan,nan,nan,nan,nan,nan,nan,nan,,,,,0,missing_root,
1337,18.0126493,1000,/Users/yoffegid/Weizmann Institute Dropbox/Gidi Yoffe/Eureka Science/Code/geant4_projects/dnaphysics-ice/europa_energy_library/root/dna_ice_am_rho0p5_E01337_18p0126493MeV.root,0,,18012.6493,nan,nan,nan,nan,nan,nan,nan,nan,nan,nan,,,,,0,missing_root,
1338,18.1306548,1000,/Users/yoffegid/Weizmann Institute Dropbox/Gidi Yoffe/Eureka Science/Code/geant4_projects/dnaphysics-ice/europa_energy_library/root/dna_ice_am_rho0p5_E01338_18p1306548MeV.root,0,,18130.6548,nan,nan,nan,nan,nan,nan,nan,nan,nan,nan,,,,,0,missing_root,
1339,18.2494334,1000,/Users/yoffegid/Weizmann Institute Dropbox/Gidi Yoffe/Eureka Science/Code/geant4_projects/dnaphysics-ice/europa_energy_library/root/dna_ice_am_rho0p5_E01339_18p2494334MeV.root,0,,18249.4334,nan,nan,nan,nan,nan,nan,nan,nan,nan,nan,,,,,0,missing_root,
1340,18.3689901,1000,/Users/yoffegid/Weizmann Institute Dropbox/Gidi Yoffe/Eureka Science/Code/geant4_projects/dnaphysics-ice/europa_energy_library/root/dna_ice_am_rho0p5_E01340_18p3689901MeV.root,0,,18368.9901,nan,nan,nan,nan,nan,nan,nan,nan,nan,nan,,,,,0,missing_root,
1341,18.48933,1000,/Users/yoffegid/Weizmann Institute Dropbox/Gidi Yoffe/Eureka Science/Code/geant4_projects/dnaphysics-ice/europa_energy_library/root/dna_ice_am_rho0p5_E01341_18p48933MeV.root,0,,18489.33,nan,nan,nan,nan,nan,nan,nan,nan,nan,nan,,,,,0,missing_root,
1342,18.6104583,1000,/Users/yoffegid/Weizmann Institute Dropbox/Gidi Yoffe/Eureka Science/Code/geant4_projects/dnaphysics-ice/europa_energy_library/root/dna_ice_am_rho0p5_E01342_18p6104583MeV.root,0,,18610.4583,nan,nan,nan,nan,nan,nan,nan,nan,nan,nan,,,,,0,missing_root,
1343,18.7323802,1000,/Users/yoffegid/Weizmann Institute Dropbox/Gidi Yoffe/Eureka Science/Code/geant4_projects/dnaphysics-ice/europa_energy_library/root/dna_ice_am_rho0p5_E01343_18p7323802MeV.root,0,,18732.3802,nan,nan,nan,nan,nan,nan,nan,nan,nan,nan,,,,,0,missing_root,
1344,18.8551008,1000,/Users/yoffegid/Weizmann Institute Dropbox/Gidi Yoffe/Eureka Science/Code/geant4_projects/dnaphysics-ice/europa_energy_library/root/dna_ice_am_rho0p5_E01344_18p8551008MeV.root,0,,18855.1008,nan,nan,nan,nan,nan,nan,nan,nan,nan,nan,,,,,0,missing_root,
1345,18.9786254,1000,/Users/yoffegid/Weizmann Institute Dropbox/Gidi Yoffe/Eureka Science/Code/geant4_projects/dnaphysics-ice/europa_energy_library/root/dna_ice_am_rho0p5_E01345_18p9786254MeV.root,0,,18978.6254,nan,nan,nan,nan,nan,nan,nan,nan,nan,nan,,,,,0,missing_root,
1346,19.1029592,1000,/Users/yoffegid/Weizmann Institute Dropbox/Gidi Yoffe/Eureka Science/Code/geant4_projects/dnaphysics-ice/europa_energy_library/root/dna_ice_am_rho0p5_E01346_19p1029592MeV.root,0,,19102.9592,nan,nan,nan,nan,nan,nan,nan,nan,nan,nan,,,,,0,missing_root,
1347,19.2281076,1000,/Users/yoffegid/Weizmann Institute Dropbox/Gidi Yoffe/Eureka Science/Code/geant4_projects/dnaphysics-ice/europa_energy_library/root/dna_ice_am_rho0p5_E01347_19p2281076MeV.root,0,,19228.1076,nan,nan,nan,nan,nan,nan,nan,nan,nan,nan,,,,,0,missing_root,
1348,19.3540758,1000,/Users/yoffegid/Weizmann Institute Dropbox/Gidi Yoffe/Eureka Science/Code/geant4_projects/dnaphysics-ice/europa_energy_library/root/dna_ice_am_rho0p5_E01348_19p3540758MeV.root,0,,19354.0758,nan,nan,nan,nan,nan,nan,nan,nan,nan,nan,,,,,0,missing_root,
1349,19.4808693,1000,/Users/yoffegid/Weizmann Institute Dropbox/Gidi Yoffe/Eureka Science/Code/geant4_projects/dnaphysics-ice/europa_energy_library/root/dna_ice_am_rho0p5_E01349_19p4808693MeV.root,0,,19480.8693,nan,nan,nan,nan,nan,nan,nan,nan,nan,nan,,,,,0,missing_root,
1350,19.6084935,1000,/Users/yoffegid/Weizmann Institute Dropbox/Gidi Yoffe/Eureka Science/Code/geant4_projects/dnaphysics-ice/europa_energy_library/root/dna_ice_am_rho0p5_E01350_19p6084935MeV.root,0,,19608.4935,nan,nan,nan,nan,nan,nan,nan,nan,nan,nan,,,,,0,missing_root,
1351,19.7369537,1000,/Users/yoffegid/Weizmann Institute Dropbox/Gidi Yoffe/Eureka Science/Code/geant4_projects/dnaphysics-ice/europa_energy_library/root/dna_ice_am_rho0p5_E01351_19p7369537MeV.root,0,,19736.9537,nan,nan,nan,nan,nan,nan,nan,nan,nan,nan,,,,,0,missing_root,
1352,19.8662555,1000,/Users/yoffegid/Weizmann Institute Dropbox/Gidi Yoffe/Eureka Science/Code/geant4_projects/dnaphysics-ice/europa_energy_library/root/dna_ice_am_rho0p5_E01352_19p8662555MeV.root,0,,19866.2555,nan,nan,nan,nan,nan,nan,nan,nan,nan,nan,,,,,0,missing_root,
1353,19.9964045,1000,/Users/yoffegid/Weizmann Institute Dropbox/Gidi Yoffe/Eureka Science/Code/geant4_projects/dnaphysics-ice/europa_energy_library/root/dna_ice_am_rho0p5_E01353_19p9964045MeV.root,0,,19996.4045,nan,nan,nan,nan,nan,nan,nan,nan,nan,nan,,,,,0,missing_root,
1354,20.127406,1000,/Users/yoffegid/Weizmann Institute Dropbox/Gidi Yoffe/Eureka Science/Code/geant4_projects/dnaphysics-ice/europa_energy_library/root/dna_ice_am_rho0p5_E01354_20p127406MeV.root,0,,20127.406,nan,nan,nan,nan,nan,nan,nan,nan,nan,nan,,,,,0,missing_root,
1355,20.2592658,1000,/Users/yoffegid/Weizmann Institute Dropbox/Gidi Yoffe/Eureka Science/Code/geant4_projects/dnaphysics-ice/europa_energy_library/root/dna_ice_am_rho0p5_E01355_20p2592658MeV.root,0,,20259.2658,nan,nan,nan,nan,nan,nan,nan,nan,nan,nan,,,,,0,missing_root,
1356,20.3919894,1000,/Users/yoffegid/Weizmann Institute Dropbox/Gidi Yoffe/Eureka Science/Code/geant4_projects/dnaphysics-ice/europa_energy_library/root/dna_ice_am_rho0p5_E01356_20p3919894MeV.root,0,,20391.9894,nan,nan,nan,nan,nan,nan,nan,nan,nan,nan,,,,,0,missing_root,
1357,20.5255826,1000,/Users/yoffegid/Weizmann Institute Dropbox/Gidi Yoffe/Eureka Science/Code/geant4_projects/dnaphysics-ice/europa_energy_library/root/dna_ice_am_rho0p5_E01357_20p5255826MeV.root,0,,20525.5826,nan,nan,nan,nan,nan,nan,nan,nan,nan,nan,,,,,0,missing_root,
1358,20.6600509,1000,/Users/yoffegid/Weizmann Institute Dropbox/Gidi Yoffe/Eureka Science/Code/geant4_projects/dnaphysics-ice/europa_energy_library/root/dna_ice_am_rho0p5_E01358_20p6600509MeV.root,0,,20660.0509,nan,nan,nan,nan,nan,nan,nan,nan,nan,nan,,,,,0,missing_root,
1359,20.7954002,1000,/Users/yoffegid/Weizmann Institute Dropbox/Gidi Yoffe/Eureka Science/Code/geant4_projects/dnaphysics-ice/europa_energy_library/root/dna_ice_am_rho0p5_E01359_20p7954002MeV.root,0,,20795.4002,nan,nan,nan,nan,nan,nan,nan,nan,nan,nan,,,,,0,missing_root,
1360,20.9316361,1000,/Users/yoffegid/Weizmann Institute Dropbox/Gidi Yoffe/Eureka Science/Code/geant4_projects/dnaphysics-ice/europa_energy_library/root/dna_ice_am_rho0p5_E01360_20p9316361MeV.root,0,,20931.6361,nan,nan,nan,nan,nan,nan,nan,nan,nan,nan,,,,,0,missing_root,
1361,21.0687646,1000,/Users/yoffegid/Weizmann Institute Dropbox/Gidi Yoffe/Eureka Science/Code/geant4_projects/dnaphysics-ice/europa_energy_library/root/dna_ice_am_rho0p5_E01361_21p0687646MeV.root,0,,21068.7646,nan,nan,nan,nan,nan,nan,nan,nan,nan,nan,,,,,0,missing_root,
1362,21.2067915,1000,/Users/yoffegid/Weizmann Institute Dropbox/Gidi Yoffe/Eureka Science/Code/geant4_projects/dnaphysics-ice/europa_energy_library/root/dna_ice_am_rho0p5_E01362_21p2067915MeV.root,0,,21206.7915,nan,nan,nan,nan,nan,nan,nan,nan,nan,nan,,,,,0,missing_root,
1363,21.3457226,1000,/Users/yoffegid/Weizmann Institute Dropbox/Gidi Yoffe/Eureka Science/Code/geant4_projects/dnaphysics-ice/europa_energy_library/root/dna_ice_am_rho0p5_E01363_21p3457226MeV.root,0,,21345.7226,nan,nan,nan,nan,nan,nan,nan,nan,nan,nan,,,,,0,missing_root,
1364,21.4855639,1000,/Users/yoffegid/Weizmann Institute Dropbox/Gidi Yoffe/Eureka Science/Code/geant4_projects/dnaphysics-ice/europa_energy_library/root/dna_ice_am_rho0p5_E01364_21p4855639MeV.root,0,,21485.5639,nan,nan,nan,nan,nan,nan,nan,nan,nan,nan,,,,,0,missing_root,
1365,21.6263213,1000,/Users/yoffegid/Weizmann Institute Dropbox/Gidi Yoffe/Eureka Science/Code/geant4_projects/dnaphysics-ice/europa_energy_library/root/dna_ice_am_rho0p5_E01365_21p6263213MeV.root,0,,21626.3213,nan,nan,nan,nan,nan,nan,nan,nan,nan,nan,,,,,0,missing_root,
1366,21.7680009,1000,/Users/yoffegid/Weizmann Institute Dropbox/Gidi Yoffe/Eureka Science/Code/geant4_projects/dnaphysics-ice/europa_energy_library/root/dna_ice_am_rho0p5_E01366_21p7680009MeV.root,0,,21768.0009,nan,nan,nan,nan,nan,nan,nan,nan,nan,nan,,,,,0,missing_root,
1367,21.9106086,1000,/Users/yoffegid/Weizmann Institute Dropbox/Gidi Yoffe/Eureka Science/Code/geant4_projects/dnaphysics-ice/europa_energy_library/root/dna_ice_am_rho0p5_E01367_21p9106086MeV.root,0,,21910.6086,nan,nan,nan,nan,nan,nan,nan,nan,nan,nan,,,,,0,missing_root,
1368,22.0541506,1000,/Users/yoffegid/Weizmann Institute Dropbox/Gidi Yoffe/Eureka Science/Code/geant4_projects/dnaphysics-ice/europa_energy_library/root/dna_ice_am_rho0p5_E01368_22p0541506MeV.root,0,,22054.1506,nan,nan,nan,nan,nan,nan,nan,nan,nan,nan,,,,,0,missing_root,
1369,22.198633,1000,/Users/yoffegid/Weizmann Institute Dropbox/Gidi Yoffe/Eureka Science/Code/geant4_projects/dnaphysics-ice/europa_energy_library/root/dna_ice_am_rho0p5_E01369_22p198633MeV.root,0,,22198.633,nan,nan,nan,nan,nan,nan,nan,nan,nan,nan,,,,,0,missing_root,
1370,22.3440619,1000,/Users/yoffegid/Weizmann Institute Dropbox/Gidi Yoffe/Eureka Science/Code/geant4_projects/dnaphysics-ice/europa_energy_library/root/dna_ice_am_rho0p5_E01370_22p3440619MeV.root,0,,22344.0619,nan,nan,nan,nan,nan,nan,nan,nan,nan,nan,,,,,0,missing_root,
1371,22.4904435,1000,/Users/yoffegid/Weizmann Institute Dropbox/Gidi Yoffe/Eureka Science/Code/geant4_projects/dnaphysics-ice/europa_energy_library/root/dna_ice_am_rho0p5_E01371_22p4904435MeV.root,0,,22490.4435,nan,nan,nan,nan,nan,nan,nan,nan,nan,nan,,,,,0,missing_root,
1372,22.6377842,1000,/Users/yoffegid/Weizmann Institute Dropbox/Gidi Yoffe/Eureka Science/Code/geant4_projects/dnaphysics-ice/europa_energy_library/root/dna_ice_am_rho0p5_E01372_22p6377842MeV.root,0,,22637.7842,nan,nan,nan,nan,nan,nan,nan,nan,nan,nan,,,,,0,missing_root,
1373,22.7860901,1000,/Users/yoffegid/Weizmann Institute Dropbox/Gidi Yoffe/Eureka Science/Code/geant4_projects/dnaphysics-ice/europa_energy_library/root/dna_ice_am_rho0p5_E01373_22p7860901MeV.root,0,,22786.0901,nan,nan,nan,nan,nan,nan,nan,nan,nan,nan,,,,,0,missing_root,
1374,22.9353676,1000,/Users/yoffegid/Weizmann Institute Dropbox/Gidi Yoffe/Eureka Science/Code/geant4_projects/dnaphysics-ice/europa_energy_library/root/dna_ice_am_rho0p5_E01374_22p9353676MeV.root,0,,22935.3676,nan,nan,nan,nan,nan,nan,nan,nan,nan,nan,,,,,0,missing_root,
1375,23.085623,1000,/Users/yoffegid/Weizmann Institute Dropbox/Gidi Yoffe/Eureka Science/Code/geant4_projects/dnaphysics-ice/europa_energy_library/root/dna_ice_am_rho0p5_E01375_23p085623MeV.root,0,,23085.623,nan,nan,nan,nan,nan,nan,nan,nan,nan,nan,,,,,0,missing_root,
1376,23.2368628,1000,/Users/yoffegid/Weizmann Institute Dropbox/Gidi Yoffe/Eureka Science/Code/geant4_projects/dnaphysics-ice/europa_energy_library/root/dna_ice_am_rho0p5_E01376_23p2368628MeV.root,0,,23236.8628,nan,nan,nan,nan,nan,nan,nan,nan,nan,nan,,,,,0,missing_root,
1377,23.3890935,1000,/Users/yoffegid/Weizmann Institute Dropbox/Gidi Yoffe/Eureka Science/Code/geant4_projects/dnaphysics-ice/europa_energy_library/root/dna_ice_am_rho0p5_E01377_23p3890935MeV.root,0,,23389.0935,nan,nan,nan,nan,nan,nan,nan,nan,nan,nan,,,,,0,missing_root,
1378,23.5423214,1000,/Users/yoffegid/Weizmann Institute Dropbox/Gidi Yoffe/Eureka Science/Code/geant4_projects/dnaphysics-ice/europa_energy_library/root/dna_ice_am_rho0p5_E01378_23p5423214MeV.root,0,,23542.3214,nan,nan,nan,nan,nan,nan,nan,nan,nan,nan,,,,,0,missing_root,
1379,23.6965532,1000,/Users/yoffegid/Weizmann Institute Dropbox/Gidi Yoffe/Eureka Science/Code/geant4_projects/dnaphysics-ice/europa_energy_library/root/dna_ice_am_rho0p5_E01379_23p6965532MeV.root,0,,23696.5532,nan,nan,nan,nan,nan,nan,nan,nan,nan,nan,,,,,0,missing_root,
1380,23.8517953,1000,/Users/yoffegid/Weizmann Institute Dropbox/Gidi Yoffe/Eureka Science/Code/geant4_projects/dnaphysics-ice/europa_energy_library/root/dna_ice_am_rho0p5_E01380_23p8517953MeV.root,0,,23851.7953,nan,nan,nan,nan,nan,nan,nan,nan,nan,nan,,,,,0,missing_root,
1381,24.0080545,1000,/Users/yoffegid/Weizmann Institute Dropbox/Gidi Yoffe/Eureka Science/Code/geant4_projects/dnaphysics-ice/europa_energy_library/root/dna_ice_am_rho0p5_E01381_24p0080545MeV.root,0,,24008.0545,nan,nan,nan,nan,nan,nan,nan,nan,nan,nan,,,,,0,missing_root,
1382,24.1653374,1000,/Users/yoffegid/Weizmann Institute Dropbox/Gidi Yoffe/Eureka Science/Code/geant4_projects/dnaphysics-ice/europa_energy_library/root/dna_ice_am_rho0p5_E01382_24p1653374MeV.root,0,,24165.3374,nan,nan,nan,nan,nan,nan,nan,nan,nan,nan,,,,,0,missing_root,
1383,24.3236507,1000,/Users/yoffegid/Weizmann Institute Dropbox/Gidi Yoffe/Eureka Science/Code/geant4_projects/dnaphysics-ice/europa_energy_library/root/dna_ice_am_rho0p5_E01383_24p3236507MeV.root,0,,24323.6507,nan,nan,nan,nan,nan,nan,nan,nan,nan,nan,,,,,0,missing_root,
1384,24.4830012,1000,/Users/yoffegid/Weizmann Institute Dropbox/Gidi Yoffe/Eureka Science/Code/geant4_projects/dnaphysics-ice/europa_energy_library/root/dna_ice_am_rho0p5_E01384_24p4830012MeV.root,0,,24483.0012,nan,nan,nan,nan,nan,nan,nan,nan,nan,nan,,,,,0,missing_root,
1385,24.6433956,1000,/Users/yoffegid/Weizmann Institute Dropbox/Gidi Yoffe/Eureka Science/Code/geant4_projects/dnaphysics-ice/europa_energy_library/root/dna_ice_am_rho0p5_E01385_24p6433956MeV.root,0,,24643.3956,nan,nan,nan,nan,nan,nan,nan,nan,nan,nan,,,,,0,missing_root,
1386,24.8048408,1000,/Users/yoffegid/Weizmann Institute Dropbox/Gidi Yoffe/Eureka Science/Code/geant4_projects/dnaphysics-ice/europa_energy_library/root/dna_ice_am_rho0p5_E01386_24p8048408MeV.root,0,,24804.8408,nan,nan,nan,nan,nan,nan,nan,nan,nan,nan,,,,,0,missing_root,
1387,24.9673436,1000,/Users/yoffegid/Weizmann Institute Dropbox/Gidi Yoffe/Eureka Science/Code/geant4_projects/dnaphysics-ice/europa_energy_library/root/dna_ice_am_rho0p5_E01387_24p9673436MeV.root,0,,24967.3436,nan,nan,nan,nan,nan,nan,nan,nan,nan,nan,,,,,0,missing_root,
1388,25.1309111,1000,/Users/yoffegid/Weizmann Institute Dropbox/Gidi Yoffe/Eureka Science/Code/geant4_projects/dnaphysics-ice/europa_energy_library/root/dna_ice_am_rho0p5_E01388_25p1309111MeV.root,0,,25130.9111,nan,nan,nan,nan,nan,nan,nan,nan,nan,nan,,,,,0,missing_root,
1389,25.2955501,1000,/Users/yoffegid/Weizmann Institute Dropbox/Gidi Yoffe/Eureka Science/Code/geant4_projects/dnaphysics-ice/europa_energy_library/root/dna_ice_am_rho0p5_E01389_25p2955501MeV.root,0,,25295.5501,nan,nan,nan,nan,nan,nan,nan,nan,nan,nan,,,,,0,missing_root,
1390,25.4612677,1000,/Users/yoffegid/Weizmann Institute Dropbox/Gidi Yoffe/Eureka Science/Code/geant4_projects/dnaphysics-ice/europa_energy_library/root/dna_ice_am_rho0p5_E01390_25p4612677MeV.root,0,,25461.2677,nan,nan,nan,nan,nan,nan,nan,nan,nan,nan,,,,,0,missing_root,
1391,25.628071,1000,/Users/yoffegid/Weizmann Institute Dropbox/Gidi Yoffe/Eureka Science/Code/geant4_projects/dnaphysics-ice/europa_energy_library/root/dna_ice_am_rho0p5_E01391_25p628071MeV.root,0,,25628.071,nan,nan,nan,nan,nan,nan,nan,nan,nan,nan,,,,,0,missing_root,
1392,25.795967,1000,/Users/yoffegid/Weizmann Institute Dropbox/Gidi Yoffe/Eureka Science/Code/geant4_projects/dnaphysics-ice/europa_energy_library/root/dna_ice_am_rho0p5_E01392_25p795967MeV.root,0,,25795.967,nan,nan,nan,nan,nan,nan,nan,nan,nan,nan,,,,,0,missing_root,
1393,25.964963,1000,/Users/yoffegid/Weizmann Institute Dropbox/Gidi Yoffe/Eureka Science/Code/geant4_projects/dnaphysics-ice/europa_energy_library/root/dna_ice_am_rho0p5_E01393_25p964963MeV.root,0,,25964.963,nan,nan,nan,nan,nan,nan,nan,nan,nan,nan,,,,,0,missing_root,
1394,26.1350661,1000,/Users/yoffegid/Weizmann Institute Dropbox/Gidi Yoffe/Eureka Science/Code/geant4_projects/dnaphysics-ice/europa_energy_library/root/dna_ice_am_rho0p5_E01394_26p1350661MeV.root,0,,26135.0661,nan,nan,nan,nan,nan,nan,nan,nan,nan,nan,,,,,0,missing_root,
1395,26.3062836,1000,/Users/yoffegid/Weizmann Institute Dropbox/Gidi Yoffe/Eureka Science/Code/geant4_projects/dnaphysics-ice/europa_energy_library/root/dna_ice_am_rho0p5_E01395_26p3062836MeV.root,0,,26306.2836,nan,nan,nan,nan,nan,nan,nan,nan,nan,nan,,,,,0,missing_root,
1396,26.4786228,1000,/Users/yoffegid/Weizmann Institute Dropbox/Gidi Yoffe/Eureka Science/Code/geant4_projects/dnaphysics-ice/europa_energy_library/root/dna_ice_am_rho0p5_E01396_26p4786228MeV.root,0,,26478.6228,nan,nan,nan,nan,nan,nan,nan,nan,nan,nan,,,,,0,missing_root,
1397,26.652091,1000,/Users/yoffegid/Weizmann Institute Dropbox/Gidi Yoffe/Eureka Science/Code/geant4_projects/dnaphysics-ice/europa_energy_library/root/dna_ice_am_rho0p5_E01397_26p652091MeV.root,0,,26652.091,nan,nan,nan,nan,nan,nan,nan,nan,nan,nan,,,,,0,missing_root,
1398,26.8266956,1000,/Users/yoffegid/Weizmann Institute Dropbox/Gidi Yoffe/Eureka Science/Code/geant4_projects/dnaphysics-ice/europa_energy_library/root/dna_ice_am_rho0p5_E01398_26p8266956MeV.root,0,,26826.6956,nan,nan,nan,nan,nan,nan,nan,nan,nan,nan,,,,,0,missing_root,
1399,27.0024442,1000,/Users/yoffegid/Weizmann Institute Dropbox/Gidi Yoffe/Eureka Science/Code/geant4_projects/dnaphysics-ice/europa_energy_library/root/dna_ice_am_rho0p5_E01399_27p0024442MeV.root,0,,27002.4442,nan,nan,nan,nan,nan,nan,nan,nan,nan,nan,,,,,0,missing_root,
1400,27.1793441,1000,/Users/yoffegid/Weizmann Institute Dropbox/Gidi Yoffe/Eureka Science/Code/geant4_projects/dnaphysics-ice/europa_energy_library/root/dna_ice_am_rho0p5_E01400_27p1793441MeV.root,0,,27179.3441,nan,nan,nan,nan,nan,nan,nan,nan,nan,nan,,,,,0,missing_root,
1401,27.3574029,1000,/Users/yoffegid/Weizmann Institute Dropbox/Gidi Yoffe/Eureka Science/Code/geant4_projects/dnaphysics-ice/europa_energy_library/root/dna_ice_am_rho0p5_E01401_27p3574029MeV.root,0,,27357.4029,nan,nan,nan,nan,nan,nan,nan,nan,nan,nan,,,,,0,missing_root,
1402,27.5366282,1000,/Users/yoffegid/Weizmann Institute Dropbox/Gidi Yoffe/Eureka Science/Code/geant4_projects/dnaphysics-ice/europa_energy_library/root/dna_ice_am_rho0p5_E01402_27p5366282MeV.root,0,,27536.6282,nan,nan,nan,nan,nan,nan,nan,nan,nan,nan,,,,,0,missing_root,
1403,27.7170277,1000,/Users/yoffegid/Weizmann Institute Dropbox/Gidi Yoffe/Eureka Science/Code/geant4_projects/dnaphysics-ice/europa_energy_library/root/dna_ice_am_rho0p5_E01403_27p7170277MeV.root,0,,27717.0277,nan,nan,nan,nan,nan,nan,nan,nan,nan,nan,,,,,0,missing_root,
1404,27.8986091,1000,/Users/yoffegid/Weizmann Institute Dropbox/Gidi Yoffe/Eureka Science/Code/geant4_projects/dnaphysics-ice/europa_energy_library/root/dna_ice_am_rho0p5_E01404_27p8986091MeV.root,0,,27898.6091,nan,nan,nan,nan,nan,nan,nan,nan,nan,nan,,,,,0,missing_root,
1405,28.08138,1000,/Users/yoffegid/Weizmann Institute Dropbox/Gidi Yoffe/Eureka Science/Code/geant4_projects/dnaphysics-ice/europa_energy_library/root/dna_ice_am_rho0p5_E01405_28p08138MeV.root,0,,28081.38,nan,nan,nan,nan,nan,nan,nan,nan,nan,nan,,,,,0,missing_root,
1406,28.2653483,1000,/Users/yoffegid/Weizmann Institute Dropbox/Gidi Yoffe/Eureka Science/Code/geant4_projects/dnaphysics-ice/europa_energy_library/root/dna_ice_am_rho0p5_E01406_28p2653483MeV.root,0,,28265.3483,nan,nan,nan,nan,nan,nan,nan,nan,nan,nan,,,,,0,missing_root,
1407,28.4505218,1000,/Users/yoffegid/Weizmann Institute Dropbox/Gidi Yoffe/Eureka Science/Code/geant4_projects/dnaphysics-ice/europa_energy_library/root/dna_ice_am_rho0p5_E01407_28p4505218MeV.root,0,,28450.5218,nan,nan,nan,nan,nan,nan,nan,nan,nan,nan,,,,,0,missing_root,
1408,28.6369084,1000,/Users/yoffegid/Weizmann Institute Dropbox/Gidi Yoffe/Eureka Science/Code/geant4_projects/dnaphysics-ice/europa_energy_library/root/dna_ice_am_rho0p5_E01408_28p6369084MeV.root,0,,28636.9084,nan,nan,nan,nan,nan,nan,nan,nan,nan,nan,,,,,0,missing_root,
1409,28.8245161,1000,/Users/yoffegid/Weizmann Institute Dropbox/Gidi Yoffe/Eureka Science/Code/geant4_projects/dnaphysics-ice/europa_energy_library/root/dna_ice_am_rho0p5_E01409_28p8245161MeV.root,0,,28824.5161,nan,nan,nan,nan,nan,nan,nan,nan,nan,nan,,,,,0,missing_root,
1410,29.0133529,1000,/Users/yoffegid/Weizmann Institute Dropbox/Gidi Yoffe/Eureka Science/Code/geant4_projects/dnaphysics-ice/europa_energy_library/root/dna_ice_am_rho0p5_E01410_29p0133529MeV.root,0,,29013.3529,nan,nan,nan,nan,nan,nan,nan,nan,nan,nan,,,,,0,missing_root,
1411,29.2034268,1000,/Users/yoffegid/Weizmann Institute Dropbox/Gidi Yoffe/Eureka Science/Code/geant4_projects/dnaphysics-ice/europa_energy_library/root/dna_ice_am_rho0p5_E01411_29p2034268MeV.root,0,,29203.4268,nan,nan,nan,nan,nan,nan,nan,nan,nan,nan,,,,,0,missing_root,
1412,29.3947459,1000,/Users/yoffegid/Weizmann Institute Dropbox/Gidi Yoffe/Eureka Science/Code/geant4_projects/dnaphysics-ice/europa_energy_library/root/dna_ice_am_rho0p5_E01412_29p3947459MeV.root,0,,29394.7459,nan,nan,nan,nan,nan,nan,nan,nan,nan,nan,,,,,0,missing_root,
1413,29.5873184,1000,/Users/yoffegid/Weizmann Institute Dropbox/Gidi Yoffe/Eureka Science/Code/geant4_projects/dnaphysics-ice/europa_energy_library/root/dna_ice_am_rho0p5_E01413_29p5873184MeV.root,0,,29587.3184,nan,nan,nan,nan,nan,nan,nan,nan,nan,nan,,,,,0,missing_root,
1414,29.7811525,1000,/Users/yoffegid/Weizmann Institute Dropbox/Gidi Yoffe/Eureka Science/Code/geant4_projects/dnaphysics-ice/europa_energy_library/root/dna_ice_am_rho0p5_E01414_29p7811525MeV.root,0,,29781.1525,nan,nan,nan,nan,nan,nan,nan,nan,nan,nan,,,,,0,missing_root,
1415,29.9762564,1000,/Users/yoffegid/Weizmann Institute Dropbox/Gidi Yoffe/Eureka Science/Code/geant4_projects/dnaphysics-ice/europa_energy_library/root/dna_ice_am_rho0p5_E01415_29p9762564MeV.root,0,,29976.2564,nan,nan,nan,nan,nan,nan,nan,nan,nan,nan,,,,,0,missing_root,
1416,30.1726385,1000,/Users/yoffegid/Weizmann Institute Dropbox/Gidi Yoffe/Eureka Science/Code/geant4_projects/dnaphysics-ice/europa_energy_library/root/dna_ice_am_rho0p5_E01416_30p1726385MeV.root,0,,30172.6385,nan,nan,nan,nan,nan,nan,nan,nan,nan,nan,,,,,0,missing_root,
1417,30.3703072,1000,/Users/yoffegid/Weizmann Institute Dropbox/Gidi Yoffe/Eureka Science/Code/geant4_projects/dnaphysics-ice/europa_energy_library/root/dna_ice_am_rho0p5_E01417_30p3703072MeV.root,0,,30370.3072,nan,nan,nan,nan,nan,nan,nan,nan,nan,nan,,,,,0,missing_root,
1418,30.5692708,1000,/Users/yoffegid/Weizmann Institute Dropbox/Gidi Yoffe/Eureka Science/Code/geant4_projects/dnaphysics-ice/europa_energy_library/root/dna_ice_am_rho0p5_E01418_30p5692708MeV.root,0,,30569.2708,nan,nan,nan,nan,nan,nan,nan,nan,nan,nan,,,,,0,missing_root,
1419,30.7695379,1000,/Users/yoffegid/Weizmann Institute Dropbox/Gidi Yoffe/Eureka Science/Code/geant4_projects/dnaphysics-ice/europa_energy_library/root/dna_ice_am_rho0p5_E01419_30p7695379MeV.root,0,,30769.5379,nan,nan,nan,nan,nan,nan,nan,nan,nan,nan,,,,,0,missing_root,
1420,30.971117,1000,/Users/yoffegid/Weizmann Institute Dropbox/Gidi Yoffe/Eureka Science/Code/geant4_projects/dnaphysics-ice/europa_energy_library/root/dna_ice_am_rho0p5_E01420_30p971117MeV.root,0,,30971.117,nan,nan,nan,nan,nan,nan,nan,nan,nan,nan,,,,,0,missing_root,
1421,31.1740167,1000,/Users/yoffegid/Weizmann Institute Dropbox/Gidi Yoffe/Eureka Science/Code/geant4_projects/dnaphysics-ice/europa_energy_library/root/dna_ice_am_rho0p5_E01421_31p1740167MeV.root,0,,31174.0167,nan,nan,nan,nan,nan,nan,nan,nan,nan,nan,,,,,0,missing_root,
1422,31.3782457,1000,/Users/yoffegid/Weizmann Institute Dropbox/Gidi Yoffe/Eureka Science/Code/geant4_projects/dnaphysics-ice/europa_energy_library/root/dna_ice_am_rho0p5_E01422_31p3782457MeV.root,0,,31378.2457,nan,nan,nan,nan,nan,nan,nan,nan,nan,nan,,,,,0,missing_root,
1423,31.5838126,1000,/Users/yoffegid/Weizmann Institute Dropbox/Gidi Yoffe/Eureka Science/Code/geant4_projects/dnaphysics-ice/europa_energy_library/root/dna_ice_am_rho0p5_E01423_31p5838126MeV.root,0,,31583.8126,nan,nan,nan,nan,nan,nan,nan,nan,nan,nan,,,,,0,missing_root,
1424,31.7907262,1000,/Users/yoffegid/Weizmann Institute Dropbox/Gidi Yoffe/Eureka Science/Code/geant4_projects/dnaphysics-ice/europa_energy_library/root/dna_ice_am_rho0p5_E01424_31p7907262MeV.root,0,,31790.7262,nan,nan,nan,nan,nan,nan,nan,nan,nan,nan,,,,,0,missing_root,
1425,31.9989954,1000,/Users/yoffegid/Weizmann Institute Dropbox/Gidi Yoffe/Eureka Science/Code/geant4_projects/dnaphysics-ice/europa_energy_library/root/dna_ice_am_rho0p5_E01425_31p9989954MeV.root,0,,31998.9954,nan,nan,nan,nan,nan,nan,nan,nan,nan,nan,,,,,0,missing_root,
1426,32.208629,1000,/Users/yoffegid/Weizmann Institute Dropbox/Gidi Yoffe/Eureka Science/Code/geant4_projects/dnaphysics-ice/europa_energy_library/root/dna_ice_am_rho0p5_E01426_32p208629MeV.root,0,,32208.629,nan,nan,nan,nan,nan,nan,nan,nan,nan,nan,,,,,0,missing_root,
1427,32.4196359,1000,/Users/yoffegid/Weizmann Institute Dropbox/Gidi Yoffe/Eureka Science/Code/geant4_projects/dnaphysics-ice/europa_energy_library/root/dna_ice_am_rho0p5_E01427_32p4196359MeV.root,0,,32419.6359,nan,nan,nan,nan,nan,nan,nan,nan,nan,nan,,,,,0,missing_root,
1428,32.6320252,1000,/Users/yoffegid/Weizmann Institute Dropbox/Gidi Yoffe/Eureka Science/Code/geant4_projects/dnaphysics-ice/europa_energy_library/root/dna_ice_am_rho0p5_E01428_32p6320252MeV.root,0,,32632.0252,nan,nan,nan,nan,nan,nan,nan,nan,nan,nan,,,,,0,missing_root,
1429,32.845806,1000,/Users/yoffegid/Weizmann Institute Dropbox/Gidi Yoffe/Eureka Science/Code/geant4_projects/dnaphysics-ice/europa_energy_library/root/dna_ice_am_rho0p5_E01429_32p845806MeV.root,0,,32845.806,nan,nan,nan,nan,nan,nan,nan,nan,nan,nan,,,,,0,missing_root,
1430,33.0609872,1000,/Users/yoffegid/Weizmann Institute Dropbox/Gidi Yoffe/Eureka Science/Code/geant4_projects/dnaphysics-ice/europa_energy_library/root/dna_ice_am_rho0p5_E01430_33p0609872MeV.root,0,,33060.9872,nan,nan,nan,nan,nan,nan,nan,nan,nan,nan,,,,,0,missing_root,
1431,33.2775782,1000,/Users/yoffegid/Weizmann Institute Dropbox/Gidi Yoffe/Eureka Science/Code/geant4_projects/dnaphysics-ice/europa_energy_library/root/dna_ice_am_rho0p5_E01431_33p2775782MeV.root,0,,33277.5782,nan,nan,nan,nan,nan,nan,nan,nan,nan,nan,,,,,0,missing_root,
1432,33.4955881,1000,/Users/yoffegid/Weizmann Institute Dropbox/Gidi Yoffe/Eureka Science/Code/geant4_projects/dnaphysics-ice/europa_energy_library/root/dna_ice_am_rho0p5_E01432_33p4955881MeV.root,0,,33495.5881,nan,nan,nan,nan,nan,nan,nan,nan,nan,nan,,,,,0,missing_root,
1433,33.7150263,1000,/Users/yoffegid/Weizmann Institute Dropbox/Gidi Yoffe/Eureka Science/Code/geant4_projects/dnaphysics-ice/europa_energy_library/root/dna_ice_am_rho0p5_E01433_33p7150263MeV.root,0,,33715.0263,nan,nan,nan,nan,nan,nan,nan,nan,nan,nan,,,,,0,missing_root,
1434,33.935902,1000,/Users/yoffegid/Weizmann Institute Dropbox/Gidi Yoffe/Eureka Science/Code/geant4_projects/dnaphysics-ice/europa_energy_library/root/dna_ice_am_rho0p5_E01434_33p935902MeV.root,0,,33935.902,nan,nan,nan,nan,nan,nan,nan,nan,nan,nan,,,,,0,missing_root,
1435,34.1582248,1000,/Users/yoffegid/Weizmann Institute Dropbox/Gidi Yoffe/Eureka Science/Code/geant4_projects/dnaphysics-ice/europa_energy_library/root/dna_ice_am_rho0p5_E01435_34p1582248MeV.root,0,,34158.2248,nan,nan,nan,nan,nan,nan,nan,nan,nan,nan,,,,,0,missing_root,
1436,34.3820041,1000,/Users/yoffegid/Weizmann Institute Dropbox/Gidi Yoffe/Eureka Science/Code/geant4_projects/dnaphysics-ice/europa_energy_library/root/dna_ice_am_rho0p5_E01436_34p3820041MeV.root,0,,34382.0041,nan,nan,nan,nan,nan,nan,nan,nan,nan,nan,,,,,0,missing_root,
1437,34.6072494,1000,/Users/yoffegid/Weizmann Institute Dropbox/Gidi Yoffe/Eureka Science/Code/geant4_projects/dnaphysics-ice/europa_energy_library/root/dna_ice_am_rho0p5_E01437_34p6072494MeV.root,0,,34607.2494,nan,nan,nan,nan,nan,nan,nan,nan,nan,nan,,,,,0,missing_root,
1438,34.8339703,1000,/Users/yoffegid/Weizmann Institute Dropbox/Gidi Yoffe/Eureka Science/Code/geant4_projects/dnaphysics-ice/europa_energy_library/root/dna_ice_am_rho0p5_E01438_34p8339703MeV.root,0,,34833.9703,nan,nan,nan,nan,nan,nan,nan,nan,nan,nan,,,,,0,missing_root,
1439,35.0621765,1000,/Users/yoffegid/Weizmann Institute Dropbox/Gidi Yoffe/Eureka Science/Code/geant4_projects/dnaphysics-ice/europa_energy_library/root/dna_ice_am_rho0p5_E01439_35p0621765MeV.root,0,,35062.1765,nan,nan,nan,nan,nan,nan,nan,nan,nan,nan,,,,,0,missing_root,
1440,35.2918778,1000,/Users/yoffegid/Weizmann Institute Dropbox/Gidi Yoffe/Eureka Science/Code/geant4_projects/dnaphysics-ice/europa_energy_library/root/dna_ice_am_rho0p5_E01440_35p2918778MeV.root,0,,35291.8778,nan,nan,nan,nan,nan,nan,nan,nan,nan,nan,,,,,0,missing_root,
1441,35.5230839,1000,/Users/yoffegid/Weizmann Institute Dropbox/Gidi Yoffe/Eureka Science/Code/geant4_projects/dnaphysics-ice/europa_energy_library/root/dna_ice_am_rho0p5_E01441_35p5230839MeV.root,0,,35523.0839,nan,nan,nan,nan,nan,nan,nan,nan,nan,nan,,,,,0,missing_root,
1442,35.7558047,1000,/Users/yoffegid/Weizmann Institute Dropbox/Gidi Yoffe/Eureka Science/Code/geant4_projects/dnaphysics-ice/europa_energy_library/root/dna_ice_am_rho0p5_E01442_35p7558047MeV.root,0,,35755.8047,nan,nan,nan,nan,nan,nan,nan,nan,nan,nan,,,,,0,missing_root,
1443,35.9900501,1000,/Users/yoffegid/Weizmann Institute Dropbox/Gidi Yoffe/Eureka Science/Code/geant4_projects/dnaphysics-ice/europa_energy_library/root/dna_ice_am_rho0p5_E01443_35p9900501MeV.root,0,,35990.0501,nan,nan,nan,nan,nan,nan,nan,nan,nan,nan,,,,,0,missing_root,
1444,36.2258301,1000,/Users/yoffegid/Weizmann Institute Dropbox/Gidi Yoffe/Eureka Science/Code/geant4_projects/dnaphysics-ice/europa_energy_library/root/dna_ice_am_rho0p5_E01444_36p2258301MeV.root,0,,36225.8301,nan,nan,nan,nan,nan,nan,nan,nan,nan,nan,,,,,0,missing_root,
1445,36.4631548,1000,/Users/yoffegid/Weizmann Institute Dropbox/Gidi Yoffe/Eureka Science/Code/geant4_projects/dnaphysics-ice/europa_energy_library/root/dna_ice_am_rho0p5_E01445_36p4631548MeV.root,0,,36463.1548,nan,nan,nan,nan,nan,nan,nan,nan,nan,nan,,,,,0,missing_root,
1446,36.7020342,1000,/Users/yoffegid/Weizmann Institute Dropbox/Gidi Yoffe/Eureka Science/Code/geant4_projects/dnaphysics-ice/europa_energy_library/root/dna_ice_am_rho0p5_E01446_36p7020342MeV.root,0,,36702.0342,nan,nan,nan,nan,nan,nan,nan,nan,nan,nan,,,,,0,missing_root,
1447,36.9424787,1000,/Users/yoffegid/Weizmann Institute Dropbox/Gidi Yoffe/Eureka Science/Code/geant4_projects/dnaphysics-ice/europa_energy_library/root/dna_ice_am_rho0p5_E01447_36p9424787MeV.root,0,,36942.4787,nan,nan,nan,nan,nan,nan,nan,nan,nan,nan,,,,,0,missing_root,
1448,37.1844983,1000,/Users/yoffegid/Weizmann Institute Dropbox/Gidi Yoffe/Eureka Science/Code/geant4_projects/dnaphysics-ice/europa_energy_library/root/dna_ice_am_rho0p5_E01448_37p1844983MeV.root,0,,37184.4983,nan,nan,nan,nan,nan,nan,nan,nan,nan,nan,,,,,0,missing_root,
1449,37.4281034,1000,/Users/yoffegid/Weizmann Institute Dropbox/Gidi Yoffe/Eureka Science/Code/geant4_projects/dnaphysics-ice/europa_energy_library/root/dna_ice_am_rho0p5_E01449_37p4281034MeV.root,0,,37428.1034,nan,nan,nan,nan,nan,nan,nan,nan,nan,nan,,,,,0,missing_root,
1450,37.6733045,1000,/Users/yoffegid/Weizmann Institute Dropbox/Gidi Yoffe/Eureka Science/Code/geant4_projects/dnaphysics-ice/europa_energy_library/root/dna_ice_am_rho0p5_E01450_37p6733045MeV.root,0,,37673.3045,nan,nan,nan,nan,nan,nan,nan,nan,nan,nan,,,,,0,missing_root,
1451,37.9201119,1000,/Users/yoffegid/Weizmann Institute Dropbox/Gidi Yoffe/Eureka Science/Code/geant4_projects/dnaphysics-ice/europa_energy_library/root/dna_ice_am_rho0p5_E01451_37p9201119MeV.root,0,,37920.1119,nan,nan,nan,nan,nan,nan,nan,nan,nan,nan,,,,,0,missing_root,
1452,38.1685363,1000,/Users/yoffegid/Weizmann Institute Dropbox/Gidi Yoffe/Eureka Science/Code/geant4_projects/dnaphysics-ice/europa_energy_library/root/dna_ice_am_rho0p5_E01452_38p1685363MeV.root,0,,38168.5363,nan,nan,nan,nan,nan,nan,nan,nan,nan,nan,,,,,0,missing_root,
1453,38.4185881,1000,/Users/yoffegid/Weizmann Institute Dropbox/Gidi Yoffe/Eureka Science/Code/geant4_projects/dnaphysics-ice/europa_energy_library/root/dna_ice_am_rho0p5_E01453_38p4185881MeV.root,0,,38418.5881,nan,nan,nan,nan,nan,nan,nan,nan,nan,nan,,,,,0,missing_root,
1454,38.6702781,1000,/Users/yoffegid/Weizmann Institute Dropbox/Gidi Yoffe/Eureka Science/Code/geant4_projects/dnaphysics-ice/europa_energy_library/root/dna_ice_am_rho0p5_E01454_38p6702781MeV.root,0,,38670.2781,nan,nan,nan,nan,nan,nan,nan,nan,nan,nan,,,,,0,missing_root,
1455,38.923617,1000,/Users/yoffegid/Weizmann Institute Dropbox/Gidi Yoffe/Eureka Science/Code/geant4_projects/dnaphysics-ice/europa_energy_library/root/dna_ice_am_rho0p5_E01455_38p923617MeV.root,0,,38923.617,nan,nan,nan,nan,nan,nan,nan,nan,nan,nan,,,,,0,missing_root,
1456,39.1786155,1000,/Users/yoffegid/Weizmann Institute Dropbox/Gidi Yoffe/Eureka Science/Code/geant4_projects/dnaphysics-ice/europa_energy_library/root/dna_ice_am_rho0p5_E01456_39p1786155MeV.root,0,,39178.6155,nan,nan,nan,nan,nan,nan,nan,nan,nan,nan,,,,,0,missing_root,
1457,39.4352846,1000,/Users/yoffegid/Weizmann Institute Dropbox/Gidi Yoffe/Eureka Science/Code/geant4_projects/dnaphysics-ice/europa_energy_library/root/dna_ice_am_rho0p5_E01457_39p4352846MeV.root,0,,39435.2846,nan,nan,nan,nan,nan,nan,nan,nan,nan,nan,,,,,0,missing_root,
1458,39.6936353,1000,/Users/yoffegid/Weizmann Institute Dropbox/Gidi Yoffe/Eureka Science/Code/geant4_projects/dnaphysics-ice/europa_energy_library/root/dna_ice_am_rho0p5_E01458_39p6936353MeV.root,0,,39693.6353,nan,nan,nan,nan,nan,nan,nan,nan,nan,nan,,,,,0,missing_root,
1459,39.9536784,1000,/Users/yoffegid/Weizmann Institute Dropbox/Gidi Yoffe/Eureka Science/Code/geant4_projects/dnaphysics-ice/europa_energy_library/root/dna_ice_am_rho0p5_E01459_39p9536784MeV.root,0,,39953.6784,nan,nan,nan,nan,nan,nan,nan,nan,nan,nan,,,,,0,missing_root,
1460,40.2154252,1000,/Users/yoffegid/Weizmann Institute Dropbox/Gidi Yoffe/Eureka Science/Code/geant4_projects/dnaphysics-ice/europa_energy_library/root/dna_ice_am_rho0p5_E01460_40p2154252MeV.root,0,,40215.4252,nan,nan,nan,nan,nan,nan,nan,nan,nan,nan,,,,,0,missing_root,
1461,40.4788867,1000,/Users/yoffegid/Weizmann Institute Dropbox/Gidi Yoffe/Eureka Science/Code/geant4_projects/dnaphysics-ice/europa_energy_library/root/dna_ice_am_rho0p5_E01461_40p4788867MeV.root,0,,40478.8867,nan,nan,nan,nan,nan,nan,nan,nan,nan,nan,,,,,0,missing_root,
1462,40.7440742,1000,/Users/yoffegid/Weizmann Institute Dropbox/Gidi Yoffe/Eureka Science/Code/geant4_projects/dnaphysics-ice/europa_energy_library/root/dna_ice_am_rho0p5_E01462_40p7440742MeV.root,0,,40744.0742,nan,nan,nan,nan,nan,nan,nan,nan,nan,nan,,,,,0,missing_root,
1463,41.0109991,1000,/Users/yoffegid/Weizmann Institute Dropbox/Gidi Yoffe/Eureka Science/Code/geant4_projects/dnaphysics-ice/europa_energy_library/root/dna_ice_am_rho0p5_E01463_41p0109991MeV.root,0,,41010.9991,nan,nan,nan,nan,nan,nan,nan,nan,nan,nan,,,,,0,missing_root,
1464,41.2796726,1000,/Users/yoffegid/Weizmann Institute Dropbox/Gidi Yoffe/Eureka Science/Code/geant4_projects/dnaphysics-ice/europa_energy_library/root/dna_ice_am_rho0p5_E01464_41p2796726MeV.root,0,,41279.6726,nan,nan,nan,nan,nan,nan,nan,nan,nan,nan,,,,,0,missing_root,
1465,41.5501063,1000,/Users/yoffegid/Weizmann Institute Dropbox/Gidi Yoffe/Eureka Science/Code/geant4_projects/dnaphysics-ice/europa_energy_library/root/dna_ice_am_rho0p5_E01465_41p5501063MeV.root,0,,41550.1063,nan,nan,nan,nan,nan,nan,nan,nan,nan,nan,,,,,0,missing_root,
1466,41.8223116,1000,/Users/yoffegid/Weizmann Institute Dropbox/Gidi Yoffe/Eureka Science/Code/geant4_projects/dnaphysics-ice/europa_energy_library/root/dna_ice_am_rho0p5_E01466_41p8223116MeV.root,0,,41822.3116,nan,nan,nan,nan,nan,nan,nan,nan,nan,nan,,,,,0,missing_root,
1467,42.0963003,1000,/Users/yoffegid/Weizmann Institute Dropbox/Gidi Yoffe/Eureka Science/Code/geant4_projects/dnaphysics-ice/europa_energy_library/root/dna_ice_am_rho0p5_E01467_42p0963003MeV.root,0,,42096.3003,nan,nan,nan,nan,nan,nan,nan,nan,nan,nan,,,,,0,missing_root,
1468,42.3720839,1000,/Users/yoffegid/Weizmann Institute Dropbox/Gidi Yoffe/Eureka Science/Code/geant4_projects/dnaphysics-ice/europa_energy_library/root/dna_ice_am_rho0p5_E01468_42p3720839MeV.root,0,,42372.0839,nan,nan,nan,nan,nan,nan,nan,nan,nan,nan,,,,,0,missing_root,
1469,42.6496742,1000,/Users/yoffegid/Weizmann Institute Dropbox/Gidi Yoffe/Eureka Science/Code/geant4_projects/dnaphysics-ice/europa_energy_library/root/dna_ice_am_rho0p5_E01469_42p6496742MeV.root,0,,42649.6742,nan,nan,nan,nan,nan,nan,nan,nan,nan,nan,,,,,0,missing_root,
1470,42.9290832,1000,/Users/yoffegid/Weizmann Institute Dropbox/Gidi Yoffe/Eureka Science/Code/geant4_projects/dnaphysics-ice/europa_energy_library/root/dna_ice_am_rho0p5_E01470_42p9290832MeV.root,0,,42929.0832,nan,nan,nan,nan,nan,nan,nan,nan,nan,nan,,,,,0,missing_root,
1471,43.2103225,1000,/Users/yoffegid/Weizmann Institute Dropbox/Gidi Yoffe/Eureka Science/Code/geant4_projects/dnaphysics-ice/europa_energy_library/root/dna_ice_am_rho0p5_E01471_43p2103225MeV.root,0,,43210.3225,nan,nan,nan,nan,nan,nan,nan,nan,nan,nan,,,,,0,missing_root,
1472,43.4934044,1000,/Users/yoffegid/Weizmann Institute Dropbox/Gidi Yoffe/Eureka Science/Code/geant4_projects/dnaphysics-ice/europa_energy_library/root/dna_ice_am_rho0p5_E01472_43p4934044MeV.root,0,,43493.4044,nan,nan,nan,nan,nan,nan,nan,nan,nan,nan,,,,,0,missing_root,
1473,43.7783408,1000,/Users/yoffegid/Weizmann Institute Dropbox/Gidi Yoffe/Eureka Science/Code/geant4_projects/dnaphysics-ice/europa_energy_library/root/dna_ice_am_rho0p5_E01473_43p7783408MeV.root,0,,43778.3408,nan,nan,nan,nan,nan,nan,nan,nan,nan,nan,,,,,0,missing_root,
1474,44.0651439,1000,/Users/yoffegid/Weizmann Institute Dropbox/Gidi Yoffe/Eureka Science/Code/geant4_projects/dnaphysics-ice/europa_energy_library/root/dna_ice_am_rho0p5_E01474_44p0651439MeV.root,0,,44065.1439,nan,nan,nan,nan,nan,nan,nan,nan,nan,nan,,,,,0,missing_root,
1475,44.3538259,1000,/Users/yoffegid/Weizmann Institute Dropbox/Gidi Yoffe/Eureka Science/Code/geant4_projects/dnaphysics-ice/europa_energy_library/root/dna_ice_am_rho0p5_E01475_44p3538259MeV.root,0,,44353.8259,nan,nan,nan,nan,nan,nan,nan,nan,nan,nan,,,,,0,missing_root,
1476,44.6443992,1000,/Users/yoffegid/Weizmann Institute Dropbox/Gidi Yoffe/Eureka Science/Code/geant4_projects/dnaphysics-ice/europa_energy_library/root/dna_ice_am_rho0p5_E01476_44p6443992MeV.root,0,,44644.3992,nan,nan,nan,nan,nan,nan,nan,nan,nan,nan,,,,,0,missing_root,
1477,44.936876,1000,/Users/yoffegid/Weizmann Institute Dropbox/Gidi Yoffe/Eureka Science/Code/geant4_projects/dnaphysics-ice/europa_energy_library/root/dna_ice_am_rho0p5_E01477_44p936876MeV.root,0,,44936.876,nan,nan,nan,nan,nan,nan,nan,nan,nan,nan,,,,,0,missing_root,
1478,45.231269,1000,/Users/yoffegid/Weizmann Institute Dropbox/Gidi Yoffe/Eureka Science/Code/geant4_projects/dnaphysics-ice/europa_energy_library/root/dna_ice_am_rho0p5_E01478_45p231269MeV.root,0,,45231.269,nan,nan,nan,nan,nan,nan,nan,nan,nan,nan,,,,,0,missing_root,
1479,45.5275906,1000,/Users/yoffegid/Weizmann Institute Dropbox/Gidi Yoffe/Eureka Science/Code/geant4_projects/dnaphysics-ice/europa_energy_library/root/dna_ice_am_rho0p5_E01479_45p5275906MeV.root,0,,45527.5906,nan,nan,nan,nan,nan,nan,nan,nan,nan,nan,,,,,0,missing_root,
1480,45.8258535,1000,/Users/yoffegid/Weizmann Institute Dropbox/Gidi Yoffe/Eureka Science/Code/geant4_projects/dnaphysics-ice/europa_energy_library/root/dna_ice_am_rho0p5_E01480_45p8258535MeV.root,0,,45825.8535,nan,nan,nan,nan,nan,nan,nan,nan,nan,nan,,,,,0,missing_root,
1481,46.1260703,1000,/Users/yoffegid/Weizmann Institute Dropbox/Gidi Yoffe/Eureka Science/Code/geant4_projects/dnaphysics-ice/europa_energy_library/root/dna_ice_am_rho0p5_E01481_46p1260703MeV.root,0,,46126.0703,nan,nan,nan,nan,nan,nan,nan,nan,nan,nan,,,,,0,missing_root,
1482,46.428254,1000,/Users/yoffegid/Weizmann Institute Dropbox/Gidi Yoffe/Eureka Science/Code/geant4_projects/dnaphysics-ice/europa_energy_library/root/dna_ice_am_rho0p5_E01482_46p428254MeV.root,0,,46428.254,nan,nan,nan,nan,nan,nan,nan,nan,nan,nan,,,,,0,missing_root,
1483,46.7324174,1000,/Users/yoffegid/Weizmann Institute Dropbox/Gidi Yoffe/Eureka Science/Code/geant4_projects/dnaphysics-ice/europa_energy_library/root/dna_ice_am_rho0p5_E01483_46p7324174MeV.root,0,,46732.4174,nan,nan,nan,nan,nan,nan,nan,nan,nan,nan,,,,,0,missing_root,
1484,47.0385734,1000,/Users/yoffegid/Weizmann Institute Dropbox/Gidi Yoffe/Eureka Science/Code/geant4_projects/dnaphysics-ice/europa_energy_library/root/dna_ice_am_rho0p5_E01484_47p0385734MeV.root,0,,47038.5734,nan,nan,nan,nan,nan,nan,nan,nan,nan,nan,,,,,0,missing_root,
1485,47.3467351,1000,/Users/yoffegid/Weizmann Institute Dropbox/Gidi Yoffe/Eureka Science/Code/geant4_projects/dnaphysics-ice/europa_energy_library/root/dna_ice_am_rho0p5_E01485_47p3467351MeV.root,0,,47346.7351,nan,nan,nan,nan,nan,nan,nan,nan,nan,nan,,,,,0,missing_root,
1486,47.6569156,1000,/Users/yoffegid/Weizmann Institute Dropbox/Gidi Yoffe/Eureka Science/Code/geant4_projects/dnaphysics-ice/europa_energy_library/root/dna_ice_am_rho0p5_E01486_47p6569156MeV.root,0,,47656.9156,nan,nan,nan,nan,nan,nan,nan,nan,nan,nan,,,,,0,missing_root,
1487,47.9691283,1000,/Users/yoffegid/Weizmann Institute Dropbox/Gidi Yoffe/Eureka Science/Code/geant4_projects/dnaphysics-ice/europa_energy_library/root/dna_ice_am_rho0p5_E01487_47p9691283MeV.root,0,,47969.1283,nan,nan,nan,nan,nan,nan,nan,nan,nan,nan,,,,,0,missing_root,
1488,48.2833863,1000,/Users/yoffegid/Weizmann Institute Dropbox/Gidi Yoffe/Eureka Science/Code/geant4_projects/dnaphysics-ice/europa_energy_library/root/dna_ice_am_rho0p5_E01488_48p2833863MeV.root,0,,48283.3863,nan,nan,nan,nan,nan,nan,nan,nan,nan,nan,,,,,0,missing_root,
1489,48.5997031,1000,/Users/yoffegid/Weizmann Institute Dropbox/Gidi Yoffe/Eureka Science/Code/geant4_projects/dnaphysics-ice/europa_energy_library/root/dna_ice_am_rho0p5_E01489_48p5997031MeV.root,0,,48599.7031,nan,nan,nan,nan,nan,nan,nan,nan,nan,nan,,,,,0,missing_root,
1490,48.9180921,1000,/Users/yoffegid/Weizmann Institute Dropbox/Gidi Yoffe/Eureka Science/Code/geant4_projects/dnaphysics-ice/europa_energy_library/root/dna_ice_am_rho0p5_E01490_48p9180921MeV.root,0,,48918.0921,nan,nan,nan,nan,nan,nan,nan,nan,nan,nan,,,,,0,missing_root,
1491,49.2385671,1000,/Users/yoffegid/Weizmann Institute Dropbox/Gidi Yoffe/Eureka Science/Code/geant4_projects/dnaphysics-ice/europa_energy_library/root/dna_ice_am_rho0p5_E01491_49p2385671MeV.root,0,,49238.5671,nan,nan,nan,nan,nan,nan,nan,nan,nan,nan,,,,,0,missing_root,
1492,49.5611415,1000,/Users/yoffegid/Weizmann Institute Dropbox/Gidi Yoffe/Eureka Science/Code/geant4_projects/dnaphysics-ice/europa_energy_library/root/dna_ice_am_rho0p5_E01492_49p5611415MeV.root,0,,49561.1415,nan,nan,nan,nan,nan,nan,nan,nan,nan,nan,,,,,0,missing_root,
1493,49.8858292,1000,/Users/yoffegid/Weizmann Institute Dropbox/Gidi Yoffe/Eureka Science/Code/geant4_projects/dnaphysics-ice/europa_energy_library/root/dna_ice_am_rho0p5_E01493_49p8858292MeV.root,0,,49885.8292,nan,nan,nan,nan,nan,nan,nan,nan,nan,nan,,,,,0,missing_root,
1494,50.212644,1000,/Users/yoffegid/Weizmann Institute Dropbox/Gidi Yoffe/Eureka Science/Code/geant4_projects/dnaphysics-ice/europa_energy_library/root/dna_ice_am_rho0p5_E01494_50p212644MeV.root,0,,50212.644,nan,nan,nan,nan,nan,nan,nan,nan,nan,nan,,,,,0,missing_root,
1495,50.5415999,1000,/Users/yoffegid/Weizmann Institute Dropbox/Gidi Yoffe/Eureka Science/Code/geant4_projects/dnaphysics-ice/europa_energy_library/root/dna_ice_am_rho0p5_E01495_50p5415999MeV.root,0,,50541.5999,nan,nan,nan,nan,nan,nan,nan,nan,nan,nan,,,,,0,missing_root,
1496,50.8727108,1000,/Users/yoffegid/Weizmann Institute Dropbox/Gidi Yoffe/Eureka Science/Code/geant4_projects/dnaphysics-ice/europa_energy_library/root/dna_ice_am_rho0p5_E01496_50p8727108MeV.root,0,,50872.7108,nan,nan,nan,nan,nan,nan,nan,nan,nan,nan,,,,,0,missing_root,
1497,51.2059909,1000,/Users/yoffegid/Weizmann Institute Dropbox/Gidi Yoffe/Eureka Science/Code/geant4_projects/dnaphysics-ice/europa_energy_library/root/dna_ice_am_rho0p5_E01497_51p2059909MeV.root,0,,51205.9909,nan,nan,nan,nan,nan,nan,nan,nan,nan,nan,,,,,0,missing_root,
1498,51.5414545,1000,/Users/yoffegid/Weizmann Institute Dropbox/Gidi Yoffe/Eureka Science/Code/geant4_projects/dnaphysics-ice/europa_energy_library/root/dna_ice_am_rho0p5_E01498_51p5414545MeV.root,0,,51541.4545,nan,nan,nan,nan,nan,nan,nan,nan,nan,nan,,,,,0,missing_root,
1499,51.8791157,1000,/Users/yoffegid/Weizmann Institute Dropbox/Gidi Yoffe/Eureka Science/Code/geant4_projects/dnaphysics-ice/europa_energy_library/root/dna_ice_am_rho0p5_E01499_51p8791157MeV.root,0,,51879.1157,nan,nan,nan,nan,nan,nan,nan,nan,nan,nan,,,,,0,missing_root,
1500,52.218989,1000,/Users/yoffegid/Weizmann Institute Dropbox/Gidi Yoffe/Eureka Science/Code/geant4_projects/dnaphysics-ice/europa_energy_library/root/dna_ice_am_rho0p5_E01500_52p218989MeV.root,0,,52218.989,nan,nan,nan,nan,nan,nan,nan,nan,nan,nan,,,,,0,missing_root,
1501,52.561089,1000,/Users/yoffegid/Weizmann Institute Dropbox/Gidi Yoffe/Eureka Science/Code/geant4_projects/dnaphysics-ice/europa_energy_library/root/dna_ice_am_rho0p5_E01501_52p561089MeV.root,0,,52561.089,nan,nan,nan,nan,nan,nan,nan,nan,nan,nan,,,,,0,missing_root,
1502,52.9054301,1000,/Users/yoffegid/Weizmann Institute Dropbox/Gidi Yoffe/Eureka Science/Code/geant4_projects/dnaphysics-ice/europa_energy_library/root/dna_ice_am_rho0p5_E01502_52p9054301MeV.root,0,,52905.4301,nan,nan,nan,nan,nan,nan,nan,nan,nan,nan,,,,,0,missing_root,
1503,53.2520271,1000,/Users/yoffegid/Weizmann Institute Dropbox/Gidi Yoffe/Eureka Science/Code/geant4_projects/dnaphysics-ice/europa_energy_library/root/dna_ice_am_rho0p5_E01503_53p2520271MeV.root,0,,53252.0271,nan,nan,nan,nan,nan,nan,nan,nan,nan,nan,,,,,0,missing_root,
1504,53.6008947,1000,/Users/yoffegid/Weizmann Institute Dropbox/Gidi Yoffe/Eureka Science/Code/geant4_projects/dnaphysics-ice/europa_energy_library/root/dna_ice_am_rho0p5_E01504_53p6008947MeV.root,0,,53600.8947,nan,nan,nan,nan,nan,nan,nan,nan,nan,nan,,,,,0,missing_root,
1505,53.9520479,1000,/Users/yoffegid/Weizmann Institute Dropbox/Gidi Yoffe/Eureka Science/Code/geant4_projects/dnaphysics-ice/europa_energy_library/root/dna_ice_am_rho0p5_E01505_53p9520479MeV.root,0,,53952.0479,nan,nan,nan,nan,nan,nan,nan,nan,nan,nan,,,,,0,missing_root,
1506,54.3055015,1000,/Users/yoffegid/Weizmann Institute Dropbox/Gidi Yoffe/Eureka Science/Code/geant4_projects/dnaphysics-ice/europa_energy_library/root/dna_ice_am_rho0p5_E01506_54p3055015MeV.root,0,,54305.5015,nan,nan,nan,nan,nan,nan,nan,nan,nan,nan,,,,,0,missing_root,
1507,54.6612707,1000,/Users/yoffegid/Weizmann Institute Dropbox/Gidi Yoffe/Eureka Science/Code/geant4_projects/dnaphysics-ice/europa_energy_library/root/dna_ice_am_rho0p5_E01507_54p6612707MeV.root,0,,54661.2707,nan,nan,nan,nan,nan,nan,nan,nan,nan,nan,,,,,0,missing_root,
1508,55.0193707,1000,/Users/yoffegid/Weizmann Institute Dropbox/Gidi Yoffe/Eureka Science/Code/geant4_projects/dnaphysics-ice/europa_energy_library/root/dna_ice_am_rho0p5_E01508_55p0193707MeV.root,0,,55019.3707,nan,nan,nan,nan,nan,nan,nan,nan,nan,nan,,,,,0,missing_root,
1509,55.3798166,1000,/Users/yoffegid/Weizmann Institute Dropbox/Gidi Yoffe/Eureka Science/Code/geant4_projects/dnaphysics-ice/europa_energy_library/root/dna_ice_am_rho0p5_E01509_55p3798166MeV.root,0,,55379.8166,nan,nan,nan,nan,nan,nan,nan,nan,nan,nan,,,,,0,missing_root,
1510,55.742624,1000,/Users/yoffegid/Weizmann Institute Dropbox/Gidi Yoffe/Eureka Science/Code/geant4_projects/dnaphysics-ice/europa_energy_library/root/dna_ice_am_rho0p5_E01510_55p742624MeV.root,0,,55742.624,nan,nan,nan,nan,nan,nan,nan,nan,nan,nan,,,,,0,missing_root,
1511,56.1078081,1000,/Users/yoffegid/Weizmann Institute Dropbox/Gidi Yoffe/Eureka Science/Code/geant4_projects/dnaphysics-ice/europa_energy_library/root/dna_ice_am_rho0p5_E01511_56p1078081MeV.root,0,,56107.8081,nan,nan,nan,nan,nan,nan,nan,nan,nan,nan,,,,,0,missing_root,
1512,56.4753847,1000,/Users/yoffegid/Weizmann Institute Dropbox/Gidi Yoffe/Eureka Science/Code/geant4_projects/dnaphysics-ice/europa_energy_library/root/dna_ice_am_rho0p5_E01512_56p4753847MeV.root,0,,56475.3847,nan,nan,nan,nan,nan,nan,nan,nan,nan,nan,,,,,0,missing_root,
1513,56.8453694,1000,/Users/yoffegid/Weizmann Institute Dropbox/Gidi Yoffe/Eureka Science/Code/geant4_projects/dnaphysics-ice/europa_energy_library/root/dna_ice_am_rho0p5_E01513_56p8453694MeV.root,0,,56845.3694,nan,nan,nan,nan,nan,nan,nan,nan,nan,nan,,,,,0,missing_root,
1514,57.2177779,1000,/Users/yoffegid/Weizmann Institute Dropbox/Gidi Yoffe/Eureka Science/Code/geant4_projects/dnaphysics-ice/europa_energy_library/root/dna_ice_am_rho0p5_E01514_57p2177779MeV.root,0,,57217.7779,nan,nan,nan,nan,nan,nan,nan,nan,nan,nan,,,,,0,missing_root,
1515,57.5926262,1000,/Users/yoffegid/Weizmann Institute Dropbox/Gidi Yoffe/Eureka Science/Code/geant4_projects/dnaphysics-ice/europa_energy_library/root/dna_ice_am_rho0p5_E01515_57p5926262MeV.root,0,,57592.6262,nan,nan,nan,nan,nan,nan,nan,nan,nan,nan,,,,,0,missing_root,
1516,57.9699302,1000,/Users/yoffegid/Weizmann Institute Dropbox/Gidi Yoffe/Eureka Science/Code/geant4_projects/dnaphysics-ice/europa_energy_library/root/dna_ice_am_rho0p5_E01516_57p9699302MeV.root,0,,57969.9302,nan,nan,nan,nan,nan,nan,nan,nan,nan,nan,,,,,0,missing_root,
1517,58.349706,1000,/Users/yoffegid/Weizmann Institute Dropbox/Gidi Yoffe/Eureka Science/Code/geant4_projects/dnaphysics-ice/europa_energy_library/root/dna_ice_am_rho0p5_E01517_58p349706MeV.root,0,,58349.706,nan,nan,nan,nan,nan,nan,nan,nan,nan,nan,,,,,0,missing_root,
1518,58.7319699,1000,/Users/yoffegid/Weizmann Institute Dropbox/Gidi Yoffe/Eureka Science/Code/geant4_projects/dnaphysics-ice/europa_energy_library/root/dna_ice_am_rho0p5_E01518_58p7319699MeV.root,0,,58731.9699,nan,nan,nan,nan,nan,nan,nan,nan,nan,nan,,,,,0,missing_root,
1519,59.116738,1000,/Users/yoffegid/Weizmann Institute Dropbox/Gidi Yoffe/Eureka Science/Code/geant4_projects/dnaphysics-ice/europa_energy_library/root/dna_ice_am_rho0p5_E01519_59p116738MeV.root,0,,59116.738,nan,nan,nan,nan,nan,nan,nan,nan,nan,nan,,,,,0,missing_root,
1520,59.5040269,1000,/Users/yoffegid/Weizmann Institute Dropbox/Gidi Yoffe/Eureka Science/Code/geant4_projects/dnaphysics-ice/europa_energy_library/root/dna_ice_am_rho0p5_E01520_59p5040269MeV.root,0,,59504.0269,nan,nan,nan,nan,nan,nan,nan,nan,nan,nan,,,,,0,missing_root,
1521,59.893853,1000,/Users/yoffegid/Weizmann Institute Dropbox/Gidi Yoffe/Eureka Science/Code/geant4_projects/dnaphysics-ice/europa_energy_library/root/dna_ice_am_rho0p5_E01521_59p893853MeV.root,0,,59893.853,nan,nan,nan,nan,nan,nan,nan,nan,nan,nan,,,,,0,missing_root,
1522,60.2862329,1000,/Users/yoffegid/Weizmann Institute Dropbox/Gidi Yoffe/Eureka Science/Code/geant4_projects/dnaphysics-ice/europa_energy_library/root/dna_ice_am_rho0p5_E01522_60p2862329MeV.root,0,,60286.2329,nan,nan,nan,nan,nan,nan,nan,nan,nan,nan,,,,,0,missing_root,
1523,60.6811834,1000,/Users/yoffegid/Weizmann Institute Dropbox/Gidi Yoffe/Eureka Science/Code/geant4_projects/dnaphysics-ice/europa_energy_library/root/dna_ice_am_rho0p5_E01523_60p6811834MeV.root,0,,60681.1834,nan,nan,nan,nan,nan,nan,nan,nan,nan,nan,,,,,0,missing_root,
1524,61.0787213,1000,/Users/yoffegid/Weizmann Institute Dropbox/Gidi Yoffe/Eureka Science/Code/geant4_projects/dnaphysics-ice/europa_energy_library/root/dna_ice_am_rho0p5_E01524_61p0787213MeV.root,0,,61078.7213,nan,nan,nan,nan,nan,nan,nan,nan,nan,nan,,,,,0,missing_root,
1525,61.4788636,1000,/Users/yoffegid/Weizmann Institute Dropbox/Gidi Yoffe/Eureka Science/Code/geant4_projects/dnaphysics-ice/europa_energy_library/root/dna_ice_am_rho0p5_E01525_61p4788636MeV.root,0,,61478.8636,nan,nan,nan,nan,nan,nan,nan,nan,nan,nan,,,,,0,missing_root,
1526,61.8816274,1000,/Users/yoffegid/Weizmann Institute Dropbox/Gidi Yoffe/Eureka Science/Code/geant4_projects/dnaphysics-ice/europa_energy_library/root/dna_ice_am_rho0p5_E01526_61p8816274MeV.root,0,,61881.6274,nan,nan,nan,nan,nan,nan,nan,nan,nan,nan,,,,,0,missing_root,
1527,62.2870297,1000,/Users/yoffegid/Weizmann Institute Dropbox/Gidi Yoffe/Eureka Science/Code/geant4_projects/dnaphysics-ice/europa_energy_library/root/dna_ice_am_rho0p5_E01527_62p2870297MeV.root,0,,62287.0297,nan,nan,nan,nan,nan,nan,nan,nan,nan,nan,,,,,0,missing_root,
1528,62.695088,1000,/Users/yoffegid/Weizmann Institute Dropbox/Gidi Yoffe/Eureka Science/Code/geant4_projects/dnaphysics-ice/europa_energy_library/root/dna_ice_am_rho0p5_E01528_62p695088MeV.root,0,,62695.088,nan,nan,nan,nan,nan,nan,nan,nan,nan,nan,,,,,0,missing_root,
1529,63.1058195,1000,/Users/yoffegid/Weizmann Institute Dropbox/Gidi Yoffe/Eureka Science/Code/geant4_projects/dnaphysics-ice/europa_energy_library/root/dna_ice_am_rho0p5_E01529_63p1058195MeV.root,0,,63105.8195,nan,nan,nan,nan,nan,nan,nan,nan,nan,nan,,,,,0,missing_root,
1530,63.5192419,1000,/Users/yoffegid/Weizmann Institute Dropbox/Gidi Yoffe/Eureka Science/Code/geant4_projects/dnaphysics-ice/europa_energy_library/root/dna_ice_am_rho0p5_E01530_63p5192419MeV.root,0,,63519.2419,nan,nan,nan,nan,nan,nan,nan,nan,nan,nan,,,,,0,missing_root,
1531,63.9353727,1000,/Users/yoffegid/Weizmann Institute Dropbox/Gidi Yoffe/Eureka Science/Code/geant4_projects/dnaphysics-ice/europa_energy_library/root/dna_ice_am_rho0p5_E01531_63p9353727MeV.root,0,,63935.3727,nan,nan,nan,nan,nan,nan,nan,nan,nan,nan,,,,,0,missing_root,
1532,64.3542296,1000,/Users/yoffegid/Weizmann Institute Dropbox/Gidi Yoffe/Eureka Science/Code/geant4_projects/dnaphysics-ice/europa_energy_library/root/dna_ice_am_rho0p5_E01532_64p3542296MeV.root,0,,64354.2296,nan,nan,nan,nan,nan,nan,nan,nan,nan,nan,,,,,0,missing_root,
1533,64.7758306,1000,/Users/yoffegid/Weizmann Institute Dropbox/Gidi Yoffe/Eureka Science/Code/geant4_projects/dnaphysics-ice/europa_energy_library/root/dna_ice_am_rho0p5_E01533_64p7758306MeV.root,0,,64775.8306,nan,nan,nan,nan,nan,nan,nan,nan,nan,nan,,,,,0,missing_root,
1534,65.2001936,1000,/Users/yoffegid/Weizmann Institute Dropbox/Gidi Yoffe/Eureka Science/Code/geant4_projects/dnaphysics-ice/europa_energy_library/root/dna_ice_am_rho0p5_E01534_65p2001936MeV.root,0,,65200.1936,nan,nan,nan,nan,nan,nan,nan,nan,nan,nan,,,,,0,missing_root,
1535,65.6273368,1000,/Users/yoffegid/Weizmann Institute Dropbox/Gidi Yoffe/Eureka Science/Code/geant4_projects/dnaphysics-ice/europa_energy_library/root/dna_ice_am_rho0p5_E01535_65p6273368MeV.root,0,,65627.3368,nan,nan,nan,nan,nan,nan,nan,nan,nan,nan,,,,,0,missing_root,
1536,66.0572782,1000,/Users/yoffegid/Weizmann Institute Dropbox/Gidi Yoffe/Eureka Science/Code/geant4_projects/dnaphysics-ice/europa_energy_library/root/dna_ice_am_rho0p5_E01536_66p0572782MeV.root,0,,66057.2782,nan,nan,nan,nan,nan,nan,nan,nan,nan,nan,,,,,0,missing_root,
1537,66.4900363,1000,/Users/yoffegid/Weizmann Institute Dropbox/Gidi Yoffe/Eureka Science/Code/geant4_projects/dnaphysics-ice/europa_energy_library/root/dna_ice_am_rho0p5_E01537_66p4900363MeV.root,0,,66490.0363,nan,nan,nan,nan,nan,nan,nan,nan,nan,nan,,,,,0,missing_root,
1538,66.9256295,1000,/Users/yoffegid/Weizmann Institute Dropbox/Gidi Yoffe/Eureka Science/Code/geant4_projects/dnaphysics-ice/europa_energy_library/root/dna_ice_am_rho0p5_E01538_66p9256295MeV.root,0,,66925.6295,nan,nan,nan,nan,nan,nan,nan,nan,nan,nan,,,,,0,missing_root,
1539,67.3640764,1000,/Users/yoffegid/Weizmann Institute Dropbox/Gidi Yoffe/Eureka Science/Code/geant4_projects/dnaphysics-ice/europa_energy_library/root/dna_ice_am_rho0p5_E01539_67p3640764MeV.root,0,,67364.0764,nan,nan,nan,nan,nan,nan,nan,nan,nan,nan,,,,,0,missing_root,
1540,67.8053957,1000,/Users/yoffegid/Weizmann Institute Dropbox/Gidi Yoffe/Eureka Science/Code/geant4_projects/dnaphysics-ice/europa_energy_library/root/dna_ice_am_rho0p5_E01540_67p8053957MeV.root,0,,67805.3957,nan,nan,nan,nan,nan,nan,nan,nan,nan,nan,,,,,0,missing_root,
1541,68.2496062,1000,/Users/yoffegid/Weizmann Institute Dropbox/Gidi Yoffe/Eureka Science/Code/geant4_projects/dnaphysics-ice/europa_energy_library/root/dna_ice_am_rho0p5_E01541_68p2496062MeV.root,0,,68249.6062,nan,nan,nan,nan,nan,nan,nan,nan,nan,nan,,,,,0,missing_root,
1542,68.6967268,1000,/Users/yoffegid/Weizmann Institute Dropbox/Gidi Yoffe/Eureka Science/Code/geant4_projects/dnaphysics-ice/europa_energy_library/root/dna_ice_am_rho0p5_E01542_68p6967268MeV.root,0,,68696.7268,nan,nan,nan,nan,nan,nan,nan,nan,nan,nan,,,,,0,missing_root,
1543,69.1467766,1000,/Users/yoffegid/Weizmann Institute Dropbox/Gidi Yoffe/Eureka Science/Code/geant4_projects/dnaphysics-ice/europa_energy_library/root/dna_ice_am_rho0p5_E01543_69p1467766MeV.root,0,,69146.7766,nan,nan,nan,nan,nan,nan,nan,nan,nan,nan,,,,,0,missing_root,
1544,69.5997748,1000,/Users/yoffegid/Weizmann Institute Dropbox/Gidi Yoffe/Eureka Science/Code/geant4_projects/dnaphysics-ice/europa_energy_library/root/dna_ice_am_rho0p5_E01544_69p5997748MeV.root,0,,69599.7748,nan,nan,nan,nan,nan,nan,nan,nan,nan,nan,,,,,0,missing_root,
1545,70.0557407,1000,/Users/yoffegid/Weizmann Institute Dropbox/Gidi Yoffe/Eureka Science/Code/geant4_projects/dnaphysics-ice/europa_energy_library/root/dna_ice_am_rho0p5_E01545_70p0557407MeV.root,0,,70055.7407,nan,nan,nan,nan,nan,nan,nan,nan,nan,nan,,,,,0,missing_root,
1546,70.5146937,1000,/Users/yoffegid/Weizmann Institute Dropbox/Gidi Yoffe/Eureka Science/Code/geant4_projects/dnaphysics-ice/europa_energy_library/root/dna_ice_am_rho0p5_E01546_70p5146937MeV.root,0,,70514.6937,nan,nan,nan,nan,nan,nan,nan,nan,nan,nan,,,,,0,missing_root,
1547,70.9766535,1000,/Users/yoffegid/Weizmann Institute Dropbox/Gidi Yoffe/Eureka Science/Code/geant4_projects/dnaphysics-ice/europa_energy_library/root/dna_ice_am_rho0p5_E01547_70p9766535MeV.root,0,,70976.6535,nan,nan,nan,nan,nan,nan,nan,nan,nan,nan,,,,,0,missing_root,
1548,71.4416397,1000,/Users/yoffegid/Weizmann Institute Dropbox/Gidi Yoffe/Eureka Science/Code/geant4_projects/dnaphysics-ice/europa_energy_library/root/dna_ice_am_rho0p5_E01548_71p4416397MeV.root,0,,71441.6397,nan,nan,nan,nan,nan,nan,nan,nan,nan,nan,,,,,0,missing_root,
1549,71.9096721,1000,/Users/yoffegid/Weizmann Institute Dropbox/Gidi Yoffe/Eureka Science/Code/geant4_projects/dnaphysics-ice/europa_energy_library/root/dna_ice_am_rho0p5_E01549_71p9096721MeV.root,0,,71909.6721,nan,nan,nan,nan,nan,nan,nan,nan,nan,nan,,,,,0,missing_root,
1550,72.3807708,1000,/Users/yoffegid/Weizmann Institute Dropbox/Gidi Yoffe/Eureka Science/Code/geant4_projects/dnaphysics-ice/europa_energy_library/root/dna_ice_am_rho0p5_E01550_72p3807708MeV.root,0,,72380.7708,nan,nan,nan,nan,nan,nan,nan,nan,nan,nan,,,,,0,missing_root,
1551,72.8549557,1000,/Users/yoffegid/Weizmann Institute Dropbox/Gidi Yoffe/Eureka Science/Code/geant4_projects/dnaphysics-ice/europa_energy_library/root/dna_ice_am_rho0p5_E01551_72p8549557MeV.root,0,,72854.9557,nan,nan,nan,nan,nan,nan,nan,nan,nan,nan,,,,,0,missing_root,
1552,73.3322471,1000,/Users/yoffegid/Weizmann Institute Dropbox/Gidi Yoffe/Eureka Science/Code/geant4_projects/dnaphysics-ice/europa_energy_library/root/dna_ice_am_rho0p5_E01552_73p3322471MeV.root,0,,73332.2471,nan,nan,nan,nan,nan,nan,nan,nan,nan,nan,,,,,0,missing_root,
1553,73.8126654,1000,/Users/yoffegid/Weizmann Institute Dropbox/Gidi Yoffe/Eureka Science/Code/geant4_projects/dnaphysics-ice/europa_energy_library/root/dna_ice_am_rho0p5_E01553_73p8126654MeV.root,0,,73812.6654,nan,nan,nan,nan,nan,nan,nan,nan,nan,nan,,,,,0,missing_root,
1554,74.296231,1000,/Users/yoffegid/Weizmann Institute Dropbox/Gidi Yoffe/Eureka Science/Code/geant4_projects/dnaphysics-ice/europa_energy_library/root/dna_ice_am_rho0p5_E01554_74p296231MeV.root,0,,74296.231,nan,nan,nan,nan,nan,nan,nan,nan,nan,nan,,,,,0,missing_root,
1555,74.7829646,1000,/Users/yoffegid/Weizmann Institute Dropbox/Gidi Yoffe/Eureka Science/Code/geant4_projects/dnaphysics-ice/europa_energy_library/root/dna_ice_am_rho0p5_E01555_74p7829646MeV.root,0,,74782.9646,nan,nan,nan,nan,nan,nan,nan,nan,nan,nan,,,,,0,missing_root,
1556,75.2728869,1000,/Users/yoffegid/Weizmann Institute Dropbox/Gidi Yoffe/Eureka Science/Code/geant4_projects/dnaphysics-ice/europa_energy_library/root/dna_ice_am_rho0p5_E01556_75p2728869MeV.root,0,,75272.8869,nan,nan,nan,nan,nan,nan,nan,nan,nan,nan,,,,,0,missing_root,
1557,75.7660188,1000,/Users/yoffegid/Weizmann Institute Dropbox/Gidi Yoffe/Eureka Science/Code/geant4_projects/dnaphysics-ice/europa_energy_library/root/dna_ice_am_rho0p5_E01557_75p7660188MeV.root,0,,75766.0188,nan,nan,nan,nan,nan,nan,nan,nan,nan,nan,,,,,0,missing_root,
1558,76.2623814,1000,/Users/yoffegid/Weizmann Institute Dropbox/Gidi Yoffe/Eureka Science/Code/geant4_projects/dnaphysics-ice/europa_energy_library/root/dna_ice_am_rho0p5_E01558_76p2623814MeV.root,0,,76262.3814,nan,nan,nan,nan,nan,nan,nan,nan,nan,nan,,,,,0,missing_root,
1559,76.7619957,1000,/Users/yoffegid/Weizmann Institute Dropbox/Gidi Yoffe/Eureka Science/Code/geant4_projects/dnaphysics-ice/europa_energy_library/root/dna_ice_am_rho0p5_E01559_76p7619957MeV.root,0,,76761.9957,nan,nan,nan,nan,nan,nan,nan,nan,nan,nan,,,,,0,missing_root,
1560,77.2648832,1000,/Users/yoffegid/Weizmann Institute Dropbox/Gidi Yoffe/Eureka Science/Code/geant4_projects/dnaphysics-ice/europa_energy_library/root/dna_ice_am_rho0p5_E01560_77p2648832MeV.root,0,,77264.8832,nan,nan,nan,nan,nan,nan,nan,nan,nan,nan,,,,,0,missing_root,
1561,77.7710652,1000,/Users/yoffegid/Weizmann Institute Dropbox/Gidi Yoffe/Eureka Science/Code/geant4_projects/dnaphysics-ice/europa_energy_library/root/dna_ice_am_rho0p5_E01561_77p7710652MeV.root,0,,77771.0652,nan,nan,nan,nan,nan,nan,nan,nan,nan,nan,,,,,0,missing_root,
1562,78.2805633,1000,/Users/yoffegid/Weizmann Institute Dropbox/Gidi Yoffe/Eureka Science/Code/geant4_projects/dnaphysics-ice/europa_energy_library/root/dna_ice_am_rho0p5_E01562_78p2805633MeV.root,0,,78280.5633,nan,nan,nan,nan,nan,nan,nan,nan,nan,nan,,,,,0,missing_root,
1563,78.7933993,1000,/Users/yoffegid/Weizmann Institute Dropbox/Gidi Yoffe/Eureka Science/Code/geant4_projects/dnaphysics-ice/europa_energy_library/root/dna_ice_am_rho0p5_E01563_78p7933993MeV.root,0,,78793.3993,nan,nan,nan,nan,nan,nan,nan,nan,nan,nan,,,,,0,missing_root,
1564,79.3095949,1000,/Users/yoffegid/Weizmann Institute Dropbox/Gidi Yoffe/Eureka Science/Code/geant4_projects/dnaphysics-ice/europa_energy_library/root/dna_ice_am_rho0p5_E01564_79p3095949MeV.root,0,,79309.5949,nan,nan,nan,nan,nan,nan,nan,nan,nan,nan,,,,,0,missing_root,
1565,79.8291724,1000,/Users/yoffegid/Weizmann Institute Dropbox/Gidi Yoffe/Eureka Science/Code/geant4_projects/dnaphysics-ice/europa_energy_library/root/dna_ice_am_rho0p5_E01565_79p8291724MeV.root,0,,79829.1724,nan,nan,nan,nan,nan,nan,nan,nan,nan,nan,,,,,0,missing_root,
1566,80.3521537,1000,/Users/yoffegid/Weizmann Institute Dropbox/Gidi Yoffe/Eureka Science/Code/geant4_projects/dnaphysics-ice/europa_energy_library/root/dna_ice_am_rho0p5_E01566_80p3521537MeV.root,0,,80352.1537,nan,nan,nan,nan,nan,nan,nan,nan,nan,nan,,,,,0,missing_root,
1567,80.8785612,1000,/Users/yoffegid/Weizmann Institute Dropbox/Gidi Yoffe/Eureka Science/Code/geant4_projects/dnaphysics-ice/europa_energy_library/root/dna_ice_am_rho0p5_E01567_80p8785612MeV.root,0,,80878.5612,nan,nan,nan,nan,nan,nan,nan,nan,nan,nan,,,,,0,missing_root,
1568,81.4084173,1000,/Users/yoffegid/Weizmann Institute Dropbox/Gidi Yoffe/Eureka Science/Code/geant4_projects/dnaphysics-ice/europa_energy_library/root/dna_ice_am_rho0p5_E01568_81p4084173MeV.root,0,,81408.4173,nan,nan,nan,nan,nan,nan,nan,nan,nan,nan,,,,,0,missing_root,
1569,81.9417446,1000,/Users/yoffegid/Weizmann Institute Dropbox/Gidi Yoffe/Eureka Science/Code/geant4_projects/dnaphysics-ice/europa_energy_library/root/dna_ice_am_rho0p5_E01569_81p9417446MeV.root,0,,81941.7446,nan,nan,nan,nan,nan,nan,nan,nan,nan,nan,,,,,0,missing_root,
1570,82.4785659,1000,/Users/yoffegid/Weizmann Institute Dropbox/Gidi Yoffe/Eureka Science/Code/geant4_projects/dnaphysics-ice/europa_energy_library/root/dna_ice_am_rho0p5_E01570_82p4785659MeV.root,0,,82478.5659,nan,nan,nan,nan,nan,nan,nan,nan,nan,nan,,,,,0,missing_root,
1571,83.0189041,1000,/Users/yoffegid/Weizmann Institute Dropbox/Gidi Yoffe/Eureka Science/Code/geant4_projects/dnaphysics-ice/europa_energy_library/root/dna_ice_am_rho0p5_E01571_83p0189041MeV.root,0,,83018.9041,nan,nan,nan,nan,nan,nan,nan,nan,nan,nan,,,,,0,missing_root,
1572,83.5627821,1000,/Users/yoffegid/Weizmann Institute Dropbox/Gidi Yoffe/Eureka Science/Code/geant4_projects/dnaphysics-ice/europa_energy_library/root/dna_ice_am_rho0p5_E01572_83p5627821MeV.root,0,,83562.7821,nan,nan,nan,nan,nan,nan,nan,nan,nan,nan,,,,,0,missing_root,
1573,84.1102233,1000,/Users/yoffegid/Weizmann Institute Dropbox/Gidi Yoffe/Eureka Science/Code/geant4_projects/dnaphysics-ice/europa_energy_library/root/dna_ice_am_rho0p5_E01573_84p1102233MeV.root,0,,84110.2233,nan,nan,nan,nan,nan,nan,nan,nan,nan,nan,,,,,0,missing_root,
1574,84.6612508,1000,/Users/yoffegid/Weizmann Institute Dropbox/Gidi Yoffe/Eureka Science/Code/geant4_projects/dnaphysics-ice/europa_energy_library/root/dna_ice_am_rho0p5_E01574_84p6612508MeV.root,0,,84661.2508,nan,nan,nan,nan,nan,nan,nan,nan,nan,nan,,,,,0,missing_root,
1575,85.2158883,1000,/Users/yoffegid/Weizmann Institute Dropbox/Gidi Yoffe/Eureka Science/Code/geant4_projects/dnaphysics-ice/europa_energy_library/root/dna_ice_am_rho0p5_E01575_85p2158883MeV.root,0,,85215.8883,nan,nan,nan,nan,nan,nan,nan,nan,nan,nan,,,,,0,missing_root,
1576,85.7741594,1000,/Users/yoffegid/Weizmann Institute Dropbox/Gidi Yoffe/Eureka Science/Code/geant4_projects/dnaphysics-ice/europa_energy_library/root/dna_ice_am_rho0p5_E01576_85p7741594MeV.root,0,,85774.1594,nan,nan,nan,nan,nan,nan,nan,nan,nan,nan,,,,,0,missing_root,
1577,86.3360878,1000,/Users/yoffegid/Weizmann Institute Dropbox/Gidi Yoffe/Eureka Science/Code/geant4_projects/dnaphysics-ice/europa_energy_library/root/dna_ice_am_rho0p5_E01577_86p3360878MeV.root,0,,86336.0878,nan,nan,nan,nan,nan,nan,nan,nan,nan,nan,,,,,0,missing_root,
1578,86.9016976,1000,/Users/yoffegid/Weizmann Institute Dropbox/Gidi Yoffe/Eureka Science/Code/geant4_projects/dnaphysics-ice/europa_energy_library/root/dna_ice_am_rho0p5_E01578_86p9016976MeV.root,0,,86901.6976,nan,nan,nan,nan,nan,nan,nan,nan,nan,nan,,,,,0,missing_root,
1579,87.4710128,1000,/Users/yoffegid/Weizmann Institute Dropbox/Gidi Yoffe/Eureka Science/Code/geant4_projects/dnaphysics-ice/europa_energy_library/root/dna_ice_am_rho0p5_E01579_87p4710128MeV.root,0,,87471.0128,nan,nan,nan,nan,nan,nan,nan,nan,nan,nan,,,,,0,missing_root,
1580,88.0440577,1000,/Users/yoffegid/Weizmann Institute Dropbox/Gidi Yoffe/Eureka Science/Code/geant4_projects/dnaphysics-ice/europa_energy_library/root/dna_ice_am_rho0p5_E01580_88p0440577MeV.root,0,,88044.0577,nan,nan,nan,nan,nan,nan,nan,nan,nan,nan,,,,,0,missing_root,
1581,88.6208568,1000,/Users/yoffegid/Weizmann Institute Dropbox/Gidi Yoffe/Eureka Science/Code/geant4_projects/dnaphysics-ice/europa_energy_library/root/dna_ice_am_rho0p5_E01581_88p6208568MeV.root,0,,88620.8568,nan,nan,nan,nan,nan,nan,nan,nan,nan,nan,,,,,0,missing_root,
1582,89.2014347,1000,/Users/yoffegid/Weizmann Institute Dropbox/Gidi Yoffe/Eureka Science/Code/geant4_projects/dnaphysics-ice/europa_energy_library/root/dna_ice_am_rho0p5_E01582_89p2014347MeV.root,0,,89201.4347,nan,nan,nan,nan,nan,nan,nan,nan,nan,nan,,,,,0,missing_root,
1583,89.7858161,1000,/Users/yoffegid/Weizmann Institute Dropbox/Gidi Yoffe/Eureka Science/Code/geant4_projects/dnaphysics-ice/europa_energy_library/root/dna_ice_am_rho0p5_E01583_89p7858161MeV.root,0,,89785.8161,nan,nan,nan,nan,nan,nan,nan,nan,nan,nan,,,,,0,missing_root,
1584,90.3740259,1000,/Users/yoffegid/Weizmann Institute Dropbox/Gidi Yoffe/Eureka Science/Code/geant4_projects/dnaphysics-ice/europa_energy_library/root/dna_ice_am_rho0p5_E01584_90p3740259MeV.root,0,,90374.0259,nan,nan,nan,nan,nan,nan,nan,nan,nan,nan,,,,,0,missing_root,
1585,90.9660893,1000,/Users/yoffegid/Weizmann Institute Dropbox/Gidi Yoffe/Eureka Science/Code/geant4_projects/dnaphysics-ice/europa_energy_library/root/dna_ice_am_rho0p5_E01585_90p9660893MeV.root,0,,90966.0893,nan,nan,nan,nan,nan,nan,nan,nan,nan,nan,,,,,0,missing_root,
1586,91.5620313,1000,/Users/yoffegid/Weizmann Institute Dropbox/Gidi Yoffe/Eureka Science/Code/geant4_projects/dnaphysics-ice/europa_energy_library/root/dna_ice_am_rho0p5_E01586_91p5620313MeV.root,0,,91562.0313,nan,nan,nan,nan,nan,nan,nan,nan,nan,nan,,,,,0,missing_root,
1587,92.1618776,1000,/Users/yoffegid/Weizmann Institute Dropbox/Gidi Yoffe/Eureka Science/Code/geant4_projects/dnaphysics-ice/europa_energy_library/root/dna_ice_am_rho0p5_E01587_92p1618776MeV.root,0,,92161.8776,nan,nan,nan,nan,nan,nan,nan,nan,nan,nan,,,,,0,missing_root,
1588,92.7656536,1000,/Users/yoffegid/Weizmann Institute Dropbox/Gidi Yoffe/Eureka Science/Code/geant4_projects/dnaphysics-ice/europa_energy_library/root/dna_ice_am_rho0p5_E01588_92p7656536MeV.root,0,,92765.6536,nan,nan,nan,nan,nan,nan,nan,nan,nan,nan,,,,,0,missing_root,
1589,93.3733851,1000,/Users/yoffegid/Weizmann Institute Dropbox/Gidi Yoffe/Eureka Science/Code/geant4_projects/dnaphysics-ice/europa_energy_library/root/dna_ice_am_rho0p5_E01589_93p3733851MeV.root,0,,93373.3851,nan,nan,nan,nan,nan,nan,nan,nan,nan,nan,,,,,0,missing_root,
1590,93.985098,1000,/Users/yoffegid/Weizmann Institute Dropbox/Gidi Yoffe/Eureka Science/Code/geant4_projects/dnaphysics-ice/europa_energy_library/root/dna_ice_am_rho0p5_E01590_93p985098MeV.root,0,,93985.098,nan,nan,nan,nan,nan,nan,nan,nan,nan,nan,,,,,0,missing_root,
1591,94.6008184,1000,/Users/yoffegid/Weizmann Institute Dropbox/Gidi Yoffe/Eureka Science/Code/geant4_projects/dnaphysics-ice/europa_energy_library/root/dna_ice_am_rho0p5_E01591_94p6008184MeV.root,0,,94600.8184,nan,nan,nan,nan,nan,nan,nan,nan,nan,nan,,,,,0,missing_root,
1592,95.2205725,1000,/Users/yoffegid/Weizmann Institute Dropbox/Gidi Yoffe/Eureka Science/Code/geant4_projects/dnaphysics-ice/europa_energy_library/root/dna_ice_am_rho0p5_E01592_95p2205725MeV.root,0,,95220.5725,nan,nan,nan,nan,nan,nan,nan,nan,nan,nan,,,,,0,missing_root,
1593,95.8443868,1000,/Users/yoffegid/Weizmann Institute Dropbox/Gidi Yoffe/Eureka Science/Code/geant4_projects/dnaphysics-ice/europa_energy_library/root/dna_ice_am_rho0p5_E01593_95p8443868MeV.root,0,,95844.3868,nan,nan,nan,nan,nan,nan,nan,nan,nan,nan,,,,,0,missing_root,
1594,96.4722879,1000,/Users/yoffegid/Weizmann Institute Dropbox/Gidi Yoffe/Eureka Science/Code/geant4_projects/dnaphysics-ice/europa_energy_library/root/dna_ice_am_rho0p5_E01594_96p4722879MeV.root,0,,96472.2879,nan,nan,nan,nan,nan,nan,nan,nan,nan,nan,,,,,0,missing_root,
1595,97.1043025,1000,/Users/yoffegid/Weizmann Institute Dropbox/Gidi Yoffe/Eureka Science/Code/geant4_projects/dnaphysics-ice/europa_energy_library/root/dna_ice_am_rho0p5_E01595_97p1043025MeV.root,0,,97104.3025,nan,nan,nan,nan,nan,nan,nan,nan,nan,nan,,,,,0,missing_root,
1596,97.7404576,1000,/Users/yoffegid/Weizmann Institute Dropbox/Gidi Yoffe/Eureka Science/Code/geant4_projects/dnaphysics-ice/europa_energy_library/root/dna_ice_am_rho0p5_E01596_97p7404576MeV.root,0,,97740.4576,nan,nan,nan,nan,nan,nan,nan,nan,nan,nan,,,,,0,missing_root,
1597,98.3807803,1000,/Users/yoffegid/Weizmann Institute Dropbox/Gidi Yoffe/Eureka Science/Code/geant4_projects/dnaphysics-ice/europa_energy_library/root/dna_ice_am_rho0p5_E01597_98p3807803MeV.root,0,,98380.7803,nan,nan,nan,nan,nan,nan,nan,nan,nan,nan,,,,,0,missing_root,
1598,99.0252979,1000,/Users/yoffegid/Weizmann Institute Dropbox/Gidi Yoffe/Eureka Science/Code/geant4_projects/dnaphysics-ice/europa_energy_library/root/dna_ice_am_rho0p5_E01598_99p0252979MeV.root,0,,99025.2979,nan,nan,nan,nan,nan,nan,nan,nan,nan,nan,,,,,0,missing_root,
1599,99.6740379,1000,/Users/yoffegid/Weizmann Institute Dropbox/Gidi Yoffe/Eureka Science/Code/geant4_projects/dnaphysics-ice/europa_energy_library/root/dna_ice_am_rho0p5_E01599_99p6740379MeV.root,0,,99674.0379,nan,nan,nan,nan,nan,nan,nan,nan,nan,nan,,,,,0,missing_root,
