energy_index,E_low_MeV,E_high_MeV,E_center_MeV,dE_MeV,sim_particles,macro_relpath,root_basename,root_relpath,dna_physics,density_gcm3
0,0.00290113671,0.0029201428,0.00291062424,1.90060878e-05,1000,macros/europa_E00000_0p00291062424MeV.mac,dna_ice_am_rho0p5_E00000_0p00291062424MeV,root/dna_ice_am_rho0p5_E00000_0p00291062424MeV.root,ice_am,0.5
1,0.0029201428,0.0029392734,0.00292969248,1.91306015e-05,1000,macros/europa_E00001_0p00292969248MeV.mac,dna_ice_am_rho0p5_E00001_0p00292969248MeV,root/dna_ice_am_rho0p5_E00001_0p00292969248MeV.root,ice_am,0.5
2,0.0029392734,0.00295852933,0.00294888565,1.9255931e-05,1000,macros/europa_E00002_0p00294888565MeV.mac,dna_ice_am_rho0p5_E00002_0p00294888565MeV,root/dna_ice_am_rho0p5_E00002_0p00294888565MeV.root,ice_am,0.5
3,0.00295852933,0.00297791141,0.00296820455,1.93820815e-05,1000,macros/europa_E00003_0p00296820455MeV.mac,dna_ice_am_rho0p5_E00003_0p00296820455MeV,root/dna_ice_am_rho0p5_E00003_0p00296820455MeV.root,ice_am,0.5
4,0.00297791141,0.00299742047,0.00298765002,1.95090585e-05,1000,macros/europa_E00004_0p00298765002MeV.mac,dna_ice_am_rho0p5_E00004_0p00298765002MeV,root/dna_ice_am_rho0p5_E00004_0p00298765002MeV.root,ice_am,0.5
5,0.00299742047,0.00301705734,0.00300722288,1.96368673e-05,1000,macros/europa_E00005_0p00300722288MeV.mac,dna_ice_am_rho0p5_E00005_0p00300722288MeV,root/dna_ice_am_rho0p5_E00005_0p00300722288MeV.root,ice_am,0.5
6,0.00301705734,0.00303682285,0.00302692396,1.97655134e-05,1000,macros/europa_E00006_0p00302692396MeV.mac,dna_ice_am_rho0p5_E00006_0p00302692396MeV,root/dna_ice_am_rho0p5_E00006_0p00302692396MeV.root,ice_am,0.5
7,0.00303682285,0.00305671785,0.00304675411,1.98950023e-05,1000,macros/europa_E00007_0p00304675411MeV.mac,dna_ice_am_rho0p5_E00007_0p00304675411MeV,root/dna_ice_am_rho0p5_E00007_0p00304675411MeV.root,ice_am,0.5
8,0.00305671785,0.00307674319,0.00306671418,2.00253396e-05,1000,macros/europa_E00008_0p00306671418MeV.mac,dna_ice_am_rho0p5_E00008_0p00306671418MeV,root/dna_ice_am_rho0p5_E00008_0p00306671418MeV.root,ice_am,0.5
9,0.00307674319,0.00309689972,0.00308680501,2.01565307e-05,1000,macros/europa_E00009_0p00308680501MeV.mac,dna_ice_am_rho0p5_E00009_0p00308680501MeV,root/dna_ice_am_rho0p5_E00009_0p00308680501MeV.root,ice_am,0.5
10,0.00309689972,0.0031171883,0.00310702745,2.02885813e-05,1000,macros/europa_E00010_0p00310702745MeV.mac,dna_ice_am_rho0p5_E00010_0p00310702745MeV,root/dna_ice_am_rho0p5_E00010_0p00310702745MeV.root,ice_am,0.5
11,0.0031171883,0.0031376098,0.00312738238,2.0421497e-05,1000,macros/europa_E00011_0p00312738238MeV.mac,dna_ice_am_rho0p5_E00011_0p00312738238MeV,root/dna_ice_am_rho0p5_E00011_0p00312738238MeV.root,ice_am,0.5
12,0.0031376098,0.00315816508,0.00314787067,2.05552834e-05,1000,macros/europa_E00012_0p00314787067MeV.mac,dna_ice_am_rho0p5_E00012_0p00314787067MeV,root/dna_ice_am_rho0p5_E00012_0p00314787067MeV.root,ice_am,0.5
13,0.00315816508,0.00317885503,0.00316849317,2.06899463e-05,1000,macros/europa_E00013_0p00316849317MeV.mac,dna_ice_am_rho0p5_E00013_0p00316849317MeV,root/dna_ice_am_rho0p5_E00013_0p00316849317MeV.root,ice_am,0.5
14,0.00317885503,0.00319968052,0.00318925078,2.08254914e-05,1000,macros/europa_E00014_0p00318925078MeV.mac,dna_ice_am_rho0p5_E00014_0p00318925078MeV,root/dna_ice_am_rho0p5_E00014_0p00318925078MeV.root,ice_am,0.5
15,0.00319968052,0.00322064245,0.00321014437,2.09619246e-05,1000,macros/europa_E00015_0p00321014437MeV.mac,dna_ice_am_rho0p5_E00015_0p00321014437MeV,root/dna_ice_am_rho0p5_E00015_0p00321014437MeV.root,ice_am,0.5
16,0.00322064245,0.0032417417,0.00323117485,2.10992515e-05,1000,macros/europa_E00016_0p00323117485MeV.mac,dna_ice_am_rho0p5_E00016_0p00323117485MeV,root/dna_ice_am_rho0p5_E00016_0p00323117485MeV.root,ice_am,0.5
17,0.0032417417,0.00326297918,0.0032523431,2.12374781e-05,1000,macros/europa_E00017_0p0032523431MeV.mac,dna_ice_am_rho0p5_E00017_0p0032523431MeV,root/dna_ice_am_rho0p5_E00017_0p0032523431MeV.root,ice_am,0.5
18,0.00326297918,0.00328435579,0.00327365003,2.13766102e-05,1000,macros/europa_E00018_0p00327365003MeV.mac,dna_ice_am_rho0p5_E00018_0p00327365003MeV,root/dna_ice_am_rho0p5_E00018_0p00327365003MeV.root,ice_am,0.5
19,0.00328435579,0.00330587244,0.00329509655,2.15166538e-05,1000,macros/europa_E00019_0p00329509655MeV.mac,dna_ice_am_rho0p5_E00019_0p00329509655MeV,root/dna_ice_am_rho0p5_E00019_0p00329509655MeV.root,ice_am,0.5
20,0.00330587244,0.00332753006,0.00331668357,2.16576149e-05,1000,macros/europa_E00020_0p00331668357MeV.mac,dna_ice_am_rho0p5_E00020_0p00331668357MeV,root/dna_ice_am_rho0p5_E00020_0p00331668357MeV.root,ice_am,0.5
21,0.00332753006,0.00334932956,0.00333841201,2.17994995e-05,1000,macros/europa_E00021_0p00333841201MeV.mac,dna_ice_am_rho0p5_E00021_0p00333841201MeV,root/dna_ice_am_rho0p5_E00021_0p00333841201MeV.root,ice_am,0.5
22,0.00334932956,0.00337127187,0.0033602828,2.19423136e-05,1000,macros/europa_E00022_0p0033602828MeV.mac,dna_ice_am_rho0p5_E00022_0p0033602828MeV,root/dna_ice_am_rho0p5_E00022_0p0033602828MeV.root,ice_am,0.5
23,0.00337127187,0.00339335793,0.00338229687,2.20860633e-05,1000,macros/europa_E00023_0p00338229687MeV.mac,dna_ice_am_rho0p5_E00023_0p00338229687MeV,root/dna_ice_am_rho0p5_E00023_0p00338229687MeV.root,ice_am,0.5
24,0.00339335793,0.00341558869,0.00340445516,2.22307547e-05,1000,macros/europa_E00024_0p00340445516MeV.mac,dna_ice_am_rho0p5_E00024_0p00340445516MeV,root/dna_ice_am_rho0p5_E00024_0p00340445516MeV.root,ice_am,0.5
25,0.00341558869,0.00343796508,0.00342675862,2.23763941e-05,1000,macros/europa_E00025_0p00342675862MeV.mac,dna_ice_am_rho0p5_E00025_0p00342675862MeV,root/dna_ice_am_rho0p5_E00025_0p00342675862MeV.root,ice_am,0.5
26,0.00343796508,0.00346048807,0.00344920819,2.25229876e-05,1000,macros/europa_E00026_0p00344920819MeV.mac,dna_ice_am_rho0p5_E00026_0p00344920819MeV,root/dna_ice_am_rho0p5_E00026_0p00344920819MeV.root,ice_am,0.5
27,0.00346048807,0.00348315861,0.00347180483,2.26705414e-05,1000,macros/europa_E00027_0p00347180483MeV.mac,dna_ice_am_rho0p5_E00027_0p00347180483MeV,root/dna_ice_am_rho0p5_E00027_0p00347180483MeV.root,ice_am,0.5
28,0.00348315861,0.00350597767,0.00349454952,2.28190619e-05,1000,macros/europa_E00028_0p00349454952MeV.mac,dna_ice_am_rho0p5_E00028_0p00349454952MeV,root/dna_ice_am_rho0p5_E00028_0p00349454952MeV.root,ice_am,0.5
29,0.00350597767,0.00352894623,0.0035174432,2.29685554e-05,1000,macros/europa_E00029_0p0035174432MeV.mac,dna_ice_am_rho0p5_E00029_0p0035174432MeV,root/dna_ice_am_rho0p5_E00029_0p0035174432MeV.root,ice_am,0.5
30,0.00352894623,0.00355206526,0.00354048687,2.31190283e-05,1000,macros/europa_E00030_0p00354048687MeV.mac,dna_ice_am_rho0p5_E00030_0p00354048687MeV,root/dna_ice_am_rho0p5_E00030_0p00354048687MeV.root,ice_am,0.5
31,0.00355206526,0.00357533574,0.0035636815,2.3270487e-05,1000,macros/europa_E00031_0p0035636815MeV.mac,dna_ice_am_rho0p5_E00031_0p0035636815MeV,root/dna_ice_am_rho0p5_E00031_0p0035636815MeV.root,ice_am,0.5
32,0.00357533574,0.00359875868,0.00358702809,2.34229379e-05,1000,macros/europa_E00032_0p00358702809MeV.mac,dna_ice_am_rho0p5_E00032_0p00358702809MeV,root/dna_ice_am_rho0p5_E00032_0p00358702809MeV.root,ice_am,0.5
33,0.00359875868,0.00362233507,0.00361052763,2.35763875e-05,1000,macros/europa_E00033_0p00361052763MeV.mac,dna_ice_am_rho0p5_E00033_0p00361052763MeV,root/dna_ice_am_rho0p5_E00033_0p00361052763MeV.root,ice_am,0.5
34,0.00362233507,0.00364606591,0.00363418112,2.37308425e-05,1000,macros/europa_E00034_0p00363418112MeV.mac,dna_ice_am_rho0p5_E00034_0p00363418112MeV,root/dna_ice_am_rho0p5_E00034_0p00363418112MeV.root,ice_am,0.5
35,0.00364606591,0.00366995222,0.00365798957,2.38863093e-05,1000,macros/europa_E00035_0p00365798957MeV.mac,dna_ice_am_rho0p5_E00035_0p00365798957MeV,root/dna_ice_am_rho0p5_E00035_0p00365798957MeV.root,ice_am,0.5
36,0.00366995222,0.00369399501,0.00368195399,2.40427946e-05,1000,macros/europa_E00036_0p00368195399MeV.mac,dna_ice_am_rho0p5_E00036_0p00368195399MeV,root/dna_ice_am_rho0p5_E00036_0p00368195399MeV.root,ice_am,0.5
37,0.00369399501,0.00371819532,0.00370607541,2.42003051e-05,1000,macros/europa_E00037_0p00370607541MeV.mac,dna_ice_am_rho0p5_E00037_0p00370607541MeV,root/dna_ice_am_rho0p5_E00037_0p00370607541MeV.root,ice_am,0.5
38,0.00371819532,0.00374255417,0.00373035486,2.43588475e-05,1000,macros/europa_E00038_0p00373035486MeV.mac,dna_ice_am_rho0p5_E00038_0p00373035486MeV,root/dna_ice_am_rho0p5_E00038_0p00373035486MeV.root,ice_am,0.5
39,0.00374255417,0.0037670726,0.00375479337,2.45184285e-05,1000,macros/europa_E00039_0p00375479337MeV.mac,dna_ice_am_rho0p5_E00039_0p00375479337MeV,root/dna_ice_am_rho0p5_E00039_0p00375479337MeV.root,ice_am,0.5
40,0.0037670726,0.00379175165,0.00377939198,2.4679055e-05,1000,macros/europa_E00040_0p00377939198MeV.mac,dna_ice_am_rho0p5_E00040_0p00377939198MeV,root/dna_ice_am_rho0p5_E00040_0p00377939198MeV.root,ice_am,0.5
41,0.00379175165,0.00381659238,0.00380415174,2.48407338e-05,1000,macros/europa_E00041_0p00380415174MeV.mac,dna_ice_am_rho0p5_E00041_0p00380415174MeV,root/dna_ice_am_rho0p5_E00041_0p00380415174MeV.root,ice_am,0.5
42,0.00381659238,0.00384159586,0.00382907371,2.50034718e-05,1000,macros/europa_E00042_0p00382907371MeV.mac,dna_ice_am_rho0p5_E00042_0p00382907371MeV,root/dna_ice_am_rho0p5_E00042_0p00382907371MeV.root,ice_am,0.5
43,0.00384159586,0.00386676313,0.00385415895,2.51672759e-05,1000,macros/europa_E00043_0p00385415895MeV.mac,dna_ice_am_rho0p5_E00043_0p00385415895MeV,root/dna_ice_am_rho0p5_E00043_0p00385415895MeV.root,ice_am,0.5
44,0.00386676313,0.00389209528,0.00387940853,2.53321532e-05,1000,macros/europa_E00044_0p00387940853MeV.mac,dna_ice_am_rho0p5_E00044_0p00387940853MeV,root/dna_ice_am_rho0p5_E00044_0p00387940853MeV.root,ice_am,0.5
45,0.00389209528,0.0039175934,0.00390482353,2.54981106e-05,1000,macros/europa_E00045_0p00390482353MeV.mac,dna_ice_am_rho0p5_E00045_0p00390482353MeV,root/dna_ice_am_rho0p5_E00045_0p00390482353MeV.root,ice_am,0.5
46,0.0039175934,0.00394325855,0.00393040502,2.56651552e-05,1000,macros/europa_E00046_0p00393040502MeV.mac,dna_ice_am_rho0p5_E00046_0p00393040502MeV,root/dna_ice_am_rho0p5_E00046_0p00393040502MeV.root,ice_am,0.5
47,0.00394325855,0.00396909184,0.00395615411,2.58332942e-05,1000,macros/europa_E00047_0p00395615411MeV.mac,dna_ice_am_rho0p5_E00047_0p00395615411MeV,root/dna_ice_am_rho0p5_E00047_0p00395615411MeV.root,ice_am,0.5
48,0.00396909184,0.00399509438,0.00398207189,2.60025347e-05,1000,macros/europa_E00048_0p00398207189MeV.mac,dna_ice_am_rho0p5_E00048_0p00398207189MeV,root/dna_ice_am_rho0p5_E00048_0p00398207189MeV.root,ice_am,0.5
49,0.00399509438,0.00402126726,0.00400815946,2.61728839e-05,1000,macros/europa_E00049_0p00400815946MeV.mac,dna_ice_am_rho0p5_E00049_0p00400815946MeV,root/dna_ice_am_rho0p5_E00049_0p00400815946MeV.root,ice_am,0.5
50,0.00402126726,0.00404761161,0.00403441793,2.63443492e-05,1000,macros/europa_E00050_0p00403441793MeV.mac,dna_ice_am_rho0p5_E00050_0p00403441793MeV,root/dna_ice_am_rho0p5_E00050_0p00403441793MeV.root,ice_am,0.5
51,0.00404761161,0.00407412855,0.00406084844,2.65169378e-05,1000,macros/europa_E00051_0p00406084844MeV.mac,dna_ice_am_rho0p5_E00051_0p00406084844MeV,root/dna_ice_am_rho0p5_E00051_0p00406084844MeV.root,ice_am,0.5
52,0.00407412855,0.00410081921,0.00408745209,2.6690657e-05,1000,macros/europa_E00052_0p00408745209MeV.mac,dna_ice_am_rho0p5_E00052_0p00408745209MeV,root/dna_ice_am_rho0p5_E00052_0p00408745209MeV.root,ice_am,0.5
53,0.00410081921,0.00412768472,0.00411423004,2.68655143e-05,1000,macros/europa_E00053_0p00411423004MeV.mac,dna_ice_am_rho0p5_E00053_0p00411423004MeV,root/dna_ice_am_rho0p5_E00053_0p00411423004MeV.root,ice_am,0.5
54,0.00412768472,0.00415472624,0.00414118341,2.70415172e-05,1000,macros/europa_E00054_0p00414118341MeV.mac,dna_ice_am_rho0p5_E00054_0p00414118341MeV,root/dna_ice_am_rho0p5_E00054_0p00414118341MeV.root,ice_am,0.5
55,0.00415472624,0.00418194491,0.00416831336,2.7218673e-05,1000,macros/europa_E00055_0p00416831336MeV.mac,dna_ice_am_rho0p5_E00055_0p00416831336MeV,root/dna_ice_am_rho0p5_E00055_0p00416831336MeV.root,ice_am,0.5
56,0.00418194491,0.0042093419,0.00419562104,2.73969895e-05,1000,macros/europa_E00056_0p00419562104MeV.mac,dna_ice_am_rho0p5_E00056_0p00419562104MeV,root/dna_ice_am_rho0p5_E00056_0p00419562104MeV.root,ice_am,0.5
57,0.0042093419,0.00423691838,0.00422310763,2.75764742e-05,1000,macros/europa_E00057_0p00422310763MeV.mac,dna_ice_am_rho0p5_E00057_0p00422310763MeV,root/dna_ice_am_rho0p5_E00057_0p00422310763MeV.root,ice_am,0.5
58,0.00423691838,0.00426467551,0.00425077429,2.77571347e-05,1000,macros/europa_E00058_0p00425077429MeV.mac,dna_ice_am_rho0p5_E00058_0p00425077429MeV,root/dna_ice_am_rho0p5_E00058_0p00425077429MeV.root,ice_am,0.5
59,0.00426467551,0.00429261449,0.0042786222,2.79389788e-05,1000,macros/europa_E00059_0p0042786222MeV.mac,dna_ice_am_rho0p5_E00059_0p0042786222MeV,root/dna_ice_am_rho0p5_E00059_0p0042786222MeV.root,ice_am,0.5
60,0.00429261449,0.0043207365,0.00430665254,2.81220142e-05,1000,macros/europa_E00060_0p00430665254MeV.mac,dna_ice_am_rho0p5_E00060_0p00430665254MeV,root/dna_ice_am_rho0p5_E00060_0p00430665254MeV.root,ice_am,0.5
61,0.0043207365,0.00434904275,0.00433486652,2.83062487e-05,1000,macros/europa_E00061_0p00433486652MeV.mac,dna_ice_am_rho0p5_E00061_0p00433486652MeV,root/dna_ice_am_rho0p5_E00061_0p00433486652MeV.root,ice_am,0.5
62,0.00434904275,0.00437753444,0.00436326534,2.84916902e-05,1000,macros/europa_E00062_0p00436326534MeV.mac,dna_ice_am_rho0p5_E00062_0p00436326534MeV,root/dna_ice_am_rho0p5_E00062_0p00436326534MeV.root,ice_am,0.5
63,0.00437753444,0.00440621279,0.00439185021,2.86783465e-05,1000,macros/europa_E00063_0p00439185021MeV.mac,dna_ice_am_rho0p5_E00063_0p00439185021MeV,root/dna_ice_am_rho0p5_E00063_0p00439185021MeV.root,ice_am,0.5
64,0.00440621279,0.00443507901,0.00442062234,2.88662257e-05,1000,macros/europa_E00064_0p00442062234MeV.mac,dna_ice_am_rho0p5_E00064_0p00442062234MeV,root/dna_ice_am_rho0p5_E00064_0p00442062234MeV.root,ice_am,0.5
65,0.00443507901,0.00446413435,0.00444958297,2.90553357e-05,1000,macros/europa_E00065_0p00444958297MeV.mac,dna_ice_am_rho0p5_E00065_0p00444958297MeV,root/dna_ice_am_rho0p5_E00065_0p00444958297MeV.root,ice_am,0.5
66,0.00446413435,0.00449338003,0.00447873332,2.92456846e-05,1000,macros/europa_E00066_0p00447873332MeV.mac,dna_ice_am_rho0p5_E00066_0p00447873332MeV,root/dna_ice_am_rho0p5_E00066_0p00447873332MeV.root,ice_am,0.5
67,0.00449338003,0.00452281732,0.00450807465,2.94372806e-05,1000,macros/europa_E00067_0p00450807465MeV.mac,dna_ice_am_rho0p5_E00067_0p00450807465MeV,root/dna_ice_am_rho0p5_E00067_0p00450807465MeV.root,ice_am,0.5
68,0.00452281732,0.00455244745,0.0045376082,2.96301317e-05,1000,macros/europa_E00068_0p0045376082MeV.mac,dna_ice_am_rho0p5_E00068_0p0045376082MeV,root/dna_ice_am_rho0p5_E00068_0p0045376082MeV.root,ice_am,0.5
69,0.00455244745,0.00458227169,0.00456733523,2.98242463e-05,1000,macros/europa_E00069_0p00456733523MeV.mac,dna_ice_am_rho0p5_E00069_0p00456733523MeV,root/dna_ice_am_rho0p5_E00069_0p00456733523MeV.root,ice_am,0.5
70,0.00458227169,0.00461229133,0.00459725701,3.00196325e-05,1000,macros/europa_E00070_0p00459725701MeV.mac,dna_ice_am_rho0p5_E00070_0p00459725701MeV,root/dna_ice_am_rho0p5_E00070_0p00459725701MeV.root,ice_am,0.5
71,0.00461229133,0.00464250762,0.00462737481,3.02162988e-05,1000,macros/europa_E00071_0p00462737481MeV.mac,dna_ice_am_rho0p5_E00071_0p00462737481MeV,root/dna_ice_am_rho0p5_E00071_0p00462737481MeV.root,ice_am,0.5
72,0.00464250762,0.00467292188,0.00465768993,3.04142535e-05,1000,macros/europa_E00072_0p00465768993MeV.mac,dna_ice_am_rho0p5_E00072_0p00465768993MeV,root/dna_ice_am_rho0p5_E00072_0p00465768993MeV.root,ice_am,0.5
73,0.00467292188,0.00470353538,0.00468820364,3.06135051e-05,1000,macros/europa_E00073_0p00468820364MeV.mac,dna_ice_am_rho0p5_E00073_0p00468820364MeV,root/dna_ice_am_rho0p5_E00073_0p00468820364MeV.root,ice_am,0.5
74,0.00470353538,0.00473434945,0.00471891726,3.0814062e-05,1000,macros/europa_E00074_0p00471891726MeV.mac,dna_ice_am_rho0p5_E00074_0p00471891726MeV,root/dna_ice_am_rho0p5_E00074_0p00471891726MeV.root,ice_am,0.5
75,0.00473434945,0.00476536538,0.0047498321,3.10159327e-05,1000,macros/europa_E00075_0p0047498321MeV.mac,dna_ice_am_rho0p5_E00075_0p0047498321MeV,root/dna_ice_am_rho0p5_E00075_0p0047498321MeV.root,ice_am,0.5
76,0.00476536538,0.0047965845,0.00478094946,3.1219126e-05,1000,macros/europa_E00076_0p00478094946MeV.mac,dna_ice_am_rho0p5_E00076_0p00478094946MeV,root/dna_ice_am_rho0p5_E00076_0p00478094946MeV.root,ice_am,0.5
77,0.0047965845,0.00482800815,0.00481227068,3.14236505e-05,1000,macros/europa_E00077_0p00481227068MeV.mac,dna_ice_am_rho0p5_E00077_0p00481227068MeV,root/dna_ice_am_rho0p5_E00077_0p00481227068MeV.root,ice_am,0.5
78,0.00482800815,0.00485963767,0.00484379709,3.16295149e-05,1000,macros/europa_E00078_0p00484379709MeV.mac,dna_ice_am_rho0p5_E00078_0p00484379709MeV,root/dna_ice_am_rho0p5_E00078_0p00484379709MeV.root,ice_am,0.5
79,0.00485963767,0.0048914744,0.00487553005,3.18367279e-05,1000,macros/europa_E00079_0p00487553005MeV.mac,dna_ice_am_rho0p5_E00079_0p00487553005MeV,root/dna_ice_am_rho0p5_E00079_0p00487553005MeV.root,ice_am,0.5
80,0.0048914744,0.0049235197,0.00490747089,3.20452985e-05,1000,macros/europa_E00080_0p00490747089MeV.mac,dna_ice_am_rho0p5_E00080_0p00490747089MeV,root/dna_ice_am_rho0p5_E00080_0p00490747089MeV.root,ice_am,0.5
81,0.0049235197,0.00495577493,0.00493962099,3.22552354e-05,1000,macros/europa_E00081_0p00493962099MeV.mac,dna_ice_am_rho0p5_E00081_0p00493962099MeV,root/dna_ice_am_rho0p5_E00081_0p00493962099MeV.root,ice_am,0.5
82,0.00495577493,0.00498824148,0.0049719817,3.24665477e-05,1000,macros/europa_E00082_0p0049719817MeV.mac,dna_ice_am_rho0p5_E00082_0p0049719817MeV,root/dna_ice_am_rho0p5_E00082_0p0049719817MeV.root,ice_am,0.5
83,0.00498824148,0.00502092072,0.00500455443,3.26792443e-05,1000,macros/europa_E00083_0p00500455443MeV.mac,dna_ice_am_rho0p5_E00083_0p00500455443MeV,root/dna_ice_am_rho0p5_E00083_0p00500455443MeV.root,ice_am,0.5
84,0.00502092072,0.00505381406,0.00503734054,3.28933344e-05,1000,macros/europa_E00084_0p00503734054MeV.mac,dna_ice_am_rho0p5_E00084_0p00503734054MeV,root/dna_ice_am_rho0p5_E00084_0p00503734054MeV.root,ice_am,0.5
85,0.00505381406,0.00508692288,0.00507034145,3.3108827e-05,1000,macros/europa_E00085_0p00507034145MeV.mac,dna_ice_am_rho0p5_E00085_0p00507034145MeV,root/dna_ice_am_rho0p5_E00085_0p00507034145MeV.root,ice_am,0.5
86,0.00508692288,0.00512024862,0.00510355855,3.33257314e-05,1000,macros/europa_E00086_0p00510355855MeV.mac,dna_ice_am_rho0p5_E00086_0p00510355855MeV,root/dna_ice_am_rho0p5_E00086_0p00510355855MeV.root,ice_am,0.5
87,0.00512024862,0.00515379267,0.00513699326,3.35440568e-05,1000,macros/europa_E00087_0p00513699326MeV.mac,dna_ice_am_rho0p5_E00087_0p00513699326MeV,root/dna_ice_am_rho0p5_E00087_0p00513699326MeV.root,ice_am,0.5
88,0.00515379267,0.00518755649,0.00517064702,3.37638125e-05,1000,macros/europa_E00088_0p00517064702MeV.mac,dna_ice_am_rho0p5_E00088_0p00517064702MeV,root/dna_ice_am_rho0p5_E00088_0p00517064702MeV.root,ice_am,0.5
89,0.00518755649,0.00522154149,0.00520452125,3.39850079e-05,1000,macros/europa_E00089_0p00520452125MeV.mac,dna_ice_am_rho0p5_E00089_0p00520452125MeV,root/dna_ice_am_rho0p5_E00089_0p00520452125MeV.root,ice_am,0.5
90,0.00522154149,0.00525574915,0.0052386174,3.42076523e-05,1000,macros/europa_E00090_0p0052386174MeV.mac,dna_ice_am_rho0p5_E00090_0p0052386174MeV,root/dna_ice_am_rho0p5_E00090_0p0052386174MeV.root,ice_am,0.5
91,0.00525574915,0.0052901809,0.00527293692,3.44317554e-05,1000,macros/europa_E00091_0p00527293692MeV.mac,dna_ice_am_rho0p5_E00091_0p00527293692MeV,root/dna_ice_am_rho0p5_E00091_0p00527293692MeV.root,ice_am,0.5
92,0.0052901809,0.00532483823,0.00530748128,3.46573266e-05,1000,macros/europa_E00092_0p00530748128MeV.mac,dna_ice_am_rho0p5_E00092_0p00530748128MeV,root/dna_ice_am_rho0p5_E00092_0p00530748128MeV.root,ice_am,0.5
93,0.00532483823,0.0053597226,0.00534225194,3.48843756e-05,1000,macros/europa_E00093_0p00534225194MeV.mac,dna_ice_am_rho0p5_E00093_0p00534225194MeV,root/dna_ice_am_rho0p5_E00093_0p00534225194MeV.root,ice_am,0.5
94,0.0053597226,0.00539483552,0.0053772504,3.51129121e-05,1000,macros/europa_E00094_0p0053772504MeV.mac,dna_ice_am_rho0p5_E00094_0p0053772504MeV,root/dna_ice_am_rho0p5_E00094_0p0053772504MeV.root,ice_am,0.5
95,0.00539483552,0.00543017846,0.00541247814,3.53429457e-05,1000,macros/europa_E00095_0p00541247814MeV.mac,dna_ice_am_rho0p5_E00095_0p00541247814MeV,root/dna_ice_am_rho0p5_E00095_0p00541247814MeV.root,ice_am,0.5
96,0.00543017846,0.00546575295,0.00544793667,3.55744864e-05,1000,macros/europa_E00096_0p00544793667MeV.mac,dna_ice_am_rho0p5_E00096_0p00544793667MeV,root/dna_ice_am_rho0p5_E00096_0p00544793667MeV.root,ice_am,0.5
97,0.00546575295,0.00550156049,0.00548362749,3.5807544e-05,1000,macros/europa_E00097_0p00548362749MeV.mac,dna_ice_am_rho0p5_E00097_0p00548362749MeV,root/dna_ice_am_rho0p5_E00097_0p00548362749MeV.root,ice_am,0.5
98,0.00550156049,0.00553760262,0.00551955214,3.60421283e-05,1000,macros/europa_E00098_0p00551955214MeV.mac,dna_ice_am_rho0p5_E00098_0p00551955214MeV,root/dna_ice_am_rho0p5_E00098_0p00551955214MeV.root,ice_am,0.5
99,0.00553760262,0.00557388087,0.00555571213,3.62782495e-05,1000,macros/europa_E00099_0p00555571213MeV.mac,dna_ice_am_rho0p5_E00099_0p00555571213MeV,root/dna_ice_am_rho0p5_E00099_0p00555571213MeV.root,ice_am,0.5
100,0.00557388087,0.00561039679,0.00559210902,3.65159176e-05,1000,macros/europa_E00100_0p00559210902MeV.mac,dna_ice_am_rho0p5_E00100_0p00559210902MeV,root/dna_ice_am_rho0p5_E00100_0p00559210902MeV.root,ice_am,0.5
101,0.00561039679,0.00564715193,0.00562874436,3.67551427e-05,1000,macros/europa_E00101_0p00562874436MeV.mac,dna_ice_am_rho0p5_E00101_0p00562874436MeV,root/dna_ice_am_rho0p5_E00101_0p00562874436MeV.root,ice_am,0.5
102,0.00564715193,0.00568414786,0.0056656197,3.6995935e-05,1000,macros/europa_E00102_0p0056656197MeV.mac,dna_ice_am_rho0p5_E00102_0p0056656197MeV,root/dna_ice_am_rho0p5_E00102_0p0056656197MeV.root,ice_am,0.5
103,0.00568414786,0.00572138617,0.00570273662,3.72383048e-05,1000,macros/europa_E00103_0p00570273662MeV.mac,dna_ice_am_rho0p5_E00103_0p00570273662MeV,root/dna_ice_am_rho0p5_E00103_0p00570273662MeV.root,ice_am,0.5
104,0.00572138617,0.00575886843,0.00574009671,3.74822625e-05,1000,macros/europa_E00104_0p00574009671MeV.mac,dna_ice_am_rho0p5_E00104_0p00574009671MeV,root/dna_ice_am_rho0p5_E00104_0p00574009671MeV.root,ice_am,0.5
105,0.00575886843,0.00579659625,0.00577770155,3.77278184e-05,1000,macros/europa_E00105_0p00577770155MeV.mac,dna_ice_am_rho0p5_E00105_0p00577770155MeV,root/dna_ice_am_rho0p5_E00105_0p00577770155MeV.root,ice_am,0.5
106,0.00579659625,0.00583457123,0.00581555275,3.7974983e-05,1000,macros/europa_E00106_0p00581555275MeV.mac,dna_ice_am_rho0p5_E00106_0p00581555275MeV,root/dna_ice_am_rho0p5_E00106_0p00581555275MeV.root,ice_am,0.5
107,0.00583457123,0.005872795,0.00585365192,3.82237668e-05,1000,macros/europa_E00107_0p00585365192MeV.mac,dna_ice_am_rho0p5_E00107_0p00585365192MeV,root/dna_ice_am_rho0p5_E00107_0p00585365192MeV.root,ice_am,0.5
108,0.005872795,0.00591126918,0.00589200069,3.84741804e-05,1000,macros/europa_E00108_0p00589200069MeV.mac,dna_ice_am_rho0p5_E00108_0p00589200069MeV,root/dna_ice_am_rho0p5_E00108_0p00589200069MeV.root,ice_am,0.5
109,0.00591126918,0.00594999542,0.00593060069,3.87262346e-05,1000,macros/europa_E00109_0p00593060069MeV.mac,dna_ice_am_rho0p5_E00109_0p00593060069MeV,root/dna_ice_am_rho0p5_E00109_0p00593060069MeV.root,ice_am,0.5
110,0.00594999542,0.00598897536,0.00596945357,3.89799401e-05,1000,macros/europa_E00110_0p00596945357MeV.mac,dna_ice_am_rho0p5_E00110_0p00596945357MeV,root/dna_ice_am_rho0p5_E00110_0p00596945357MeV.root,ice_am,0.5
111,0.00598897536,0.00602821066,0.00600856098,3.92353076e-05,1000,macros/europa_E00111_0p00600856098MeV.mac,dna_ice_am_rho0p5_E00111_0p00600856098MeV,root/dna_ice_am_rho0p5_E00111_0p00600856098MeV.root,ice_am,0.5
112,0.00602821066,0.00606770301,0.0060479246,3.94923481e-05,1000,macros/europa_E00112_0p0060479246MeV.mac,dna_ice_am_rho0p5_E00112_0p0060479246MeV,root/dna_ice_am_rho0p5_E00112_0p0060479246MeV.root,ice_am,0.5
113,0.00606770301,0.00610745408,0.0060875461,3.97510726e-05,1000,macros/europa_E00113_0p0060875461MeV.mac,dna_ice_am_rho0p5_E00113_0p0060875461MeV,root/dna_ice_am_rho0p5_E00113_0p0060875461MeV.root,ice_am,0.5
114,0.00610745408,0.00614746558,0.00612742717,4.0011492e-05,1000,macros/europa_E00114_0p00612742717MeV.mac,dna_ice_am_rho0p5_E00114_0p00612742717MeV,root/dna_ice_am_rho0p5_E00114_0p00612742717MeV.root,ice_am,0.5
115,0.00614746558,0.00618773919,0.00616756951,4.02736175e-05,1000,macros/europa_E00115_0p00616756951MeV.mac,dna_ice_am_rho0p5_E00115_0p00616756951MeV,root/dna_ice_am_rho0p5_E00115_0p00616756951MeV.root,ice_am,0.5
116,0.00618773919,0.00622827665,0.00620797484,4.05374603e-05,1000,macros/europa_E00116_0p00620797484MeV.mac,dna_ice_am_rho0p5_E00116_0p00620797484MeV,root/dna_ice_am_rho0p5_E00116_0p00620797484MeV.root,ice_am,0.5
117,0.00622827665,0.00626907968,0.00624864486,4.08030316e-05,1000,macros/europa_E00117_0p00624864486MeV.mac,dna_ice_am_rho0p5_E00117_0p00624864486MeV,root/dna_ice_am_rho0p5_E00117_0p00624864486MeV.root,ice_am,0.5
118,0.00626907968,0.00631015003,0.00628958133,4.10703426e-05,1000,macros/europa_E00118_0p00628958133MeV.mac,dna_ice_am_rho0p5_E00118_0p00628958133MeV,root/dna_ice_am_rho0p5_E00118_0p00628958133MeV.root,ice_am,0.5
119,0.00631015003,0.00635148943,0.00633078599,4.1339405e-05,1000,macros/europa_E00119_0p00633078599MeV.mac,dna_ice_am_rho0p5_E00119_0p00633078599MeV,root/dna_ice_am_rho0p5_E00119_0p00633078599MeV.root,ice_am,0.5
120,0.00635148943,0.00639309966,0.00637226058,4.161023e-05,1000,macros/europa_E00120_0p00637226058MeV.mac,dna_ice_am_rho0p5_E00120_0p00637226058MeV,root/dna_ice_am_rho0p5_E00120_0p00637226058MeV.root,ice_am,0.5
121,0.00639309966,0.00643498249,0.00641400689,4.18828292e-05,1000,macros/europa_E00121_0p00641400689MeV.mac,dna_ice_am_rho0p5_E00121_0p00641400689MeV,root/dna_ice_am_rho0p5_E00121_0p00641400689MeV.root,ice_am,0.5
122,0.00643498249,0.00647713971,0.00645602669,4.21572143e-05,1000,macros/europa_E00122_0p00645602669MeV.mac,dna_ice_am_rho0p5_E00122_0p00645602669MeV,root/dna_ice_am_rho0p5_E00122_0p00645602669MeV.root,ice_am,0.5
123,0.00647713971,0.0065195731,0.00649832177,4.2433397e-05,1000,macros/europa_E00123_0p00649832177MeV.mac,dna_ice_am_rho0p5_E00123_0p00649832177MeV,root/dna_ice_am_rho0p5_E00123_0p00649832177MeV.root,ice_am,0.5
124,0.0065195731,0.00656228449,0.00654089393,4.2711389e-05,1000,macros/europa_E00124_0p00654089393MeV.mac,dna_ice_am_rho0p5_E00124_0p00654089393MeV,root/dna_ice_am_rho0p5_E00124_0p00654089393MeV.root,ice_am,0.5
125,0.00656228449,0.00660527569,0.006583745,4.29912022e-05,1000,macros/europa_E00125_0p006583745MeV.mac,dna_ice_am_rho0p5_E00125_0p006583745MeV,root/dna_ice_am_rho0p5_E00125_0p006583745MeV.root,ice_am,0.5
126,0.00660527569,0.00664854854,0.0066268768,4.32728486e-05,1000,macros/europa_E00126_0p0066268768MeV.mac,dna_ice_am_rho0p5_E00126_0p0066268768MeV,root/dna_ice_am_rho0p5_E00126_0p0066268768MeV.root,ice_am,0.5
127,0.00664854854,0.00669210488,0.00667029116,4.35563401e-05,1000,macros/europa_E00127_0p00667029116MeV.mac,dna_ice_am_rho0p5_E00127_0p00667029116MeV,root/dna_ice_am_rho0p5_E00127_0p00667029116MeV.root,ice_am,0.5
128,0.00669210488,0.00673594657,0.00671398994,4.38416888e-05,1000,macros/europa_E00128_0p00671398994MeV.mac,dna_ice_am_rho0p5_E00128_0p00671398994MeV,root/dna_ice_am_rho0p5_E00128_0p00671398994MeV.root,ice_am,0.5
129,0.00673594657,0.00678007548,0.00675797501,4.41289069e-05,1000,macros/europa_E00129_0p00675797501MeV.mac,dna_ice_am_rho0p5_E00129_0p00675797501MeV,root/dna_ice_am_rho0p5_E00129_0p00675797501MeV.root,ice_am,0.5
130,0.00678007548,0.00682449349,0.00680224823,4.44180066e-05,1000,macros/europa_E00130_0p00680224823MeV.mac,dna_ice_am_rho0p5_E00130_0p00680224823MeV,root/dna_ice_am_rho0p5_E00130_0p00680224823MeV.root,ice_am,0.5
131,0.00682449349,0.00686920249,0.00684681149,4.47090003e-05,1000,macros/europa_E00131_0p00684681149MeV.mac,dna_ice_am_rho0p5_E00131_0p00684681149MeV,root/dna_ice_am_rho0p5_E00131_0p00684681149MeV.root,ice_am,0.5
132,0.00686920249,0.00691420439,0.0068916667,4.50019004e-05,1000,macros/europa_E00132_0p0068916667MeV.mac,dna_ice_am_rho0p5_E00132_0p0068916667MeV,root/dna_ice_am_rho0p5_E00132_0p0068916667MeV.root,ice_am,0.5
133,0.00691420439,0.00695950111,0.00693681577,4.52967194e-05,1000,macros/europa_E00133_0p00693681577MeV.mac,dna_ice_am_rho0p5_E00133_0p00693681577MeV,root/dna_ice_am_rho0p5_E00133_0p00693681577MeV.root,ice_am,0.5
134,0.00695950111,0.00700509458,0.00698226063,4.55934698e-05,1000,macros/europa_E00134_0p00698226063MeV.mac,dna_ice_am_rho0p5_E00134_0p00698226063MeV,root/dna_ice_am_rho0p5_E00134_0p00698226063MeV.root,ice_am,0.5
135,0.00700509458,0.00705098674,0.0070280032,4.58921642e-05,1000,macros/europa_E00135_0p0070280032MeV.mac,dna_ice_am_rho0p5_E00135_0p0070280032MeV,root/dna_ice_am_rho0p5_E00135_0p0070280032MeV.root,ice_am,0.5
136,0.00705098674,0.00709717955,0.00707404544,4.61928155e-05,1000,macros/europa_E00136_0p00707404544MeV.mac,dna_ice_am_rho0p5_E00136_0p00707404544MeV,root/dna_ice_am_rho0p5_E00136_0p00707404544MeV.root,ice_am,0.5
137,0.00709717955,0.00714367499,0.00712038932,4.64954365e-05,1000,macros/europa_E00137_0p00712038932MeV.mac,dna_ice_am_rho0p5_E00137_0p00712038932MeV,root/dna_ice_am_rho0p5_E00137_0p00712038932MeV.root,ice_am,0.5
138,0.00714367499,0.00719047503,0.00716703681,4.68000399e-05,1000,macros/europa_E00138_0p00716703681MeV.mac,dna_ice_am_rho0p5_E00138_0p00716703681MeV,root/dna_ice_am_rho0p5_E00138_0p00716703681MeV.root,ice_am,0.5
139,0.00719047503,0.00723758167,0.0072139899,4.7106639e-05,1000,macros/europa_E00139_0p0072139899MeV.mac,dna_ice_am_rho0p5_E00139_0p0072139899MeV,root/dna_ice_am_rho0p5_E00139_0p0072139899MeV.root,ice_am,0.5
140,0.00723758167,0.00728499692,0.00726125059,4.74152466e-05,1000,macros/europa_E00140_0p00726125059MeV.mac,dna_ice_am_rho0p5_E00140_0p00726125059MeV,root/dna_ice_am_rho0p5_E00140_0p00726125059MeV.root,ice_am,0.5
141,0.00728499692,0.00733272279,0.0073088209,4.7725876e-05,1000,macros/europa_E00141_0p0073088209MeV.mac,dna_ice_am_rho0p5_E00141_0p0073088209MeV,root/dna_ice_am_rho0p5_E00141_0p0073088209MeV.root,ice_am,0.5
142,0.00733272279,0.00738076133,0.00735670285,4.80385404e-05,1000,macros/europa_E00142_0p00735670285MeV.mac,dna_ice_am_rho0p5_E00142_0p00735670285MeV,root/dna_ice_am_rho0p5_E00142_0p00735670285MeV.root,ice_am,0.5
143,0.00738076133,0.00742911459,0.00740489849,4.83532531e-05,1000,macros/europa_E00143_0p00740489849MeV.mac,dna_ice_am_rho0p5_E00143_0p00740489849MeV,root/dna_ice_am_rho0p5_E00143_0p00740489849MeV.root,ice_am,0.5
144,0.00742911459,0.00747778461,0.00745340987,4.86700276e-05,1000,macros/europa_E00144_0p00745340987MeV.mac,dna_ice_am_rho0p5_E00144_0p00745340987MeV,root/dna_ice_am_rho0p5_E00144_0p00745340987MeV.root,ice_am,0.5
145,0.00747778461,0.00752677349,0.00750223907,4.89888774e-05,1000,macros/europa_E00145_0p00750223907MeV.mac,dna_ice_am_rho0p5_E00145_0p00750223907MeV,root/dna_ice_am_rho0p5_E00145_0p00750223907MeV.root,ice_am,0.5
146,0.00752677349,0.00757608331,0.00755138815,4.93098161e-05,1000,macros/europa_E00146_0p00755138815MeV.mac,dna_ice_am_rho0p5_E00146_0p00755138815MeV,root/dna_ice_am_rho0p5_E00146_0p00755138815MeV.root,ice_am,0.5
147,0.00757608331,0.00762571616,0.00760085922,4.96328573e-05,1000,macros/europa_E00147_0p00760085922MeV.mac,dna_ice_am_rho0p5_E00147_0p00760085922MeV,root/dna_ice_am_rho0p5_E00147_0p00760085922MeV.root,ice_am,0.5
148,0.00762571616,0.00767567418,0.00765065439,4.99580148e-05,1000,macros/europa_E00148_0p00765065439MeV.mac,dna_ice_am_rho0p5_E00148_0p00765065439MeV,root/dna_ice_am_rho0p5_E00148_0p00765065439MeV.root,ice_am,0.5
149,0.00767567418,0.00772595948,0.00770077579,5.02853025e-05,1000,macros/europa_E00149_0p00770077579MeV.mac,dna_ice_am_rho0p5_E00149_0p00770077579MeV,root/dna_ice_am_rho0p5_E00149_0p00770077579MeV.root,ice_am,0.5
150,0.00772595948,0.00777657422,0.00775122554,5.06147344e-05,1000,macros/europa_E00150_0p00775122554MeV.mac,dna_ice_am_rho0p5_E00150_0p00775122554MeV,root/dna_ice_am_rho0p5_E00150_0p00775122554MeV.root,ice_am,0.5
151,0.00777657422,0.00782752054,0.00780200579,5.09463245e-05,1000,macros/europa_E00151_0p00780200579MeV.mac,dna_ice_am_rho0p5_E00151_0p00780200579MeV,root/dna_ice_am_rho0p5_E00151_0p00780200579MeV.root,ice_am,0.5
152,0.00782752054,0.00787880063,0.00785311873,5.12800868e-05,1000,macros/europa_E00152_0p00785311873MeV.mac,dna_ice_am_rho0p5_E00152_0p00785311873MeV,root/dna_ice_am_rho0p5_E00152_0p00785311873MeV.root,ice_am,0.5
153,0.00787880063,0.00793041666,0.00790456651,5.16160358e-05,1000,macros/europa_E00153_0p00790456651MeV.mac,dna_ice_am_rho0p5_E00153_0p00790456651MeV,root/dna_ice_am_rho0p5_E00153_0p00790456651MeV.root,ice_am,0.5
154,0.00793041666,0.00798237085,0.00795635135,5.19541856e-05,1000,macros/europa_E00154_0p00795635135MeV.mac,dna_ice_am_rho0p5_E00154_0p00795635135MeV,root/dna_ice_am_rho0p5_E00154_0p00795635135MeV.root,ice_am,0.5
155,0.00798237085,0.0080346654,0.00800847544,5.22945508e-05,1000,macros/europa_E00155_0p00800847544MeV.mac,dna_ice_am_rho0p5_E00155_0p00800847544MeV,root/dna_ice_am_rho0p5_E00155_0p00800847544MeV.root,ice_am,0.5
156,0.0080346654,0.00808730255,0.00806094101,5.26371457e-05,1000,macros/europa_E00156_0p00806094101MeV.mac,dna_ice_am_rho0p5_E00156_0p00806094101MeV,root/dna_ice_am_rho0p5_E00156_0p00806094101MeV.root,ice_am,0.5
157,0.00808730255,0.00814028453,0.00811375029,5.29819851e-05,1000,macros/europa_E00157_0p00811375029MeV.mac,dna_ice_am_rho0p5_E00157_0p00811375029MeV,root/dna_ice_am_rho0p5_E00157_0p00811375029MeV.root,ice_am,0.5
158,0.00814028453,0.00819361361,0.00816690554,5.33290836e-05,1000,macros/europa_E00158_0p00816690554MeV.mac,dna_ice_am_rho0p5_E00158_0p00816690554MeV,root/dna_ice_am_rho0p5_E00158_0p00816690554MeV.root,ice_am,0.5
159,0.00819361361,0.00824729207,0.00822040903,5.36784561e-05,1000,macros/europa_E00159_0p00822040903MeV.mac,dna_ice_am_rho0p5_E00159_0p00822040903MeV,root/dna_ice_am_rho0p5_E00159_0p00822040903MeV.root,ice_am,0.5
160,0.00824729207,0.00830132219,0.00827426303,5.40301174e-05,1000,macros/europa_E00160_0p00827426303MeV.mac,dna_ice_am_rho0p5_E00160_0p00827426303MeV,root/dna_ice_am_rho0p5_E00160_0p00827426303MeV.root,ice_am,0.5
161,0.00830132219,0.00835570627,0.00832846984,5.43840825e-05,1000,macros/europa_E00161_0p00832846984MeV.mac,dna_ice_am_rho0p5_E00161_0p00832846984MeV,root/dna_ice_am_rho0p5_E00161_0p00832846984MeV.root,ice_am,0.5
162,0.00835570627,0.00841044664,0.00838303177,5.47403665e-05,1000,macros/europa_E00162_0p00838303177MeV.mac,dna_ice_am_rho0p5_E00162_0p00838303177MeV,root/dna_ice_am_rho0p5_E00162_0p00838303177MeV.root,ice_am,0.5
163,0.00841044664,0.00846554562,0.00843795116,5.50989846e-05,1000,macros/europa_E00163_0p00843795116MeV.mac,dna_ice_am_rho0p5_E00163_0p00843795116MeV,root/dna_ice_am_rho0p5_E00163_0p00843795116MeV.root,ice_am,0.5
164,0.00846554562,0.00852100557,0.00849323033,5.54599521e-05,1000,macros/europa_E00164_0p00849323033MeV.mac,dna_ice_am_rho0p5_E00164_0p00849323033MeV,root/dna_ice_am_rho0p5_E00164_0p00849323033MeV.root,ice_am,0.5
165,0.00852100557,0.00857682886,0.00854887165,5.58232845e-05,1000,macros/europa_E00165_0p00854887165MeV.mac,dna_ice_am_rho0p5_E00165_0p00854887165MeV,root/dna_ice_am_rho0p5_E00165_0p00854887165MeV.root,ice_am,0.5
166,0.00857682886,0.00863301786,0.00860487749,5.61889971e-05,1000,macros/europa_E00166_0p00860487749MeV.mac,dna_ice_am_rho0p5_E00166_0p00860487749MeV,root/dna_ice_am_rho0p5_E00166_0p00860487749MeV.root,ice_am,0.5
167,0.00863301786,0.00868957496,0.00866125024,5.65571055e-05,1000,macros/europa_E00167_0p00866125024MeV.mac,dna_ice_am_rho0p5_E00167_0p00866125024MeV,root/dna_ice_am_rho0p5_E00167_0p00866125024MeV.root,ice_am,0.5
168,0.00868957496,0.00874650259,0.00871799231,5.69276256e-05,1000,macros/europa_E00168_0p00871799231MeV.mac,dna_ice_am_rho0p5_E00168_0p00871799231MeV,root/dna_ice_am_rho0p5_E00168_0p00871799231MeV.root,ice_am,0.5
169,0.00874650259,0.00880380316,0.0087751061,5.7300573e-05,1000,macros/europa_E00169_0p0087751061MeV.mac,dna_ice_am_rho0p5_E00169_0p0087751061MeV,root/dna_ice_am_rho0p5_E00169_0p0087751061MeV.root,ice_am,0.5
170,0.00880380316,0.00886147912,0.00883259406,5.76759637e-05,1000,macros/europa_E00170_0p00883259406MeV.mac,dna_ice_am_rho0p5_E00170_0p00883259406MeV,root/dna_ice_am_rho0p5_E00170_0p00883259406MeV.root,ice_am,0.5
171,0.00886147912,0.00891953294,0.00889045864,5.80538137e-05,1000,macros/europa_E00171_0p00889045864MeV.mac,dna_ice_am_rho0p5_E00171_0p00889045864MeV,root/dna_ice_am_rho0p5_E00171_0p00889045864MeV.root,ice_am,0.5
172,0.00891953294,0.00897796708,0.00894870231,5.8434139e-05,1000,macros/europa_E00172_0p00894870231MeV.mac,dna_ice_am_rho0p5_E00172_0p00894870231MeV,root/dna_ice_am_rho0p5_E00172_0p00894870231MeV.root,ice_am,0.5
173,0.00897796708,0.00903678403,0.00900732755,5.8816956e-05,1000,macros/europa_E00173_0p00900732755MeV.mac,dna_ice_am_rho0p5_E00173_0p00900732755MeV,root/dna_ice_am_rho0p5_E00173_0p00900732755MeV.root,ice_am,0.5
174,0.00903678403,0.00909598631,0.00906633685,5.92022809e-05,1000,macros/europa_E00174_0p00906633685MeV.mac,dna_ice_am_rho0p5_E00174_0p00906633685MeV,root/dna_ice_am_rho0p5_E00174_0p00906633685MeV.root,ice_am,0.5
175,0.00909598631,0.00915557644,0.00912573274,5.95901302e-05,1000,macros/europa_E00175_0p00912573274MeV.mac,dna_ice_am_rho0p5_E00175_0p00912573274MeV,root/dna_ice_am_rho0p5_E00175_0p00912573274MeV.root,ice_am,0.5
176,0.00915557644,0.00921555696,0.00918551774,5.99805203e-05,1000,macros/europa_E00176_0p00918551774MeV.mac,dna_ice_am_rho0p5_E00176_0p00918551774MeV,root/dna_ice_am_rho0p5_E00176_0p00918551774MeV.root,ice_am,0.5
177,0.00921555696,0.00927593043,0.00924569442,6.03734681e-05,1000,macros/europa_E00177_0p00924569442MeV.mac,dna_ice_am_rho0p5_E00177_0p00924569442MeV,root/dna_ice_am_rho0p5_E00177_0p00924569442MeV.root,ice_am,0.5
178,0.00927593043,0.00933669942,0.00930626532,6.07689901e-05,1000,macros/europa_E00178_0p00930626532MeV.mac,dna_ice_am_rho0p5_E00178_0p00930626532MeV,root/dna_ice_am_rho0p5_E00178_0p00930626532MeV.root,ice_am,0.5
179,0.00933669942,0.00939786652,0.00936723305,6.11671033e-05,1000,macros/europa_E00179_0p00936723305MeV.mac,dna_ice_am_rho0p5_E00179_0p00936723305MeV,root/dna_ice_am_rho0p5_E00179_0p00936723305MeV.root,ice_am,0.5
180,0.00939786652,0.00945943435,0.00942860018,6.15678246e-05,1000,macros/europa_E00180_0p00942860018MeV.mac,dna_ice_am_rho0p5_E00180_0p00942860018MeV,root/dna_ice_am_rho0p5_E00180_0p00942860018MeV.root,ice_am,0.5
181,0.00945943435,0.00952140552,0.00949036935,6.19711711e-05,1000,macros/europa_E00181_0p00949036935MeV.mac,dna_ice_am_rho0p5_E00181_0p00949036935MeV,root/dna_ice_am_rho0p5_E00181_0p00949036935MeV.root,ice_am,0.5
182,0.00952140552,0.00958378268,0.00955254319,6.23771601e-05,1000,macros/europa_E00182_0p00955254319MeV.mac,dna_ice_am_rho0p5_E00182_0p00955254319MeV,root/dna_ice_am_rho0p5_E00182_0p00955254319MeV.root,ice_am,0.5
183,0.00958378268,0.00964656849,0.00961512434,6.27858088e-05,1000,macros/europa_E00183_0p00961512434MeV.mac,dna_ice_am_rho0p5_E00183_0p00961512434MeV,root/dna_ice_am_rho0p5_E00183_0p00961512434MeV.root,ice_am,0.5
184,0.00964656849,0.00970976562,0.00967811547,6.31971347e-05,1000,macros/europa_E00184_0p00967811547MeV.mac,dna_ice_am_rho0p5_E00184_0p00967811547MeV,root/dna_ice_am_rho0p5_E00184_0p00967811547MeV.root,ice_am,0.5
185,0.00970976562,0.00977337678,0.00974151928,6.36111553e-05,1000,macros/europa_E00185_0p00974151928MeV.mac,dna_ice_am_rho0p5_E00185_0p00974151928MeV,root/dna_ice_am_rho0p5_E00185_0p00974151928MeV.root,ice_am,0.5
186,0.00977337678,0.00983740467,0.00980533846,6.40278882e-05,1000,macros/europa_E00186_0p00980533846MeV.mac,dna_ice_am_rho0p5_E00186_0p00980533846MeV,root/dna_ice_am_rho0p5_E00186_0p00980533846MeV.root,ice_am,0.5
187,0.00983740467,0.00990185202,0.00986957574,6.44473512e-05,1000,macros/europa_E00187_0p00986957574MeV.mac,dna_ice_am_rho0p5_E00187_0p00986957574MeV,root/dna_ice_am_rho0p5_E00187_0p00986957574MeV.root,ice_am,0.5
188,0.00990185202,0.00996672158,0.00993423385,6.48695623e-05,1000,macros/europa_E00188_0p00993423385MeV.mac,dna_ice_am_rho0p5_E00188_0p00993423385MeV,root/dna_ice_am_rho0p5_E00188_0p00993423385MeV.root,ice_am,0.5
189,0.00996672158,0.0100320161,0.00999931555,6.52945394e-05,1000,macros/europa_E00189_0p00999931555MeV.mac,dna_ice_am_rho0p5_E00189_0p00999931555MeV,root/dna_ice_am_rho0p5_E00189_0p00999931555MeV.root,ice_am,0.5
190,0.0100320161,0.0100977384,0.0100648236,6.57223006e-05,1000,macros/europa_E00190_0p0100648236MeV.mac,dna_ice_am_rho0p5_E00190_0p0100648236MeV,root/dna_ice_am_rho0p5_E00190_0p0100648236MeV.root,ice_am,0.5
191,0.0100977384,0.0101638913,0.0101307609,6.61528642e-05,1000,macros/europa_E00191_0p0101307609MeV.mac,dna_ice_am_rho0p5_E00191_0p0101307609MeV,root/dna_ice_am_rho0p5_E00191_0p0101307609MeV.root,ice_am,0.5
192,0.0101638913,0.0102304775,0.0101971301,6.65862485e-05,1000,macros/europa_E00192_0p0101971301MeV.mac,dna_ice_am_rho0p5_E00192_0p0101971301MeV,root/dna_ice_am_rho0p5_E00192_0p0101971301MeV.root,ice_am,0.5
193,0.0102304775,0.0102975,0.0102639341,6.7022472e-05,1000,macros/europa_E00193_0p0102639341MeV.mac,dna_ice_am_rho0p5_E00193_0p0102639341MeV,root/dna_ice_am_rho0p5_E00193_0p0102639341MeV.root,ice_am,0.5
194,0.0102975,0.0103649616,0.0103311757,6.74615533e-05,1000,macros/europa_E00194_0p0103311757MeV.mac,dna_ice_am_rho0p5_E00194_0p0103311757MeV,root/dna_ice_am_rho0p5_E00194_0p0103311757MeV.root,ice_am,0.5
195,0.0103649616,0.0104328651,0.0103988579,6.79035112e-05,1000,macros/europa_E00195_0p0103988579MeV.mac,dna_ice_am_rho0p5_E00195_0p0103988579MeV,root/dna_ice_am_rho0p5_E00195_0p0103988579MeV.root,ice_am,0.5
196,0.0104328651,0.0105012134,0.0104669835,6.83483645e-05,1000,macros/europa_E00196_0p0104669835MeV.mac,dna_ice_am_rho0p5_E00196_0p0104669835MeV,root/dna_ice_am_rho0p5_E00196_0p0104669835MeV.root,ice_am,0.5
197,0.0105012134,0.0105700096,0.0105355553,6.87961321e-05,1000,macros/europa_E00197_0p0105355553MeV.mac,dna_ice_am_rho0p5_E00197_0p0105355553MeV,root/dna_ice_am_rho0p5_E00197_0p0105355553MeV.root,ice_am,0.5
198,0.0105700096,0.0106392564,0.0106045765,6.92468331e-05,1000,macros/europa_E00198_0p0106045765MeV.mac,dna_ice_am_rho0p5_E00198_0p0106045765MeV,root/dna_ice_am_rho0p5_E00198_0p0106045765MeV.root,ice_am,0.5
199,0.0106392564,0.0107089569,0.0106740498,6.97004868e-05,1000,macros/europa_E00199_0p0106740498MeV.mac,dna_ice_am_rho0p5_E00199_0p0106740498MeV,root/dna_ice_am_rho0p5_E00199_0p0106740498MeV.root,ice_am,0.5
200,0.0107089569,0.010779114,0.0107439782,7.01571125e-05,1000,macros/europa_E00200_0p0107439782MeV.mac,dna_ice_am_rho0p5_E00200_0p0107439782MeV,root/dna_ice_am_rho0p5_E00200_0p0107439782MeV.root,ice_am,0.5
201,0.010779114,0.0108497307,0.0108143647,7.06167297e-05,1000,macros/europa_E00201_0p0108143647MeV.mac,dna_ice_am_rho0p5_E00201_0p0108143647MeV,root/dna_ice_am_rho0p5_E00201_0p0108143647MeV.root,ice_am,0.5
202,0.0108497307,0.0109208101,0.0108852124,7.10793579e-05,1000,macros/europa_E00202_0p0108852124MeV.mac,dna_ice_am_rho0p5_E00202_0p0108852124MeV,root/dna_ice_am_rho0p5_E00202_0p0108852124MeV.root,ice_am,0.5
203,0.0109208101,0.0109923551,0.0109565242,7.15450169e-05,1000,macros/europa_E00203_0p0109565242MeV.mac,dna_ice_am_rho0p5_E00203_0p0109565242MeV,root/dna_ice_am_rho0p5_E00203_0p0109565242MeV.root,ice_am,0.5
204,0.0109923551,0.0110643688,0.0110283032,7.20137266e-05,1000,macros/europa_E00204_0p0110283032MeV.mac,dna_ice_am_rho0p5_E00204_0p0110283032MeV,root/dna_ice_am_rho0p5_E00204_0p0110283032MeV.root,ice_am,0.5
205,0.0110643688,0.0111368543,0.0111005524,7.24855069e-05,1000,macros/europa_E00205_0p0111005524MeV.mac,dna_ice_am_rho0p5_E00205_0p0111005524MeV,root/dna_ice_am_rho0p5_E00205_0p0111005524MeV.root,ice_am,0.5
206,0.0111368543,0.0112098147,0.011173275,7.2960378e-05,1000,macros/europa_E00206_0p011173275MeV.mac,dna_ice_am_rho0p5_E00206_0p011173275MeV,root/dna_ice_am_rho0p5_E00206_0p011173275MeV.root,ice_am,0.5
207,0.0112098147,0.0112832531,0.011246474,7.34383601e-05,1000,macros/europa_E00207_0p011246474MeV.mac,dna_ice_am_rho0p5_E00207_0p011246474MeV,root/dna_ice_am_rho0p5_E00207_0p011246474MeV.root,ice_am,0.5
208,0.0112832531,0.0113571725,0.0113201525,7.39194735e-05,1000,macros/europa_E00208_0p0113201525MeV.mac,dna_ice_am_rho0p5_E00208_0p0113201525MeV,root/dna_ice_am_rho0p5_E00208_0p0113201525MeV.root,ice_am,0.5
209,0.0113571725,0.0114315763,0.0113943137,7.44037389e-05,1000,macros/europa_E00209_0p0113943137MeV.mac,dna_ice_am_rho0p5_E00209_0p0113943137MeV,root/dna_ice_am_rho0p5_E00209_0p0113943137MeV.root,ice_am,0.5
210,0.0114315763,0.0115064675,0.0114689607,7.48911768e-05,1000,macros/europa_E00210_0p0114689607MeV.mac,dna_ice_am_rho0p5_E00210_0p0114689607MeV,root/dna_ice_am_rho0p5_E00210_0p0114689607MeV.root,ice_am,0.5
211,0.0115064675,0.0115818493,0.0115440968,7.5381808e-05,1000,macros/europa_E00211_0p0115440968MeV.mac,dna_ice_am_rho0p5_E00211_0p0115440968MeV,root/dna_ice_am_rho0p5_E00211_0p0115440968MeV.root,ice_am,0.5
212,0.0115818493,0.0116577249,0.0116197252,7.58756535e-05,1000,macros/europa_E00212_0p0116197252MeV.mac,dna_ice_am_rho0p5_E00212_0p0116197252MeV,root/dna_ice_am_rho0p5_E00212_0p0116197252MeV.root,ice_am,0.5
213,0.0116577249,0.0117340977,0.011695849,7.63727343e-05,1000,macros/europa_E00213_0p011695849MeV.mac,dna_ice_am_rho0p5_E00213_0p011695849MeV,root/dna_ice_am_rho0p5_E00213_0p011695849MeV.root,ice_am,0.5
214,0.0117340977,0.0118109707,0.0117724714,7.68730716e-05,1000,macros/europa_E00214_0p0117724714MeV.mac,dna_ice_am_rho0p5_E00214_0p0117724714MeV,root/dna_ice_am_rho0p5_E00214_0p0117724714MeV.root,ice_am,0.5
215,0.0118109707,0.0118883474,0.0118495959,7.73766867e-05,1000,macros/europa_E00215_0p0118495959MeV.mac,dna_ice_am_rho0p5_E00215_0p0118495959MeV,root/dna_ice_am_rho0p5_E00215_0p0118495959MeV.root,ice_am,0.5
216,0.0118883474,0.011966231,0.0119272256,7.78836012e-05,1000,macros/europa_E00216_0p0119272256MeV.mac,dna_ice_am_rho0p5_E00216_0p0119272256MeV,root/dna_ice_am_rho0p5_E00216_0p0119272256MeV.root,ice_am,0.5
217,0.011966231,0.0120446249,0.012005364,7.83938365e-05,1000,macros/europa_E00217_0p012005364MeV.mac,dna_ice_am_rho0p5_E00217_0p012005364MeV,root/dna_ice_am_rho0p5_E00217_0p012005364MeV.root,ice_am,0.5
218,0.0120446249,0.0121235323,0.0120840142,7.89074146e-05,1000,macros/europa_E00218_0p0120840142MeV.mac,dna_ice_am_rho0p5_E00218_0p0120840142MeV,root/dna_ice_am_rho0p5_E00218_0p0120840142MeV.root,ice_am,0.5
219,0.0121235323,0.0122029566,0.0121631796,7.94243572e-05,1000,macros/europa_E00219_0p0121631796MeV.mac,dna_ice_am_rho0p5_E00219_0p0121631796MeV,root/dna_ice_am_rho0p5_E00219_0p0121631796MeV.root,ice_am,0.5
220,0.0122029566,0.0122829013,0.0122428637,7.99446865e-05,1000,macros/europa_E00220_0p0122428637MeV.mac,dna_ice_am_rho0p5_E00220_0p0122428637MeV,root/dna_ice_am_rho0p5_E00220_0p0122428637MeV.root,ice_am,0.5
221,0.0122829013,0.0123633697,0.0123230698,8.04684246e-05,1000,macros/europa_E00221_0p0123230698MeV.mac,dna_ice_am_rho0p5_E00221_0p0123230698MeV,root/dna_ice_am_rho0p5_E00221_0p0123230698MeV.root,ice_am,0.5
222,0.0123633697,0.0124443653,0.0124038014,8.09955938e-05,1000,macros/europa_E00222_0p0124038014MeV.mac,dna_ice_am_rho0p5_E00222_0p0124038014MeV,root/dna_ice_am_rho0p5_E00222_0p0124038014MeV.root,ice_am,0.5
223,0.0124443653,0.0125258915,0.0124850619,8.15262166e-05,1000,macros/europa_E00223_0p0124850619MeV.mac,dna_ice_am_rho0p5_E00223_0p0124850619MeV,root/dna_ice_am_rho0p5_E00223_0p0124850619MeV.root,ice_am,0.5
224,0.0125258915,0.0126079519,0.0125668547,8.20603157e-05,1000,macros/europa_E00224_0p0125668547MeV.mac,dna_ice_am_rho0p5_E00224_0p0125668547MeV,root/dna_ice_am_rho0p5_E00224_0p0125668547MeV.root,ice_am,0.5
225,0.0126079519,0.0126905498,0.0126491834,8.25979138e-05,1000,macros/europa_E00225_0p0126491834MeV.mac,dna_ice_am_rho0p5_E00225_0p0126491834MeV,root/dna_ice_am_rho0p5_E00225_0p0126491834MeV.root,ice_am,0.5
226,0.0126905498,0.0127736888,0.0127320514,8.31390338e-05,1000,macros/europa_E00226_0p0127320514MeV.mac,dna_ice_am_rho0p5_E00226_0p0127320514MeV,root/dna_ice_am_rho0p5_E00226_0p0127320514MeV.root,ice_am,0.5
227,0.0127736888,0.0128573725,0.0128154624,8.36836988e-05,1000,macros/europa_E00227_0p0128154624MeV.mac,dna_ice_am_rho0p5_E00227_0p0128154624MeV,root/dna_ice_am_rho0p5_E00227_0p0128154624MeV.root,ice_am,0.5
228,0.0128573725,0.0129416044,0.0128994197,8.42319321e-05,1000,macros/europa_E00228_0p0128994197MeV.mac,dna_ice_am_rho0p5_E00228_0p0128994197MeV,root/dna_ice_am_rho0p5_E00228_0p0128994197MeV.root,ice_am,0.5
229,0.0129416044,0.0130263882,0.0129839271,8.4783757e-05,1000,macros/europa_E00229_0p0129839271MeV.mac,dna_ice_am_rho0p5_E00229_0p0129839271MeV,root/dna_ice_am_rho0p5_E00229_0p0129839271MeV.root,ice_am,0.5
230,0.0130263882,0.0131117274,0.0130689881,8.53391971e-05,1000,macros/europa_E00230_0p0130689881MeV.mac,dna_ice_am_rho0p5_E00230_0p0130689881MeV,root/dna_ice_am_rho0p5_E00230_0p0130689881MeV.root,ice_am,0.5
231,0.0131117274,0.0131976257,0.0131546064,8.5898276e-05,1000,macros/europa_E00231_0p0131546064MeV.mac,dna_ice_am_rho0p5_E00231_0p0131546064MeV,root/dna_ice_am_rho0p5_E00231_0p0131546064MeV.root,ice_am,0.5
232,0.0131976257,0.0132840867,0.0132407856,8.64610175e-05,1000,macros/europa_E00232_0p0132407856MeV.mac,dna_ice_am_rho0p5_E00232_0p0132407856MeV,root/dna_ice_am_rho0p5_E00232_0p0132407856MeV.root,ice_am,0.5
233,0.0132840867,0.0133711141,0.0133275294,8.70274457e-05,1000,macros/europa_E00233_0p0133275294MeV.mac,dna_ice_am_rho0p5_E00233_0p0133275294MeV,root/dna_ice_am_rho0p5_E00233_0p0133275294MeV.root,ice_am,0.5
234,0.0133711141,0.0134587117,0.0134148414,8.75975848e-05,1000,macros/europa_E00234_0p0134148414MeV.mac,dna_ice_am_rho0p5_E00234_0p0134148414MeV,root/dna_ice_am_rho0p5_E00234_0p0134148414MeV.root,ice_am,0.5
235,0.0134587117,0.0135468832,0.0135027255,8.81714589e-05,1000,macros/europa_E00235_0p0135027255MeV.mac,dna_ice_am_rho0p5_E00235_0p0135027255MeV,root/dna_ice_am_rho0p5_E00235_0p0135027255MeV.root,ice_am,0.5
236,0.0135468832,0.0136356323,0.0135911853,8.87490927e-05,1000,macros/europa_E00236_0p0135911853MeV.mac,dna_ice_am_rho0p5_E00236_0p0135911853MeV,root/dna_ice_am_rho0p5_E00236_0p0135911853MeV.root,ice_am,0.5
237,0.0136356323,0.0137249628,0.0136802246,8.93305107e-05,1000,macros/europa_E00237_0p0136802246MeV.mac,dna_ice_am_rho0p5_E00237_0p0136802246MeV,root/dna_ice_am_rho0p5_E00237_0p0136802246MeV.root,ice_am,0.5
238,0.0137249628,0.0138148785,0.0137698473,8.99157377e-05,1000,macros/europa_E00238_0p0137698473MeV.mac,dna_ice_am_rho0p5_E00238_0p0137698473MeV,root/dna_ice_am_rho0p5_E00238_0p0137698473MeV.root,ice_am,0.5
239,0.0138148785,0.0139053833,0.013860057,9.05047986e-05,1000,macros/europa_E00239_0p013860057MeV.mac,dna_ice_am_rho0p5_E00239_0p013860057MeV,root/dna_ice_am_rho0p5_E00239_0p013860057MeV.root,ice_am,0.5
240,0.0139053833,0.013996481,0.0139508578,9.10977187e-05,1000,macros/europa_E00240_0p0139508578MeV.mac,dna_ice_am_rho0p5_E00240_0p0139508578MeV,root/dna_ice_am_rho0p5_E00240_0p0139508578MeV.root,ice_am,0.5
241,0.013996481,0.0140881756,0.0140422535,9.16945231e-05,1000,macros/europa_E00241_0p0140422535MeV.mac,dna_ice_am_rho0p5_E00241_0p0140422535MeV,root/dna_ice_am_rho0p5_E00241_0p0140422535MeV.root,ice_am,0.5
242,0.0140881756,0.0141804708,0.0141342478,9.22952374e-05,1000,macros/europa_E00242_0p0141342478MeV.mac,dna_ice_am_rho0p5_E00242_0p0141342478MeV,root/dna_ice_am_rho0p5_E00242_0p0141342478MeV.root,ice_am,0.5
243,0.0141804708,0.0142733707,0.0142268449,9.2899887e-05,1000,macros/europa_E00243_0p0142268449MeV.mac,dna_ice_am_rho0p5_E00243_0p0142268449MeV,root/dna_ice_am_rho0p5_E00243_0p0142268449MeV.root,ice_am,0.5
244,0.0142733707,0.0143668792,0.0143200486,9.35084979e-05,1000,macros/europa_E00244_0p0143200486MeV.mac,dna_ice_am_rho0p5_E00244_0p0143200486MeV,root/dna_ice_am_rho0p5_E00244_0p0143200486MeV.root,ice_am,0.5
245,0.0143668792,0.0144610003,0.0144138629,9.4121096e-05,1000,macros/europa_E00245_0p0144138629MeV.mac,dna_ice_am_rho0p5_E00245_0p0144138629MeV,root/dna_ice_am_rho0p5_E00245_0p0144138629MeV.root,ice_am,0.5
246,0.0144610003,0.014555738,0.0145082918,9.47377073e-05,1000,macros/europa_E00246_0p0145082918MeV.mac,dna_ice_am_rho0p5_E00246_0p0145082918MeV,root/dna_ice_am_rho0p5_E00246_0p0145082918MeV.root,ice_am,0.5
247,0.014555738,0.0146510963,0.0146033393,9.53583583e-05,1000,macros/europa_E00247_0p0146033393MeV.mac,dna_ice_am_rho0p5_E00247_0p0146033393MeV,root/dna_ice_am_rho0p5_E00247_0p0146033393MeV.root,ice_am,0.5
248,0.0146510963,0.0147470794,0.0146990095,9.59830752e-05,1000,macros/europa_E00248_0p0146990095MeV.mac,dna_ice_am_rho0p5_E00248_0p0146990095MeV,root/dna_ice_am_rho0p5_E00248_0p0146990095MeV.root,ice_am,0.5
249,0.0147470794,0.0148436913,0.0147953065,9.66118849e-05,1000,macros/europa_E00249_0p0147953065MeV.mac,dna_ice_am_rho0p5_E00249_0p0147953065MeV,root/dna_ice_am_rho0p5_E00249_0p0147953065MeV.root,ice_am,0.5
250,0.0148436913,0.0149409361,0.0148922343,9.7244814e-05,1000,macros/europa_E00250_0p0148922343MeV.mac,dna_ice_am_rho0p5_E00250_0p0148922343MeV,root/dna_ice_am_rho0p5_E00250_0p0148922343MeV.root,ice_am,0.5
251,0.0149409361,0.015038818,0.0149897972,9.78818896e-05,1000,macros/europa_E00251_0p0149897972MeV.mac,dna_ice_am_rho0p5_E00251_0p0149897972MeV,root/dna_ice_am_rho0p5_E00251_0p0149897972MeV.root,ice_am,0.5
252,0.015038818,0.0151373411,0.0150879992,9.85231389e-05,1000,macros/europa_E00252_0p0150879992MeV.mac,dna_ice_am_rho0p5_E00252_0p0150879992MeV,root/dna_ice_am_rho0p5_E00252_0p0150879992MeV.root,ice_am,0.5
253,0.0151373411,0.0152365097,0.0151868445,9.91685892e-05,1000,macros/europa_E00253_0p0151868445MeV.mac,dna_ice_am_rho0p5_E00253_0p0151868445MeV,root/dna_ice_am_rho0p5_E00253_0p0151868445MeV.root,ice_am,0.5
254,0.0152365097,0.015336328,0.0152863374,9.98182679e-05,1000,macros/europa_E00254_0p0152863374MeV.mac,dna_ice_am_rho0p5_E00254_0p0152863374MeV,root/dna_ice_am_rho0p5_E00254_0p0152863374MeV.root,ice_am,0.5
255,0.015336328,0.0154368002,0.0153864821,0.000100472203,1000,macros/europa_E00255_0p0153864821MeV.mac,dna_ice_am_rho0p5_E00255_0p0153864821MeV,root/dna_ice_am_rho0p5_E00255_0p0153864821MeV.root,ice_am,0.5
256,0.0154368002,0.0155379306,0.0154872829,0.000101130422,1000,macros/europa_E00256_0p0154872829MeV.mac,dna_ice_am_rho0p5_E00256_0p0154872829MeV,root/dna_ice_am_rho0p5_E00256_0p0154872829MeV.root,ice_am,0.5
257,0.0155379306,0.0156397236,0.015588744,0.000101792953,1000,macros/europa_E00257_0p015588744MeV.mac,dna_ice_am_rho0p5_E00257_0p015588744MeV,root/dna_ice_am_rho0p5_E00257_0p015588744MeV.root,ice_am,0.5
258,0.0156397236,0.0157421834,0.0156908699,0.000102459825,1000,macros/europa_E00258_0p0156908699MeV.mac,dna_ice_am_rho0p5_E00258_0p0156908699MeV,root/dna_ice_am_rho0p5_E00258_0p0156908699MeV.root,ice_am,0.5
259,0.0157421834,0.0158453145,0.0157936648,0.000103131065,1000,macros/europa_E00259_0p0157936648MeV.mac,dna_ice_am_rho0p5_E00259_0p0157936648MeV,root/dna_ice_am_rho0p5_E00259_0p0157936648MeV.root,ice_am,0.5
260,0.0158453145,0.0159491212,0.0158971331,0.000103806703,1000,macros/europa_E00260_0p0158971331MeV.mac,dna_ice_am_rho0p5_E00260_0p0158971331MeV,root/dna_ice_am_rho0p5_E00260_0p0158971331MeV.root,ice_am,0.5
261,0.0159491212,0.0160536079,0.0160012793,0.000104486768,1000,macros/europa_E00261_0p0160012793MeV.mac,dna_ice_am_rho0p5_E00261_0p0160012793MeV,root/dna_ice_am_rho0p5_E00261_0p0160012793MeV.root,ice_am,0.5
262,0.0160536079,0.0161587792,0.0161061077,0.000105171287,1000,macros/europa_E00262_0p0161061077MeV.mac,dna_ice_am_rho0p5_E00262_0p0161061077MeV,root/dna_ice_am_rho0p5_E00262_0p0161061077MeV.root,ice_am,0.5
263,0.0161587792,0.0162646395,0.016211623,0.000105860291,1000,macros/europa_E00263_0p016211623MeV.mac,dna_ice_am_rho0p5_E00263_0p016211623MeV,root/dna_ice_am_rho0p5_E00263_0p016211623MeV.root,ice_am,0.5
264,0.0162646395,0.0163711933,0.0163178295,0.000106553809,1000,macros/europa_E00264_0p0163178295MeV.mac,dna_ice_am_rho0p5_E00264_0p0163178295MeV,root/dna_ice_am_rho0p5_E00264_0p0163178295MeV.root,ice_am,0.5
265,0.0163711933,0.0164784452,0.0164247317,0.00010725187,1000,macros/europa_E00265_0p0164247317MeV.mac,dna_ice_am_rho0p5_E00265_0p0164247317MeV,root/dna_ice_am_rho0p5_E00265_0p0164247317MeV.root,ice_am,0.5
266,0.0164784452,0.0165863997,0.0165323343,0.000107954504,1000,macros/europa_E00266_0p0165323343MeV.mac,dna_ice_am_rho0p5_E00266_0p0165323343MeV,root/dna_ice_am_rho0p5_E00266_0p0165323343MeV.root,ice_am,0.5
267,0.0165863997,0.0166950614,0.0166406419,0.000108661742,1000,macros/europa_E00267_0p0166406419MeV.mac,dna_ice_am_rho0p5_E00267_0p0166406419MeV,root/dna_ice_am_rho0p5_E00267_0p0166406419MeV.root,ice_am,0.5
268,0.0166950614,0.0168044351,0.016749659,0.000109373613,1000,macros/europa_E00268_0p016749659MeV.mac,dna_ice_am_rho0p5_E00268_0p016749659MeV,root/dna_ice_am_rho0p5_E00268_0p016749659MeV.root,ice_am,0.5
269,0.0168044351,0.0169145252,0.0168593903,0.000110090147,1000,macros/europa_E00269_0p0168593903MeV.mac,dna_ice_am_rho0p5_E00269_0p0168593903MeV,root/dna_ice_am_rho0p5_E00269_0p0168593903MeV.root,ice_am,0.5
270,0.0169145252,0.0170253366,0.0169698404,0.000110811376,1000,macros/europa_E00270_0p0169698404MeV.mac,dna_ice_am_rho0p5_E00270_0p0169698404MeV,root/dna_ice_am_rho0p5_E00270_0p0169698404MeV.root,ice_am,0.5
271,0.0170253366,0.0171368739,0.0170810142,0.00011153733,1000,macros/europa_E00271_0p0170810142MeV.mac,dna_ice_am_rho0p5_E00271_0p0170810142MeV,root/dna_ice_am_rho0p5_E00271_0p0170810142MeV.root,ice_am,0.5
272,0.0171368739,0.017249142,0.0171929163,0.000112268039,1000,macros/europa_E00272_0p0171929163MeV.mac,dna_ice_am_rho0p5_E00272_0p0171929163MeV,root/dna_ice_am_rho0p5_E00272_0p0171929163MeV.root,ice_am,0.5
273,0.017249142,0.0173621455,0.0173055515,0.000113003536,1000,macros/europa_E00273_0p0173055515MeV.mac,dna_ice_am_rho0p5_E00273_0p0173055515MeV,root/dna_ice_am_rho0p5_E00273_0p0173055515MeV.root,ice_am,0.5
274,0.0173621455,0.0174758893,0.0174189246,0.000113743851,1000,macros/europa_E00274_0p0174189246MeV.mac,dna_ice_am_rho0p5_E00274_0p0174189246MeV,root/dna_ice_am_rho0p5_E00274_0p0174189246MeV.root,ice_am,0.5
275,0.0174758893,0.0175903784,0.0175330404,0.000114489016,1000,macros/europa_E00275_0p0175330404MeV.mac,dna_ice_am_rho0p5_E00275_0p0175330404MeV,root/dna_ice_am_rho0p5_E00275_0p0175330404MeV.root,ice_am,0.5
276,0.0175903784,0.0177056174,0.0176479038,0.000115239063,1000,macros/europa_E00276_0p0176479038MeV.mac,dna_ice_am_rho0p5_E00276_0p0176479038MeV,root/dna_ice_am_rho0p5_E00276_0p0176479038MeV.root,ice_am,0.5
277,0.0177056174,0.0178216114,0.0177635198,0.000115994023,1000,macros/europa_E00277_0p0177635198MeV.mac,dna_ice_am_rho0p5_E00277_0p0177635198MeV,root/dna_ice_am_rho0p5_E00277_0p0177635198MeV.root,ice_am,0.5
278,0.0178216114,0.0179383654,0.0178798931,0.00011675393,1000,macros/europa_E00278_0p0178798931MeV.mac,dna_ice_am_rho0p5_E00278_0p0178798931MeV,root/dna_ice_am_rho0p5_E00278_0p0178798931MeV.root,ice_am,0.5
279,0.0179383654,0.0180558842,0.0179970289,0.000117518814,1000,macros/europa_E00279_0p0179970289MeV.mac,dna_ice_am_rho0p5_E00279_0p0179970289MeV,root/dna_ice_am_rho0p5_E00279_0p0179970289MeV.root,ice_am,0.5
280,0.0180558842,0.0181741729,0.018114932,0.00011828871,1000,macros/europa_E00280_0p018114932MeV.mac,dna_ice_am_rho0p5_E00280_0p018114932MeV,root/dna_ice_am_rho0p5_E00280_0p018114932MeV.root,ice_am,0.5
281,0.0181741729,0.0182932365,0.0182336075,0.00011906365,1000,macros/europa_E00281_0p0182336075MeV.mac,dna_ice_am_rho0p5_E00281_0p0182336075MeV,root/dna_ice_am_rho0p5_E00281_0p0182336075MeV.root,ice_am,0.5
282,0.0182932365,0.0184130802,0.0183530606,0.000119843666,1000,macros/europa_E00282_0p0183530606MeV.mac,dna_ice_am_rho0p5_E00282_0p0183530606MeV,root/dna_ice_am_rho0p5_E00282_0p0183530606MeV.root,ice_am,0.5
283,0.0184130802,0.018533709,0.0184732961,0.000120628793,1000,macros/europa_E00283_0p0184732961MeV.mac,dna_ice_am_rho0p5_E00283_0p0184732961MeV,root/dna_ice_am_rho0p5_E00283_0p0184732961MeV.root,ice_am,0.5
284,0.018533709,0.0186551281,0.0185943194,0.000121419063,1000,macros/europa_E00284_0p0185943194MeV.mac,dna_ice_am_rho0p5_E00284_0p0185943194MeV,root/dna_ice_am_rho0p5_E00284_0p0185943194MeV.root,ice_am,0.5
285,0.0186551281,0.0187773426,0.0187161356,0.00012221451,1000,macros/europa_E00285_0p0187161356MeV.mac,dna_ice_am_rho0p5_E00285_0p0187161356MeV,root/dna_ice_am_rho0p5_E00285_0p0187161356MeV.root,ice_am,0.5
286,0.0187773426,0.0189003577,0.0188387498,0.000123015168,1000,macros/europa_E00286_0p0188387498MeV.mac,dna_ice_am_rho0p5_E00286_0p0188387498MeV,root/dna_ice_am_rho0p5_E00286_0p0188387498MeV.root,ice_am,0.5
287,0.0189003577,0.0190241788,0.0189621672,0.000123821072,1000,macros/europa_E00287_0p0189621672MeV.mac,dna_ice_am_rho0p5_E00287_0p0189621672MeV,root/dna_ice_am_rho0p5_E00287_0p0189621672MeV.root,ice_am,0.5
288,0.0190241788,0.0191488111,0.0190863932,0.000124632256,1000,macros/europa_E00288_0p0190863932MeV.mac,dna_ice_am_rho0p5_E00288_0p0190863932MeV,root/dna_ice_am_rho0p5_E00288_0p0190863932MeV.root,ice_am,0.5
289,0.0191488111,0.0192742598,0.0192114331,0.000125448753,1000,macros/europa_E00289_0p0192114331MeV.mac,dna_ice_am_rho0p5_E00289_0p0192114331MeV,root/dna_ice_am_rho0p5_E00289_0p0192114331MeV.root,ice_am,0.5
290,0.0192742598,0.0194005304,0.0193372921,0.0001262706,1000,macros/europa_E00290_0p0193372921MeV.mac,dna_ice_am_rho0p5_E00290_0p0193372921MeV,root/dna_ice_am_rho0p5_E00290_0p0193372921MeV.root,ice_am,0.5
291,0.0194005304,0.0195276283,0.0194639756,0.000127097831,1000,macros/europa_E00291_0p0194639756MeV.mac,dna_ice_am_rho0p5_E00291_0p0194639756MeV,root/dna_ice_am_rho0p5_E00291_0p0194639756MeV.root,ice_am,0.5
292,0.0195276283,0.0196555587,0.0195914891,0.000127930482,1000,macros/europa_E00292_0p0195914891MeV.mac,dna_ice_am_rho0p5_E00292_0p0195914891MeV,root/dna_ice_am_rho0p5_E00292_0p0195914891MeV.root,ice_am,0.5
293,0.0196555587,0.0197843273,0.0197198379,0.000128768587,1000,macros/europa_E00293_0p0197198379MeV.mac,dna_ice_am_rho0p5_E00293_0p0197198379MeV,root/dna_ice_am_rho0p5_E00293_0p0197198379MeV.root,ice_am,0.5
294,0.0197843273,0.0199139395,0.0198490276,0.000129612183,1000,macros/europa_E00294_0p0198490276MeV.mac,dna_ice_am_rho0p5_E00294_0p0198490276MeV,root/dna_ice_am_rho0p5_E00294_0p0198490276MeV.root,ice_am,0.5
295,0.0199139395,0.0200444008,0.0199790637,0.000130461305,1000,macros/europa_E00295_0p0199790637MeV.mac,dna_ice_am_rho0p5_E00295_0p0199790637MeV,root/dna_ice_am_rho0p5_E00295_0p0199790637MeV.root,ice_am,0.5
296,0.0200444008,0.0201757168,0.0201099516,0.000131315991,1000,macros/europa_E00296_0p0201099516MeV.mac,dna_ice_am_rho0p5_E00296_0p0201099516MeV,root/dna_ice_am_rho0p5_E00296_0p0201099516MeV.root,ice_am,0.5
297,0.0201757168,0.0203078931,0.0202416971,0.000132176275,1000,macros/europa_E00297_0p0202416971MeV.mac,dna_ice_am_rho0p5_E00297_0p0202416971MeV,root/dna_ice_am_rho0p5_E00297_0p0202416971MeV.root,ice_am,0.5
298,0.0203078931,0.0204409353,0.0203743056,0.000133042196,1000,macros/europa_E00298_0p0203743056MeV.mac,dna_ice_am_rho0p5_E00298_0p0203743056MeV,root/dna_ice_am_rho0p5_E00298_0p0203743056MeV.root,ice_am,0.5
299,0.0204409353,0.0205748491,0.0205077829,0.000133913789,1000,macros/europa_E00299_0p0205077829MeV.mac,dna_ice_am_rho0p5_E00299_0p0205077829MeV,root/dna_ice_am_rho0p5_E00299_0p0205077829MeV.root,ice_am,0.5
300,0.0205748491,0.0207096402,0.0206421346,0.000134791093,1000,macros/europa_E00300_0p0206421346MeV.mac,dna_ice_am_rho0p5_E00300_0p0206421346MeV,root/dna_ice_am_rho0p5_E00300_0p0206421346MeV.root,ice_am,0.5
301,0.0207096402,0.0208453143,0.0207773665,0.000135674144,1000,macros/europa_E00301_0p0207773665MeV.mac,dna_ice_am_rho0p5_E00301_0p0207773665MeV,root/dna_ice_am_rho0p5_E00301_0p0207773665MeV.root,ice_am,0.5
302,0.0208453143,0.0209818773,0.0209134843,0.00013656298,1000,macros/europa_E00302_0p0209134843MeV.mac,dna_ice_am_rho0p5_E00302_0p0209134843MeV,root/dna_ice_am_rho0p5_E00302_0p0209134843MeV.root,ice_am,0.5
303,0.0209818773,0.0211193349,0.0210504939,0.000137457639,1000,macros/europa_E00303_0p0210504939MeV.mac,dna_ice_am_rho0p5_E00303_0p0210504939MeV,root/dna_ice_am_rho0p5_E00303_0p0210504939MeV.root,ice_am,0.5
304,0.0211193349,0.0212576931,0.0211884011,0.000138358159,1000,macros/europa_E00304_0p0211884011MeV.mac,dna_ice_am_rho0p5_E00304_0p0211884011MeV,root/dna_ice_am_rho0p5_E00304_0p0211884011MeV.root,ice_am,0.5
305,0.0212576931,0.0213969577,0.0213272117,0.000139264578,1000,macros/europa_E00305_0p0213272117MeV.mac,dna_ice_am_rho0p5_E00305_0p0213272117MeV,root/dna_ice_am_rho0p5_E00305_0p0213272117MeV.root,ice_am,0.5
306,0.0213969577,0.0215371346,0.0214669317,0.000140176936,1000,macros/europa_E00306_0p0214669317MeV.mac,dna_ice_am_rho0p5_E00306_0p0214669317MeV,root/dna_ice_am_rho0p5_E00306_0p0214669317MeV.root,ice_am,0.5
307,0.0215371346,0.0216782299,0.0216075671,0.000141095271,1000,macros/europa_E00307_0p0216075671MeV.mac,dna_ice_am_rho0p5_E00307_0p0216075671MeV,root/dna_ice_am_rho0p5_E00307_0p0216075671MeV.root,ice_am,0.5
308,0.0216782299,0.0218202495,0.0217491238,0.000142019622,1000,macros/europa_E00308_0p0217491238MeV.mac,dna_ice_am_rho0p5_E00308_0p0217491238MeV,root/dna_ice_am_rho0p5_E00308_0p0217491238MeV.root,ice_am,0.5
309,0.0218202495,0.0219631995,0.0218916078,0.000142950029,1000,macros/europa_E00309_0p0218916078MeV.mac,dna_ice_am_rho0p5_E00309_0p0218916078MeV,root/dna_ice_am_rho0p5_E00309_0p0218916078MeV.root,ice_am,0.5
310,0.0219631995,0.022107086,0.0220350253,0.000143886531,1000,macros/europa_E00310_0p0220350253MeV.mac,dna_ice_am_rho0p5_E00310_0p0220350253MeV,root/dna_ice_am_rho0p5_E00310_0p0220350253MeV.root,ice_am,0.5
311,0.022107086,0.0222519152,0.0221793824,0.000144829169,1000,macros/europa_E00311_0p0221793824MeV.mac,dna_ice_am_rho0p5_E00311_0p0221793824MeV,root/dna_ice_am_rho0p5_E00311_0p0221793824MeV.root,ice_am,0.5
312,0.0222519152,0.0223976932,0.0223246852,0.000145777982,1000,macros/europa_E00312_0p0223246852MeV.mac,dna_ice_am_rho0p5_E00312_0p0223246852MeV,root/dna_ice_am_rho0p5_E00312_0p0223246852MeV.root,ice_am,0.5
313,0.0223976932,0.0225444262,0.0224709399,0.00014673301,1000,macros/europa_E00313_0p0224709399MeV.mac,dna_ice_am_rho0p5_E00313_0p0224709399MeV,root/dna_ice_am_rho0p5_E00313_0p0224709399MeV.root,ice_am,0.5
314,0.0225444262,0.0226921205,0.0226181528,0.000147694296,1000,macros/europa_E00314_0p0226181528MeV.mac,dna_ice_am_rho0p5_E00314_0p0226181528MeV,root/dna_ice_am_rho0p5_E00314_0p0226181528MeV.root,ice_am,0.5
315,0.0226921205,0.0228407824,0.0227663301,0.000148661879,1000,macros/europa_E00315_0p0227663301MeV.mac,dna_ice_am_rho0p5_E00315_0p0227663301MeV,root/dna_ice_am_rho0p5_E00315_0p0227663301MeV.root,ice_am,0.5
316,0.0228407824,0.0229904182,0.0229154781,0.000149635801,1000,macros/europa_E00316_0p0229154781MeV.mac,dna_ice_am_rho0p5_E00316_0p0229154781MeV,root/dna_ice_am_rho0p5_E00316_0p0229154781MeV.root,ice_am,0.5
317,0.0229904182,0.0231410343,0.0230656033,0.000150616103,1000,macros/europa_E00317_0p0230656033MeV.mac,dna_ice_am_rho0p5_E00317_0p0230656033MeV,root/dna_ice_am_rho0p5_E00317_0p0230656033MeV.root,ice_am,0.5
318,0.0231410343,0.0232926371,0.023216712,0.000151602828,1000,macros/europa_E00318_0p023216712MeV.mac,dna_ice_am_rho0p5_E00318_0p023216712MeV,root/dna_ice_am_rho0p5_E00318_0p023216712MeV.root,ice_am,0.5
319,0.0232926371,0.0234452331,0.0233688106,0.000152596017,1000,macros/europa_E00319_0p0233688106MeV.mac,dna_ice_am_rho0p5_E00319_0p0233688106MeV,root/dna_ice_am_rho0p5_E00319_0p0233688106MeV.root,ice_am,0.5
320,0.0234452331,0.0235988288,0.0235219056,0.000153595712,1000,macros/europa_E00320_0p0235219056MeV.mac,dna_ice_am_rho0p5_E00320_0p0235219056MeV,root/dna_ice_am_rho0p5_E00320_0p0235219056MeV.root,ice_am,0.5
321,0.0235988288,0.0237534308,0.0236760036,0.000154601957,1000,macros/europa_E00321_0p0236760036MeV.mac,dna_ice_am_rho0p5_E00321_0p0236760036MeV,root/dna_ice_am_rho0p5_E00321_0p0236760036MeV.root,ice_am,0.5
322,0.0237534308,0.0239090456,0.0238311112,0.000155614794,1000,macros/europa_E00322_0p0238311112MeV.mac,dna_ice_am_rho0p5_E00322_0p0238311112MeV,root/dna_ice_am_rho0p5_E00322_0p0238311112MeV.root,ice_am,0.5
323,0.0239090456,0.0240656799,0.0239872349,0.000156634266,1000,macros/europa_E00323_0p0239872349MeV.mac,dna_ice_am_rho0p5_E00323_0p0239872349MeV,root/dna_ice_am_rho0p5_E00323_0p0239872349MeV.root,ice_am,0.5
324,0.0240656799,0.0242233403,0.0241443814,0.000157660417,1000,macros/europa_E00324_0p0241443814MeV.mac,dna_ice_am_rho0p5_E00324_0p0241443814MeV,root/dna_ice_am_rho0p5_E00324_0p0241443814MeV.root,ice_am,0.5
325,0.0242233403,0.0243820336,0.0243025574,0.000158693291,1000,macros/europa_E00325_0p0243025574MeV.mac,dna_ice_am_rho0p5_E00325_0p0243025574MeV,root/dna_ice_am_rho0p5_E00325_0p0243025574MeV.root,ice_am,0.5
326,0.0243820336,0.0245417665,0.0244617697,0.000159732931,1000,macros/europa_E00326_0p0244617697MeV.mac,dna_ice_am_rho0p5_E00326_0p0244617697MeV,root/dna_ice_am_rho0p5_E00326_0p0244617697MeV.root,ice_am,0.5
327,0.0245417665,0.0247025459,0.024622025,0.000160779382,1000,macros/europa_E00327_0p024622025MeV.mac,dna_ice_am_rho0p5_E00327_0p024622025MeV,root/dna_ice_am_rho0p5_E00327_0p024622025MeV.root,ice_am,0.5
328,0.0247025459,0.0248643786,0.0247833301,0.000161832689,1000,macros/europa_E00328_0p0247833301MeV.mac,dna_ice_am_rho0p5_E00328_0p0247833301MeV,root/dna_ice_am_rho0p5_E00328_0p0247833301MeV.root,ice_am,0.5
329,0.0248643786,0.0250272715,0.0249456921,0.000162892896,1000,macros/europa_E00329_0p0249456921MeV.mac,dna_ice_am_rho0p5_E00329_0p0249456921MeV,root/dna_ice_am_rho0p5_E00329_0p0249456921MeV.root,ice_am,0.5
330,0.0250272715,0.0251912315,0.0251091177,0.000163960049,1000,macros/europa_E00330_0p0251091177MeV.mac,dna_ice_am_rho0p5_E00330_0p0251091177MeV,root/dna_ice_am_rho0p5_E00330_0p0251091177MeV.root,ice_am,0.5
331,0.0251912315,0.0253562657,0.0252736139,0.000165034194,1000,macros/europa_E00331_0p0252736139MeV.mac,dna_ice_am_rho0p5_E00331_0p0252736139MeV,root/dna_ice_am_rho0p5_E00331_0p0252736139MeV.root,ice_am,0.5
332,0.0253562657,0.0255223811,0.0254391878,0.000166115375,1000,macros/europa_E00332_0p0254391878MeV.mac,dna_ice_am_rho0p5_E00332_0p0254391878MeV,root/dna_ice_am_rho0p5_E00332_0p0254391878MeV.root,ice_am,0.5
333,0.0255223811,0.0256895847,0.0256058464,0.000167203639,1000,macros/europa_E00333_0p0256058464MeV.mac,dna_ice_am_rho0p5_E00333_0p0256058464MeV,root/dna_ice_am_rho0p5_E00333_0p0256058464MeV.root,ice_am,0.5
334,0.0256895847,0.0258578838,0.0257735969,0.000168299033,1000,macros/europa_E00334_0p0257735969MeV.mac,dna_ice_am_rho0p5_E00334_0p0257735969MeV,root/dna_ice_am_rho0p5_E00334_0p0257735969MeV.root,ice_am,0.5
335,0.0258578838,0.0260272854,0.0259424463,0.000169401603,1000,macros/europa_E00335_0p0259424463MeV.mac,dna_ice_am_rho0p5_E00335_0p0259424463MeV,root/dna_ice_am_rho0p5_E00335_0p0259424463MeV.root,ice_am,0.5
336,0.0260272854,0.0261977968,0.0261124019,0.000170511396,1000,macros/europa_E00336_0p0261124019MeV.mac,dna_ice_am_rho0p5_E00336_0p0261124019MeV,root/dna_ice_am_rho0p5_E00336_0p0261124019MeV.root,ice_am,0.5
337,0.0261977968,0.0263694252,0.0262834709,0.00017162846,1000,macros/europa_E00337_0p0262834709MeV.mac,dna_ice_am_rho0p5_E00337_0p0262834709MeV,root/dna_ice_am_rho0p5_E00337_0p0262834709MeV.root,ice_am,0.5
338,0.0263694252,0.0265421781,0.0264556606,0.000172752841,1000,macros/europa_E00338_0p0264556606MeV.mac,dna_ice_am_rho0p5_E00338_0p0264556606MeV,root/dna_ice_am_rho0p5_E00338_0p0264556606MeV.root,ice_am,0.5
339,0.0265421781,0.0267160626,0.0266289784,0.000173884589,1000,macros/europa_E00339_0p0266289784MeV.mac,dna_ice_am_rho0p5_E00339_0p0266289784MeV,root/dna_ice_am_rho0p5_E00339_0p0266289784MeV.root,ice_am,0.5
340,0.0267160626,0.0268910864,0.0268034317,0.000175023752,1000,macros/europa_E00340_0p0268034317MeV.mac,dna_ice_am_rho0p5_E00340_0p0268034317MeV,root/dna_ice_am_rho0p5_E00340_0p0268034317MeV.root,ice_am,0.5
341,0.0268910864,0.0270672568,0.0269790278,0.000176170377,1000,macros/europa_E00341_0p0269790278MeV.mac,dna_ice_am_rho0p5_E00341_0p0269790278MeV,root/dna_ice_am_rho0p5_E00341_0p0269790278MeV.root,ice_am,0.5
342,0.0270672568,0.0272445813,0.0271557743,0.000177324514,1000,macros/europa_E00342_0p0271557743MeV.mac,dna_ice_am_rho0p5_E00342_0p0271557743MeV,root/dna_ice_am_rho0p5_E00342_0p0271557743MeV.root,ice_am,0.5
343,0.0272445813,0.0274230675,0.0273336787,0.000178486212,1000,macros/europa_E00343_0p0273336787MeV.mac,dna_ice_am_rho0p5_E00343_0p0273336787MeV,root/dna_ice_am_rho0p5_E00343_0p0273336787MeV.root,ice_am,0.5
344,0.0274230675,0.027602723,0.0275127486,0.000179655521,1000,macros/europa_E00344_0p0275127486MeV.mac,dna_ice_am_rho0p5_E00344_0p0275127486MeV,root/dna_ice_am_rho0p5_E00344_0p0275127486MeV.root,ice_am,0.5
345,0.027602723,0.0277835555,0.0276929917,0.00018083249,1000,macros/europa_E00345_0p0276929917MeV.mac,dna_ice_am_rho0p5_E00345_0p0276929917MeV,root/dna_ice_am_rho0p5_E00345_0p0276929917MeV.root,ice_am,0.5
346,0.0277835555,0.0279655727,0.0278744155,0.00018201717,1000,macros/europa_E00346_0p0278744155MeV.mac,dna_ice_am_rho0p5_E00346_0p0278744155MeV,root/dna_ice_am_rho0p5_E00346_0p0278744155MeV.root,ice_am,0.5
347,0.0279655727,0.0281487823,0.0280570279,0.000183209611,1000,macros/europa_E00347_0p0280570279MeV.mac,dna_ice_am_rho0p5_E00347_0p0280570279MeV,root/dna_ice_am_rho0p5_E00347_0p0280570279MeV.root,ice_am,0.5
348,0.0281487823,0.0283331922,0.0282408367,0.000184409864,1000,macros/europa_E00348_0p0282408367MeV.mac,dna_ice_am_rho0p5_E00348_0p0282408367MeV,root/dna_ice_am_rho0p5_E00348_0p0282408367MeV.root,ice_am,0.5
349,0.0283331922,0.0285188101,0.0284258496,0.00018561798,1000,macros/europa_E00349_0p0284258496MeV.mac,dna_ice_am_rho0p5_E00349_0p0284258496MeV,root/dna_ice_am_rho0p5_E00349_0p0284258496MeV.root,ice_am,0.5
350,0.0285188101,0.0287056441,0.0286120746,0.000186834011,1000,macros/europa_E00350_0p0286120746MeV.mac,dna_ice_am_rho0p5_E00350_0p0286120746MeV,root/dna_ice_am_rho0p5_E00350_0p0286120746MeV.root,ice_am,0.5
351,0.0287056441,0.0288937022,0.0287995197,0.000188058009,1000,macros/europa_E00351_0p0287995197MeV.mac,dna_ice_am_rho0p5_E00351_0p0287995197MeV,root/dna_ice_am_rho0p5_E00351_0p0287995197MeV.root,ice_am,0.5
352,0.0288937022,0.0290829922,0.0289881927,0.000189290025,1000,macros/europa_E00352_0p0289881927MeV.mac,dna_ice_am_rho0p5_E00352_0p0289881927MeV,root/dna_ice_am_rho0p5_E00352_0p0289881927MeV.root,ice_am,0.5
353,0.0290829922,0.0292735223,0.0291781017,0.000190530112,1000,macros/europa_E00353_0p0291781017MeV.mac,dna_ice_am_rho0p5_E00353_0p0291781017MeV,root/dna_ice_am_rho0p5_E00353_0p0291781017MeV.root,ice_am,0.5
354,0.0292735223,0.0294653006,0.0293692549,0.000191778323,1000,macros/europa_E00354_0p0293692549MeV.mac,dna_ice_am_rho0p5_E00354_0p0293692549MeV,root/dna_ice_am_rho0p5_E00354_0p0293692549MeV.root,ice_am,0.5
355,0.0294653006,0.0296583353,0.0295616604,0.000193034712,1000,macros/europa_E00355_0p0295616604MeV.mac,dna_ice_am_rho0p5_E00355_0p0295616604MeV,root/dna_ice_am_rho0p5_E00355_0p0295616604MeV.root,ice_am,0.5
356,0.0296583353,0.0298526347,0.0297553264,0.000194299332,1000,macros/europa_E00356_0p0297553264MeV.mac,dna_ice_am_rho0p5_E00356_0p0297553264MeV,root/dna_ice_am_rho0p5_E00356_0p0297553264MeV.root,ice_am,0.5
357,0.0298526347,0.0300482069,0.0299502611,0.000195572236,1000,macros/europa_E00357_0p0299502611MeV.mac,dna_ice_am_rho0p5_E00357_0p0299502611MeV,root/dna_ice_am_rho0p5_E00357_0p0299502611MeV.root,ice_am,0.5
358,0.0300482069,0.0302450604,0.030146473,0.00019685348,1000,macros/europa_E00358_0p030146473MeV.mac,dna_ice_am_rho0p5_E00358_0p030146473MeV,root/dna_ice_am_rho0p5_E00358_0p030146473MeV.root,ice_am,0.5
359,0.0302450604,0.0304432035,0.0303439702,0.000198143118,1000,macros/europa_E00359_0p0303439702MeV.mac,dna_ice_am_rho0p5_E00359_0p0303439702MeV,root/dna_ice_am_rho0p5_E00359_0p0303439702MeV.root,ice_am,0.5
360,0.0304432035,0.0306426447,0.0305427613,0.000199441204,1000,macros/europa_E00360_0p0305427613MeV.mac,dna_ice_am_rho0p5_E00360_0p0305427613MeV,root/dna_ice_am_rho0p5_E00360_0p0305427613MeV.root,ice_am,0.5
361,0.0306426447,0.0308433925,0.0307428547,0.000200747794,1000,macros/europa_E00361_0p0307428547MeV.mac,dna_ice_am_rho0p5_E00361_0p0307428547MeV,root/dna_ice_am_rho0p5_E00361_0p0307428547MeV.root,ice_am,0.5
362,0.0308433925,0.0310454554,0.030944259,0.000202062944,1000,macros/europa_E00362_0p030944259MeV.mac,dna_ice_am_rho0p5_E00362_0p030944259MeV,root/dna_ice_am_rho0p5_E00362_0p030944259MeV.root,ice_am,0.5
363,0.0310454554,0.0312488421,0.0311469828,0.00020338671,1000,macros/europa_E00363_0p0311469828MeV.mac,dna_ice_am_rho0p5_E00363_0p0311469828MeV,root/dna_ice_am_rho0p5_E00363_0p0311469828MeV.root,ice_am,0.5
364,0.0312488421,0.0314535613,0.0313510346,0.000204719148,1000,macros/europa_E00364_0p0313510346MeV.mac,dna_ice_am_rho0p5_E00364_0p0313510346MeV,root/dna_ice_am_rho0p5_E00364_0p0313510346MeV.root,ice_am,0.5
365,0.0314535613,0.0316596216,0.0315564233,0.000206060316,1000,macros/europa_E00365_0p0315564233MeV.mac,dna_ice_am_rho0p5_E00365_0p0315564233MeV,root/dna_ice_am_rho0p5_E00365_0p0315564233MeV.root,ice_am,0.5
366,0.0316596216,0.0318670319,0.0317631575,0.00020741027,1000,macros/europa_E00366_0p0317631575MeV.mac,dna_ice_am_rho0p5_E00366_0p0317631575MeV,root/dna_ice_am_rho0p5_E00366_0p0317631575MeV.root,ice_am,0.5
367,0.0318670319,0.0320758009,0.031971246,0.000208769067,1000,macros/europa_E00367_0p031971246MeV.mac,dna_ice_am_rho0p5_E00367_0p031971246MeV,root/dna_ice_am_rho0p5_E00367_0p031971246MeV.root,ice_am,0.5
368,0.0320758009,0.0322859377,0.0321806978,0.000210136767,1000,macros/europa_E00368_0p0321806978MeV.mac,dna_ice_am_rho0p5_E00368_0p0321806978MeV,root/dna_ice_am_rho0p5_E00368_0p0321806978MeV.root,ice_am,0.5
369,0.0322859377,0.0324974511,0.0323915218,0.000211513426,1000,macros/europa_E00369_0p0323915218MeV.mac,dna_ice_am_rho0p5_E00369_0p0323915218MeV,root/dna_ice_am_rho0p5_E00369_0p0323915218MeV.root,ice_am,0.5
370,0.0324974511,0.0327103502,0.0326037269,0.000212899105,1000,macros/europa_E00370_0p0326037269MeV.mac,dna_ice_am_rho0p5_E00370_0p0326037269MeV,root/dna_ice_am_rho0p5_E00370_0p0326037269MeV.root,ice_am,0.5
371,0.0327103502,0.0329246441,0.0328173223,0.000214293861,1000,macros/europa_E00371_0p0328173223MeV.mac,dna_ice_am_rho0p5_E00371_0p0328173223MeV,root/dna_ice_am_rho0p5_E00371_0p0328173223MeV.root,ice_am,0.5
372,0.0329246441,0.0331403419,0.0330323169,0.000215697755,1000,macros/europa_E00372_0p0330323169MeV.mac,dna_ice_am_rho0p5_E00372_0p0330323169MeV,root/dna_ice_am_rho0p5_E00372_0p0330323169MeV.root,ice_am,0.5
373,0.0331403419,0.0333574527,0.0332487201,0.000217110846,1000,macros/europa_E00373_0p0332487201MeV.mac,dna_ice_am_rho0p5_E00373_0p0332487201MeV,root/dna_ice_am_rho0p5_E00373_0p0332487201MeV.root,ice_am,0.5
374,0.0333574527,0.0335759859,0.0334665409,0.000218533195,1000,macros/europa_E00374_0p0334665409MeV.mac,dna_ice_am_rho0p5_E00374_0p0334665409MeV,root/dna_ice_am_rho0p5_E00374_0p0334665409MeV.root,ice_am,0.5
375,0.0335759859,0.0337959508,0.0336857888,0.000219964862,1000,macros/europa_E00375_0p0336857888MeV.mac,dna_ice_am_rho0p5_E00375_0p0336857888MeV,root/dna_ice_am_rho0p5_E00375_0p0336857888MeV.root,ice_am,0.5
376,0.0337959508,0.0340173567,0.033906473,0.000221405908,1000,macros/europa_E00376_0p033906473MeV.mac,dna_ice_am_rho0p5_E00376_0p033906473MeV,root/dna_ice_am_rho0p5_E00376_0p033906473MeV.root,ice_am,0.5
377,0.0340173567,0.0342402131,0.034128603,0.000222856394,1000,macros/europa_E00377_0p034128603MeV.mac,dna_ice_am_rho0p5_E00377_0p034128603MeV,root/dna_ice_am_rho0p5_E00377_0p034128603MeV.root,ice_am,0.5
378,0.0342402131,0.0344645295,0.0343521882,0.000224316384,1000,macros/europa_E00378_0p0343521882MeV.mac,dna_ice_am_rho0p5_E00378_0p0343521882MeV,root/dna_ice_am_rho0p5_E00378_0p0343521882MeV.root,ice_am,0.5
379,0.0344645295,0.0346903154,0.0345772381,0.000225785937,1000,macros/europa_E00379_0p0345772381MeV.mac,dna_ice_am_rho0p5_E00379_0p0345772381MeV,root/dna_ice_am_rho0p5_E00379_0p0345772381MeV.root,ice_am,0.5
380,0.0346903154,0.0349175805,0.0348037624,0.000227265119,1000,macros/europa_E00380_0p0348037624MeV.mac,dna_ice_am_rho0p5_E00380_0p0348037624MeV,root/dna_ice_am_rho0p5_E00380_0p0348037624MeV.root,ice_am,0.5
381,0.0349175805,0.0351463345,0.0350317708,0.000228753991,1000,macros/europa_E00381_0p0350317708MeV.mac,dna_ice_am_rho0p5_E00381_0p0350317708MeV,root/dna_ice_am_rho0p5_E00381_0p0350317708MeV.root,ice_am,0.5
382,0.0351463345,0.0353765871,0.0352612729,0.000230252616,1000,macros/europa_E00382_0p0352612729MeV.mac,dna_ice_am_rho0p5_E00382_0p0352612729MeV,root/dna_ice_am_rho0p5_E00382_0p0352612729MeV.root,ice_am,0.5
383,0.0353765871,0.0356083482,0.0354922785,0.00023176106,1000,macros/europa_E00383_0p0354922785MeV.mac,dna_ice_am_rho0p5_E00383_0p0354922785MeV,root/dna_ice_am_rho0p5_E00383_0p0354922785MeV.root,ice_am,0.5
384,0.0356083482,0.0358416276,0.0357247975,0.000233279386,1000,macros/europa_E00384_0p0357247975MeV.mac,dna_ice_am_rho0p5_E00384_0p0357247975MeV,root/dna_ice_am_rho0p5_E00384_0p0357247975MeV.root,ice_am,0.5
385,0.0358416276,0.0360764352,0.0359588397,0.000234807659,1000,macros/europa_E00385_0p0359588397MeV.mac,dna_ice_am_rho0p5_E00385_0p0359588397MeV,root/dna_ice_am_rho0p5_E00385_0p0359588397MeV.root,ice_am,0.5
386,0.0360764352,0.0363127812,0.0361944153,0.000236345944,1000,macros/europa_E00386_0p0361944153MeV.mac,dna_ice_am_rho0p5_E00386_0p0361944153MeV,root/dna_ice_am_rho0p5_E00386_0p0361944153MeV.root,ice_am,0.5
387,0.0363127812,0.0365506755,0.0364315341,0.000237894307,1000,macros/europa_E00387_0p0364315341MeV.mac,dna_ice_am_rho0p5_E00387_0p0364315341MeV,root/dna_ice_am_rho0p5_E00387_0p0364315341MeV.root,ice_am,0.5
388,0.0365506755,0.0367901283,0.0366702064,0.000239452813,1000,macros/europa_E00388_0p0366702064MeV.mac,dna_ice_am_rho0p5_E00388_0p0366702064MeV,root/dna_ice_am_rho0p5_E00388_0p0366702064MeV.root,ice_am,0.5
389,0.0367901283,0.0370311498,0.0369104423,0.00024102153,1000,macros/europa_E00389_0p0369104423MeV.mac,dna_ice_am_rho0p5_E00389_0p0369104423MeV,root/dna_ice_am_rho0p5_E00389_0p0369104423MeV.root,ice_am,0.5
390,0.0370311498,0.0372737503,0.0371522521,0.000242600523,1000,macros/europa_E00390_0p0371522521MeV.mac,dna_ice_am_rho0p5_E00390_0p0371522521MeV,root/dna_ice_am_rho0p5_E00390_0p0371522521MeV.root,ice_am,0.5
391,0.0372737503,0.0375179402,0.0373956459,0.000244189861,1000,macros/europa_E00391_0p0373956459MeV.mac,dna_ice_am_rho0p5_E00391_0p0373956459MeV,root/dna_ice_am_rho0p5_E00391_0p0373956459MeV.root,ice_am,0.5
392,0.0375179402,0.0377637298,0.0376406344,0.000245789611,1000,macros/europa_E00392_0p0376406344MeV.mac,dna_ice_am_rho0p5_E00392_0p0376406344MeV,root/dna_ice_am_rho0p5_E00392_0p0376406344MeV.root,ice_am,0.5
393,0.0377637298,0.0380111296,0.0378872278,0.000247399842,1000,macros/europa_E00393_0p0378872278MeV.mac,dna_ice_am_rho0p5_E00393_0p0378872278MeV,root/dna_ice_am_rho0p5_E00393_0p0378872278MeV.root,ice_am,0.5
394,0.0380111296,0.0382601503,0.0381354367,0.000249020621,1000,macros/europa_E00394_0p0381354367MeV.mac,dna_ice_am_rho0p5_E00394_0p0381354367MeV,root/dna_ice_am_rho0p5_E00394_0p0381354367MeV.root,ice_am,0.5
395,0.0382601503,0.0385108023,0.0383852717,0.000250652019,1000,macros/europa_E00395_0p0383852717MeV.mac,dna_ice_am_rho0p5_E00395_0p0383852717MeV,root/dna_ice_am_rho0p5_E00395_0p0383852717MeV.root,ice_am,0.5
396,0.0385108023,0.0387630964,0.0386367434,0.000252294105,1000,macros/europa_E00396_0p0386367434MeV.mac,dna_ice_am_rho0p5_E00396_0p0386367434MeV,root/dna_ice_am_rho0p5_E00396_0p0386367434MeV.root,ice_am,0.5
397,0.0387630964,0.0390170433,0.0388898626,0.000253946948,1000,macros/europa_E00397_0p0388898626MeV.mac,dna_ice_am_rho0p5_E00397_0p0388898626MeV,root/dna_ice_am_rho0p5_E00397_0p0388898626MeV.root,ice_am,0.5
398,0.0390170433,0.039272654,0.03914464,0.000255610619,1000,macros/europa_E00398_0p03914464MeV.mac,dna_ice_am_rho0p5_E00398_0p03914464MeV,root/dna_ice_am_rho0p5_E00398_0p03914464MeV.root,ice_am,0.5
399,0.039272654,0.0395299392,0.0394010866,0.000257285189,1000,macros/europa_E00399_0p0394010866MeV.mac,dna_ice_am_rho0p5_E00399_0p0394010866MeV,root/dna_ice_am_rho0p5_E00399_0p0394010866MeV.root,ice_am,0.5
400,0.0395299392,0.0397889099,0.0396592131,0.000258970731,1000,macros/europa_E00400_0p0396592131MeV.mac,dna_ice_am_rho0p5_E00400_0p0396592131MeV,root/dna_ice_am_rho0p5_E00400_0p0396592131MeV.root,ice_am,0.5
401,0.0397889099,0.0400495772,0.0399190308,0.000260667314,1000,macros/europa_E00401_0p0399190308MeV.mac,dna_ice_am_rho0p5_E00401_0p0399190308MeV,root/dna_ice_am_rho0p5_E00401_0p0399190308MeV.root,ice_am,0.5
402,0.0400495772,0.0403119522,0.0401805505,0.000262375012,1000,macros/europa_E00402_0p0401805505MeV.mac,dna_ice_am_rho0p5_E00402_0p0401805505MeV,root/dna_ice_am_rho0p5_E00402_0p0401805505MeV.root,ice_am,0.5
403,0.0403119522,0.0405760461,0.0404437836,0.000264093898,1000,macros/europa_E00403_0p0404437836MeV.mac,dna_ice_am_rho0p5_E00403_0p0404437836MeV,root/dna_ice_am_rho0p5_E00403_0p0404437836MeV.root,ice_am,0.5
404,0.0405760461,0.0408418702,0.0407087412,0.000265824044,1000,macros/europa_E00404_0p0407087412MeV.mac,dna_ice_am_rho0p5_E00404_0p0407087412MeV,root/dna_ice_am_rho0p5_E00404_0p0407087412MeV.root,ice_am,0.5
405,0.0408418702,0.0411094357,0.0409754345,0.000267565526,1000,macros/europa_E00405_0p0409754345MeV.mac,dna_ice_am_rho0p5_E00405_0p0409754345MeV,root/dna_ice_am_rho0p5_E00405_0p0409754345MeV.root,ice_am,0.5
406,0.0411094357,0.0413787541,0.0412438751,0.000269318416,1000,macros/europa_E00406_0p0412438751MeV.mac,dna_ice_am_rho0p5_E00406_0p0412438751MeV,root/dna_ice_am_rho0p5_E00406_0p0412438751MeV.root,ice_am,0.5
407,0.0413787541,0.0416498369,0.0415140742,0.00027108279,1000,macros/europa_E00407_0p0415140742MeV.mac,dna_ice_am_rho0p5_E00407_0p0415140742MeV,root/dna_ice_am_rho0p5_E00407_0p0415140742MeV.root,ice_am,0.5
408,0.0416498369,0.0419226956,0.0417860435,0.000272858722,1000,macros/europa_E00408_0p0417860435MeV.mac,dna_ice_am_rho0p5_E00408_0p0417860435MeV,root/dna_ice_am_rho0p5_E00408_0p0417860435MeV.root,ice_am,0.5
409,0.0419226956,0.0421973419,0.0420597946,0.000274646289,1000,macros/europa_E00409_0p0420597946MeV.mac,dna_ice_am_rho0p5_E00409_0p0420597946MeV,root/dna_ice_am_rho0p5_E00409_0p0420597946MeV.root,ice_am,0.5
410,0.0421973419,0.0424737875,0.042335339,0.000276445567,1000,macros/europa_E00410_0p042335339MeV.mac,dna_ice_am_rho0p5_E00410_0p042335339MeV,root/dna_ice_am_rho0p5_E00410_0p042335339MeV.root,ice_am,0.5
411,0.0424737875,0.0427520441,0.0426126887,0.000278256633,1000,macros/europa_E00411_0p0426126887MeV.mac,dna_ice_am_rho0p5_E00411_0p0426126887MeV,root/dna_ice_am_rho0p5_E00411_0p0426126887MeV.root,ice_am,0.5
412,0.0427520441,0.0430321237,0.0428918553,0.000280079563,1000,macros/europa_E00412_0p0428918553MeV.mac,dna_ice_am_rho0p5_E00412_0p0428918553MeV,root/dna_ice_am_rho0p5_E00412_0p0428918553MeV.root,ice_am,0.5
413,0.0430321237,0.0433140381,0.0431728508,0.000281914436,1000,macros/europa_E00413_0p0431728508MeV.mac,dna_ice_am_rho0p5_E00413_0p0431728508MeV,root/dna_ice_am_rho0p5_E00413_0p0431728508MeV.root,ice_am,0.5
414,0.0433140381,0.0435977994,0.0434556871,0.000283761329,1000,macros/europa_E00414_0p0434556871MeV.mac,dna_ice_am_rho0p5_E00414_0p0434556871MeV,root/dna_ice_am_rho0p5_E00414_0p0434556871MeV.root,ice_am,0.5
415,0.0435977994,0.0438834197,0.0437403764,0.000285620322,1000,macros/europa_E00415_0p0437403764MeV.mac,dna_ice_am_rho0p5_E00415_0p0437403764MeV,root/dna_ice_am_rho0p5_E00415_0p0437403764MeV.root,ice_am,0.5
416,0.0438834197,0.0441709112,0.0440269308,0.000287491494,1000,macros/europa_E00416_0p0440269308MeV.mac,dna_ice_am_rho0p5_E00416_0p0440269308MeV,root/dna_ice_am_rho0p5_E00416_0p0440269308MeV.root,ice_am,0.5
417,0.0441709112,0.0444602862,0.0443153625,0.000289374924,1000,macros/europa_E00417_0p0443153625MeV.mac,dna_ice_am_rho0p5_E00417_0p0443153625MeV,root/dna_ice_am_rho0p5_E00417_0p0443153625MeV.root,ice_am,0.5
418,0.0444602862,0.0447515569,0.0446056838,0.000291270693,1000,macros/europa_E00418_0p0446056838MeV.mac,dna_ice_am_rho0p5_E00418_0p0446056838MeV,root/dna_ice_am_rho0p5_E00418_0p0446056838MeV.root,ice_am,0.5
419,0.0447515569,0.0450447357,0.044897907,0.000293178882,1000,macros/europa_E00419_0p044897907MeV.mac,dna_ice_am_rho0p5_E00419_0p044897907MeV,root/dna_ice_am_rho0p5_E00419_0p044897907MeV.root,ice_am,0.5
420,0.0450447357,0.0453398353,0.0451920447,0.000295099572,1000,macros/europa_E00420_0p0451920447MeV.mac,dna_ice_am_rho0p5_E00420_0p0451920447MeV,root/dna_ice_am_rho0p5_E00420_0p0451920447MeV.root,ice_am,0.5
421,0.0453398353,0.0456368682,0.0454881093,0.000297032845,1000,macros/europa_E00421_0p0454881093MeV.mac,dna_ice_am_rho0p5_E00421_0p0454881093MeV,root/dna_ice_am_rho0p5_E00421_0p0454881093MeV.root,ice_am,0.5
422,0.0456368682,0.0459358469,0.0457861135,0.000298978783,1000,macros/europa_E00422_0p0457861135MeV.mac,dna_ice_am_rho0p5_E00422_0p0457861135MeV,root/dna_ice_am_rho0p5_E00422_0p0457861135MeV.root,ice_am,0.5
423,0.0459358469,0.0462367844,0.04608607,0.000300937469,1000,macros/europa_E00423_0p04608607MeV.mac,dna_ice_am_rho0p5_E00423_0p04608607MeV,root/dna_ice_am_rho0p5_E00423_0p04608607MeV.root,ice_am,0.5
424,0.0462367844,0.0465396934,0.0463879917,0.000302908987,1000,macros/europa_E00424_0p0463879917MeV.mac,dna_ice_am_rho0p5_E00424_0p0463879917MeV,root/dna_ice_am_rho0p5_E00424_0p0463879917MeV.root,ice_am,0.5
425,0.0465396934,0.0468445868,0.0466918912,0.000304893421,1000,macros/europa_E00425_0p0466918912MeV.mac,dna_ice_am_rho0p5_E00425_0p0466918912MeV,root/dna_ice_am_rho0p5_E00425_0p0466918912MeV.root,ice_am,0.5
426,0.0468445868,0.0471514777,0.0469977817,0.000306890856,1000,macros/europa_E00426_0p0469977817MeV.mac,dna_ice_am_rho0p5_E00426_0p0469977817MeV,root/dna_ice_am_rho0p5_E00426_0p0469977817MeV.root,ice_am,0.5
427,0.0471514777,0.047460379,0.0473056762,0.000308901376,1000,macros/europa_E00427_0p0473056762MeV.mac,dna_ice_am_rho0p5_E00427_0p0473056762MeV,root/dna_ice_am_rho0p5_E00427_0p0473056762MeV.root,ice_am,0.5
428,0.047460379,0.0477713041,0.0476155878,0.000310925068,1000,macros/europa_E00428_0p0476155878MeV.mac,dna_ice_am_rho0p5_E00428_0p0476155878MeV,root/dna_ice_am_rho0p5_E00428_0p0476155878MeV.root,ice_am,0.5
429,0.0477713041,0.0480842661,0.0479275297,0.000312962018,1000,macros/europa_E00429_0p0479275297MeV.mac,dna_ice_am_rho0p5_E00429_0p0479275297MeV,root/dna_ice_am_rho0p5_E00429_0p0479275297MeV.root,ice_am,0.5
430,0.0480842661,0.0483992784,0.0482415152,0.000315012312,1000,macros/europa_E00430_0p0482415152MeV.mac,dna_ice_am_rho0p5_E00430_0p0482415152MeV,root/dna_ice_am_rho0p5_E00430_0p0482415152MeV.root,ice_am,0.5
431,0.0483992784,0.0487163545,0.0485575577,0.000317076038,1000,macros/europa_E00431_0p0485575577MeV.mac,dna_ice_am_rho0p5_E00431_0p0485575577MeV,root/dna_ice_am_rho0p5_E00431_0p0485575577MeV.root,ice_am,0.5
432,0.0487163545,0.0490355078,0.0488756706,0.000319153284,1000,macros/europa_E00432_0p0488756706MeV.mac,dna_ice_am_rho0p5_E00432_0p0488756706MeV,root/dna_ice_am_rho0p5_E00432_0p0488756706MeV.root,ice_am,0.5
433,0.0490355078,0.0493567519,0.0491958676,0.000321244139,1000,macros/europa_E00433_0p0491958676MeV.mac,dna_ice_am_rho0p5_E00433_0p0491958676MeV,root/dna_ice_am_rho0p5_E00433_0p0491958676MeV.root,ice_am,0.5
434,0.0493567519,0.0496801006,0.0495181623,0.000323348691,1000,macros/europa_E00434_0p0495181623MeV.mac,dna_ice_am_rho0p5_E00434_0p0495181623MeV,root/dna_ice_am_rho0p5_E00434_0p0495181623MeV.root,ice_am,0.5
435,0.0496801006,0.0500055676,0.0498425685,0.000325467031,1000,macros/europa_E00435_0p0498425685MeV.mac,dna_ice_am_rho0p5_E00435_0p0498425685MeV,root/dna_ice_am_rho0p5_E00435_0p0498425685MeV.root,ice_am,0.5
436,0.0500055676,0.0503331669,0.0501690999,0.000327599249,1000,macros/europa_E00436_0p0501690999MeV.mac,dna_ice_am_rho0p5_E00436_0p0501690999MeV,root/dna_ice_am_rho0p5_E00436_0p0501690999MeV.root,ice_am,0.5
437,0.0503331669,0.0506629123,0.0504977704,0.000329745435,1000,macros/europa_E00437_0p0504977704MeV.mac,dna_ice_am_rho0p5_E00437_0p0504977704MeV,root/dna_ice_am_rho0p5_E00437_0p0504977704MeV.root,ice_am,0.5
438,0.0506629123,0.050994818,0.0508285942,0.000331905682,1000,macros/europa_E00438_0p0508285942MeV.mac,dna_ice_am_rho0p5_E00438_0p0508285942MeV,root/dna_ice_am_rho0p5_E00438_0p0508285942MeV.root,ice_am,0.5
439,0.050994818,0.0513288981,0.0511615853,0.000334080081,1000,macros/europa_E00439_0p0511615853MeV.mac,dna_ice_am_rho0p5_E00439_0p0511615853MeV,root/dna_ice_am_rho0p5_E00439_0p0511615853MeV.root,ice_am,0.5
440,0.0513288981,0.0516651668,0.051496758,0.000336268725,1000,macros/europa_E00440_0p051496758MeV.mac,dna_ice_am_rho0p5_E00440_0p051496758MeV,root/dna_ice_am_rho0p5_E00440_0p051496758MeV.root,ice_am,0.5
441,0.0516651668,0.0520036385,0.0518341264,0.000338471707,1000,macros/europa_E00441_0p0518341264MeV.mac,dna_ice_am_rho0p5_E00441_0p0518341264MeV,root/dna_ice_am_rho0p5_E00441_0p0518341264MeV.root,ice_am,0.5
442,0.0520036385,0.0523443276,0.052173705,0.000340689122,1000,macros/europa_E00442_0p052173705MeV.mac,dna_ice_am_rho0p5_E00442_0p052173705MeV,root/dna_ice_am_rho0p5_E00442_0p052173705MeV.root,ice_am,0.5
443,0.0523443276,0.0526872487,0.0525155083,0.000342921063,1000,macros/europa_E00443_0p0525155083MeV.mac,dna_ice_am_rho0p5_E00443_0p0525155083MeV,root/dna_ice_am_rho0p5_E00443_0p0525155083MeV.root,ice_am,0.5
444,0.0526872487,0.0530324163,0.0528595508,0.000345167627,1000,macros/europa_E00444_0p0528595508MeV.mac,dna_ice_am_rho0p5_E00444_0p0528595508MeV,root/dna_ice_am_rho0p5_E00444_0p0528595508MeV.root,ice_am,0.5
445,0.0530324163,0.0533798452,0.0532058472,0.000347428908,1000,macros/europa_E00445_0p0532058472MeV.mac,dna_ice_am_rho0p5_E00445_0p0532058472MeV,root/dna_ice_am_rho0p5_E00445_0p0532058472MeV.root,ice_am,0.5
446,0.0533798452,0.0537295502,0.0535544123,0.000349705004,1000,macros/europa_E00446_0p0535544123MeV.mac,dna_ice_am_rho0p5_E00446_0p0535544123MeV,root/dna_ice_am_rho0p5_E00446_0p0535544123MeV.root,ice_am,0.5
447,0.0537295502,0.0540815462,0.0539052609,0.00035199601,1000,macros/europa_E00447_0p0539052609MeV.mac,dna_ice_am_rho0p5_E00447_0p0539052609MeV,root/dna_ice_am_rho0p5_E00447_0p0539052609MeV.root,ice_am,0.5
448,0.0540815462,0.0544358483,0.0542584081,0.000354302026,1000,macros/europa_E00448_0p0542584081MeV.mac,dna_ice_am_rho0p5_E00448_0p0542584081MeV,root/dna_ice_am_rho0p5_E00448_0p0542584081MeV.root,ice_am,0.5
449,0.0544358483,0.0547924714,0.0546138688,0.000356623149,1000,macros/europa_E00449_0p0546138688MeV.mac,dna_ice_am_rho0p5_E00449_0p0546138688MeV,root/dna_ice_am_rho0p5_E00449_0p0546138688MeV.root,ice_am,0.5
450,0.0547924714,0.0551514309,0.0549716582,0.000358959479,1000,macros/europa_E00450_0p0549716582MeV.mac,dna_ice_am_rho0p5_E00450_0p0549716582MeV,root/dna_ice_am_rho0p5_E00450_0p0549716582MeV.root,ice_am,0.5
451,0.0551514309,0.055512742,0.0553317915,0.000361311114,1000,macros/europa_E00451_0p0553317915MeV.mac,dna_ice_am_rho0p5_E00451_0p0553317915MeV,root/dna_ice_am_rho0p5_E00451_0p0553317915MeV.root,ice_am,0.5
452,0.055512742,0.0558764202,0.0556942842,0.000363678155,1000,macros/europa_E00452_0p0556942842MeV.mac,dna_ice_am_rho0p5_E00452_0p0556942842MeV,root/dna_ice_am_rho0p5_E00452_0p0556942842MeV.root,ice_am,0.5
453,0.0558764202,0.0562424809,0.0560591517,0.000366060704,1000,macros/europa_E00453_0p0560591517MeV.mac,dna_ice_am_rho0p5_E00453_0p0560591517MeV,root/dna_ice_am_rho0p5_E00453_0p0560591517MeV.root,ice_am,0.5
454,0.0562424809,0.0566109397,0.0564264096,0.000368458861,1000,macros/europa_E00454_0p0564264096MeV.mac,dna_ice_am_rho0p5_E00454_0p0564264096MeV,root/dna_ice_am_rho0p5_E00454_0p0564264096MeV.root,ice_am,0.5
455,0.0566109397,0.0569818125,0.0567960734,0.000370872729,1000,macros/europa_E00455_0p0567960734MeV.mac,dna_ice_am_rho0p5_E00455_0p0567960734MeV,root/dna_ice_am_rho0p5_E00455_0p0567960734MeV.root,ice_am,0.5
456,0.0569818125,0.0573551149,0.057168159,0.000373302411,1000,macros/europa_E00456_0p057168159MeV.mac,dna_ice_am_rho0p5_E00456_0p057168159MeV,root/dna_ice_am_rho0p5_E00456_0p057168159MeV.root,ice_am,0.5
457,0.0573551149,0.0577308629,0.0575426822,0.000375748011,1000,macros/europa_E00457_0p0575426822MeV.mac,dna_ice_am_rho0p5_E00457_0p0575426822MeV,root/dna_ice_am_rho0p5_E00457_0p0575426822MeV.root,ice_am,0.5
458,0.0577308629,0.0581090725,0.057919659,0.000378209632,1000,macros/europa_E00458_0p057919659MeV.mac,dna_ice_am_rho0p5_E00458_0p057919659MeV,root/dna_ice_am_rho0p5_E00458_0p057919659MeV.root,ice_am,0.5
459,0.0581090725,0.0584897599,0.0582991055,0.00038068738,1000,macros/europa_E00459_0p0582991055MeV.mac,dna_ice_am_rho0p5_E00459_0p0582991055MeV,root/dna_ice_am_rho0p5_E00459_0p0582991055MeV.root,ice_am,0.5
460,0.0584897599,0.0588729413,0.0586810378,0.00038318136,1000,macros/europa_E00460_0p0586810378MeV.mac,dna_ice_am_rho0p5_E00460_0p0586810378MeV,root/dna_ice_am_rho0p5_E00460_0p0586810378MeV.root,ice_am,0.5
461,0.0588729413,0.0592586329,0.0590654723,0.000385691679,1000,macros/europa_E00461_0p0590654723MeV.mac,dna_ice_am_rho0p5_E00461_0p0590654723MeV,root/dna_ice_am_rho0p5_E00461_0p0590654723MeV.root,ice_am,0.5
462,0.0592586329,0.0596468514,0.0594524253,0.000388218444,1000,macros/europa_E00462_0p0594524253MeV.mac,dna_ice_am_rho0p5_E00462_0p0594524253MeV,root/dna_ice_am_rho0p5_E00462_0p0594524253MeV.root,ice_am,0.5
463,0.0596468514,0.0600376131,0.0598419133,0.000390761762,1000,macros/europa_E00463_0p0598419133MeV.mac,dna_ice_am_rho0p5_E00463_0p0598419133MeV,root/dna_ice_am_rho0p5_E00463_0p0598419133MeV.root,ice_am,0.5
464,0.0600376131,0.0604309349,0.060233953,0.000393321742,1000,macros/europa_E00464_0p060233953MeV.mac,dna_ice_am_rho0p5_E00464_0p060233953MeV,root/dna_ice_am_rho0p5_E00464_0p060233953MeV.root,ice_am,0.5
465,0.0604309349,0.0608268334,0.060628561,0.000395898493,1000,macros/europa_E00465_0p060628561MeV.mac,dna_ice_am_rho0p5_E00465_0p060628561MeV,root/dna_ice_am_rho0p5_E00465_0p060628561MeV.root,ice_am,0.5
466,0.0608268334,0.0612253255,0.0610257542,0.000398492125,1000,macros/europa_E00466_0p0610257542MeV.mac,dna_ice_am_rho0p5_E00466_0p0610257542MeV,root/dna_ice_am_rho0p5_E00466_0p0610257542MeV.root,ice_am,0.5
467,0.0612253255,0.0616264282,0.0614255495,0.000401102749,1000,macros/europa_E00467_0p0614255495MeV.mac,dna_ice_am_rho0p5_E00467_0p0614255495MeV,root/dna_ice_am_rho0p5_E00467_0p0614255495MeV.root,ice_am,0.5
468,0.0616264282,0.0620301587,0.0618279639,0.000403730476,1000,macros/europa_E00468_0p0618279639MeV.mac,dna_ice_am_rho0p5_E00468_0p0618279639MeV,root/dna_ice_am_rho0p5_E00468_0p0618279639MeV.root,ice_am,0.5
469,0.0620301587,0.0624365341,0.0622330147,0.000406375417,1000,macros/europa_E00469_0p0622330147MeV.mac,dna_ice_am_rho0p5_E00469_0p0622330147MeV,root/dna_ice_am_rho0p5_E00469_0p0622330147MeV.root,ice_am,0.5
470,0.0624365341,0.0628455718,0.0626407191,0.000409037686,1000,macros/europa_E00470_0p0626407191MeV.mac,dna_ice_am_rho0p5_E00470_0p0626407191MeV,root/dna_ice_am_rho0p5_E00470_0p0626407191MeV.root,ice_am,0.5
471,0.0628455718,0.0632572892,0.0630510945,0.000411717397,1000,macros/europa_E00471_0p0630510945MeV.mac,dna_ice_am_rho0p5_E00471_0p0630510945MeV,root/dna_ice_am_rho0p5_E00471_0p0630510945MeV.root,ice_am,0.5
472,0.0632572892,0.0636717039,0.0634641583,0.000414414663,1000,macros/europa_E00472_0p0634641583MeV.mac,dna_ice_am_rho0p5_E00472_0p0634641583MeV,root/dna_ice_am_rho0p5_E00472_0p0634641583MeV.root,ice_am,0.5
473,0.0636717039,0.0640888335,0.0638799282,0.000417129599,1000,macros/europa_E00473_0p0638799282MeV.mac,dna_ice_am_rho0p5_E00473_0p0638799282MeV,root/dna_ice_am_rho0p5_E00473_0p0638799282MeV.root,ice_am,0.5
474,0.0640888335,0.0645086958,0.0642984219,0.000419862322,1000,macros/europa_E00474_0p0642984219MeV.mac,dna_ice_am_rho0p5_E00474_0p0642984219MeV,root/dna_ice_am_rho0p5_E00474_0p0642984219MeV.root,ice_am,0.5
475,0.0645086958,0.0649313088,0.0647196573,0.000422612947,1000,macros/europa_E00475_0p0647196573MeV.mac,dna_ice_am_rho0p5_E00475_0p0647196573MeV,root/dna_ice_am_rho0p5_E00475_0p0647196573MeV.root,ice_am,0.5
476,0.0649313088,0.0653566903,0.0651436523,0.000425381592,1000,macros/europa_E00476_0p0651436523MeV.mac,dna_ice_am_rho0p5_E00476_0p0651436523MeV,root/dna_ice_am_rho0p5_E00476_0p0651436523MeV.root,ice_am,0.5
477,0.0653566903,0.0657848587,0.065570425,0.000428168376,1000,macros/europa_E00477_0p065570425MeV.mac,dna_ice_am_rho0p5_E00477_0p065570425MeV,root/dna_ice_am_rho0p5_E00477_0p065570425MeV.root,ice_am,0.5
478,0.0657848587,0.0662158321,0.0659999937,0.000430973416,1000,macros/europa_E00478_0p0659999937MeV.mac,dna_ice_am_rho0p5_E00478_0p0659999937MeV,root/dna_ice_am_rho0p5_E00478_0p0659999937MeV.root,ice_am,0.5
479,0.0662158321,0.066649629,0.0664323765,0.000433796833,1000,macros/europa_E00479_0p0664323765MeV.mac,dna_ice_am_rho0p5_E00479_0p0664323765MeV,root/dna_ice_am_rho0p5_E00479_0p0664323765MeV.root,ice_am,0.5
480,0.066649629,0.0670862677,0.0668675919,0.000436638747,1000,macros/europa_E00480_0p0668675919MeV.mac,dna_ice_am_rho0p5_E00480_0p0668675919MeV,root/dna_ice_am_rho0p5_E00480_0p0668675919MeV.root,ice_am,0.5
481,0.0670862677,0.067525767,0.0673056586,0.000439499279,1000,macros/europa_E00481_0p0673056586MeV.mac,dna_ice_am_rho0p5_E00481_0p0673056586MeV,root/dna_ice_am_rho0p5_E00481_0p0673056586MeV.root,ice_am,0.5
482,0.067525767,0.0679681455,0.0677465952,0.000442378551,1000,macros/europa_E00482_0p0677465952MeV.mac,dna_ice_am_rho0p5_E00482_0p0677465952MeV,root/dna_ice_am_rho0p5_E00482_0p0677465952MeV.root,ice_am,0.5
483,0.0679681455,0.0684134222,0.0681904204,0.000445276686,1000,macros/europa_E00483_0p0681904204MeV.mac,dna_ice_am_rho0p5_E00483_0p0681904204MeV,root/dna_ice_am_rho0p5_E00483_0p0681904204MeV.root,ice_am,0.5
484,0.0684134222,0.068861616,0.0686371533,0.000448193807,1000,macros/europa_E00484_0p0686371533MeV.mac,dna_ice_am_rho0p5_E00484_0p0686371533MeV,root/dna_ice_am_rho0p5_E00484_0p0686371533MeV.root,ice_am,0.5
485,0.068861616,0.0693127461,0.0690868128,0.000451130039,1000,macros/europa_E00485_0p0690868128MeV.mac,dna_ice_am_rho0p5_E00485_0p0690868128MeV,root/dna_ice_am_rho0p5_E00485_0p0690868128MeV.root,ice_am,0.5
486,0.0693127461,0.0697668316,0.0695394182,0.000454085508,1000,macros/europa_E00486_0p0695394182MeV.mac,dna_ice_am_rho0p5_E00486_0p0695394182MeV,root/dna_ice_am_rho0p5_E00486_0p0695394182MeV.root,ice_am,0.5
487,0.0697668316,0.0702238919,0.0699949887,0.000457060338,1000,macros/europa_E00487_0p0699949887MeV.mac,dna_ice_am_rho0p5_E00487_0p0699949887MeV,root/dna_ice_am_rho0p5_E00487_0p0699949887MeV.root,ice_am,0.5
488,0.0702238919,0.0706839466,0.0704535437,0.000460054657,1000,macros/europa_E00488_0p0704535437MeV.mac,dna_ice_am_rho0p5_E00488_0p0704535437MeV,root/dna_ice_am_rho0p5_E00488_0p0704535437MeV.root,ice_am,0.5
489,0.0706839466,0.0711470152,0.0709151029,0.000463068592,1000,macros/europa_E00489_0p0709151029MeV.mac,dna_ice_am_rho0p5_E00489_0p0709151029MeV,root/dna_ice_am_rho0p5_E00489_0p0709151029MeV.root,ice_am,0.5
490,0.0711470152,0.0716131175,0.0713796859,0.000466102273,1000,macros/europa_E00490_0p0713796859MeV.mac,dna_ice_am_rho0p5_E00490_0p0713796859MeV,root/dna_ice_am_rho0p5_E00490_0p0713796859MeV.root,ice_am,0.5
491,0.0716131175,0.0720822733,0.0718473124,0.000469155828,1000,macros/europa_E00491_0p0718473124MeV.mac,dna_ice_am_rho0p5_E00491_0p0718473124MeV,root/dna_ice_am_rho0p5_E00491_0p0718473124MeV.root,ice_am,0.5
492,0.0720822733,0.0725545027,0.0723180025,0.000472229388,1000,macros/europa_E00492_0p0723180025MeV.mac,dna_ice_am_rho0p5_E00492_0p0723180025MeV,root/dna_ice_am_rho0p5_E00492_0p0723180025MeV.root,ice_am,0.5
493,0.0725545027,0.0730298257,0.0727917762,0.000475323083,1000,macros/europa_E00493_0p0727917762MeV.mac,dna_ice_am_rho0p5_E00493_0p0727917762MeV,root/dna_ice_am_rho0p5_E00493_0p0727917762MeV.root,ice_am,0.5
494,0.0730298257,0.0735082628,0.0732686538,0.000478437046,1000,macros/europa_E00494_0p0732686538MeV.mac,dna_ice_am_rho0p5_E00494_0p0732686538MeV,root/dna_ice_am_rho0p5_E00494_0p0732686538MeV.root,ice_am,0.5
495,0.0735082628,0.0739898342,0.0737486554,0.000481571409,1000,macros/europa_E00495_0p0737486554MeV.mac,dna_ice_am_rho0p5_E00495_0p0737486554MeV,root/dna_ice_am_rho0p5_E00495_0p0737486554MeV.root,ice_am,0.5
496,0.0739898342,0.0744745605,0.0742318017,0.000484726307,1000,macros/europa_E00496_0p0742318017MeV.mac,dna_ice_am_rho0p5_E00496_0p0742318017MeV,root/dna_ice_am_rho0p5_E00496_0p0742318017MeV.root,ice_am,0.5
497,0.0744745605,0.0749624624,0.0747181132,0.000487901873,1000,macros/europa_E00497_0p0747181132MeV.mac,dna_ice_am_rho0p5_E00497_0p0747181132MeV,root/dna_ice_am_rho0p5_E00497_0p0747181132MeV.root,ice_am,0.5
498,0.0749624624,0.0754535606,0.0752076107,0.000491098243,1000,macros/europa_E00498_0p0752076107MeV.mac,dna_ice_am_rho0p5_E00498_0p0752076107MeV,root/dna_ice_am_rho0p5_E00498_0p0752076107MeV.root,ice_am,0.5
499,0.0754535606,0.0759478762,0.0757003149,0.000494315553,1000,macros/europa_E00499_0p0757003149MeV.mac,dna_ice_am_rho0p5_E00499_0p0757003149MeV,root/dna_ice_am_rho0p5_E00499_0p0757003149MeV.root,ice_am,0.5
500,0.0759478762,0.0764454301,0.076196247,0.00049755394,1000,macros/europa_E00500_0p076196247MeV.mac,dna_ice_am_rho0p5_E00500_0p076196247MeV,root/dna_ice_am_rho0p5_E00500_0p076196247MeV.root,ice_am,0.5
501,0.0764454301,0.0769462437,0.0766954281,0.000500813543,1000,macros/europa_E00501_0p0766954281MeV.mac,dna_ice_am_rho0p5_E00501_0p0766954281MeV,root/dna_ice_am_rho0p5_E00501_0p0766954281MeV.root,ice_am,0.5
502,0.0769462437,0.0774503382,0.0771978795,0.0005040945,1000,macros/europa_E00502_0p0771978795MeV.mac,dna_ice_am_rho0p5_E00502_0p0771978795MeV,root/dna_ice_am_rho0p5_E00502_0p0771978795MeV.root,ice_am,0.5
503,0.0774503382,0.0779577351,0.0777036225,0.000507396952,1000,macros/europa_E00503_0p0777036225MeV.mac,dna_ice_am_rho0p5_E00503_0p0777036225MeV,root/dna_ice_am_rho0p5_E00503_0p0777036225MeV.root,ice_am,0.5
504,0.0779577351,0.0784684562,0.0782126788,0.000510721039,1000,macros/europa_E00504_0p0782126788MeV.mac,dna_ice_am_rho0p5_E00504_0p0782126788MeV,root/dna_ice_am_rho0p5_E00504_0p0782126788MeV.root,ice_am,0.5
505,0.0784684562,0.0789825231,0.07872507,0.000514066903,1000,macros/europa_E00505_0p07872507MeV.mac,dna_ice_am_rho0p5_E00505_0p07872507MeV,root/dna_ice_am_rho0p5_E00505_0p07872507MeV.root,ice_am,0.5
506,0.0789825231,0.0794999577,0.0792408181,0.000517434687,1000,macros/europa_E00506_0p0792408181MeV.mac,dna_ice_am_rho0p5_E00506_0p0792408181MeV,root/dna_ice_am_rho0p5_E00506_0p0792408181MeV.root,ice_am,0.5
507,0.0794999577,0.0800207823,0.0797599449,0.000520824534,1000,macros/europa_E00507_0p0797599449MeV.mac,dna_ice_am_rho0p5_E00507_0p0797599449MeV,root/dna_ice_am_rho0p5_E00507_0p0797599449MeV.root,ice_am,0.5
508,0.0800207823,0.0805450189,0.0802824727,0.000524236588,1000,macros/europa_E00508_0p0802824727MeV.mac,dna_ice_am_rho0p5_E00508_0p0802824727MeV,root/dna_ice_am_rho0p5_E00508_0p0802824727MeV.root,ice_am,0.5
509,0.0805450189,0.0810726899,0.0808084237,0.000527670996,1000,macros/europa_E00509_0p0808084237MeV.mac,dna_ice_am_rho0p5_E00509_0p0808084237MeV,root/dna_ice_am_rho0p5_E00509_0p0808084237MeV.root,ice_am,0.5
510,0.0810726899,0.0816038178,0.0813378203,0.000531127904,1000,macros/europa_E00510_0p0813378203MeV.mac,dna_ice_am_rho0p5_E00510_0p0813378203MeV,root/dna_ice_am_rho0p5_E00510_0p0813378203MeV.root,ice_am,0.5
511,0.0816038178,0.0821384252,0.0818706851,0.000534607458,1000,macros/europa_E00511_0p0818706851MeV.mac,dna_ice_am_rho0p5_E00511_0p0818706851MeV,root/dna_ice_am_rho0p5_E00511_0p0818706851MeV.root,ice_am,0.5
512,0.0821384252,0.082676535,0.0824070409,0.000538109808,1000,macros/europa_E00512_0p0824070409MeV.mac,dna_ice_am_rho0p5_E00512_0p0824070409MeV,root/dna_ice_am_rho0p5_E00512_0p0824070409MeV.root,ice_am,0.5
513,0.082676535,0.0832181701,0.0829469105,0.000541635103,1000,macros/europa_E00513_0p0829469105MeV.mac,dna_ice_am_rho0p5_E00513_0p0829469105MeV,root/dna_ice_am_rho0p5_E00513_0p0829469105MeV.root,ice_am,0.5
514,0.0832181701,0.0837633536,0.0834903169,0.000545183493,1000,macros/europa_E00514_0p0834903169MeV.mac,dna_ice_am_rho0p5_E00514_0p0834903169MeV,root/dna_ice_am_rho0p5_E00514_0p0834903169MeV.root,ice_am,0.5
515,0.0837633536,0.0843121088,0.0840372833,0.00054875513,1000,macros/europa_E00515_0p0840372833MeV.mac,dna_ice_am_rho0p5_E00515_0p0840372833MeV,root/dna_ice_am_rho0p5_E00515_0p0840372833MeV.root,ice_am,0.5
516,0.0843121088,0.0848644589,0.084587833,0.000552350165,1000,macros/europa_E00516_0p084587833MeV.mac,dna_ice_am_rho0p5_E00516_0p084587833MeV,root/dna_ice_am_rho0p5_E00516_0p084587833MeV.root,ice_am,0.5
517,0.0848644589,0.0854204277,0.0851419895,0.000555968752,1000,macros/europa_E00517_0p0851419895MeV.mac,dna_ice_am_rho0p5_E00517_0p0851419895MeV,root/dna_ice_am_rho0p5_E00517_0p0851419895MeV.root,ice_am,0.5
518,0.0854204277,0.0859800387,0.0856997764,0.000559611045,1000,macros/europa_E00518_0p0856997764MeV.mac,dna_ice_am_rho0p5_E00518_0p0856997764MeV,root/dna_ice_am_rho0p5_E00518_0p0856997764MeV.root,ice_am,0.5
519,0.0859800387,0.0865433159,0.0862612176,0.0005632772,1000,macros/europa_E00519_0p0862612176MeV.mac,dna_ice_am_rho0p5_E00519_0p0862612176MeV,root/dna_ice_am_rho0p5_E00519_0p0862612176MeV.root,ice_am,0.5
520,0.0865433159,0.0871102833,0.0868263368,0.000566967373,1000,macros/europa_E00520_0p0868263368MeV.mac,dna_ice_am_rho0p5_E00520_0p0868263368MeV,root/dna_ice_am_rho0p5_E00520_0p0868263368MeV.root,ice_am,0.5
521,0.0871102833,0.087680965,0.0873951583,0.000570681721,1000,macros/europa_E00521_0p0873951583MeV.mac,dna_ice_am_rho0p5_E00521_0p0873951583MeV,root/dna_ice_am_rho0p5_E00521_0p0873951583MeV.root,ice_am,0.5
522,0.087680965,0.0882553854,0.0879677064,0.000574420403,1000,macros/europa_E00522_0p0879677064MeV.mac,dna_ice_am_rho0p5_E00522_0p0879677064MeV,root/dna_ice_am_rho0p5_E00522_0p0879677064MeV.root,ice_am,0.5
523,0.0882553854,0.088833569,0.0885440053,0.000578183577,1000,macros/europa_E00523_0p0885440053MeV.mac,dna_ice_am_rho0p5_E00523_0p0885440053MeV,root/dna_ice_am_rho0p5_E00523_0p0885440053MeV.root,ice_am,0.5
524,0.088833569,0.0894155404,0.0891240797,0.000581971406,1000,macros/europa_E00524_0p0891240797MeV.mac,dna_ice_am_rho0p5_E00524_0p0891240797MeV,root/dna_ice_am_rho0p5_E00524_0p0891240797MeV.root,ice_am,0.5
525,0.0894155404,0.0900013245,0.0897079543,0.000585784049,1000,macros/europa_E00525_0p0897079543MeV.mac,dna_ice_am_rho0p5_E00525_0p0897079543MeV,root/dna_ice_am_rho0p5_E00525_0p0897079543MeV.root,ice_am,0.5
526,0.0900013245,0.0905909461,0.090295654,0.00058962167,1000,macros/europa_E00526_0p090295654MeV.mac,dna_ice_am_rho0p5_E00526_0p090295654MeV,root/dna_ice_am_rho0p5_E00526_0p090295654MeV.root,ice_am,0.5
527,0.0905909461,0.0911844306,0.0908872039,0.000593484432,1000,macros/europa_E00527_0p0908872039MeV.mac,dna_ice_am_rho0p5_E00527_0p0908872039MeV,root/dna_ice_am_rho0p5_E00527_0p0908872039MeV.root,ice_am,0.5
528,0.0911844306,0.0917818031,0.0914826292,0.0005973725,1000,macros/europa_E00528_0p0914826292MeV.mac,dna_ice_am_rho0p5_E00528_0p0914826292MeV,root/dna_ice_am_rho0p5_E00528_0p0914826292MeV.root,ice_am,0.5
529,0.0917818031,0.0923830891,0.0920819553,0.00060128604,1000,macros/europa_E00529_0p0920819553MeV.mac,dna_ice_am_rho0p5_E00529_0p0920819553MeV,root/dna_ice_am_rho0p5_E00529_0p0920819553MeV.root,ice_am,0.5
530,0.0923830891,0.0929883143,0.0926852077,0.000605225219,1000,macros/europa_E00530_0p0926852077MeV.mac,dna_ice_am_rho0p5_E00530_0p0926852077MeV,root/dna_ice_am_rho0p5_E00530_0p0926852077MeV.root,ice_am,0.5
531,0.0929883143,0.0935975045,0.0932924122,0.000609190204,1000,macros/europa_E00531_0p0932924122MeV.mac,dna_ice_am_rho0p5_E00531_0p0932924122MeV,root/dna_ice_am_rho0p5_E00531_0p0932924122MeV.root,ice_am,0.5
532,0.0935975045,0.0942106857,0.0939035946,0.000613181164,1000,macros/europa_E00532_0p0939035946MeV.mac,dna_ice_am_rho0p5_E00532_0p0939035946MeV,root/dna_ice_am_rho0p5_E00532_0p0939035946MeV.root,ice_am,0.5
533,0.0942106857,0.094827884,0.094518781,0.000617198271,1000,macros/europa_E00533_0p094518781MeV.mac,dna_ice_am_rho0p5_E00533_0p094518781MeV,root/dna_ice_am_rho0p5_E00533_0p094518781MeV.root,ice_am,0.5
534,0.094827884,0.0954491256,0.0951379977,0.000621241694,1000,macros/europa_E00534_0p0951379977MeV.mac,dna_ice_am_rho0p5_E00534_0p0951379977MeV,root/dna_ice_am_rho0p5_E00534_0p0951379977MeV.root,ice_am,0.5
535,0.0954491256,0.0960744373,0.095761271,0.000625311607,1000,macros/europa_E00535_0p095761271MeV.mac,dna_ice_am_rho0p5_E00535_0p095761271MeV,root/dna_ice_am_rho0p5_E00535_0p095761271MeV.root,ice_am,0.5
536,0.0960744373,0.0967038454,0.0963886276,0.000629408184,1000,macros/europa_E00536_0p0963886276MeV.mac,dna_ice_am_rho0p5_E00536_0p0963886276MeV,root/dna_ice_am_rho0p5_E00536_0p0963886276MeV.root,ice_am,0.5
537,0.0967038454,0.097337377,0.0970200941,0.000633531597,1000,macros/europa_E00537_0p0970200941MeV.mac,dna_ice_am_rho0p5_E00537_0p0970200941MeV,root/dna_ice_am_rho0p5_E00537_0p0970200941MeV.root,ice_am,0.5
538,0.097337377,0.0979750591,0.0976556975,0.000637682025,1000,macros/europa_E00538_0p0976556975MeV.mac,dna_ice_am_rho0p5_E00538_0p0976556975MeV,root/dna_ice_am_rho0p5_E00538_0p0976556975MeV.root,ice_am,0.5
539,0.0979750591,0.0986169187,0.098295465,0.000641859643,1000,macros/europa_E00539_0p098295465MeV.mac,dna_ice_am_rho0p5_E00539_0p098295465MeV,root/dna_ice_am_rho0p5_E00539_0p098295465MeV.root,ice_am,0.5
540,0.0986169187,0.0992629833,0.0989394237,0.000646064629,1000,macros/europa_E00540_0p0989394237MeV.mac,dna_ice_am_rho0p5_E00540_0p0989394237MeV,root/dna_ice_am_rho0p5_E00540_0p0989394237MeV.root,ice_am,0.5
541,0.0992629833,0.0999132805,0.0995876011,0.000650297164,1000,macros/europa_E00541_0p0995876011MeV.mac,dna_ice_am_rho0p5_E00541_0p0995876011MeV,root/dna_ice_am_rho0p5_E00541_0p0995876011MeV.root,ice_am,0.5
542,0.0999132805,0.100567838,0.100240025,0.000654557426,1000,macros/europa_E00542_0p100240025MeV.mac,dna_ice_am_rho0p5_E00542_0p100240025MeV,root/dna_ice_am_rho0p5_E00542_0p100240025MeV.root,ice_am,0.5
543,0.100567838,0.101226684,0.100896723,0.000658845599,1000,macros/europa_E00543_0p100896723MeV.mac,dna_ice_am_rho0p5_E00543_0p100896723MeV,root/dna_ice_am_rho0p5_E00543_0p100896723MeV.root,ice_am,0.5
544,0.101226684,0.101889845,0.101557723,0.000663161865,1000,macros/europa_E00544_0p101557723MeV.mac,dna_ice_am_rho0p5_E00544_0p101557723MeV,root/dna_ice_am_rho0p5_E00544_0p101557723MeV.root,ice_am,0.5
545,0.101889845,0.102557352,0.102223054,0.000667506408,1000,macros/europa_E00545_0p102223054MeV.mac,dna_ice_am_rho0p5_E00545_0p102223054MeV,root/dna_ice_am_rho0p5_E00545_0p102223054MeV.root,ice_am,0.5
546,0.102557352,0.103229231,0.102892743,0.000671879413,1000,macros/europa_E00546_0p102892743MeV.mac,dna_ice_am_rho0p5_E00546_0p102892743MeV,root/dna_ice_am_rho0p5_E00546_0p102892743MeV.root,ice_am,0.5
547,0.103229231,0.103905512,0.10356682,0.000676281067,1000,macros/europa_E00547_0p10356682MeV.mac,dna_ice_am_rho0p5_E00547_0p10356682MeV,root/dna_ice_am_rho0p5_E00547_0p10356682MeV.root,ice_am,0.5
548,0.103905512,0.104586224,0.104245312,0.000680711557,1000,macros/europa_E00548_0p104245312MeV.mac,dna_ice_am_rho0p5_E00548_0p104245312MeV,root/dna_ice_am_rho0p5_E00548_0p104245312MeV.root,ice_am,0.5
549,0.104586224,0.105271395,0.10492825,0.000685171072,1000,macros/europa_E00549_0p10492825MeV.mac,dna_ice_am_rho0p5_E00549_0p10492825MeV,root/dna_ice_am_rho0p5_E00549_0p10492825MeV.root,ice_am,0.5
550,0.105271395,0.105961055,0.105615662,0.000689659803,1000,macros/europa_E00550_0p105615662MeV.mac,dna_ice_am_rho0p5_E00550_0p105615662MeV,root/dna_ice_am_rho0p5_E00550_0p105615662MeV.root,ice_am,0.5
551,0.105961055,0.106655233,0.106307577,0.00069417794,1000,macros/europa_E00551_0p106307577MeV.mac,dna_ice_am_rho0p5_E00551_0p106307577MeV,root/dna_ice_am_rho0p5_E00551_0p106307577MeV.root,ice_am,0.5
552,0.106655233,0.107353958,0.107004025,0.000698725677,1000,macros/europa_E00552_0p107004025MeV.mac,dna_ice_am_rho0p5_E00552_0p107004025MeV,root/dna_ice_am_rho0p5_E00552_0p107004025MeV.root,ice_am,0.5
553,0.107353958,0.108057262,0.107705036,0.000703303208,1000,macros/europa_E00553_0p107705036MeV.mac,dna_ice_am_rho0p5_E00553_0p107705036MeV,root/dna_ice_am_rho0p5_E00553_0p107705036MeV.root,ice_am,0.5
554,0.108057262,0.108765172,0.108410639,0.000707910727,1000,macros/europa_E00554_0p108410639MeV.mac,dna_ice_am_rho0p5_E00554_0p108410639MeV,root/dna_ice_am_rho0p5_E00554_0p108410639MeV.root,ice_am,0.5
555,0.108765172,0.109477721,0.109120865,0.000712548431,1000,macros/europa_E00555_0p109120865MeV.mac,dna_ice_am_rho0p5_E00555_0p109120865MeV,root/dna_ice_am_rho0p5_E00555_0p109120865MeV.root,ice_am,0.5
556,0.109477721,0.110194937,0.109835744,0.000717216518,1000,macros/europa_E00556_0p109835744MeV.mac,dna_ice_am_rho0p5_E00556_0p109835744MeV,root/dna_ice_am_rho0p5_E00556_0p109835744MeV.root,ice_am,0.5
557,0.110194937,0.110916852,0.110555306,0.000721915186,1000,macros/europa_E00557_0p110555306MeV.mac,dna_ice_am_rho0p5_E00557_0p110555306MeV,root/dna_ice_am_rho0p5_E00557_0p110555306MeV.root,ice_am,0.5
558,0.110916852,0.111643497,0.111279582,0.000726644637,1000,macros/europa_E00558_0p111279582MeV.mac,dna_ice_am_rho0p5_E00558_0p111279582MeV,root/dna_ice_am_rho0p5_E00558_0p111279582MeV.root,ice_am,0.5
559,0.111643497,0.112374902,0.112008603,0.000731405072,1000,macros/europa_E00559_0p112008603MeV.mac,dna_ice_am_rho0p5_E00559_0p112008603MeV,root/dna_ice_am_rho0p5_E00559_0p112008603MeV.root,ice_am,0.5
560,0.112374902,0.113111099,0.1127424,0.000736196693,1000,macros/europa_E00560_0p1127424MeV.mac,dna_ice_am_rho0p5_E00560_0p1127424MeV,root/dna_ice_am_rho0p5_E00560_0p1127424MeV.root,ice_am,0.5
561,0.113111099,0.113852118,0.113481004,0.000741019706,1000,macros/europa_E00561_0p113481004MeV.mac,dna_ice_am_rho0p5_E00561_0p113481004MeV,root/dna_ice_am_rho0p5_E00561_0p113481004MeV.root,ice_am,0.5
562,0.113852118,0.114597993,0.114224447,0.000745874315,1000,macros/europa_E00562_0p114224447MeV.mac,dna_ice_am_rho0p5_E00562_0p114224447MeV,root/dna_ice_am_rho0p5_E00562_0p114224447MeV.root,ice_am,0.5
563,0.114597993,0.115348754,0.11497276,0.000750760728,1000,macros/europa_E00563_0p11497276MeV.mac,dna_ice_am_rho0p5_E00563_0p11497276MeV,root/dna_ice_am_rho0p5_E00563_0p11497276MeV.root,ice_am,0.5
564,0.115348754,0.116104433,0.115725976,0.000755679154,1000,macros/europa_E00564_0p115725976MeV.mac,dna_ice_am_rho0p5_E00564_0p115725976MeV,root/dna_ice_am_rho0p5_E00564_0p115725976MeV.root,ice_am,0.5
565,0.116104433,0.116865062,0.116484127,0.000760629801,1000,macros/europa_E00565_0p116484127MeV.mac,dna_ice_am_rho0p5_E00565_0p116484127MeV,root/dna_ice_am_rho0p5_E00565_0p116484127MeV.root,ice_am,0.5
566,0.116865062,0.117630675,0.117247244,0.000765612881,1000,macros/europa_E00566_0p117247244MeV.mac,dna_ice_am_rho0p5_E00566_0p117247244MeV,root/dna_ice_am_rho0p5_E00566_0p117247244MeV.root,ice_am,0.5
567,0.117630675,0.118401304,0.118015361,0.000770628607,1000,macros/europa_E00567_0p118015361MeV.mac,dna_ice_am_rho0p5_E00567_0p118015361MeV,root/dna_ice_am_rho0p5_E00567_0p118015361MeV.root,ice_am,0.5
568,0.118401304,0.119176981,0.118788509,0.000775677192,1000,macros/europa_E00568_0p118788509MeV.mac,dna_ice_am_rho0p5_E00568_0p118788509MeV,root/dna_ice_am_rho0p5_E00568_0p118788509MeV.root,ice_am,0.5
569,0.119176981,0.11995774,0.119566723,0.000780758851,1000,macros/europa_E00569_0p119566723MeV.mac,dna_ice_am_rho0p5_E00569_0p119566723MeV,root/dna_ice_am_rho0p5_E00569_0p119566723MeV.root,ice_am,0.5
570,0.11995774,0.120743614,0.120350035,0.000785873802,1000,macros/europa_E00570_0p120350035MeV.mac,dna_ice_am_rho0p5_E00570_0p120350035MeV,root/dna_ice_am_rho0p5_E00570_0p120350035MeV.root,ice_am,0.5
571,0.120743614,0.121534636,0.121138479,0.000791022262,1000,macros/europa_E00571_0p121138479MeV.mac,dna_ice_am_rho0p5_E00571_0p121138479MeV,root/dna_ice_am_rho0p5_E00571_0p121138479MeV.root,ice_am,0.5
572,0.121534636,0.122330841,0.121932088,0.000796204451,1000,macros/europa_E00572_0p121932088MeV.mac,dna_ice_am_rho0p5_E00572_0p121932088MeV,root/dna_ice_am_rho0p5_E00572_0p121932088MeV.root,ice_am,0.5
573,0.122330841,0.123132261,0.122730897,0.00080142059,1000,macros/europa_E00573_0p122730897MeV.mac,dna_ice_am_rho0p5_E00573_0p122730897MeV,root/dna_ice_am_rho0p5_E00573_0p122730897MeV.root,ice_am,0.5
574,0.123132261,0.123938932,0.123534938,0.000806670901,1000,macros/europa_E00574_0p123534938MeV.mac,dna_ice_am_rho0p5_E00574_0p123534938MeV,root/dna_ice_am_rho0p5_E00574_0p123534938MeV.root,ice_am,0.5
575,0.123938932,0.124750888,0.124344247,0.000811955608,1000,macros/europa_E00575_0p124344247MeV.mac,dna_ice_am_rho0p5_E00575_0p124344247MeV,root/dna_ice_am_rho0p5_E00575_0p124344247MeV.root,ice_am,0.5
576,0.124750888,0.125568163,0.125158858,0.000817274936,1000,macros/europa_E00576_0p125158858MeV.mac,dna_ice_am_rho0p5_E00576_0p125158858MeV,root/dna_ice_am_rho0p5_E00576_0p125158858MeV.root,ice_am,0.5
577,0.125568163,0.126390792,0.125978806,0.000822629113,1000,macros/europa_E00577_0p125978806MeV.mac,dna_ice_am_rho0p5_E00577_0p125978806MeV,root/dna_ice_am_rho0p5_E00577_0p125978806MeV.root,ice_am,0.5
578,0.126390792,0.12721881,0.126804125,0.000828018367,1000,macros/europa_E00578_0p126804125MeV.mac,dna_ice_am_rho0p5_E00578_0p126804125MeV,root/dna_ice_am_rho0p5_E00578_0p126804125MeV.root,ice_am,0.5
579,0.12721881,0.128052253,0.127634851,0.000833442927,1000,macros/europa_E00579_0p127634851MeV.mac,dna_ice_am_rho0p5_E00579_0p127634851MeV,root/dna_ice_am_rho0p5_E00579_0p127634851MeV.root,ice_am,0.5
580,0.128052253,0.128891156,0.12847102,0.000838903024,1000,macros/europa_E00580_0p12847102MeV.mac,dna_ice_am_rho0p5_E00580_0p12847102MeV,root/dna_ice_am_rho0p5_E00580_0p12847102MeV.root,ice_am,0.5
581,0.128891156,0.129735555,0.129312666,0.000844398892,1000,macros/europa_E00581_0p129312666MeV.mac,dna_ice_am_rho0p5_E00581_0p129312666MeV,root/dna_ice_am_rho0p5_E00581_0p129312666MeV.root,ice_am,0.5
582,0.129735555,0.130585486,0.130159827,0.000849930765,1000,macros/europa_E00582_0p130159827MeV.mac,dna_ice_am_rho0p5_E00582_0p130159827MeV,root/dna_ice_am_rho0p5_E00582_0p130159827MeV.root,ice_am,0.5
583,0.130585486,0.131440985,0.131012537,0.000855498879,1000,macros/europa_E00583_0p131012537MeV.mac,dna_ice_am_rho0p5_E00583_0p131012537MeV,root/dna_ice_am_rho0p5_E00583_0p131012537MeV.root,ice_am,0.5
584,0.131440985,0.132302088,0.131870833,0.00086110347,1000,macros/europa_E00584_0p131870833MeV.mac,dna_ice_am_rho0p5_E00584_0p131870833MeV,root/dna_ice_am_rho0p5_E00584_0p131870833MeV.root,ice_am,0.5
585,0.132302088,0.133168833,0.132734753,0.000866744779,1000,macros/europa_E00585_0p132734753MeV.mac,dna_ice_am_rho0p5_E00585_0p132734753MeV,root/dna_ice_am_rho0p5_E00585_0p132734753MeV.root,ice_am,0.5
586,0.133168833,0.134041256,0.133604332,0.000872423046,1000,macros/europa_E00586_0p133604332MeV.mac,dna_ice_am_rho0p5_E00586_0p133604332MeV,root/dna_ice_am_rho0p5_E00586_0p133604332MeV.root,ice_am,0.5
587,0.134041256,0.134919394,0.134479608,0.000878138512,1000,macros/europa_E00587_0p134479608MeV.mac,dna_ice_am_rho0p5_E00587_0p134479608MeV,root/dna_ice_am_rho0p5_E00587_0p134479608MeV.root,ice_am,0.5
588,0.134919394,0.135803286,0.135360619,0.000883891422,1000,macros/europa_E00588_0p135360619MeV.mac,dna_ice_am_rho0p5_E00588_0p135360619MeV,root/dna_ice_am_rho0p5_E00588_0p135360619MeV.root,ice_am,0.5
589,0.135803286,0.136692968,0.136247401,0.00088968202,1000,macros/europa_E00589_0p136247401MeV.mac,dna_ice_am_rho0p5_E00589_0p136247401MeV,root/dna_ice_am_rho0p5_E00589_0p136247401MeV.root,ice_am,0.5
590,0.136692968,0.137588478,0.137139992,0.000895510554,1000,macros/europa_E00590_0p137139992MeV.mac,dna_ice_am_rho0p5_E00590_0p137139992MeV,root/dna_ice_am_rho0p5_E00590_0p137139992MeV.root,ice_am,0.5
591,0.137588478,0.138489856,0.138038431,0.000901377273,1000,macros/europa_E00591_0p138038431MeV.mac,dna_ice_am_rho0p5_E00591_0p138038431MeV,root/dna_ice_am_rho0p5_E00591_0p138038431MeV.root,ice_am,0.5
592,0.138489856,0.139397138,0.138942756,0.000907282426,1000,macros/europa_E00592_0p138942756MeV.mac,dna_ice_am_rho0p5_E00592_0p138942756MeV,root/dna_ice_am_rho0p5_E00592_0p138942756MeV.root,ice_am,0.5
593,0.139397138,0.140310364,0.139853006,0.000913226265,1000,macros/europa_E00593_0p139853006MeV.mac,dna_ice_am_rho0p5_E00593_0p139853006MeV,root/dna_ice_am_rho0p5_E00593_0p139853006MeV.root,ice_am,0.5
594,0.140310364,0.141229573,0.140769219,0.000919209043,1000,macros/europa_E00594_0p140769219MeV.mac,dna_ice_am_rho0p5_E00594_0p140769219MeV,root/dna_ice_am_rho0p5_E00594_0p140769219MeV.root,ice_am,0.5
595,0.141229573,0.142154804,0.141691434,0.000925231016,1000,macros/europa_E00595_0p141691434MeV.mac,dna_ice_am_rho0p5_E00595_0p141691434MeV,root/dna_ice_am_rho0p5_E00595_0p141691434MeV.root,ice_am,0.5
596,0.142154804,0.143086097,0.14261969,0.000931292441,1000,macros/europa_E00596_0p14261969MeV.mac,dna_ice_am_rho0p5_E00596_0p14261969MeV,root/dna_ice_am_rho0p5_E00596_0p14261969MeV.root,ice_am,0.5
597,0.143086097,0.14402349,0.143554028,0.000937393576,1000,macros/europa_E00597_0p143554028MeV.mac,dna_ice_am_rho0p5_E00597_0p143554028MeV,root/dna_ice_am_rho0p5_E00597_0p143554028MeV.root,ice_am,0.5
598,0.14402349,0.144967025,0.144494488,0.000943534681,1000,macros/europa_E00598_0p144494488MeV.mac,dna_ice_am_rho0p5_E00598_0p144494488MeV,root/dna_ice_am_rho0p5_E00598_0p144494488MeV.root,ice_am,0.5
599,0.144967025,0.145916741,0.145441108,0.000949716017,1000,macros/europa_E00599_0p145441108MeV.mac,dna_ice_am_rho0p5_E00599_0p145441108MeV,root/dna_ice_am_rho0p5_E00599_0p145441108MeV.root,ice_am,0.5
600,0.145916741,0.146872679,0.14639393,0.00095593785,1000,macros/europa_E00600_0p14639393MeV.mac,dna_ice_am_rho0p5_E00600_0p14639393MeV,root/dna_ice_am_rho0p5_E00600_0p14639393MeV.root,ice_am,0.5
601,0.146872679,0.147834879,0.147352994,0.000962200443,1000,macros/europa_E00601_0p147352994MeV.mac,dna_ice_am_rho0p5_E00601_0p147352994MeV,root/dna_ice_am_rho0p5_E00601_0p147352994MeV.root,ice_am,0.5
602,0.147834879,0.148803383,0.148318341,0.000968504064,1000,macros/europa_E00602_0p148318341MeV.mac,dna_ice_am_rho0p5_E00602_0p148318341MeV,root/dna_ice_am_rho0p5_E00602_0p148318341MeV.root,ice_am,0.5
603,0.148803383,0.149778232,0.149290012,0.000974848981,1000,macros/europa_E00603_0p149290012MeV.mac,dna_ice_am_rho0p5_E00603_0p149290012MeV,root/dna_ice_am_rho0p5_E00603_0p149290012MeV.root,ice_am,0.5
604,0.149778232,0.150759468,0.150268049,0.000981235466,1000,macros/europa_E00604_0p150268049MeV.mac,dna_ice_am_rho0p5_E00604_0p150268049MeV,root/dna_ice_am_rho0p5_E00604_0p150268049MeV.root,ice_am,0.5
605,0.150759468,0.151747132,0.151252494,0.00098766379,1000,macros/europa_E00605_0p151252494MeV.mac,dna_ice_am_rho0p5_E00605_0p151252494MeV,root/dna_ice_am_rho0p5_E00605_0p151252494MeV.root,ice_am,0.5
606,0.151747132,0.152741266,0.152243387,0.000994134228,1000,macros/europa_E00606_0p152243387MeV.mac,dna_ice_am_rho0p5_E00606_0p152243387MeV,root/dna_ice_am_rho0p5_E00606_0p152243387MeV.root,ice_am,0.5
607,0.152741266,0.153741913,0.153240773,0.00100064706,1000,macros/europa_E00607_0p153240773MeV.mac,dna_ice_am_rho0p5_E00607_0p153240773MeV,root/dna_ice_am_rho0p5_E00607_0p153240773MeV.root,ice_am,0.5
608,0.153741913,0.154749116,0.154244692,0.00100720255,1000,macros/europa_E00608_0p154244692MeV.mac,dna_ice_am_rho0p5_E00608_0p154244692MeV,root/dna_ice_am_rho0p5_E00608_0p154244692MeV.root,ice_am,0.5
609,0.154749116,0.155762917,0.155255189,0.00101380099,1000,macros/europa_E00609_0p155255189MeV.mac,dna_ice_am_rho0p5_E00609_0p155255189MeV,root/dna_ice_am_rho0p5_E00609_0p155255189MeV.root,ice_am,0.5
610,0.155762917,0.156783359,0.156272305,0.00102044266,1000,macros/europa_E00610_0p156272305MeV.mac,dna_ice_am_rho0p5_E00610_0p156272305MeV,root/dna_ice_am_rho0p5_E00610_0p156272305MeV.root,ice_am,0.5
611,0.156783359,0.157810487,0.157296085,0.00102712784,1000,macros/europa_E00611_0p157296085MeV.mac,dna_ice_am_rho0p5_E00611_0p157296085MeV,root/dna_ice_am_rho0p5_E00611_0p157296085MeV.root,ice_am,0.5
612,0.157810487,0.158844344,0.158326572,0.00103385682,1000,macros/europa_E00612_0p158326572MeV.mac,dna_ice_am_rho0p5_E00612_0p158326572MeV,root/dna_ice_am_rho0p5_E00612_0p158326572MeV.root,ice_am,0.5
613,0.158844344,0.159884974,0.159363809,0.00104062988,1000,macros/europa_E00613_0p159363809MeV.mac,dna_ice_am_rho0p5_E00613_0p159363809MeV,root/dna_ice_am_rho0p5_E00613_0p159363809MeV.root,ice_am,0.5
614,0.159884974,0.160932421,0.160407842,0.00104744731,1000,macros/europa_E00614_0p160407842MeV.mac,dna_ice_am_rho0p5_E00614_0p160407842MeV,root/dna_ice_am_rho0p5_E00614_0p160407842MeV.root,ice_am,0.5
615,0.160932421,0.16198673,0.161458715,0.00105430941,1000,macros/europa_E00615_0p161458715MeV.mac,dna_ice_am_rho0p5_E00615_0p161458715MeV,root/dna_ice_am_rho0p5_E00615_0p161458715MeV.root,ice_am,0.5
616,0.16198673,0.163047947,0.162516472,0.00106121646,1000,macros/europa_E00616_0p162516472MeV.mac,dna_ice_am_rho0p5_E00616_0p162516472MeV,root/dna_ice_am_rho0p5_E00616_0p162516472MeV.root,ice_am,0.5
617,0.163047947,0.164116116,0.163581159,0.00106816876,1000,macros/europa_E00617_0p163581159MeV.mac,dna_ice_am_rho0p5_E00617_0p163581159MeV,root/dna_ice_am_rho0p5_E00617_0p163581159MeV.root,ice_am,0.5
618,0.164116116,0.165191282,0.164652821,0.0010751666,1000,macros/europa_E00618_0p164652821MeV.mac,dna_ice_am_rho0p5_E00618_0p164652821MeV,root/dna_ice_am_rho0p5_E00618_0p164652821MeV.root,ice_am,0.5
619,0.165191282,0.166273493,0.165731504,0.00108221029,1000,macros/europa_E00619_0p165731504MeV.mac,dna_ice_am_rho0p5_E00619_0p165731504MeV,root/dna_ice_am_rho0p5_E00619_0p165731504MeV.root,ice_am,0.5
620,0.166273493,0.167362793,0.166817253,0.00108930013,1000,macros/europa_E00620_0p166817253MeV.mac,dna_ice_am_rho0p5_E00620_0p166817253MeV,root/dna_ice_am_rho0p5_E00620_0p166817253MeV.root,ice_am,0.5
621,0.167362793,0.168459229,0.167910116,0.00109643641,1000,macros/europa_E00621_0p167910116MeV.mac,dna_ice_am_rho0p5_E00621_0p167910116MeV,root/dna_ice_am_rho0p5_E00621_0p167910116MeV.root,ice_am,0.5
622,0.168459229,0.169562849,0.169010138,0.00110361945,1000,macros/europa_E00622_0p169010138MeV.mac,dna_ice_am_rho0p5_E00622_0p169010138MeV,root/dna_ice_am_rho0p5_E00622_0p169010138MeV.root,ice_am,0.5
623,0.169562849,0.170673698,0.170117367,0.00111084954,1000,macros/europa_E00623_0p170117367MeV.mac,dna_ice_am_rho0p5_E00623_0p170117367MeV,root/dna_ice_am_rho0p5_E00623_0p170117367MeV.root,ice_am,0.5
624,0.170673698,0.171791825,0.171231849,0.001118127,1000,macros/europa_E00624_0p171231849MeV.mac,dna_ice_am_rho0p5_E00624_0p171231849MeV,root/dna_ice_am_rho0p5_E00624_0p171231849MeV.root,ice_am,0.5
625,0.171791825,0.172917277,0.172353632,0.00112545214,1000,macros/europa_E00625_0p172353632MeV.mac,dna_ice_am_rho0p5_E00625_0p172353632MeV,root/dna_ice_am_rho0p5_E00625_0p172353632MeV.root,ice_am,0.5
626,0.172917277,0.174050102,0.173482765,0.00113282526,1000,macros/europa_E00626_0p173482765MeV.mac,dna_ice_am_rho0p5_E00626_0p173482765MeV,root/dna_ice_am_rho0p5_E00626_0p173482765MeV.root,ice_am,0.5
627,0.174050102,0.175190349,0.174619295,0.00114024669,1000,macros/europa_E00627_0p174619295MeV.mac,dna_ice_am_rho0p5_E00627_0p174619295MeV,root/dna_ice_am_rho0p5_E00627_0p174619295MeV.root,ice_am,0.5
628,0.175190349,0.176338066,0.175763271,0.00114771673,1000,macros/europa_E00628_0p175763271MeV.mac,dna_ice_am_rho0p5_E00628_0p175763271MeV,root/dna_ice_am_rho0p5_E00628_0p175763271MeV.root,ice_am,0.5
629,0.176338066,0.177493302,0.176914741,0.00115523572,1000,macros/europa_E00629_0p176914741MeV.mac,dna_ice_am_rho0p5_E00629_0p176914741MeV,root/dna_ice_am_rho0p5_E00629_0p176914741MeV.root,ice_am,0.5
630,0.177493302,0.178656106,0.178073754,0.00116280396,1000,macros/europa_E00630_0p178073754MeV.mac,dna_ice_am_rho0p5_E00630_0p178073754MeV,root/dna_ice_am_rho0p5_E00630_0p178073754MeV.root,ice_am,0.5
631,0.178656106,0.179826527,0.179240361,0.00117042179,1000,macros/europa_E00631_0p179240361MeV.mac,dna_ice_am_rho0p5_E00631_0p179240361MeV,root/dna_ice_am_rho0p5_E00631_0p179240361MeV.root,ice_am,0.5
632,0.179826527,0.181004617,0.180414611,0.00117808952,1000,macros/europa_E00632_0p180414611MeV.mac,dna_ice_am_rho0p5_E00632_0p180414611MeV,root/dna_ice_am_rho0p5_E00632_0p180414611MeV.root,ice_am,0.5
633,0.181004617,0.182190424,0.181596553,0.00118580749,1000,macros/europa_E00633_0p181596553MeV.mac,dna_ice_am_rho0p5_E00633_0p181596553MeV,root/dna_ice_am_rho0p5_E00633_0p181596553MeV.root,ice_am,0.5
634,0.182190424,0.183384,0.182786238,0.00119357602,1000,macros/europa_E00634_0p182786238MeV.mac,dna_ice_am_rho0p5_E00634_0p182786238MeV,root/dna_ice_am_rho0p5_E00634_0p182786238MeV.root,ice_am,0.5
635,0.183384,0.184585396,0.183983717,0.00120139544,1000,macros/europa_E00635_0p183983717MeV.mac,dna_ice_am_rho0p5_E00635_0p183983717MeV,root/dna_ice_am_rho0p5_E00635_0p183983717MeV.root,ice_am,0.5
636,0.184585396,0.185794662,0.185189042,0.00120926609,1000,macros/europa_E00636_0p185189042MeV.mac,dna_ice_am_rho0p5_E00636_0p185189042MeV,root/dna_ice_am_rho0p5_E00636_0p185189042MeV.root,ice_am,0.5
637,0.185794662,0.18701185,0.186402263,0.0012171883,1000,macros/europa_E00637_0p186402263MeV.mac,dna_ice_am_rho0p5_E00637_0p186402263MeV,root/dna_ice_am_rho0p5_E00637_0p186402263MeV.root,ice_am,0.5
638,0.18701185,0.188237013,0.187623431,0.00122516241,1000,macros/europa_E00638_0p187623431MeV.mac,dna_ice_am_rho0p5_E00638_0p187623431MeV,root/dna_ice_am_rho0p5_E00638_0p187623431MeV.root,ice_am,0.5
639,0.188237013,0.189470201,0.1888526,0.00123318876,1000,macros/europa_E00639_0p1888526MeV.mac,dna_ice_am_rho0p5_E00639_0p1888526MeV,root/dna_ice_am_rho0p5_E00639_0p1888526MeV.root,ice_am,0.5
640,0.189470201,0.190711469,0.190089822,0.0012412677,1000,macros/europa_E00640_0p190089822MeV.mac,dna_ice_am_rho0p5_E00640_0p190089822MeV,root/dna_ice_am_rho0p5_E00640_0p190089822MeV.root,ice_am,0.5
641,0.190711469,0.191960869,0.191335149,0.00124939956,1000,macros/europa_E00641_0p191335149MeV.mac,dna_ice_am_rho0p5_E00641_0p191335149MeV,root/dna_ice_am_rho0p5_E00641_0p191335149MeV.root,ice_am,0.5
642,0.191960869,0.193218453,0.192588634,0.00125758469,1000,macros/europa_E00642_0p192588634MeV.mac,dna_ice_am_rho0p5_E00642_0p192588634MeV,root/dna_ice_am_rho0p5_E00642_0p192588634MeV.root,ice_am,0.5
643,0.193218453,0.194484277,0.193850332,0.00126582345,1000,macros/europa_E00643_0p193850332MeV.mac,dna_ice_am_rho0p5_E00643_0p193850332MeV,root/dna_ice_am_rho0p5_E00643_0p193850332MeV.root,ice_am,0.5
644,0.194484277,0.195758393,0.195120295,0.00127411618,1000,macros/europa_E00644_0p195120295MeV.mac,dna_ice_am_rho0p5_E00644_0p195120295MeV,root/dna_ice_am_rho0p5_E00644_0p195120295MeV.root,ice_am,0.5
645,0.195758393,0.197040856,0.196398578,0.00128246324,1000,macros/europa_E00645_0p196398578MeV.mac,dna_ice_am_rho0p5_E00645_0p196398578MeV,root/dna_ice_am_rho0p5_E00645_0p196398578MeV.root,ice_am,0.5
646,0.197040856,0.198331721,0.197685235,0.00129086499,1000,macros/europa_E00646_0p197685235MeV.mac,dna_ice_am_rho0p5_E00646_0p197685235MeV,root/dna_ice_am_rho0p5_E00646_0p197685235MeV.root,ice_am,0.5
647,0.198331721,0.199631043,0.198980322,0.00129932178,1000,macros/europa_E00647_0p198980322MeV.mac,dna_ice_am_rho0p5_E00647_0p198980322MeV,root/dna_ice_am_rho0p5_E00647_0p198980322MeV.root,ice_am,0.5
648,0.199631043,0.200938877,0.200283892,0.00130783396,1000,macros/europa_E00648_0p200283892MeV.mac,dna_ice_am_rho0p5_E00648_0p200283892MeV,root/dna_ice_am_rho0p5_E00648_0p200283892MeV.root,ice_am,0.5
649,0.200938877,0.202255279,0.201596003,0.00131640192,1000,macros/europa_E00649_0p201596003MeV.mac,dna_ice_am_rho0p5_E00649_0p201596003MeV,root/dna_ice_am_rho0p5_E00649_0p201596003MeV.root,ice_am,0.5
650,0.202255279,0.203580305,0.20291671,0.001325026,1000,macros/europa_E00650_0p20291671MeV.mac,dna_ice_am_rho0p5_E00650_0p20291671MeV,root/dna_ice_am_rho0p5_E00650_0p20291671MeV.root,ice_am,0.5
651,0.203580305,0.204914011,0.20424607,0.00133370659,1000,macros/europa_E00651_0p20424607MeV.mac,dna_ice_am_rho0p5_E00651_0p20424607MeV,root/dna_ice_am_rho0p5_E00651_0p20424607MeV.root,ice_am,0.5
652,0.204914011,0.206256455,0.205584138,0.00134244404,1000,macros/europa_E00652_0p205584138MeV.mac,dna_ice_am_rho0p5_E00652_0p205584138MeV,root/dna_ice_am_rho0p5_E00652_0p205584138MeV.root,ice_am,0.5
653,0.206256455,0.207607694,0.206930972,0.00135123873,1000,macros/europa_E00653_0p206930972MeV.mac,dna_ice_am_rho0p5_E00653_0p206930972MeV,root/dna_ice_am_rho0p5_E00653_0p206930972MeV.root,ice_am,0.5
654,0.207607694,0.208967785,0.20828663,0.00136009104,1000,macros/europa_E00654_0p20828663MeV.mac,dna_ice_am_rho0p5_E00654_0p20828663MeV,root/dna_ice_am_rho0p5_E00654_0p20828663MeV.root,ice_am,0.5
655,0.208967785,0.210336787,0.209651168,0.00136900135,1000,macros/europa_E00655_0p209651168MeV.mac,dna_ice_am_rho0p5_E00655_0p209651168MeV,root/dna_ice_am_rho0p5_E00655_0p209651168MeV.root,ice_am,0.5
656,0.210336787,0.211714757,0.211024647,0.00137797003,1000,macros/europa_E00656_0p211024647MeV.mac,dna_ice_am_rho0p5_E00656_0p211024647MeV,root/dna_ice_am_rho0p5_E00656_0p211024647MeV.root,ice_am,0.5
657,0.211714757,0.213101754,0.212407123,0.00138699746,1000,macros/europa_E00657_0p212407123MeV.mac,dna_ice_am_rho0p5_E00657_0p212407123MeV,root/dna_ice_am_rho0p5_E00657_0p212407123MeV.root,ice_am,0.5
658,0.213101754,0.214497838,0.213798657,0.00139608403,1000,macros/europa_E00658_0p213798657MeV.mac,dna_ice_am_rho0p5_E00658_0p213798657MeV,root/dna_ice_am_rho0p5_E00658_0p213798657MeV.root,ice_am,0.5
659,0.214497838,0.215903068,0.215199306,0.00140523014,1000,macros/europa_E00659_0p215199306MeV.mac,dna_ice_am_rho0p5_E00659_0p215199306MeV,root/dna_ice_am_rho0p5_E00659_0p215199306MeV.root,ice_am,0.5
660,0.215903068,0.217317504,0.216609132,0.00141443616,1000,macros/europa_E00660_0p216609132MeV.mac,dna_ice_am_rho0p5_E00660_0p216609132MeV,root/dna_ice_am_rho0p5_E00660_0p216609132MeV.root,ice_am,0.5
661,0.217317504,0.218741207,0.218028194,0.00142370249,1000,macros/europa_E00661_0p218028194MeV.mac,dna_ice_am_rho0p5_E00661_0p218028194MeV,root/dna_ice_am_rho0p5_E00661_0p218028194MeV.root,ice_am,0.5
662,0.218741207,0.220174236,0.219456552,0.00143302953,1000,macros/europa_E00662_0p219456552MeV.mac,dna_ice_am_rho0p5_E00662_0p219456552MeV,root/dna_ice_am_rho0p5_E00662_0p219456552MeV.root,ice_am,0.5
663,0.220174236,0.221616654,0.220894268,0.00144241767,1000,macros/europa_E00663_0p220894268MeV.mac,dna_ice_am_rho0p5_E00663_0p220894268MeV,root/dna_ice_am_rho0p5_E00663_0p220894268MeV.root,ice_am,0.5
664,0.221616654,0.223068521,0.222341403,0.00145186732,1000,macros/europa_E00664_0p222341403MeV.mac,dna_ice_am_rho0p5_E00664_0p222341403MeV,root/dna_ice_am_rho0p5_E00664_0p222341403MeV.root,ice_am,0.5
665,0.223068521,0.2245299,0.223798018,0.00146137887,1000,macros/europa_E00665_0p223798018MeV.mac,dna_ice_am_rho0p5_E00665_0p223798018MeV,root/dna_ice_am_rho0p5_E00665_0p223798018MeV.root,ice_am,0.5
666,0.2245299,0.226000853,0.225264176,0.00147095274,1000,macros/europa_E00666_0p225264176MeV.mac,dna_ice_am_rho0p5_E00666_0p225264176MeV,root/dna_ice_am_rho0p5_E00666_0p225264176MeV.root,ice_am,0.5
667,0.226000853,0.227481442,0.226739939,0.00148058933,1000,macros/europa_E00667_0p226739939MeV.mac,dna_ice_am_rho0p5_E00667_0p226739939MeV,root/dna_ice_am_rho0p5_E00667_0p226739939MeV.root,ice_am,0.5
668,0.227481442,0.228971731,0.22822537,0.00149028905,1000,macros/europa_E00668_0p22822537MeV.mac,dna_ice_am_rho0p5_E00668_0p22822537MeV,root/dna_ice_am_rho0p5_E00668_0p22822537MeV.root,ice_am,0.5
669,0.228971731,0.230471784,0.229720533,0.00150005231,1000,macros/europa_E00669_0p229720533MeV.mac,dna_ice_am_rho0p5_E00669_0p229720533MeV,root/dna_ice_am_rho0p5_E00669_0p229720533MeV.root,ice_am,0.5
670,0.230471784,0.231981663,0.231225491,0.00150987954,1000,macros/europa_E00670_0p231225491MeV.mac,dna_ice_am_rho0p5_E00670_0p231225491MeV,root/dna_ice_am_rho0p5_E00670_0p231225491MeV.root,ice_am,0.5
671,0.231981663,0.233501434,0.232740308,0.00151977114,1000,macros/europa_E00671_0p232740308MeV.mac,dna_ice_am_rho0p5_E00671_0p232740308MeV,root/dna_ice_am_rho0p5_E00671_0p232740308MeV.root,ice_am,0.5
672,0.233501434,0.235031162,0.23426505,0.00152972755,1000,macros/europa_E00672_0p23426505MeV.mac,dna_ice_am_rho0p5_E00672_0p23426505MeV,root/dna_ice_am_rho0p5_E00672_0p23426505MeV.root,ice_am,0.5
673,0.235031162,0.236570911,0.23579978,0.00153974919,1000,macros/europa_E00673_0p23579978MeV.mac,dna_ice_am_rho0p5_E00673_0p23579978MeV,root/dna_ice_am_rho0p5_E00673_0p23579978MeV.root,ice_am,0.5
674,0.236570911,0.238120748,0.237344564,0.00154983648,1000,macros/europa_E00674_0p237344564MeV.mac,dna_ice_am_rho0p5_E00674_0p237344564MeV,root/dna_ice_am_rho0p5_E00674_0p237344564MeV.root,ice_am,0.5
675,0.238120748,0.239680737,0.238899469,0.00155998985,1000,macros/europa_E00675_0p238899469MeV.mac,dna_ice_am_rho0p5_E00675_0p238899469MeV,root/dna_ice_am_rho0p5_E00675_0p238899469MeV.root,ice_am,0.5
676,0.239680737,0.241250947,0.240464561,0.00157020974,1000,macros/europa_E00676_0p240464561MeV.mac,dna_ice_am_rho0p5_E00676_0p240464561MeV,root/dna_ice_am_rho0p5_E00676_0p240464561MeV.root,ice_am,0.5
677,0.241250947,0.242831444,0.242039905,0.00158049659,1000,macros/europa_E00677_0p242039905MeV.mac,dna_ice_am_rho0p5_E00677_0p242039905MeV,root/dna_ice_am_rho0p5_E00677_0p242039905MeV.root,ice_am,0.5
678,0.242831444,0.244422295,0.243625571,0.00159085083,1000,macros/europa_E00678_0p243625571MeV.mac,dna_ice_am_rho0p5_E00678_0p243625571MeV,root/dna_ice_am_rho0p5_E00678_0p243625571MeV.root,ice_am,0.5
679,0.244422295,0.246023568,0.245221624,0.0016012729,1000,macros/europa_E00679_0p245221624MeV.mac,dna_ice_am_rho0p5_E00679_0p245221624MeV,root/dna_ice_am_rho0p5_E00679_0p245221624MeV.root,ice_am,0.5
680,0.246023568,0.247635331,0.246828134,0.00161176325,1000,macros/europa_E00680_0p246828134MeV.mac,dna_ice_am_rho0p5_E00680_0p246828134MeV,root/dna_ice_am_rho0p5_E00680_0p246828134MeV.root,ice_am,0.5
681,0.247635331,0.249257653,0.248445168,0.00162232232,1000,macros/europa_E00681_0p248445168MeV.mac,dna_ice_am_rho0p5_E00681_0p248445168MeV,root/dna_ice_am_rho0p5_E00681_0p248445168MeV.root,ice_am,0.5
682,0.249257653,0.250890604,0.250072795,0.00163295057,1000,macros/europa_E00682_0p250072795MeV.mac,dna_ice_am_rho0p5_E00682_0p250072795MeV,root/dna_ice_am_rho0p5_E00682_0p250072795MeV.root,ice_am,0.5
683,0.250890604,0.252534252,0.251711086,0.00164364844,1000,macros/europa_E00683_0p251711086MeV.mac,dna_ice_am_rho0p5_E00683_0p251711086MeV,root/dna_ice_am_rho0p5_E00683_0p251711086MeV.root,ice_am,0.5
684,0.252534252,0.254188669,0.25336011,0.0016544164,1000,macros/europa_E00684_0p25336011MeV.mac,dna_ice_am_rho0p5_E00684_0p25336011MeV,root/dna_ice_am_rho0p5_E00684_0p25336011MeV.root,ice_am,0.5
685,0.254188669,0.255853923,0.255019937,0.00166525491,1000,macros/europa_E00685_0p255019937MeV.mac,dna_ice_am_rho0p5_E00685_0p255019937MeV,root/dna_ice_am_rho0p5_E00685_0p255019937MeV.root,ice_am,0.5
686,0.255853923,0.257530088,0.256690637,0.00167616442,1000,macros/europa_E00686_0p256690637MeV.mac,dna_ice_am_rho0p5_E00686_0p256690637MeV,root/dna_ice_am_rho0p5_E00686_0p256690637MeV.root,ice_am,0.5
687,0.257530088,0.259217233,0.258372283,0.0016871454,1000,macros/europa_E00687_0p258372283MeV.mac,dna_ice_am_rho0p5_E00687_0p258372283MeV,root/dna_ice_am_rho0p5_E00687_0p258372283MeV.root,ice_am,0.5
688,0.259217233,0.260915432,0.260064946,0.00169819832,1000,macros/europa_E00688_0p260064946MeV.mac,dna_ice_am_rho0p5_E00688_0p260064946MeV,root/dna_ice_am_rho0p5_E00688_0p260064946MeV.root,ice_am,0.5
689,0.260915432,0.262624755,0.261768698,0.00170932365,1000,macros/europa_E00689_0p261768698MeV.mac,dna_ice_am_rho0p5_E00689_0p261768698MeV,root/dna_ice_am_rho0p5_E00689_0p261768698MeV.root,ice_am,0.5
690,0.262624755,0.264345277,0.263483612,0.00172052187,1000,macros/europa_E00690_0p263483612MeV.mac,dna_ice_am_rho0p5_E00690_0p263483612MeV,root/dna_ice_am_rho0p5_E00690_0p263483612MeV.root,ice_am,0.5
691,0.264345277,0.266077071,0.26520976,0.00173179345,1000,macros/europa_E00691_0p26520976MeV.mac,dna_ice_am_rho0p5_E00691_0p26520976MeV,root/dna_ice_am_rho0p5_E00691_0p26520976MeV.root,ice_am,0.5
692,0.266077071,0.267820209,0.266947217,0.00174313887,1000,macros/europa_E00692_0p266947217MeV.mac,dna_ice_am_rho0p5_E00692_0p266947217MeV,root/dna_ice_am_rho0p5_E00692_0p266947217MeV.root,ice_am,0.5
693,0.267820209,0.269574768,0.268696057,0.00175455861,1000,macros/europa_E00693_0p268696057MeV.mac,dna_ice_am_rho0p5_E00693_0p268696057MeV,root/dna_ice_am_rho0p5_E00693_0p268696057MeV.root,ice_am,0.5
694,0.269574768,0.271340821,0.270456353,0.00176605318,1000,macros/europa_E00694_0p270456353MeV.mac,dna_ice_am_rho0p5_E00694_0p270456353MeV,root/dna_ice_am_rho0p5_E00694_0p270456353MeV.root,ice_am,0.5
695,0.271340821,0.273118444,0.272228182,0.00177762304,1000,macros/europa_E00695_0p272228182MeV.mac,dna_ice_am_rho0p5_E00695_0p272228182MeV,root/dna_ice_am_rho0p5_E00695_0p272228182MeV.root,ice_am,0.5
696,0.273118444,0.274907713,0.274011618,0.0017892687,1000,macros/europa_E00696_0p274011618MeV.mac,dna_ice_am_rho0p5_E00696_0p274011618MeV,root/dna_ice_am_rho0p5_E00696_0p274011618MeV.root,ice_am,0.5
697,0.274907713,0.276708704,0.275806738,0.00180099066,1000,macros/europa_E00697_0p275806738MeV.mac,dna_ice_am_rho0p5_E00697_0p275806738MeV,root/dna_ice_am_rho0p5_E00697_0p275806738MeV.root,ice_am,0.5
698,0.276708704,0.278521493,0.277613619,0.00181278941,1000,macros/europa_E00698_0p277613619MeV.mac,dna_ice_am_rho0p5_E00698_0p277613619MeV,root/dna_ice_am_rho0p5_E00698_0p277613619MeV.root,ice_am,0.5
699,0.278521493,0.280346158,0.279432336,0.00182466546,1000,macros/europa_E00699_0p279432336MeV.mac,dna_ice_am_rho0p5_E00699_0p279432336MeV,root/dna_ice_am_rho0p5_E00699_0p279432336MeV.root,ice_am,0.5
700,0.280346158,0.282182778,0.281262969,0.00183661931,1000,macros/europa_E00700_0p281262969MeV.mac,dna_ice_am_rho0p5_E00700_0p281262969MeV,root/dna_ice_am_rho0p5_E00700_0p281262969MeV.root,ice_am,0.5
701,0.282182778,0.284031429,0.283105595,0.00184865147,1000,macros/europa_E00701_0p283105595MeV.mac,dna_ice_am_rho0p5_E00701_0p283105595MeV,root/dna_ice_am_rho0p5_E00701_0p283105595MeV.root,ice_am,0.5
702,0.284031429,0.285892192,0.284960292,0.00186076246,1000,macros/europa_E00702_0p284960292MeV.mac,dna_ice_am_rho0p5_E00702_0p284960292MeV,root/dna_ice_am_rho0p5_E00702_0p284960292MeV.root,ice_am,0.5
703,0.285892192,0.287765144,0.286827139,0.00187295279,1000,macros/europa_E00703_0p286827139MeV.mac,dna_ice_am_rho0p5_E00703_0p286827139MeV,root/dna_ice_am_rho0p5_E00703_0p286827139MeV.root,ice_am,0.5
704,0.287765144,0.289650367,0.288706217,0.00188522298,1000,macros/europa_E00704_0p288706217MeV.mac,dna_ice_am_rho0p5_E00704_0p288706217MeV,root/dna_ice_am_rho0p5_E00704_0p288706217MeV.root,ice_am,0.5
705,0.289650367,0.291547941,0.290597605,0.00189757356,1000,macros/europa_E00705_0p290597605MeV.mac,dna_ice_am_rho0p5_E00705_0p290597605MeV,root/dna_ice_am_rho0p5_E00705_0p290597605MeV.root,ice_am,0.5
706,0.291547941,0.293457946,0.292501385,0.00191000505,1000,macros/europa_E00706_0p292501385MeV.mac,dna_ice_am_rho0p5_E00706_0p292501385MeV,root/dna_ice_am_rho0p5_E00706_0p292501385MeV.root,ice_am,0.5
707,0.293457946,0.295380464,0.294417636,0.00192251798,1000,macros/europa_E00707_0p294417636MeV.mac,dna_ice_am_rho0p5_E00707_0p294417636MeV,root/dna_ice_am_rho0p5_E00707_0p294417636MeV.root,ice_am,0.5
708,0.295380464,0.297315577,0.296346441,0.00193511288,1000,macros/europa_E00708_0p296346441MeV.mac,dna_ice_am_rho0p5_E00708_0p296346441MeV,root/dna_ice_am_rho0p5_E00708_0p296346441MeV.root,ice_am,0.5
709,0.297315577,0.299263367,0.298287882,0.0019477903,1000,macros/europa_E00709_0p298287882MeV.mac,dna_ice_am_rho0p5_E00709_0p298287882MeV,root/dna_ice_am_rho0p5_E00709_0p298287882MeV.root,ice_am,0.5
710,0.299263367,0.301223918,0.300242042,0.00196055077,1000,macros/europa_E00710_0p300242042MeV.mac,dna_ice_am_rho0p5_E00710_0p300242042MeV,root/dna_ice_am_rho0p5_E00710_0p300242042MeV.root,ice_am,0.5
711,0.301223918,0.303197313,0.302209005,0.00197339484,1000,macros/europa_E00711_0p302209005MeV.mac,dna_ice_am_rho0p5_E00711_0p302209005MeV,root/dna_ice_am_rho0p5_E00711_0p302209005MeV.root,ice_am,0.5
712,0.303197313,0.305183636,0.304188853,0.00198632306,1000,macros/europa_E00712_0p304188853MeV.mac,dna_ice_am_rho0p5_E00712_0p304188853MeV,root/dna_ice_am_rho0p5_E00712_0p304188853MeV.root,ice_am,0.5
713,0.305183636,0.307182972,0.306181672,0.00199933597,1000,macros/europa_E00713_0p306181672MeV.mac,dna_ice_am_rho0p5_E00713_0p306181672MeV,root/dna_ice_am_rho0p5_E00713_0p306181672MeV.root,ice_am,0.5
714,0.307182972,0.309195406,0.308187546,0.00201243413,1000,macros/europa_E00714_0p308187546MeV.mac,dna_ice_am_rho0p5_E00714_0p308187546MeV,root/dna_ice_am_rho0p5_E00714_0p308187546MeV.root,ice_am,0.5
715,0.309195406,0.311221024,0.310206562,0.0020256181,1000,macros/europa_E00715_0p310206562MeV.mac,dna_ice_am_rho0p5_E00715_0p310206562MeV,root/dna_ice_am_rho0p5_E00715_0p310206562MeV.root,ice_am,0.5
716,0.311221024,0.313259913,0.312238804,0.00203888844,1000,macros/europa_E00716_0p312238804MeV.mac,dna_ice_am_rho0p5_E00716_0p312238804MeV,root/dna_ice_am_rho0p5_E00716_0p312238804MeV.root,ice_am,0.5
717,0.313259913,0.315312158,0.31428436,0.00205224572,1000,macros/europa_E00717_0p31428436MeV.mac,dna_ice_am_rho0p5_E00717_0p31428436MeV,root/dna_ice_am_rho0p5_E00717_0p31428436MeV.root,ice_am,0.5
718,0.315312158,0.317377849,0.316343317,0.0020656905,1000,macros/europa_E00718_0p316343317MeV.mac,dna_ice_am_rho0p5_E00718_0p316343317MeV,root/dna_ice_am_rho0p5_E00718_0p316343317MeV.root,ice_am,0.5
719,0.317377849,0.319457072,0.318415763,0.00207922337,1000,macros/europa_E00719_0p318415763MeV.mac,dna_ice_am_rho0p5_E00719_0p318415763MeV,root/dna_ice_am_rho0p5_E00719_0p318415763MeV.root,ice_am,0.5
720,0.319457072,0.321549917,0.320501786,0.00209284489,1000,macros/europa_E00720_0p320501786MeV.mac,dna_ice_am_rho0p5_E00720_0p320501786MeV,root/dna_ice_am_rho0p5_E00720_0p320501786MeV.root,ice_am,0.5
721,0.321549917,0.323656473,0.322601475,0.00210655566,1000,macros/europa_E00721_0p322601475MeV.mac,dna_ice_am_rho0p5_E00721_0p322601475MeV,root/dna_ice_am_rho0p5_E00721_0p322601475MeV.root,ice_am,0.5
722,0.323656473,0.325776829,0.32471492,0.00212035624,1000,macros/europa_E00722_0p32471492MeV.mac,dna_ice_am_rho0p5_E00722_0p32471492MeV,root/dna_ice_am_rho0p5_E00722_0p32471492MeV.root,ice_am,0.5
723,0.325776829,0.327911076,0.32684221,0.00213424724,1000,macros/europa_E00723_0p32684221MeV.mac,dna_ice_am_rho0p5_E00723_0p32684221MeV,root/dna_ice_am_rho0p5_E00723_0p32684221MeV.root,ice_am,0.5
724,0.327911076,0.330059305,0.328983437,0.00214822923,1000,macros/europa_E00724_0p328983437MeV.mac,dna_ice_am_rho0p5_E00724_0p328983437MeV,root/dna_ice_am_rho0p5_E00724_0p328983437MeV.root,ice_am,0.5
725,0.330059305,0.332221608,0.331138692,0.00216230283,1000,macros/europa_E00725_0p331138692MeV.mac,dna_ice_am_rho0p5_E00725_0p331138692MeV,root/dna_ice_am_rho0p5_E00725_0p331138692MeV.root,ice_am,0.5
726,0.332221608,0.334398077,0.333308066,0.00217646863,1000,macros/europa_E00726_0p333308066MeV.mac,dna_ice_am_rho0p5_E00726_0p333308066MeV,root/dna_ice_am_rho0p5_E00726_0p333308066MeV.root,ice_am,0.5
727,0.334398077,0.336588804,0.335491652,0.00219072723,1000,macros/europa_E00727_0p335491652MeV.mac,dna_ice_am_rho0p5_E00727_0p335491652MeV,root/dna_ice_am_rho0p5_E00727_0p335491652MeV.root,ice_am,0.5
728,0.336588804,0.338793883,0.337689544,0.00220507925,1000,macros/europa_E00728_0p337689544MeV.mac,dna_ice_am_rho0p5_E00728_0p337689544MeV,root/dna_ice_am_rho0p5_E00728_0p337689544MeV.root,ice_am,0.5
729,0.338793883,0.341013409,0.339901834,0.00221952528,1000,macros/europa_E00729_0p339901834MeV.mac,dna_ice_am_rho0p5_E00729_0p339901834MeV,root/dna_ice_am_rho0p5_E00729_0p339901834MeV.root,ice_am,0.5
730,0.341013409,0.343247475,0.342128618,0.00223406596,1000,macros/europa_E00730_0p342128618MeV.mac,dna_ice_am_rho0p5_E00730_0p342128618MeV,root/dna_ice_am_rho0p5_E00730_0p342128618MeV.root,ice_am,0.5
731,0.343247475,0.345496176,0.34436999,0.0022487019,1000,macros/europa_E00731_0p34436999MeV.mac,dna_ice_am_rho0p5_E00731_0p34436999MeV,root/dna_ice_am_rho0p5_E00731_0p34436999MeV.root,ice_am,0.5
732,0.345496176,0.34775961,0.346626046,0.00226343372,1000,macros/europa_E00732_0p346626046MeV.mac,dna_ice_am_rho0p5_E00732_0p346626046MeV,root/dna_ice_am_rho0p5_E00732_0p346626046MeV.root,ice_am,0.5
733,0.34775961,0.350037872,0.348896882,0.00227826205,1000,macros/europa_E00733_0p348896882MeV.mac,dna_ice_am_rho0p5_E00733_0p348896882MeV,root/dna_ice_am_rho0p5_E00733_0p348896882MeV.root,ice_am,0.5
734,0.350037872,0.35233106,0.351182594,0.00229318753,1000,macros/europa_E00734_0p351182594MeV.mac,dna_ice_am_rho0p5_E00734_0p351182594MeV,root/dna_ice_am_rho0p5_E00734_0p351182594MeV.root,ice_am,0.5
735,0.35233106,0.354639271,0.353483281,0.00230821079,1000,macros/europa_E00735_0p353483281MeV.mac,dna_ice_am_rho0p5_E00735_0p353483281MeV,root/dna_ice_am_rho0p5_E00735_0p353483281MeV.root,ice_am,0.5
736,0.354639271,0.356962603,0.35579904,0.00232333246,1000,macros/europa_E00736_0p35579904MeV.mac,dna_ice_am_rho0p5_E00736_0p35579904MeV,root/dna_ice_am_rho0p5_E00736_0p35579904MeV.root,ice_am,0.5
737,0.356962603,0.359301156,0.358129971,0.00233855321,1000,macros/europa_E00737_0p358129971MeV.mac,dna_ice_am_rho0p5_E00737_0p358129971MeV,root/dna_ice_am_rho0p5_E00737_0p358129971MeV.root,ice_am,0.5
738,0.359301156,0.36165503,0.360476172,0.00235387367,1000,macros/europa_E00738_0p360476172MeV.mac,dna_ice_am_rho0p5_E00738_0p360476172MeV,root/dna_ice_am_rho0p5_E00738_0p360476172MeV.root,ice_am,0.5
739,0.36165503,0.364024324,0.362837743,0.0023692945,1000,macros/europa_E00739_0p362837743MeV.mac,dna_ice_am_rho0p5_E00739_0p362837743MeV,root/dna_ice_am_rho0p5_E00739_0p362837743MeV.root,ice_am,0.5
740,0.364024324,0.366409141,0.365214786,0.00238481635,1000,macros/europa_E00740_0p365214786MeV.mac,dna_ice_am_rho0p5_E00740_0p365214786MeV,root/dna_ice_am_rho0p5_E00740_0p365214786MeV.root,ice_am,0.5
741,0.366409141,0.368809581,0.367607401,0.00240043989,1000,macros/europa_E00741_0p367607401MeV.mac,dna_ice_am_rho0p5_E00741_0p367607401MeV,root/dna_ice_am_rho0p5_E00741_0p367607401MeV.root,ice_am,0.5
742,0.368809581,0.371225746,0.370015691,0.00241616579,1000,macros/europa_E00742_0p370015691MeV.mac,dna_ice_am_rho0p5_E00742_0p370015691MeV,root/dna_ice_am_rho0p5_E00742_0p370015691MeV.root,ice_am,0.5
743,0.371225746,0.373657741,0.372439759,0.00243199471,1000,macros/europa_E00743_0p372439759MeV.mac,dna_ice_am_rho0p5_E00743_0p372439759MeV,root/dna_ice_am_rho0p5_E00743_0p372439759MeV.root,ice_am,0.5
744,0.373657741,0.376105668,0.374879707,0.00244792732,1000,macros/europa_E00744_0p374879707MeV.mac,dna_ice_am_rho0p5_E00744_0p374879707MeV,root/dna_ice_am_rho0p5_E00744_0p374879707MeV.root,ice_am,0.5
745,0.376105668,0.378569633,0.377335639,0.00246396432,1000,macros/europa_E00745_0p377335639MeV.mac,dna_ice_am_rho0p5_E00745_0p377335639MeV,root/dna_ice_am_rho0p5_E00745_0p377335639MeV.root,ice_am,0.5
746,0.378569633,0.381049739,0.379807662,0.00248010638,1000,macros/europa_E00746_0p379807662MeV.mac,dna_ice_am_rho0p5_E00746_0p379807662MeV,root/dna_ice_am_rho0p5_E00746_0p379807662MeV.root,ice_am,0.5
747,0.381049739,0.383546093,0.382295879,0.00249635419,1000,macros/europa_E00747_0p382295879MeV.mac,dna_ice_am_rho0p5_E00747_0p382295879MeV,root/dna_ice_am_rho0p5_E00747_0p382295879MeV.root,ice_am,0.5
748,0.383546093,0.386058802,0.384800397,0.00251270845,1000,macros/europa_E00748_0p384800397MeV.mac,dna_ice_am_rho0p5_E00748_0p384800397MeV,root/dna_ice_am_rho0p5_E00748_0p384800397MeV.root,ice_am,0.5
749,0.386058802,0.388587972,0.387321322,0.00252916984,1000,macros/europa_E00749_0p387321322MeV.mac,dna_ice_am_rho0p5_E00749_0p387321322MeV,root/dna_ice_am_rho0p5_E00749_0p387321322MeV.root,ice_am,0.5
750,0.388587972,0.391133711,0.389858763,0.00254573908,1000,macros/europa_E00750_0p389858763MeV.mac,dna_ice_am_rho0p5_E00750_0p389858763MeV,root/dna_ice_am_rho0p5_E00750_0p389858763MeV.root,ice_am,0.5
751,0.391133711,0.393696128,0.392412828,0.00256241687,1000,macros/europa_E00751_0p392412828MeV.mac,dna_ice_am_rho0p5_E00751_0p392412828MeV,root/dna_ice_am_rho0p5_E00751_0p392412828MeV.root,ice_am,0.5
752,0.393696128,0.396275331,0.394983624,0.00257920391,1000,macros/europa_E00752_0p394983624MeV.mac,dna_ice_am_rho0p5_E00752_0p394983624MeV,root/dna_ice_am_rho0p5_E00752_0p394983624MeV.root,ice_am,0.5
753,0.396275331,0.398871432,0.397571263,0.00259610094,1000,macros/europa_E00753_0p397571263MeV.mac,dna_ice_am_rho0p5_E00753_0p397571263MeV,root/dna_ice_am_rho0p5_E00753_0p397571263MeV.root,ice_am,0.5
754,0.398871432,0.401484541,0.400175854,0.00261310866,1000,macros/europa_E00754_0p400175854MeV.mac,dna_ice_am_rho0p5_E00754_0p400175854MeV,root/dna_ice_am_rho0p5_E00754_0p400175854MeV.root,ice_am,0.5
755,0.401484541,0.404114769,0.402797508,0.0026302278,1000,macros/europa_E00755_0p402797508MeV.mac,dna_ice_am_rho0p5_E00755_0p402797508MeV,root/dna_ice_am_rho0p5_E00755_0p402797508MeV.root,ice_am,0.5
756,0.404114769,0.406762228,0.405436337,0.00264745909,1000,macros/europa_E00756_0p405436337MeV.mac,dna_ice_am_rho0p5_E00756_0p405436337MeV,root/dna_ice_am_rho0p5_E00756_0p405436337MeV.root,ice_am,0.5
757,0.406762228,0.409427031,0.408092455,0.00266480328,1000,macros/europa_E00757_0p408092455MeV.mac,dna_ice_am_rho0p5_E00757_0p408092455MeV,root/dna_ice_am_rho0p5_E00757_0p408092455MeV.root,ice_am,0.5
758,0.409427031,0.412109292,0.410765972,0.00268226108,1000,macros/europa_E00758_0p410765972MeV.mac,dna_ice_am_rho0p5_E00758_0p410765972MeV,root/dna_ice_am_rho0p5_E00758_0p410765972MeV.root,ice_am,0.5
759,0.412109292,0.414809126,0.413457005,0.00269983326,1000,macros/europa_E00759_0p413457005MeV.mac,dna_ice_am_rho0p5_E00759_0p413457005MeV,root/dna_ice_am_rho0p5_E00759_0p413457005MeV.root,ice_am,0.5
760,0.414809126,0.417526646,0.416165668,0.00271752056,1000,macros/europa_E00760_0p416165668MeV.mac,dna_ice_am_rho0p5_E00760_0p416165668MeV,root/dna_ice_am_rho0p5_E00760_0p416165668MeV.root,ice_am,0.5
761,0.417526646,0.42026197,0.418892075,0.00273532373,1000,macros/europa_E00761_0p418892075MeV.mac,dna_ice_am_rho0p5_E00761_0p418892075MeV,root/dna_ice_am_rho0p5_E00761_0p418892075MeV.root,ice_am,0.5
762,0.42026197,0.423015213,0.421636344,0.00275324353,1000,macros/europa_E00762_0p421636344MeV.mac,dna_ice_am_rho0p5_E00762_0p421636344MeV,root/dna_ice_am_rho0p5_E00762_0p421636344MeV.root,ice_am,0.5
763,0.423015213,0.425786494,0.424398592,0.00277128074,1000,macros/europa_E00763_0p424398592MeV.mac,dna_ice_am_rho0p5_E00763_0p424398592MeV,root/dna_ice_am_rho0p5_E00763_0p424398592MeV.root,ice_am,0.5
764,0.425786494,0.42857593,0.427178935,0.0027894361,1000,macros/europa_E00764_0p427178935MeV.mac,dna_ice_am_rho0p5_E00764_0p427178935MeV,root/dna_ice_am_rho0p5_E00764_0p427178935MeV.root,ice_am,0.5
765,0.42857593,0.431383641,0.429977494,0.00280771041,1000,macros/europa_E00765_0p429977494MeV.mac,dna_ice_am_rho0p5_E00765_0p429977494MeV,root/dna_ice_am_rho0p5_E00765_0p429977494MeV.root,ice_am,0.5
766,0.431383641,0.434209745,0.432794386,0.00282610444,1000,macros/europa_E00766_0p432794386MeV.mac,dna_ice_am_rho0p5_E00766_0p432794386MeV,root/dna_ice_am_rho0p5_E00766_0p432794386MeV.root,ice_am,0.5
767,0.434209745,0.437054364,0.435629733,0.00284461897,1000,macros/europa_E00767_0p435629733MeV.mac,dna_ice_am_rho0p5_E00767_0p435629733MeV,root/dna_ice_am_rho0p5_E00767_0p435629733MeV.root,ice_am,0.5
768,0.437054364,0.439917619,0.438483654,0.0028632548,1000,macros/europa_E00768_0p438483654MeV.mac,dna_ice_am_rho0p5_E00768_0p438483654MeV,root/dna_ice_am_rho0p5_E00768_0p438483654MeV.root,ice_am,0.5
769,0.439917619,0.442799632,0.441356273,0.00288201271,1000,macros/europa_E00769_0p441356273MeV.mac,dna_ice_am_rho0p5_E00769_0p441356273MeV,root/dna_ice_am_rho0p5_E00769_0p441356273MeV.root,ice_am,0.5
770,0.442799632,0.445700525,0.444247711,0.00290089351,1000,macros/europa_E00770_0p444247711MeV.mac,dna_ice_am_rho0p5_E00770_0p444247711MeV,root/dna_ice_am_rho0p5_E00770_0p444247711MeV.root,ice_am,0.5
771,0.445700525,0.448620423,0.447158091,0.00291989801,1000,macros/europa_E00771_0p447158091MeV.mac,dna_ice_am_rho0p5_E00771_0p447158091MeV,root/dna_ice_am_rho0p5_E00771_0p447158091MeV.root,ice_am,0.5
772,0.448620423,0.45155945,0.450087538,0.00293902701,1000,macros/europa_E00772_0p450087538MeV.mac,dna_ice_am_rho0p5_E00772_0p450087538MeV,root/dna_ice_am_rho0p5_E00772_0p450087538MeV.root,ice_am,0.5
773,0.45155945,0.454517731,0.453036176,0.00295828132,1000,macros/europa_E00773_0p453036176MeV.mac,dna_ice_am_rho0p5_E00773_0p453036176MeV,root/dna_ice_am_rho0p5_E00773_0p453036176MeV.root,ice_am,0.5
774,0.454517731,0.457495393,0.456004132,0.00297766178,1000,macros/europa_E00774_0p456004132MeV.mac,dna_ice_am_rho0p5_E00774_0p456004132MeV,root/dna_ice_am_rho0p5_E00774_0p456004132MeV.root,ice_am,0.5
775,0.457495393,0.460492562,0.458991531,0.0029971692,1000,macros/europa_E00775_0p458991531MeV.mac,dna_ice_am_rho0p5_E00775_0p458991531MeV,root/dna_ice_am_rho0p5_E00775_0p458991531MeV.root,ice_am,0.5
776,0.460492562,0.463509367,0.461998502,0.00301680442,1000,macros/europa_E00776_0p461998502MeV.mac,dna_ice_am_rho0p5_E00776_0p461998502MeV,root/dna_ice_am_rho0p5_E00776_0p461998502MeV.root,ice_am,0.5
777,0.463509367,0.466545935,0.465025172,0.00303656828,1000,macros/europa_E00777_0p465025172MeV.mac,dna_ice_am_rho0p5_E00777_0p465025172MeV,root/dna_ice_am_rho0p5_E00777_0p465025172MeV.root,ice_am,0.5
778,0.466545935,0.469602397,0.468071671,0.00305646161,1000,macros/europa_E00778_0p468071671MeV.mac,dna_ice_am_rho0p5_E00778_0p468071671MeV,root/dna_ice_am_rho0p5_E00778_0p468071671MeV.root,ice_am,0.5
779,0.469602397,0.472678882,0.471138128,0.00307648528,1000,macros/europa_E00779_0p471138128MeV.mac,dna_ice_am_rho0p5_E00779_0p471138128MeV,root/dna_ice_am_rho0p5_E00779_0p471138128MeV.root,ice_am,0.5
780,0.472678882,0.475775522,0.474224674,0.00309664012,1000,macros/europa_E00780_0p474224674MeV.mac,dna_ice_am_rho0p5_E00780_0p474224674MeV,root/dna_ice_am_rho0p5_E00780_0p474224674MeV.root,ice_am,0.5
781,0.475775522,0.478892449,0.477331441,0.003116927,1000,macros/europa_E00781_0p477331441MeV.mac,dna_ice_am_rho0p5_E00781_0p477331441MeV,root/dna_ice_am_rho0p5_E00781_0p477331441MeV.root,ice_am,0.5
782,0.478892449,0.482029796,0.480458562,0.00313734678,1000,macros/europa_E00782_0p480458562MeV.mac,dna_ice_am_rho0p5_E00782_0p480458562MeV,root/dna_ice_am_rho0p5_E00782_0p480458562MeV.root,ice_am,0.5
783,0.482029796,0.485187696,0.483606168,0.00315790034,1000,macros/europa_E00783_0p483606168MeV.mac,dna_ice_am_rho0p5_E00783_0p483606168MeV,root/dna_ice_am_rho0p5_E00783_0p483606168MeV.root,ice_am,0.5
784,0.485187696,0.488366285,0.486774396,0.00317858855,1000,macros/europa_E00784_0p486774396MeV.mac,dna_ice_am_rho0p5_E00784_0p486774396MeV,root/dna_ice_am_rho0p5_E00784_0p486774396MeV.root,ice_am,0.5
785,0.488366285,0.491565697,0.489963379,0.0031994123,1000,macros/europa_E00785_0p489963379MeV.mac,dna_ice_am_rho0p5_E00785_0p489963379MeV,root/dna_ice_am_rho0p5_E00785_0p489963379MeV.root,ice_am,0.5
786,0.491565697,0.49478607,0.493173255,0.00322037247,1000,macros/europa_E00786_0p493173255MeV.mac,dna_ice_am_rho0p5_E00786_0p493173255MeV,root/dna_ice_am_rho0p5_E00786_0p493173255MeV.root,ice_am,0.5
787,0.49478607,0.49802754,0.496404159,0.00324146995,1000,macros/europa_E00787_0p496404159MeV.mac,dna_ice_am_rho0p5_E00787_0p496404159MeV,root/dna_ice_am_rho0p5_E00787_0p496404159MeV.root,ice_am,0.5
788,0.49802754,0.501290245,0.499656229,0.00326270565,1000,macros/europa_E00788_0p499656229MeV.mac,dna_ice_am_rho0p5_E00788_0p499656229MeV,root/dna_ice_am_rho0p5_E00788_0p499656229MeV.root,ice_am,0.5
789,0.501290245,0.504574326,0.502929605,0.00328408047,1000,macros/europa_E00789_0p502929605MeV.mac,dna_ice_am_rho0p5_E00789_0p502929605MeV,root/dna_ice_am_rho0p5_E00789_0p502929605MeV.root,ice_am,0.5
790,0.504574326,0.507879921,0.506224425,0.00330559532,1000,macros/europa_E00790_0p506224425MeV.mac,dna_ice_am_rho0p5_E00790_0p506224425MeV,root/dna_ice_am_rho0p5_E00790_0p506224425MeV.root,ice_am,0.5
791,0.507879921,0.511207172,0.509540831,0.00332725112,1000,macros/europa_E00791_0p509540831MeV.mac,dna_ice_am_rho0p5_E00791_0p509540831MeV,root/dna_ice_am_rho0p5_E00791_0p509540831MeV.root,ice_am,0.5
792,0.511207172,0.514556221,0.512878963,0.00334904879,1000,macros/europa_E00792_0p512878963MeV.mac,dna_ice_am_rho0p5_E00792_0p512878963MeV,root/dna_ice_am_rho0p5_E00792_0p512878963MeV.root,ice_am,0.5
793,0.514556221,0.51792721,0.516238964,0.00337098926,1000,macros/europa_E00793_0p516238964MeV.mac,dna_ice_am_rho0p5_E00793_0p516238964MeV,root/dna_ice_am_rho0p5_E00793_0p516238964MeV.root,ice_am,0.5
794,0.51792721,0.521320284,0.519620977,0.00339307347,1000,macros/europa_E00794_0p519620977MeV.mac,dna_ice_am_rho0p5_E00794_0p519620977MeV,root/dna_ice_am_rho0p5_E00794_0p519620977MeV.root,ice_am,0.5
795,0.521320284,0.524735586,0.523025147,0.00341530236,1000,macros/europa_E00795_0p523025147MeV.mac,dna_ice_am_rho0p5_E00795_0p523025147MeV,root/dna_ice_am_rho0p5_E00795_0p523025147MeV.root,ice_am,0.5
796,0.524735586,0.528173263,0.526451618,0.00343767688,1000,macros/europa_E00796_0p526451618MeV.mac,dna_ice_am_rho0p5_E00796_0p526451618MeV,root/dna_ice_am_rho0p5_E00796_0p526451618MeV.root,ice_am,0.5
797,0.528173263,0.531633461,0.529900537,0.00346019798,1000,macros/europa_E00797_0p529900537MeV.mac,dna_ice_am_rho0p5_E00797_0p529900537MeV,root/dna_ice_am_rho0p5_E00797_0p529900537MeV.root,ice_am,0.5
798,0.531633461,0.535116327,0.533372051,0.00348286662,1000,macros/europa_E00798_0p533372051MeV.mac,dna_ice_am_rho0p5_E00798_0p533372051MeV,root/dna_ice_am_rho0p5_E00798_0p533372051MeV.root,ice_am,0.5
799,0.535116327,0.538622011,0.536866308,0.00350568377,1000,macros/europa_E00799_0p536866308MeV.mac,dna_ice_am_rho0p5_E00799_0p536866308MeV,root/dna_ice_am_rho0p5_E00799_0p536866308MeV.root,ice_am,0.5
800,0.538622011,0.542150662,0.540383456,0.0035286504,1000,macros/europa_E00800_0p540383456MeV.mac,dna_ice_am_rho0p5_E00800_0p540383456MeV,root/dna_ice_am_rho0p5_E00800_0p540383456MeV.root,ice_am,0.5
801,0.542150662,0.545702429,0.543923646,0.00355176749,1000,macros/europa_E00801_0p543923646MeV.mac,dna_ice_am_rho0p5_E00801_0p543923646MeV,root/dna_ice_am_rho0p5_E00801_0p543923646MeV.root,ice_am,0.5
802,0.545702429,0.549277465,0.547487029,0.00357503603,1000,macros/europa_E00802_0p547487029MeV.mac,dna_ice_am_rho0p5_E00802_0p547487029MeV,root/dna_ice_am_rho0p5_E00802_0p547487029MeV.root,ice_am,0.5
803,0.549277465,0.552875922,0.551073756,0.003598457,1000,macros/europa_E00803_0p551073756MeV.mac,dna_ice_am_rho0p5_E00803_0p551073756MeV,root/dna_ice_am_rho0p5_E00803_0p551073756MeV.root,ice_am,0.5
804,0.552875922,0.556497954,0.554683981,0.00362203141,1000,macros/europa_E00804_0p554683981MeV.mac,dna_ice_am_rho0p5_E00804_0p554683981MeV,root/dna_ice_am_rho0p5_E00804_0p554683981MeV.root,ice_am,0.5
805,0.556497954,0.560143714,0.558317858,0.00364576027,1000,macros/europa_E00805_0p558317858MeV.mac,dna_ice_am_rho0p5_E00805_0p558317858MeV,root/dna_ice_am_rho0p5_E00805_0p558317858MeV.root,ice_am,0.5
806,0.560143714,0.563813358,0.561975541,0.00366964457,1000,macros/europa_E00806_0p561975541MeV.mac,dna_ice_am_rho0p5_E00806_0p561975541MeV,root/dna_ice_am_rho0p5_E00806_0p561975541MeV.root,ice_am,0.5
807,0.563813358,0.567507044,0.565657186,0.00369368535,1000,macros/europa_E00807_0p565657186MeV.mac,dna_ice_am_rho0p5_E00807_0p565657186MeV,root/dna_ice_am_rho0p5_E00807_0p565657186MeV.root,ice_am,0.5
808,0.567507044,0.571224927,0.569362951,0.00371788363,1000,macros/europa_E00808_0p569362951MeV.mac,dna_ice_am_rho0p5_E00808_0p569362951MeV,root/dna_ice_am_rho0p5_E00808_0p569362951MeV.root,ice_am,0.5
809,0.571224927,0.574967168,0.573092993,0.00374224044,1000,macros/europa_E00809_0p573092993MeV.mac,dna_ice_am_rho0p5_E00809_0p573092993MeV,root/dna_ice_am_rho0p5_E00809_0p573092993MeV.root,ice_am,0.5
810,0.574967168,0.578733925,0.576847472,0.00376675681,1000,macros/europa_E00810_0p576847472MeV.mac,dna_ice_am_rho0p5_E00810_0p576847472MeV,root/dna_ice_am_rho0p5_E00810_0p576847472MeV.root,ice_am,0.5
811,0.578733925,0.582525358,0.580626547,0.0037914338,1000,macros/europa_E00811_0p580626547MeV.mac,dna_ice_am_rho0p5_E00811_0p580626547MeV,root/dna_ice_am_rho0p5_E00811_0p580626547MeV.root,ice_am,0.5
812,0.582525358,0.586341631,0.58443038,0.00381627245,1000,macros/europa_E00812_0p58443038MeV.mac,dna_ice_am_rho0p5_E00812_0p58443038MeV,root/dna_ice_am_rho0p5_E00812_0p58443038MeV.root,ice_am,0.5
813,0.586341631,0.590182905,0.588259132,0.00384127382,1000,macros/europa_E00813_0p588259132MeV.mac,dna_ice_am_rho0p5_E00813_0p588259132MeV,root/dna_ice_am_rho0p5_E00813_0p588259132MeV.root,ice_am,0.5
814,0.590182905,0.594049344,0.592112968,0.00386643899,1000,macros/europa_E00814_0p592112968MeV.mac,dna_ice_am_rho0p5_E00814_0p592112968MeV,root/dna_ice_am_rho0p5_E00814_0p592112968MeV.root,ice_am,0.5
815,0.594049344,0.597941113,0.595992052,0.00389176902,1000,macros/europa_E00815_0p595992052MeV.mac,dna_ice_am_rho0p5_E00815_0p595992052MeV,root/dna_ice_am_rho0p5_E00815_0p595992052MeV.root,ice_am,0.5
816,0.597941113,0.601858378,0.599896548,0.00391726499,1000,macros/europa_E00816_0p599896548MeV.mac,dna_ice_am_rho0p5_E00816_0p599896548MeV,root/dna_ice_am_rho0p5_E00816_0p599896548MeV.root,ice_am,0.5
817,0.601858378,0.605801306,0.603826623,0.003942928,1000,macros/europa_E00817_0p603826623MeV.mac,dna_ice_am_rho0p5_E00817_0p603826623MeV,root/dna_ice_am_rho0p5_E00817_0p603826623MeV.root,ice_am,0.5
818,0.605801306,0.609770065,0.607782446,0.00396875912,1000,macros/europa_E00818_0p607782446MeV.mac,dna_ice_am_rho0p5_E00818_0p607782446MeV,root/dna_ice_am_rho0p5_E00818_0p607782446MeV.root,ice_am,0.5
819,0.609770065,0.613764824,0.611764184,0.00399475948,1000,macros/europa_E00819_0p611764184MeV.mac,dna_ice_am_rho0p5_E00819_0p611764184MeV,root/dna_ice_am_rho0p5_E00819_0p611764184MeV.root,ice_am,0.5
820,0.613764824,0.617785754,0.615772007,0.00402093017,1000,macros/europa_E00820_0p615772007MeV.mac,dna_ice_am_rho0p5_E00820_0p615772007MeV,root/dna_ice_am_rho0p5_E00820_0p615772007MeV.root,ice_am,0.5
821,0.617785754,0.621833027,0.619806087,0.00404727231,1000,macros/europa_E00821_0p619806087MeV.mac,dna_ice_am_rho0p5_E00821_0p619806087MeV,root/dna_ice_am_rho0p5_E00821_0p619806087MeV.root,ice_am,0.5
822,0.621833027,0.625906814,0.623866595,0.00407378702,1000,macros/europa_E00822_0p623866595MeV.mac,dna_ice_am_rho0p5_E00822_0p623866595MeV,root/dna_ice_am_rho0p5_E00822_0p623866595MeV.root,ice_am,0.5
823,0.625906814,0.630007289,0.627953705,0.00410047544,1000,macros/europa_E00823_0p627953705MeV.mac,dna_ice_am_rho0p5_E00823_0p627953705MeV,root/dna_ice_am_rho0p5_E00823_0p627953705MeV.root,ice_am,0.5
824,0.630007289,0.634134628,0.63206759,0.00412733871,1000,macros/europa_E00824_0p63206759MeV.mac,dna_ice_am_rho0p5_E00824_0p63206759MeV,root/dna_ice_am_rho0p5_E00824_0p63206759MeV.root,ice_am,0.5
825,0.634134628,0.638289006,0.636208426,0.00415437796,1000,macros/europa_E00825_0p636208426MeV.mac,dna_ice_am_rho0p5_E00825_0p636208426MeV,root/dna_ice_am_rho0p5_E00825_0p636208426MeV.root,ice_am,0.5
826,0.638289006,0.6424706,0.64037639,0.00418159435,1000,macros/europa_E00826_0p64037639MeV.mac,dna_ice_am_rho0p5_E00826_0p64037639MeV,root/dna_ice_am_rho0p5_E00826_0p64037639MeV.root,ice_am,0.5
827,0.6424706,0.646679589,0.644571659,0.00420898904,1000,macros/europa_E00827_0p644571659MeV.mac,dna_ice_am_rho0p5_E00827_0p644571659MeV,root/dna_ice_am_rho0p5_E00827_0p644571659MeV.root,ice_am,0.5
828,0.646679589,0.650916152,0.648794413,0.0042365632,1000,macros/europa_E00828_0p648794413MeV.mac,dna_ice_am_rho0p5_E00828_0p648794413MeV,root/dna_ice_am_rho0p5_E00828_0p648794413MeV.root,ice_am,0.5
829,0.650916152,0.655180471,0.653044831,0.00426431801,1000,macros/europa_E00829_0p653044831MeV.mac,dna_ice_am_rho0p5_E00829_0p653044831MeV,root/dna_ice_am_rho0p5_E00829_0p653044831MeV.root,ice_am,0.5
830,0.655180471,0.659472725,0.657323094,0.00429225465,1000,macros/europa_E00830_0p657323094MeV.mac,dna_ice_am_rho0p5_E00830_0p657323094MeV,root/dna_ice_am_rho0p5_E00830_0p657323094MeV.root,ice_am,0.5
831,0.659472725,0.663793099,0.661629386,0.0043203743,1000,macros/europa_E00831_0p661629386MeV.mac,dna_ice_am_rho0p5_E00831_0p661629386MeV,root/dna_ice_am_rho0p5_E00831_0p661629386MeV.root,ice_am,0.5
832,0.663793099,0.668141778,0.665963889,0.00434867818,1000,macros/europa_E00832_0p665963889MeV.mac,dna_ice_am_rho0p5_E00832_0p665963889MeV,root/dna_ice_am_rho0p5_E00832_0p665963889MeV.root,ice_am,0.5
833,0.668141778,0.672518945,0.670326789,0.00437716748,1000,macros/europa_E00833_0p670326789MeV.mac,dna_ice_am_rho0p5_E00833_0p670326789MeV,root/dna_ice_am_rho0p5_E00833_0p670326789MeV.root,ice_am,0.5
834,0.672518945,0.676924789,0.674718271,0.00440584342,1000,macros/europa_E00834_0p674718271MeV.mac,dna_ice_am_rho0p5_E00834_0p674718271MeV,root/dna_ice_am_rho0p5_E00834_0p674718271MeV.root,ice_am,0.5
835,0.676924789,0.681359496,0.679138522,0.00443470723,1000,macros/europa_E00835_0p679138522MeV.mac,dna_ice_am_rho0p5_E00835_0p679138522MeV,root/dna_ice_am_rho0p5_E00835_0p679138522MeV.root,ice_am,0.5
836,0.681359496,0.685823256,0.683587732,0.00446376013,1000,macros/europa_E00836_0p683587732MeV.mac,dna_ice_am_rho0p5_E00836_0p683587732MeV,root/dna_ice_am_rho0p5_E00836_0p683587732MeV.root,ice_am,0.5
837,0.685823256,0.690316259,0.68806609,0.00449300336,1000,macros/europa_E00837_0p68806609MeV.mac,dna_ice_am_rho0p5_E00837_0p68806609MeV,root/dna_ice_am_rho0p5_E00837_0p68806609MeV.root,ice_am,0.5
838,0.690316259,0.694838697,0.692573787,0.00452243818,1000,macros/europa_E00838_0p692573787MeV.mac,dna_ice_am_rho0p5_E00838_0p692573787MeV,root/dna_ice_am_rho0p5_E00838_0p692573787MeV.root,ice_am,0.5
839,0.694838697,0.699390763,0.697111015,0.00455206582,1000,macros/europa_E00839_0p697111015MeV.mac,dna_ice_am_rho0p5_E00839_0p697111015MeV,root/dna_ice_am_rho0p5_E00839_0p697111015MeV.root,ice_am,0.5
840,0.699390763,0.703972651,0.701677967,0.00458188757,1000,macros/europa_E00840_0p701677967MeV.mac,dna_ice_am_rho0p5_E00840_0p701677967MeV,root/dna_ice_am_rho0p5_E00840_0p701677967MeV.root,ice_am,0.5
841,0.703972651,0.708584556,0.706274839,0.00461190469,1000,macros/europa_E00841_0p706274839MeV.mac,dna_ice_am_rho0p5_E00841_0p706274839MeV,root/dna_ice_am_rho0p5_E00841_0p706274839MeV.root,ice_am,0.5
842,0.708584556,0.713226674,0.710901826,0.00464211845,1000,macros/europa_E00842_0p710901826MeV.mac,dna_ice_am_rho0p5_E00842_0p710901826MeV,root/dna_ice_am_rho0p5_E00842_0p710901826MeV.root,ice_am,0.5
843,0.713226674,0.717899204,0.715559125,0.00467253016,1000,macros/europa_E00843_0p715559125MeV.mac,dna_ice_am_rho0p5_E00843_0p715559125MeV,root/dna_ice_am_rho0p5_E00843_0p715559125MeV.root,ice_am,0.5
844,0.717899204,0.722602345,0.720246936,0.0047031411,1000,macros/europa_E00844_0p720246936MeV.mac,dna_ice_am_rho0p5_E00844_0p720246936MeV,root/dna_ice_am_rho0p5_E00844_0p720246936MeV.root,ice_am,0.5
845,0.722602345,0.727336298,0.724965457,0.00473395257,1000,macros/europa_E00845_0p724965457MeV.mac,dna_ice_am_rho0p5_E00845_0p724965457MeV,root/dna_ice_am_rho0p5_E00845_0p724965457MeV.root,ice_am,0.5
846,0.727336298,0.732101264,0.729714891,0.00476496591,1000,macros/europa_E00846_0p729714891MeV.mac,dna_ice_am_rho0p5_E00846_0p729714891MeV,root/dna_ice_am_rho0p5_E00846_0p729714891MeV.root,ice_am,0.5
847,0.732101264,0.736897446,0.73449544,0.00479618242,1000,macros/europa_E00847_0p73449544MeV.mac,dna_ice_am_rho0p5_E00847_0p73449544MeV,root/dna_ice_am_rho0p5_E00847_0p73449544MeV.root,ice_am,0.5
848,0.736897446,0.74172505,0.739307307,0.00482760343,1000,macros/europa_E00848_0p739307307MeV.mac,dna_ice_am_rho0p5_E00848_0p739307307MeV,root/dna_ice_am_rho0p5_E00848_0p739307307MeV.root,ice_am,0.5
849,0.74172505,0.74658428,0.744150698,0.0048592303,1000,macros/europa_E00849_0p744150698MeV.mac,dna_ice_am_rho0p5_E00849_0p744150698MeV,root/dna_ice_am_rho0p5_E00849_0p744150698MeV.root,ice_am,0.5
850,0.74658428,0.751475344,0.74902582,0.00489106436,1000,macros/europa_E00850_0p74902582MeV.mac,dna_ice_am_rho0p5_E00850_0p74902582MeV,root/dna_ice_am_rho0p5_E00850_0p74902582MeV.root,ice_am,0.5
851,0.751475344,0.756398451,0.753932879,0.00492310697,1000,macros/europa_E00851_0p753932879MeV.mac,dna_ice_am_rho0p5_E00851_0p753932879MeV,root/dna_ice_am_rho0p5_E00851_0p753932879MeV.root,ice_am,0.5
852,0.756398451,0.761353811,0.758872086,0.0049553595,1000,macros/europa_E00852_0p758872086MeV.mac,dna_ice_am_rho0p5_E00852_0p758872086MeV,root/dna_ice_am_rho0p5_E00852_0p758872086MeV.root,ice_am,0.5
853,0.761353811,0.766341634,0.763843651,0.00498782332,1000,macros/europa_E00853_0p763843651MeV.mac,dna_ice_am_rho0p5_E00853_0p763843651MeV,root/dna_ice_am_rho0p5_E00853_0p763843651MeV.root,ice_am,0.5
854,0.766341634,0.771362134,0.768847786,0.00502049983,1000,macros/europa_E00854_0p768847786MeV.mac,dna_ice_am_rho0p5_E00854_0p768847786MeV,root/dna_ice_am_rho0p5_E00854_0p768847786MeV.root,ice_am,0.5
855,0.771362134,0.776415524,0.773884704,0.00505339041,1000,macros/europa_E00855_0p773884704MeV.mac,dna_ice_am_rho0p5_E00855_0p773884704MeV,root/dna_ice_am_rho0p5_E00855_0p773884704MeV.root,ice_am,0.5
856,0.776415524,0.781502021,0.778954621,0.00508649646,1000,macros/europa_E00856_0p778954621MeV.mac,dna_ice_am_rho0p5_E00856_0p778954621MeV,root/dna_ice_am_rho0p5_E00856_0p778954621MeV.root,ice_am,0.5
857,0.781502021,0.78662184,0.784057751,0.0051198194,1000,macros/europa_E00857_0p784057751MeV.mac,dna_ice_am_rho0p5_E00857_0p784057751MeV,root/dna_ice_am_rho0p5_E00857_0p784057751MeV.root,ice_am,0.5
858,0.78662184,0.791775201,0.789194314,0.00515336064,1000,macros/europa_E00858_0p789194314MeV.mac,dna_ice_am_rho0p5_E00858_0p789194314MeV,root/dna_ice_am_rho0p5_E00858_0p789194314MeV.root,ice_am,0.5
859,0.791775201,0.796962322,0.794364528,0.00518712162,1000,macros/europa_E00859_0p794364528MeV.mac,dna_ice_am_rho0p5_E00859_0p794364528MeV,root/dna_ice_am_rho0p5_E00859_0p794364528MeV.root,ice_am,0.5
860,0.796962322,0.802183426,0.799568613,0.00522110378,1000,macros/europa_E00860_0p799568613MeV.mac,dna_ice_am_rho0p5_E00860_0p799568613MeV,root/dna_ice_am_rho0p5_E00860_0p799568613MeV.root,ice_am,0.5
861,0.802183426,0.807438735,0.804806791,0.00525530857,1000,macros/europa_E00861_0p804806791MeV.mac,dna_ice_am_rho0p5_E00861_0p804806791MeV,root/dna_ice_am_rho0p5_E00861_0p804806791MeV.root,ice_am,0.5
862,0.807438735,0.812728472,0.810079286,0.00528973744,1000,macros/europa_E00862_0p810079286MeV.mac,dna_ice_am_rho0p5_E00862_0p810079286MeV,root/dna_ice_am_rho0p5_E00862_0p810079286MeV.root,ice_am,0.5
863,0.812728472,0.818052864,0.815386322,0.00532439186,1000,macros/europa_E00863_0p815386322MeV.mac,dna_ice_am_rho0p5_E00863_0p815386322MeV,root/dna_ice_am_rho0p5_E00863_0p815386322MeV.root,ice_am,0.5
864,0.818052864,0.823412137,0.820728126,0.00535927331,1000,macros/europa_E00864_0p820728126MeV.mac,dna_ice_am_rho0p5_E00864_0p820728126MeV,root/dna_ice_am_rho0p5_E00864_0p820728126MeV.root,ice_am,0.5
865,0.823412137,0.828806521,0.826104926,0.00539438328,1000,macros/europa_E00865_0p826104926MeV.mac,dna_ice_am_rho0p5_E00865_0p826104926MeV,root/dna_ice_am_rho0p5_E00865_0p826104926MeV.root,ice_am,0.5
866,0.828806521,0.834236244,0.83151695,0.00542972326,1000,macros/europa_E00866_0p83151695MeV.mac,dna_ice_am_rho0p5_E00866_0p83151695MeV,root/dna_ice_am_rho0p5_E00866_0p83151695MeV.root,ice_am,0.5
867,0.834236244,0.839701539,0.83696443,0.00546529476,1000,macros/europa_E00867_0p83696443MeV.mac,dna_ice_am_rho0p5_E00867_0p83696443MeV,root/dna_ice_am_rho0p5_E00867_0p83696443MeV.root,ice_am,0.5
868,0.839701539,0.845202638,0.842447598,0.00550109931,1000,macros/europa_E00868_0p842447598MeV.mac,dna_ice_am_rho0p5_E00868_0p842447598MeV,root/dna_ice_am_rho0p5_E00868_0p842447598MeV.root,ice_am,0.5
869,0.845202638,0.850739776,0.847966688,0.00553713841,1000,macros/europa_E00869_0p847966688MeV.mac,dna_ice_am_rho0p5_E00869_0p847966688MeV,root/dna_ice_am_rho0p5_E00869_0p847966688MeV.root,ice_am,0.5
870,0.850739776,0.85631319,0.853521934,0.00557341362,1000,macros/europa_E00870_0p853521934MeV.mac,dna_ice_am_rho0p5_E00870_0p853521934MeV,root/dna_ice_am_rho0p5_E00870_0p853521934MeV.root,ice_am,0.5
871,0.85631319,0.861923116,0.859113574,0.00560992648,1000,macros/europa_E00871_0p859113574MeV.mac,dna_ice_am_rho0p5_E00871_0p859113574MeV,root/dna_ice_am_rho0p5_E00871_0p859113574MeV.root,ice_am,0.5
872,0.861923116,0.867569795,0.864741847,0.00564667854,1000,macros/europa_E00872_0p864741847MeV.mac,dna_ice_am_rho0p5_E00872_0p864741847MeV,root/dna_ice_am_rho0p5_E00872_0p864741847MeV.root,ice_am,0.5
873,0.867569795,0.873253466,0.870406991,0.00568367137,1000,macros/europa_E00873_0p870406991MeV.mac,dna_ice_am_rho0p5_E00873_0p870406991MeV,root/dna_ice_am_rho0p5_E00873_0p870406991MeV.root,ice_am,0.5
874,0.873253466,0.878974373,0.87610925,0.00572090656,1000,macros/europa_E00874_0p87610925MeV.mac,dna_ice_am_rho0p5_E00874_0p87610925MeV,root/dna_ice_am_rho0p5_E00874_0p87610925MeV.root,ice_am,0.5
875,0.878974373,0.884732759,0.881848866,0.00575838568,1000,macros/europa_E00875_0p881848866MeV.mac,dna_ice_am_rho0p5_E00875_0p881848866MeV,root/dna_ice_am_rho0p5_E00875_0p881848866MeV.root,ice_am,0.5
876,0.884732759,0.890528869,0.887626083,0.00579611033,1000,macros/europa_E00876_0p887626083MeV.mac,dna_ice_am_rho0p5_E00876_0p887626083MeV,root/dna_ice_am_rho0p5_E00876_0p887626083MeV.root,ice_am,0.5
877,0.890528869,0.896362951,0.893441148,0.00583408213,1000,macros/europa_E00877_0p893441148MeV.mac,dna_ice_am_rho0p5_E00877_0p893441148MeV,root/dna_ice_am_rho0p5_E00877_0p893441148MeV.root,ice_am,0.5
878,0.896362951,0.902235254,0.899294309,0.0058723027,1000,macros/europa_E00878_0p899294309MeV.mac,dna_ice_am_rho0p5_E00878_0p899294309MeV,root/dna_ice_am_rho0p5_E00878_0p899294309MeV.root,ice_am,0.5
879,0.902235254,0.908146027,0.905185816,0.00591077365,1000,macros/europa_E00879_0p905185816MeV.mac,dna_ice_am_rho0p5_E00879_0p905185816MeV,root/dna_ice_am_rho0p5_E00879_0p905185816MeV.root,ice_am,0.5
880,0.908146027,0.914095524,0.91111592,0.00594949664,1000,macros/europa_E00880_0p91111592MeV.mac,dna_ice_am_rho0p5_E00880_0p91111592MeV,root/dna_ice_am_rho0p5_E00880_0p91111592MeV.root,ice_am,0.5
881,0.914095524,0.920083997,0.917084873,0.00598847331,1000,macros/europa_E00881_0p917084873MeV.mac,dna_ice_am_rho0p5_E00881_0p917084873MeV,root/dna_ice_am_rho0p5_E00881_0p917084873MeV.root,ice_am,0.5
882,0.920083997,0.926111703,0.92309293,0.00602770533,1000,macros/europa_E00882_0p92309293MeV.mac,dna_ice_am_rho0p5_E00882_0p92309293MeV,root/dna_ice_am_rho0p5_E00882_0p92309293MeV.root,ice_am,0.5
883,0.926111703,0.932178897,0.929140348,0.00606719437,1000,macros/europa_E00883_0p929140348MeV.mac,dna_ice_am_rho0p5_E00883_0p929140348MeV,root/dna_ice_am_rho0p5_E00883_0p929140348MeV.root,ice_am,0.5
884,0.932178897,0.938285839,0.935227383,0.00610694211,1000,macros/europa_E00884_0p935227383MeV.mac,dna_ice_am_rho0p5_E00884_0p935227383MeV,root/dna_ice_am_rho0p5_E00884_0p935227383MeV.root,ice_am,0.5
885,0.938285839,0.944432789,0.941354297,0.00614695025,1000,macros/europa_E00885_0p941354297MeV.mac,dna_ice_am_rho0p5_E00885_0p941354297MeV,root/dna_ice_am_rho0p5_E00885_0p941354297MeV.root,ice_am,0.5
886,0.944432789,0.95062001,0.947521349,0.00618722049,1000,macros/europa_E00886_0p947521349MeV.mac,dna_ice_am_rho0p5_E00886_0p947521349MeV,root/dna_ice_am_rho0p5_E00886_0p947521349MeV.root,ice_am,0.5
887,0.95062001,0.956847764,0.953728804,0.00622775455,1000,macros/europa_E00887_0p953728804MeV.mac,dna_ice_am_rho0p5_E00887_0p953728804MeV,root/dna_ice_am_rho0p5_E00887_0p953728804MeV.root,ice_am,0.5
888,0.956847764,0.963116319,0.959976925,0.00626855416,1000,macros/europa_E00888_0p959976925MeV.mac,dna_ice_am_rho0p5_E00888_0p959976925MeV,root/dna_ice_am_rho0p5_E00888_0p959976925MeV.root,ice_am,0.5
889,0.963116319,0.96942594,0.966265979,0.00630962106,1000,macros/europa_E00889_0p966265979MeV.mac,dna_ice_am_rho0p5_E00889_0p966265979MeV,root/dna_ice_am_rho0p5_E00889_0p966265979MeV.root,ice_am,0.5
890,0.96942594,0.975776897,0.972596234,0.006350957,1000,macros/europa_E00890_0p972596234MeV.mac,dna_ice_am_rho0p5_E00890_0p972596234MeV,root/dna_ice_am_rho0p5_E00890_0p972596234MeV.root,ice_am,0.5
891,0.975776897,0.98216946,0.978967961,0.00639256374,1000,macros/europa_E00891_0p978967961MeV.mac,dna_ice_am_rho0p5_E00891_0p978967961MeV,root/dna_ice_am_rho0p5_E00891_0p978967961MeV.root,ice_am,0.5
892,0.98216946,0.988603903,0.98538143,0.00643444306,1000,macros/europa_E00892_0p98538143MeV.mac,dna_ice_am_rho0p5_E00892_0p98538143MeV,root/dna_ice_am_rho0p5_E00892_0p98538143MeV.root,ice_am,0.5
893,0.988603903,0.9950805,0.991836915,0.00647659674,1000,macros/europa_E00893_0p991836915MeV.mac,dna_ice_am_rho0p5_E00893_0p991836915MeV,root/dna_ice_am_rho0p5_E00893_0p991836915MeV.root,ice_am,0.5
894,0.9950805,1.00159953,0.998334692,0.00651902658,1000,macros/europa_E00894_0p998334692MeV.mac,dna_ice_am_rho0p5_E00894_0p998334692MeV,root/dna_ice_am_rho0p5_E00894_0p998334692MeV.root,ice_am,0.5
895,1.00159953,1.00816126,1.00487504,0.00656173439,1000,macros/europa_E00895_1p00487504MeV.mac,dna_ice_am_rho0p5_E00895_1p00487504MeV,root/dna_ice_am_rho0p5_E00895_1p00487504MeV.root,ice_am,0.5
896,1.00816126,1.01476598,1.01145823,0.00660472199,1000,macros/europa_E00896_1p01145823MeV.mac,dna_ice_am_rho0p5_E00896_1p01145823MeV,root/dna_ice_am_rho0p5_E00896_1p01145823MeV.root,ice_am,0.5
897,1.01476598,1.02141397,1.01808455,0.00664799121,1000,macros/europa_E00897_1p01808455MeV.mac,dna_ice_am_rho0p5_E00897_1p01808455MeV,root/dna_ice_am_rho0p5_E00897_1p01808455MeV.root,ice_am,0.5
898,1.02141397,1.02810552,1.02475428,0.0066915439,1000,macros/europa_E00898_1p02475428MeV.mac,dna_ice_am_rho0p5_E00898_1p02475428MeV,root/dna_ice_am_rho0p5_E00898_1p02475428MeV.root,ice_am,0.5
899,1.02810552,1.0348409,1.03146771,0.00673538191,1000,macros/europa_E00899_1p03146771MeV.mac,dna_ice_am_rho0p5_E00899_1p03146771MeV,root/dna_ice_am_rho0p5_E00899_1p03146771MeV.root,ice_am,0.5
900,1.0348409,1.04162041,1.03822512,0.00677950712,1000,macros/europa_E00900_1p03822512MeV.mac,dna_ice_am_rho0p5_E00900_1p03822512MeV,root/dna_ice_am_rho0p5_E00900_1p03822512MeV.root,ice_am,0.5
901,1.04162041,1.04844433,1.0450268,0.0068239214,1000,macros/europa_E00901_1p0450268MeV.mac,dna_ice_am_rho0p5_E00901_1p0450268MeV,root/dna_ice_am_rho0p5_E00901_1p0450268MeV.root,ice_am,0.5
902,1.04844433,1.05531296,1.05187304,0.00686862665,1000,macros/europa_E00902_1p05187304MeV.mac,dna_ice_am_rho0p5_E00902_1p05187304MeV,root/dna_ice_am_rho0p5_E00902_1p05187304MeV.root,ice_am,0.5
903,1.05531296,1.06222658,1.05876412,0.00691362478,1000,macros/europa_E00903_1p05876412MeV.mac,dna_ice_am_rho0p5_E00903_1p05876412MeV,root/dna_ice_am_rho0p5_E00903_1p05876412MeV.root,ice_am,0.5
904,1.06222658,1.0691855,1.06570036,0.0069589177,1000,macros/europa_E00904_1p06570036MeV.mac,dna_ice_am_rho0p5_E00904_1p06570036MeV,root/dna_ice_am_rho0p5_E00904_1p06570036MeV.root,ice_am,0.5
905,1.0691855,1.07619001,1.07268203,0.00700450735,1000,macros/europa_E00905_1p07268203MeV.mac,dna_ice_am_rho0p5_E00905_1p07268203MeV,root/dna_ice_am_rho0p5_E00905_1p07268203MeV.root,ice_am,0.5
906,1.07619001,1.0832404,1.07970945,0.00705039567,1000,macros/europa_E00906_1p07970945MeV.mac,dna_ice_am_rho0p5_E00906_1p07970945MeV,root/dna_ice_am_rho0p5_E00906_1p07970945MeV.root,ice_am,0.5
907,1.0832404,1.09033699,1.0867829,0.00709658461,1000,macros/europa_E00907_1p0867829MeV.mac,dna_ice_am_rho0p5_E00907_1p0867829MeV,root/dna_ice_am_rho0p5_E00907_1p0867829MeV.root,ice_am,0.5
908,1.09033699,1.09748006,1.09390269,0.00714307615,1000,macros/europa_E00908_1p09390269MeV.mac,dna_ice_am_rho0p5_E00908_1p09390269MeV,root/dna_ice_am_rho0p5_E00908_1p09390269MeV.root,ice_am,0.5
909,1.09748006,1.10466993,1.10106913,0.00718987227,1000,macros/europa_E00909_1p10106913MeV.mac,dna_ice_am_rho0p5_E00909_1p10106913MeV,root/dna_ice_am_rho0p5_E00909_1p10106913MeV.root,ice_am,0.5
910,1.10466993,1.11190691,1.10828251,0.00723697496,1000,macros/europa_E00910_1p10828251MeV.mac,dna_ice_am_rho0p5_E00910_1p10828251MeV,root/dna_ice_am_rho0p5_E00910_1p10828251MeV.root,ice_am,0.5
911,1.11190691,1.1191913,1.11554316,0.00728438623,1000,macros/europa_E00911_1p11554316MeV.mac,dna_ice_am_rho0p5_E00911_1p11554316MeV,root/dna_ice_am_rho0p5_E00911_1p11554316MeV.root,ice_am,0.5
912,1.1191913,1.1265234,1.12285136,0.00733210811,1000,macros/europa_E00912_1p12285136MeV.mac,dna_ice_am_rho0p5_E00912_1p12285136MeV,root/dna_ice_am_rho0p5_E00912_1p12285136MeV.root,ice_am,0.5
913,1.1265234,1.13390355,1.13020745,0.00738014262,1000,macros/europa_E00913_1p13020745MeV.mac,dna_ice_am_rho0p5_E00913_1p13020745MeV,root/dna_ice_am_rho0p5_E00913_1p13020745MeV.root,ice_am,0.5
914,1.13390355,1.14133204,1.13761173,0.00742849182,1000,macros/europa_E00914_1p13761173MeV.mac,dna_ice_am_rho0p5_E00914_1p13761173MeV,root/dna_ice_am_rho0p5_E00914_1p13761173MeV.root,ice_am,0.5
915,1.14133204,1.1488092,1.14506451,0.00747715777,1000,macros/europa_E00915_1p14506451MeV.mac,dna_ice_am_rho0p5_E00915_1p14506451MeV,root/dna_ice_am_rho0p5_E00915_1p14506451MeV.root,ice_am,0.5
916,1.1488092,1.15633534,1.15256612,0.00752614254,1000,macros/europa_E00916_1p15256612MeV.mac,dna_ice_am_rho0p5_E00916_1p15256612MeV,root/dna_ice_am_rho0p5_E00916_1p15256612MeV.root,ice_am,0.5
917,1.15633534,1.16391079,1.16011688,0.00757544822,1000,macros/europa_E00917_1p16011688MeV.mac,dna_ice_am_rho0p5_E00917_1p16011688MeV,root/dna_ice_am_rho0p5_E00917_1p16011688MeV.root,ice_am,0.5
918,1.16391079,1.17153586,1.1677171,0.00762507692,1000,macros/europa_E00918_1p1677171MeV.mac,dna_ice_am_rho0p5_E00918_1p1677171MeV,root/dna_ice_am_rho0p5_E00918_1p1677171MeV.root,ice_am,0.5
919,1.17153586,1.17921089,1.17536711,0.00767503074,1000,macros/europa_E00919_1p17536711MeV.mac,dna_ice_am_rho0p5_E00919_1p17536711MeV,root/dna_ice_am_rho0p5_E00919_1p17536711MeV.root,ice_am,0.5
920,1.17921089,1.18693621,1.18306724,0.00772531183,1000,macros/europa_E00920_1p18306724MeV.mac,dna_ice_am_rho0p5_E00920_1p18306724MeV,root/dna_ice_am_rho0p5_E00920_1p18306724MeV.root,ice_am,0.5
921,1.18693621,1.19471213,1.19081782,0.00777592232,1000,macros/europa_E00921_1p19081782MeV.mac,dna_ice_am_rho0p5_E00921_1p19081782MeV,root/dna_ice_am_rho0p5_E00921_1p19081782MeV.root,ice_am,0.5
922,1.19471213,1.20253899,1.19861917,0.00782686438,1000,macros/europa_E00922_1p19861917MeV.mac,dna_ice_am_rho0p5_E00922_1p19861917MeV,root/dna_ice_am_rho0p5_E00922_1p19861917MeV.root,ice_am,0.5
923,1.20253899,1.21041713,1.20647163,0.00787814016,1000,macros/europa_E00923_1p20647163MeV.mac,dna_ice_am_rho0p5_E00923_1p20647163MeV,root/dna_ice_am_rho0p5_E00923_1p20647163MeV.root,ice_am,0.5
924,1.21041713,1.21834688,1.21437554,0.00792975187,1000,macros/europa_E00924_1p21437554MeV.mac,dna_ice_am_rho0p5_E00924_1p21437554MeV,root/dna_ice_am_rho0p5_E00924_1p21437554MeV.root,ice_am,0.5
925,1.21834688,1.22632859,1.22233122,0.0079817017,1000,macros/europa_E00925_1p22233122MeV.mac,dna_ice_am_rho0p5_E00925_1p22233122MeV,root/dna_ice_am_rho0p5_E00925_1p22233122MeV.root,ice_am,0.5
926,1.22632859,1.23436258,1.23033902,0.00803399187,1000,macros/europa_E00926_1p23033902MeV.mac,dna_ice_am_rho0p5_E00926_1p23033902MeV,root/dna_ice_am_rho0p5_E00926_1p23033902MeV.root,ice_am,0.5
927,1.23436258,1.2424492,1.23839929,0.0080866246,1000,macros/europa_E00927_1p23839929MeV.mac,dna_ice_am_rho0p5_E00927_1p23839929MeV,root/dna_ice_am_rho0p5_E00927_1p23839929MeV.root,ice_am,0.5
928,1.2424492,1.2505888,1.24651236,0.00813960215,1000,macros/europa_E00928_1p24651236MeV.mac,dna_ice_am_rho0p5_E00928_1p24651236MeV,root/dna_ice_am_rho0p5_E00928_1p24651236MeV.root,ice_am,0.5
929,1.2505888,1.25878173,1.25467858,0.00819292676,1000,macros/europa_E00929_1p25467858MeV.mac,dna_ice_am_rho0p5_E00929_1p25467858MeV,root/dna_ice_am_rho0p5_E00929_1p25467858MeV.root,ice_am,0.5
930,1.25878173,1.26702833,1.2628983,0.00824660072,1000,macros/europa_E00930_1p2628983MeV.mac,dna_ice_am_rho0p5_E00930_1p2628983MeV,root/dna_ice_am_rho0p5_E00930_1p2628983MeV.root,ice_am,0.5
931,1.26702833,1.27532896,1.27117187,0.0083006263,1000,macros/europa_E00931_1p27117187MeV.mac,dna_ice_am_rho0p5_E00931_1p27117187MeV,root/dna_ice_am_rho0p5_E00931_1p27117187MeV.root,ice_am,0.5
932,1.27532896,1.28368396,1.27949964,0.00835500583,1000,macros/europa_E00932_1p27949964MeV.mac,dna_ice_am_rho0p5_E00932_1p27949964MeV,root/dna_ice_am_rho0p5_E00932_1p27949964MeV.root,ice_am,0.5
933,1.28368396,1.29209371,1.28788197,0.00840974161,1000,macros/europa_E00933_1p28788197MeV.mac,dna_ice_am_rho0p5_E00933_1p28788197MeV,root/dna_ice_am_rho0p5_E00933_1p28788197MeV.root,ice_am,0.5
934,1.29209371,1.30055854,1.29631921,0.00846483597,1000,macros/europa_E00934_1p29631921MeV.mac,dna_ice_am_rho0p5_E00934_1p29631921MeV,root/dna_ice_am_rho0p5_E00934_1p29631921MeV.root,ice_am,0.5
935,1.30055854,1.30907883,1.30481173,0.00852029128,1000,macros/europa_E00935_1p30481173MeV.mac,dna_ice_am_rho0p5_E00935_1p30481173MeV,root/dna_ice_am_rho0p5_E00935_1p30481173MeV.root,ice_am,0.5
936,1.30907883,1.31765494,1.31335989,0.00857610988,1000,macros/europa_E00936_1p31335989MeV.mac,dna_ice_am_rho0p5_E00936_1p31335989MeV,root/dna_ice_am_rho0p5_E00936_1p31335989MeV.root,ice_am,0.5
937,1.31765494,1.32628724,1.32196404,0.00863229417,1000,macros/europa_E00937_1p32196404MeV.mac,dna_ice_am_rho0p5_E00937_1p32196404MeV,root/dna_ice_am_rho0p5_E00937_1p32196404MeV.root,ice_am,0.5
938,1.32628724,1.33497608,1.33062457,0.00868884653,1000,macros/europa_E00938_1p33062457MeV.mac,dna_ice_am_rho0p5_E00938_1p33062457MeV,root/dna_ice_am_rho0p5_E00938_1p33062457MeV.root,ice_am,0.5
939,1.33497608,1.34372185,1.33934183,0.00874576938,1000,macros/europa_E00939_1p33934183MeV.mac,dna_ice_am_rho0p5_E00939_1p33934183MeV,root/dna_ice_am_rho0p5_E00939_1p33934183MeV.root,ice_am,0.5
940,1.34372185,1.35252492,1.3481162,0.00880306515,1000,macros/europa_E00940_1p3481162MeV.mac,dna_ice_am_rho0p5_E00940_1p3481162MeV,root/dna_ice_am_rho0p5_E00940_1p3481162MeV.root,ice_am,0.5
941,1.35252492,1.36138565,1.35694805,0.00886073628,1000,macros/europa_E00941_1p35694805MeV.mac,dna_ice_am_rho0p5_E00941_1p35694805MeV,root/dna_ice_am_rho0p5_E00941_1p35694805MeV.root,ice_am,0.5
942,1.36138565,1.37030444,1.36583777,0.00891878523,1000,macros/europa_E00942_1p36583777MeV.mac,dna_ice_am_rho0p5_E00942_1p36583777MeV,root/dna_ice_am_rho0p5_E00942_1p36583777MeV.root,ice_am,0.5
943,1.37030444,1.37928165,1.37478572,0.00897721447,1000,macros/europa_E00943_1p37478572MeV.mac,dna_ice_am_rho0p5_E00943_1p37478572MeV,root/dna_ice_am_rho0p5_E00943_1p37478572MeV.root,ice_am,0.5
944,1.37928165,1.38831768,1.38379229,0.0090360265,1000,macros/europa_E00944_1p38379229MeV.mac,dna_ice_am_rho0p5_E00944_1p38379229MeV,root/dna_ice_am_rho0p5_E00944_1p38379229MeV.root,ice_am,0.5
945,1.38831768,1.3974129,1.39285787,0.00909522381,1000,macros/europa_E00945_1p39285787MeV.mac,dna_ice_am_rho0p5_E00945_1p39285787MeV,root/dna_ice_am_rho0p5_E00945_1p39285787MeV.root,ice_am,0.5
946,1.3974129,1.40656771,1.40198284,0.00915480895,1000,macros/europa_E00946_1p40198284MeV.mac,dna_ice_am_rho0p5_E00946_1p40198284MeV,root/dna_ice_am_rho0p5_E00946_1p40198284MeV.root,ice_am,0.5
947,1.40656771,1.4157825,1.41116758,0.00921478444,1000,macros/europa_E00947_1p41116758MeV.mac,dna_ice_am_rho0p5_E00947_1p41116758MeV,root/dna_ice_am_rho0p5_E00947_1p41116758MeV.root,ice_am,0.5
948,1.4157825,1.42505765,1.4204125,0.00927515285,1000,macros/europa_E00948_1p4204125MeV.mac,dna_ice_am_rho0p5_E00948_1p4204125MeV,root/dna_ice_am_rho0p5_E00948_1p4204125MeV.root,ice_am,0.5
949,1.42505765,1.43439357,1.42971799,0.00933591674,1000,macros/europa_E00949_1p42971799MeV.mac,dna_ice_am_rho0p5_E00949_1p42971799MeV,root/dna_ice_am_rho0p5_E00949_1p42971799MeV.root,ice_am,0.5
950,1.43439357,1.44379065,1.43908444,0.00939707872,1000,macros/europa_E00950_1p43908444MeV.mac,dna_ice_am_rho0p5_E00950_1p43908444MeV,root/dna_ice_am_rho0p5_E00950_1p43908444MeV.root,ice_am,0.5
951,1.44379065,1.45324929,1.44851225,0.00945864138,1000,macros/europa_E00951_1p44851225MeV.mac,dna_ice_am_rho0p5_E00951_1p44851225MeV,root/dna_ice_am_rho0p5_E00951_1p44851225MeV.root,ice_am,0.5
952,1.45324929,1.4627699,1.45800182,0.00952060736,1000,macros/europa_E00952_1p45800182MeV.mac,dna_ice_am_rho0p5_E00952_1p45800182MeV,root/dna_ice_am_rho0p5_E00952_1p45800182MeV.root,ice_am,0.5
953,1.4627699,1.47235287,1.46755356,0.00958297929,1000,macros/europa_E00953_1p46755356MeV.mac,dna_ice_am_rho0p5_E00953_1p46755356MeV,root/dna_ice_am_rho0p5_E00953_1p46755356MeV.root,ice_am,0.5
954,1.47235287,1.48199863,1.47716788,0.00964575984,1000,macros/europa_E00954_1p47716788MeV.mac,dna_ice_am_rho0p5_E00954_1p47716788MeV,root/dna_ice_am_rho0p5_E00954_1p47716788MeV.root,ice_am,0.5
955,1.48199863,1.49170759,1.48684519,0.00970895167,1000,macros/europa_E00955_1p48684519MeV.mac,dna_ice_am_rho0p5_E00955_1p48684519MeV,root/dna_ice_am_rho0p5_E00955_1p48684519MeV.root,ice_am,0.5
956,1.49170759,1.50148014,1.49658589,0.0097725575,1000,macros/europa_E00956_1p49658589MeV.mac,dna_ice_am_rho0p5_E00956_1p49658589MeV,root/dna_ice_am_rho0p5_E00956_1p49658589MeV.root,ice_am,0.5
957,1.50148014,1.51131672,1.5063904,0.00983658002,1000,macros/europa_E00957_1p5063904MeV.mac,dna_ice_am_rho0p5_E00957_1p5063904MeV,root/dna_ice_am_rho0p5_E00957_1p5063904MeV.root,ice_am,0.5
958,1.51131672,1.52121775,1.51625915,0.00990102197,1000,macros/europa_E00958_1p51625915MeV.mac,dna_ice_am_rho0p5_E00958_1p51625915MeV,root/dna_ice_am_rho0p5_E00958_1p51625915MeV.root,ice_am,0.5
959,1.52121775,1.53118363,1.52619255,0.00996588609,1000,macros/europa_E00959_1p52619255MeV.mac,dna_ice_am_rho0p5_E00959_1p52619255MeV,root/dna_ice_am_rho0p5_E00959_1p52619255MeV.root,ice_am,0.5
960,1.53118363,1.54121481,1.53619103,0.0100311752,1000,macros/europa_E00960_1p53619103MeV.mac,dna_ice_am_rho0p5_E00960_1p53619103MeV,root/dna_ice_am_rho0p5_E00960_1p53619103MeV.root,ice_am,0.5
961,1.54121481,1.5513117,1.54625501,0.0100968919,1000,macros/europa_E00961_1p54625501MeV.mac,dna_ice_am_rho0p5_E00961_1p54625501MeV,root/dna_ice_am_rho0p5_E00961_1p54625501MeV.root,ice_am,0.5
962,1.5513117,1.56147474,1.55638492,0.0101630393,1000,macros/europa_E00962_1p55638492MeV.mac,dna_ice_am_rho0p5_E00962_1p55638492MeV,root/dna_ice_am_rho0p5_E00962_1p55638492MeV.root,ice_am,0.5
963,1.56147474,1.57170436,1.5665812,0.0102296199,1000,macros/europa_E00963_1p5665812MeV.mac,dna_ice_am_rho0p5_E00963_1p5665812MeV,root/dna_ice_am_rho0p5_E00963_1p5665812MeV.root,ice_am,0.5
964,1.57170436,1.58200099,1.57684427,0.0102966368,1000,macros/europa_E00964_1p57684427MeV.mac,dna_ice_am_rho0p5_E00964_1p57684427MeV,root/dna_ice_am_rho0p5_E00964_1p57684427MeV.root,ice_am,0.5
965,1.58200099,1.59236509,1.58717458,0.0103640927,1000,macros/europa_E00965_1p58717458MeV.mac,dna_ice_am_rho0p5_E00965_1p58717458MeV,root/dna_ice_am_rho0p5_E00965_1p58717458MeV.root,ice_am,0.5
966,1.59236509,1.60279708,1.59757257,0.0104319905,1000,macros/europa_E00966_1p59757257MeV.mac,dna_ice_am_rho0p5_E00966_1p59757257MeV,root/dna_ice_am_rho0p5_E00966_1p59757257MeV.root,ice_am,0.5
967,1.60279708,1.61329741,1.60803867,0.0105003331,1000,macros/europa_E00967_1p60803867MeV.mac,dna_ice_am_rho0p5_E00967_1p60803867MeV,root/dna_ice_am_rho0p5_E00967_1p60803867MeV.root,ice_am,0.5
968,1.61329741,1.62386653,1.61857335,0.0105691235,1000,macros/europa_E00968_1p61857335MeV.mac,dna_ice_am_rho0p5_E00968_1p61857335MeV,root/dna_ice_am_rho0p5_E00968_1p61857335MeV.root,ice_am,0.5
969,1.62386653,1.6345049,1.62917703,0.0106383645,1000,macros/europa_E00969_1p62917703MeV.mac,dna_ice_am_rho0p5_E00969_1p62917703MeV,root/dna_ice_am_rho0p5_E00969_1p62917703MeV.root,ice_am,0.5
970,1.6345049,1.64521296,1.63985019,0.0107080592,1000,macros/europa_E00970_1p63985019MeV.mac,dna_ice_am_rho0p5_E00970_1p63985019MeV,root/dna_ice_am_rho0p5_E00970_1p63985019MeV.root,ice_am,0.5
971,1.64521296,1.65599117,1.65059327,0.0107782104,1000,macros/europa_E00971_1p65059327MeV.mac,dna_ice_am_rho0p5_E00971_1p65059327MeV,root/dna_ice_am_rho0p5_E00971_1p65059327MeV.root,ice_am,0.5
972,1.65599117,1.66683999,1.66140672,0.0108488212,1000,macros/europa_E00972_1p66140672MeV.mac,dna_ice_am_rho0p5_E00972_1p66140672MeV,root/dna_ice_am_rho0p5_E00972_1p66140672MeV.root,ice_am,0.5
973,1.66683999,1.67775988,1.67229102,0.0109198946,1000,macros/europa_E00973_1p67229102MeV.mac,dna_ice_am_rho0p5_E00973_1p67229102MeV,root/dna_ice_am_rho0p5_E00973_1p67229102MeV.root,ice_am,0.5
974,1.67775988,1.68875132,1.68324663,0.0109914336,1000,macros/europa_E00974_1p68324663MeV.mac,dna_ice_am_rho0p5_E00974_1p68324663MeV,root/dna_ice_am_rho0p5_E00974_1p68324663MeV.root,ice_am,0.5
975,1.68875132,1.69981476,1.69427401,0.0110634413,1000,macros/europa_E00975_1p69427401MeV.mac,dna_ice_am_rho0p5_E00975_1p69427401MeV,root/dna_ice_am_rho0p5_E00975_1p69427401MeV.root,ice_am,0.5
976,1.69981476,1.71095068,1.70537363,0.0111359208,1000,macros/europa_E00976_1p70537363MeV.mac,dna_ice_am_rho0p5_E00976_1p70537363MeV,root/dna_ice_am_rho0p5_E00976_1p70537363MeV.root,ice_am,0.5
977,1.71095068,1.72215956,1.71654597,0.011208875,1000,macros/europa_E00977_1p71654597MeV.mac,dna_ice_am_rho0p5_E00977_1p71654597MeV,root/dna_ice_am_rho0p5_E00977_1p71654597MeV.root,ice_am,0.5
978,1.72215956,1.73344186,1.7277915,0.0112823072,1000,macros/europa_E00978_1p7277915MeV.mac,dna_ice_am_rho0p5_E00978_1p7277915MeV,root/dna_ice_am_rho0p5_E00978_1p7277915MeV.root,ice_am,0.5
979,1.73344186,1.74479808,1.7391107,0.0113562205,1000,macros/europa_E00979_1p7391107MeV.mac,dna_ice_am_rho0p5_E00979_1p7391107MeV,root/dna_ice_am_rho0p5_E00979_1p7391107MeV.root,ice_am,0.5
980,1.74479808,1.7562287,1.75050406,0.011430618,1000,macros/europa_E00980_1p75050406MeV.mac,dna_ice_am_rho0p5_E00980_1p75050406MeV,root/dna_ice_am_rho0p5_E00980_1p75050406MeV.root,ice_am,0.5
981,1.7562287,1.7677342,1.76197206,0.0115055029,1000,macros/europa_E00981_1p76197206MeV.mac,dna_ice_am_rho0p5_E00981_1p76197206MeV,root/dna_ice_am_rho0p5_E00981_1p76197206MeV.root,ice_am,0.5
982,1.7677342,1.77931508,1.77351519,0.0115808784,1000,macros/europa_E00982_1p77351519MeV.mac,dna_ice_am_rho0p5_E00982_1p77351519MeV,root/dna_ice_am_rho0p5_E00982_1p77351519MeV.root,ice_am,0.5
983,1.77931508,1.79097183,1.78513394,0.0116567477,1000,macros/europa_E00983_1p78513394MeV.mac,dna_ice_am_rho0p5_E00983_1p78513394MeV,root/dna_ice_am_rho0p5_E00983_1p78513394MeV.root,ice_am,0.5
984,1.79097183,1.80270494,1.79682881,0.011733114,1000,macros/europa_E00984_1p79682881MeV.mac,dna_ice_am_rho0p5_E00984_1p79682881MeV,root/dna_ice_am_rho0p5_E00984_1p79682881MeV.root,ice_am,0.5
985,1.80270494,1.81451492,1.80860029,0.0118099806,1000,macros/europa_E00985_1p80860029MeV.mac,dna_ice_am_rho0p5_E00985_1p80860029MeV,root/dna_ice_am_rho0p5_E00985_1p80860029MeV.root,ice_am,0.5
986,1.81451492,1.82640228,1.8204489,0.0118873508,1000,macros/europa_E00986_1p8204489MeV.mac,dna_ice_am_rho0p5_E00986_1p8204489MeV,root/dna_ice_am_rho0p5_E00986_1p8204489MeV.root,ice_am,0.5
987,1.82640228,1.8383675,1.83237512,0.0119652279,1000,macros/europa_E00987_1p83237512MeV.mac,dna_ice_am_rho0p5_E00987_1p83237512MeV,root/dna_ice_am_rho0p5_E00987_1p83237512MeV.root,ice_am,0.5
988,1.8383675,1.85041112,1.84437948,0.0120436152,1000,macros/europa_E00988_1p84437948MeV.mac,dna_ice_am_rho0p5_E00988_1p84437948MeV,root/dna_ice_am_rho0p5_E00988_1p84437948MeV.root,ice_am,0.5
989,1.85041112,1.86253363,1.85646248,0.012122516,1000,macros/europa_E00989_1p85646248MeV.mac,dna_ice_am_rho0p5_E00989_1p85646248MeV,root/dna_ice_am_rho0p5_E00989_1p85646248MeV.root,ice_am,0.5
990,1.86253363,1.87473557,1.86862464,0.0122019337,1000,macros/europa_E00990_1p86862464MeV.mac,dna_ice_am_rho0p5_E00990_1p86862464MeV,root/dna_ice_am_rho0p5_E00990_1p86862464MeV.root,ice_am,0.5
991,1.87473557,1.88701744,1.88086648,0.0122818717,1000,macros/europa_E00991_1p88086648MeV.mac,dna_ice_am_rho0p5_E00991_1p88086648MeV,root/dna_ice_am_rho0p5_E00991_1p88086648MeV.root,ice_am,0.5
992,1.88701744,1.89937977,1.89318852,0.0123623333,1000,macros/europa_E00992_1p89318852MeV.mac,dna_ice_am_rho0p5_E00992_1p89318852MeV,root/dna_ice_am_rho0p5_E00992_1p89318852MeV.root,ice_am,0.5
993,1.89937977,1.9118231,1.90559128,0.0124433221,1000,macros/europa_E00993_1p90559128MeV.mac,dna_ice_am_rho0p5_E00993_1p90559128MeV,root/dna_ice_am_rho0p5_E00993_1p90559128MeV.root,ice_am,0.5
994,1.9118231,1.92434794,1.91807529,0.0125248415,1000,macros/europa_E00994_1p91807529MeV.mac,dna_ice_am_rho0p5_E00994_1p91807529MeV,root/dna_ice_am_rho0p5_E00994_1p91807529MeV.root,ice_am,0.5
995,1.92434794,1.93695483,1.93064109,0.012606895,1000,macros/europa_E00995_1p93064109MeV.mac,dna_ice_am_rho0p5_E00995_1p93064109MeV,root/dna_ice_am_rho0p5_E00995_1p93064109MeV.root,ice_am,0.5
996,1.93695483,1.94964432,1.94328922,0.012689486,1000,macros/europa_E00996_1p94328922MeV.mac,dna_ice_am_rho0p5_E00996_1p94328922MeV,root/dna_ice_am_rho0p5_E00996_1p94328922MeV.root,ice_am,0.5
997,1.94964432,1.96241694,1.9560202,0.012772618,1000,macros/europa_E00997_1p9560202MeV.mac,dna_ice_am_rho0p5_E00997_1p9560202MeV,root/dna_ice_am_rho0p5_E00997_1p9560202MeV.root,ice_am,0.5
998,1.96241694,1.97527323,1.96883459,0.0128562947,1000,macros/europa_E00998_1p96883459MeV.mac,dna_ice_am_rho0p5_E00998_1p96883459MeV,root/dna_ice_am_rho0p5_E00998_1p96883459MeV.root,ice_am,0.5
999,1.97527323,1.98821375,1.98173293,0.0129405196,1000,macros/europa_E00999_1p98173293MeV.mac,dna_ice_am_rho0p5_E00999_1p98173293MeV,root/dna_ice_am_rho0p5_E00999_1p98173293MeV.root,ice_am,0.5
1000,1.98821375,2.00123905,1.99471577,0.0130252962,1000,macros/europa_E01000_1p99471577MeV.mac,dna_ice_am_rho0p5_E01000_1p99471577MeV,root/dna_ice_am_rho0p5_E01000_1p99471577MeV.root,ice_am,0.5
1001,2.00123905,2.01434967,2.00778366,0.0131106283,1000,macros/europa_E01001_2p00778366MeV.mac,dna_ice_am_rho0p5_E01001_2p00778366MeV,root/dna_ice_am_rho0p5_E01001_2p00778366MeV.root,ice_am,0.5
1002,2.01434967,2.02754619,2.02093716,0.0131965193,1000,macros/europa_E01002_2p02093716MeV.mac,dna_ice_am_rho0p5_E01002_2p02093716MeV,root/dna_ice_am_rho0p5_E01002_2p02093716MeV.root,ice_am,0.5
1003,2.02754619,2.04082917,2.03417684,0.0132829731,1000,macros/europa_E01003_2p03417684MeV.mac,dna_ice_am_rho0p5_E01003_2p03417684MeV,root/dna_ice_am_rho0p5_E01003_2p03417684MeV.root,ice_am,0.5
1004,2.04082917,2.05419916,2.04750325,0.0133699933,1000,macros/europa_E01004_2p04750325MeV.mac,dna_ice_am_rho0p5_E01004_2p04750325MeV,root/dna_ice_am_rho0p5_E01004_2p04750325MeV.root,ice_am,0.5
1005,2.05419916,2.06765674,2.06091697,0.0134575835,1000,macros/europa_E01005_2p06091697MeV.mac,dna_ice_am_rho0p5_E01005_2p06091697MeV,root/dna_ice_am_rho0p5_E01005_2p06091697MeV.root,ice_am,0.5
1006,2.06765674,2.08120249,2.07441856,0.0135457476,1000,macros/europa_E01006_2p07441856MeV.mac,dna_ice_am_rho0p5_E01006_2p07441856MeV,root/dna_ice_am_rho0p5_E01006_2p07441856MeV.root,ice_am,0.5
1007,2.08120249,2.09483698,2.08800861,0.0136344892,1000,macros/europa_E01007_2p08800861MeV.mac,dna_ice_am_rho0p5_E01007_2p08800861MeV,root/dna_ice_am_rho0p5_E01007_2p08800861MeV.root,ice_am,0.5
1008,2.09483698,2.10856079,2.10168768,0.0137238122,1000,macros/europa_E01008_2p10168768MeV.mac,dna_ice_am_rho0p5_E01008_2p10168768MeV,root/dna_ice_am_rho0p5_E01008_2p10168768MeV.root,ice_am,0.5
1009,2.10856079,2.12237451,2.11545638,0.0138137204,1000,macros/europa_E01009_2p11545638MeV.mac,dna_ice_am_rho0p5_E01009_2p11545638MeV,root/dna_ice_am_rho0p5_E01009_2p11545638MeV.root,ice_am,0.5
1010,2.12237451,2.13627873,2.12931527,0.0139042177,1000,macros/europa_E01010_2p12931527MeV.mac,dna_ice_am_rho0p5_E01010_2p12931527MeV,root/dna_ice_am_rho0p5_E01010_2p12931527MeV.root,ice_am,0.5
1011,2.13627873,2.15027404,2.14326496,0.0139953077,1000,macros/europa_E01011_2p14326496MeV.mac,dna_ice_am_rho0p5_E01011_2p14326496MeV,root/dna_ice_am_rho0p5_E01011_2p14326496MeV.root,ice_am,0.5
1012,2.15027404,2.16436103,2.15730604,0.0140869946,1000,macros/europa_E01012_2p15730604MeV.mac,dna_ice_am_rho0p5_E01012_2p15730604MeV,root/dna_ice_am_rho0p5_E01012_2p15730604MeV.root,ice_am,0.5
1013,2.16436103,2.17854032,2.1714391,0.0141792821,1000,macros/europa_E01013_2p1714391MeV.mac,dna_ice_am_rho0p5_E01013_2p1714391MeV,root/dna_ice_am_rho0p5_E01013_2p1714391MeV.root,ice_am,0.5
1014,2.17854032,2.19281249,2.18566475,0.0142721742,1000,macros/europa_E01014_2p18566475MeV.mac,dna_ice_am_rho0p5_E01014_2p18566475MeV,root/dna_ice_am_rho0p5_E01014_2p18566475MeV.root,ice_am,0.5
1015,2.19281249,2.20717816,2.1999836,0.0143656748,1000,macros/europa_E01015_2p1999836MeV.mac,dna_ice_am_rho0p5_E01015_2p1999836MeV,root/dna_ice_am_rho0p5_E01015_2p1999836MeV.root,ice_am,0.5
1016,2.20717816,2.22163795,2.21439626,0.014459788,1000,macros/europa_E01016_2p21439626MeV.mac,dna_ice_am_rho0p5_E01016_2p21439626MeV,root/dna_ice_am_rho0p5_E01016_2p21439626MeV.root,ice_am,0.5
1017,2.22163795,2.23619247,2.22890333,0.0145545178,1000,macros/europa_E01017_2p22890333MeV.mac,dna_ice_am_rho0p5_E01017_2p22890333MeV,root/dna_ice_am_rho0p5_E01017_2p22890333MeV.root,ice_am,0.5
1018,2.23619247,2.25084234,2.24350545,0.0146498682,1000,macros/europa_E01018_2p24350545MeV.mac,dna_ice_am_rho0p5_E01018_2p24350545MeV,root/dna_ice_am_rho0p5_E01018_2p24350545MeV.root,ice_am,0.5
1019,2.25084234,2.26558818,2.25820322,0.0147458432,1000,macros/europa_E01019_2p25820322MeV.mac,dna_ice_am_rho0p5_E01019_2p25820322MeV,root/dna_ice_am_rho0p5_E01019_2p25820322MeV.root,ice_am,0.5
1020,2.26558818,2.28043063,2.27299729,0.014842447,1000,macros/europa_E01020_2p27299729MeV.mac,dna_ice_am_rho0p5_E01020_2p27299729MeV,root/dna_ice_am_rho0p5_E01020_2p27299729MeV.root,ice_am,0.5
1021,2.28043063,2.29537031,2.28788828,0.0149396837,1000,macros/europa_E01021_2p28788828MeV.mac,dna_ice_am_rho0p5_E01021_2p28788828MeV,root/dna_ice_am_rho0p5_E01021_2p28788828MeV.root,ice_am,0.5
1022,2.29537031,2.31040787,2.30287682,0.0150375573,1000,macros/europa_E01022_2p30287682MeV.mac,dna_ice_am_rho0p5_E01022_2p30287682MeV,root/dna_ice_am_rho0p5_E01022_2p30287682MeV.root,ice_am,0.5
1023,2.31040787,2.32554394,2.31796355,0.0151360722,1000,macros/europa_E01023_2p31796355MeV.mac,dna_ice_am_rho0p5_E01023_2p31796355MeV,root/dna_ice_am_rho0p5_E01023_2p31796355MeV.root,ice_am,0.5
1024,2.32554394,2.34077917,2.33314912,0.0152352325,1000,macros/europa_E01024_2p33314912MeV.mac,dna_ice_am_rho0p5_E01024_2p33314912MeV,root/dna_ice_am_rho0p5_E01024_2p33314912MeV.root,ice_am,0.5
1025,2.34077917,2.35611422,2.34843418,0.0153350424,1000,macros/europa_E01025_2p34843418MeV.mac,dna_ice_am_rho0p5_E01025_2p34843418MeV,root/dna_ice_am_rho0p5_E01025_2p34843418MeV.root,ice_am,0.5
1026,2.35611422,2.37154972,2.36381937,0.0154355062,1000,macros/europa_E01026_2p36381937MeV.mac,dna_ice_am_rho0p5_E01026_2p36381937MeV,root/dna_ice_am_rho0p5_E01026_2p36381937MeV.root,ice_am,0.5
1027,2.37154972,2.38708635,2.37930536,0.0155366281,1000,macros/europa_E01027_2p37930536MeV.mac,dna_ice_am_rho0p5_E01027_2p37930536MeV,root/dna_ice_am_rho0p5_E01027_2p37930536MeV.root,ice_am,0.5
1028,2.38708635,2.40272476,2.39489279,0.0156384125,1000,macros/europa_E01028_2p39489279MeV.mac,dna_ice_am_rho0p5_E01028_2p39489279MeV,root/dna_ice_am_rho0p5_E01028_2p39489279MeV.root,ice_am,0.5
1029,2.40272476,2.41846563,2.41058235,0.0157408638,1000,macros/europa_E01029_2p41058235MeV.mac,dna_ice_am_rho0p5_E01029_2p41058235MeV,root/dna_ice_am_rho0p5_E01029_2p41058235MeV.root,ice_am,0.5
1030,2.41846563,2.43430961,2.42637469,0.0158439862,1000,macros/europa_E01030_2p42637469MeV.mac,dna_ice_am_rho0p5_E01030_2p42637469MeV,root/dna_ice_am_rho0p5_E01030_2p42637469MeV.root,ice_am,0.5
1031,2.43430961,2.4502574,2.44227049,0.0159477842,1000,macros/europa_E01031_2p44227049MeV.mac,dna_ice_am_rho0p5_E01031_2p44227049MeV,root/dna_ice_am_rho0p5_E01031_2p44227049MeV.root,ice_am,0.5
1032,2.4502574,2.46630966,2.45827043,0.0160522622,1000,macros/europa_E01032_2p45827043MeV.mac,dna_ice_am_rho0p5_E01032_2p45827043MeV,root/dna_ice_am_rho0p5_E01032_2p45827043MeV.root,ice_am,0.5
1033,2.46630966,2.48246708,2.47437518,0.0161574247,1000,macros/europa_E01033_2p47437518MeV.mac,dna_ice_am_rho0p5_E01033_2p47437518MeV,root/dna_ice_am_rho0p5_E01033_2p47437518MeV.root,ice_am,0.5
1034,2.48246708,2.49873036,2.49058545,0.0162632761,1000,macros/europa_E01034_2p49058545MeV.mac,dna_ice_am_rho0p5_E01034_2p49058545MeV,root/dna_ice_am_rho0p5_E01034_2p49058545MeV.root,ice_am,0.5
1035,2.49873036,2.51510018,2.50690191,0.016369821,1000,macros/europa_E01035_2p50690191MeV.mac,dna_ice_am_rho0p5_E01035_2p50690191MeV,root/dna_ice_am_rho0p5_E01035_2p50690191MeV.root,ice_am,0.5
1036,2.51510018,2.53157725,2.52332526,0.0164770638,1000,macros/europa_E01036_2p52332526MeV.mac,dna_ice_am_rho0p5_E01036_2p52332526MeV,root/dna_ice_am_rho0p5_E01036_2p52332526MeV.root,ice_am,0.5
1037,2.53157725,2.54816225,2.53985621,0.0165850093,1000,macros/europa_E01037_2p53985621MeV.mac,dna_ice_am_rho0p5_E01037_2p53985621MeV,root/dna_ice_am_rho0p5_E01037_2p53985621MeV.root,ice_am,0.5
1038,2.54816225,2.56485592,2.55649546,0.0166936619,1000,macros/europa_E01038_2p55649546MeV.mac,dna_ice_am_rho0p5_E01038_2p55649546MeV,root/dna_ice_am_rho0p5_E01038_2p55649546MeV.root,ice_am,0.5
1039,2.56485592,2.58165894,2.57324371,0.0168030264,1000,macros/europa_E01039_2p57324371MeV.mac,dna_ice_am_rho0p5_E01039_2p57324371MeV,root/dna_ice_am_rho0p5_E01039_2p57324371MeV.root,ice_am,0.5
1040,2.58165894,2.59857205,2.59010169,0.0169131073,1000,macros/europa_E01040_2p59010169MeV.mac,dna_ice_am_rho0p5_E01040_2p59010169MeV,root/dna_ice_am_rho0p5_E01040_2p59010169MeV.root,ice_am,0.5
1041,2.59857205,2.61559596,2.60707011,0.0170239094,1000,macros/europa_E01041_2p60707011MeV.mac,dna_ice_am_rho0p5_E01041_2p60707011MeV,root/dna_ice_am_rho0p5_E01041_2p60707011MeV.root,ice_am,0.5
1042,2.61559596,2.6327314,2.62414969,0.0171354374,1000,macros/europa_E01042_2p62414969MeV.mac,dna_ice_am_rho0p5_E01042_2p62414969MeV,root/dna_ice_am_rho0p5_E01042_2p62414969MeV.root,ice_am,0.5
1043,2.6327314,2.64997909,2.64134117,0.017247696,1000,macros/europa_E01043_2p64134117MeV.mac,dna_ice_am_rho0p5_E01043_2p64134117MeV,root/dna_ice_am_rho0p5_E01043_2p64134117MeV.root,ice_am,0.5
1044,2.64997909,2.66733978,2.65864527,0.0173606901,1000,macros/europa_E01044_2p65864527MeV.mac,dna_ice_am_rho0p5_E01044_2p65864527MeV,root/dna_ice_am_rho0p5_E01044_2p65864527MeV.root,ice_am,0.5
1045,2.66733978,2.68481421,2.67606273,0.0174744244,1000,macros/europa_E01045_2p67606273MeV.mac,dna_ice_am_rho0p5_E01045_2p67606273MeV,root/dna_ice_am_rho0p5_E01045_2p67606273MeV.root,ice_am,0.5
1046,2.68481421,2.70240311,2.6935943,0.0175889038,1000,macros/europa_E01046_2p6935943MeV.mac,dna_ice_am_rho0p5_E01046_2p6935943MeV,root/dna_ice_am_rho0p5_E01046_2p6935943MeV.root,ice_am,0.5
1047,2.70240311,2.72010724,2.71124073,0.0177041332,1000,macros/europa_E01047_2p71124073MeV.mac,dna_ice_am_rho0p5_E01047_2p71124073MeV,root/dna_ice_am_rho0p5_E01047_2p71124073MeV.root,ice_am,0.5
1048,2.72010724,2.73792736,2.72900276,0.0178201175,1000,macros/europa_E01048_2p72900276MeV.mac,dna_ice_am_rho0p5_E01048_2p72900276MeV,root/dna_ice_am_rho0p5_E01048_2p72900276MeV.root,ice_am,0.5
1049,2.73792736,2.75586422,2.74688115,0.0179368616,1000,macros/europa_E01049_2p74688115MeV.mac,dna_ice_am_rho0p5_E01049_2p74688115MeV,root/dna_ice_am_rho0p5_E01049_2p74688115MeV.root,ice_am,0.5
1050,2.75586422,2.77391859,2.76487667,0.0180543706,1000,macros/europa_E01050_2p76487667MeV.mac,dna_ice_am_rho0p5_E01050_2p76487667MeV,root/dna_ice_am_rho0p5_E01050_2p76487667MeV.root,ice_am,0.5
1051,2.77391859,2.79209124,2.78299009,0.0181726494,1000,macros/europa_E01051_2p78299009MeV.mac,dna_ice_am_rho0p5_E01051_2p78299009MeV,root/dna_ice_am_rho0p5_E01051_2p78299009MeV.root,ice_am,0.5
1052,2.79209124,2.81038295,2.80122216,0.0182917031,1000,macros/europa_E01052_2p80122216MeV.mac,dna_ice_am_rho0p5_E01052_2p80122216MeV,root/dna_ice_am_rho0p5_E01052_2p80122216MeV.root,ice_am,0.5
1053,2.81038295,2.82879448,2.81957369,0.0184115367,1000,macros/europa_E01053_2p81957369MeV.mac,dna_ice_am_rho0p5_E01053_2p81957369MeV,root/dna_ice_am_rho0p5_E01053_2p81957369MeV.root,ice_am,0.5
1054,2.82879448,2.84732664,2.83804543,0.0185321554,1000,macros/europa_E01054_2p83804543MeV.mac,dna_ice_am_rho0p5_E01054_2p83804543MeV,root/dna_ice_am_rho0p5_E01054_2p83804543MeV.root,ice_am,0.5
1055,2.84732664,2.8659802,2.85663819,0.0186535642,1000,macros/europa_E01055_2p85663819MeV.mac,dna_ice_am_rho0p5_E01055_2p85663819MeV,root/dna_ice_am_rho0p5_E01055_2p85663819MeV.root,ice_am,0.5
1056,2.8659802,2.88475597,2.87535276,0.0187757685,1000,macros/europa_E01056_2p87535276MeV.mac,dna_ice_am_rho0p5_E01056_2p87535276MeV,root/dna_ice_am_rho0p5_E01056_2p87535276MeV.root,ice_am,0.5
1057,2.88475597,2.90365474,2.89418993,0.0188987734,1000,macros/europa_E01057_2p89418993MeV.mac,dna_ice_am_rho0p5_E01057_2p89418993MeV,root/dna_ice_am_rho0p5_E01057_2p89418993MeV.root,ice_am,0.5
1058,2.90365474,2.92267733,2.91315051,0.0190225841,1000,macros/europa_E01058_2p91315051MeV.mac,dna_ice_am_rho0p5_E01058_2p91315051MeV,root/dna_ice_am_rho0p5_E01058_2p91315051MeV.root,ice_am,0.5
1059,2.92267733,2.94182453,2.9322353,0.0191472059,1000,macros/europa_E01059_2p9322353MeV.mac,dna_ice_am_rho0p5_E01059_2p9322353MeV,root/dna_ice_am_rho0p5_E01059_2p9322353MeV.root,ice_am,0.5
1060,2.94182453,2.96109718,2.95144513,0.0192726441,1000,macros/europa_E01060_2p95144513MeV.mac,dna_ice_am_rho0p5_E01060_2p95144513MeV,root/dna_ice_am_rho0p5_E01060_2p95144513MeV.root,ice_am,0.5
1061,2.96109718,2.98049608,2.9707808,0.0193989041,1000,macros/europa_E01061_2p9707808MeV.mac,dna_ice_am_rho0p5_E01061_2p9707808MeV,root/dna_ice_am_rho0p5_E01061_2p9707808MeV.root,ice_am,0.5
1062,2.98049608,3.00002207,2.99024314,0.0195259913,1000,macros/europa_E01062_2p99024314MeV.mac,dna_ice_am_rho0p5_E01062_2p99024314MeV,root/dna_ice_am_rho0p5_E01062_2p99024314MeV.root,ice_am,0.5
1063,3.00002207,3.01967599,3.00983299,0.0196539111,1000,macros/europa_E01063_3p00983299MeV.mac,dna_ice_am_rho0p5_E01063_3p00983299MeV,root/dna_ice_am_rho0p5_E01063_3p00983299MeV.root,ice_am,0.5
1064,3.01967599,3.03945865,3.02955117,0.0197826688,1000,macros/europa_E01064_3p02955117MeV.mac,dna_ice_am_rho0p5_E01064_3p02955117MeV,root/dna_ice_am_rho0p5_E01064_3p02955117MeV.root,ice_am,0.5
1065,3.03945865,3.05937092,3.04939854,0.0199122702,1000,macros/europa_E01065_3p04939854MeV.mac,dna_ice_am_rho0p5_E01065_3p04939854MeV,root/dna_ice_am_rho0p5_E01065_3p04939854MeV.root,ice_am,0.5
1066,3.05937092,3.07941364,3.06937592,0.0200427205,1000,macros/europa_E01066_3p06937592MeV.mac,dna_ice_am_rho0p5_E01066_3p06937592MeV,root/dna_ice_am_rho0p5_E01066_3p06937592MeV.root,ice_am,0.5
1067,3.07941364,3.09958767,3.08948419,0.0201740255,1000,macros/europa_E01067_3p08948419MeV.mac,dna_ice_am_rho0p5_E01067_3p08948419MeV,root/dna_ice_am_rho0p5_E01067_3p08948419MeV.root,ice_am,0.5
1068,3.09958767,3.11989386,3.10972419,0.0203061907,1000,macros/europa_E01068_3p10972419MeV.mac,dna_ice_am_rho0p5_E01068_3p10972419MeV,root/dna_ice_am_rho0p5_E01068_3p10972419MeV.root,ice_am,0.5
1069,3.11989386,3.14033308,3.13009679,0.0204392218,1000,macros/europa_E01069_3p13009679MeV.mac,dna_ice_am_rho0p5_E01069_3p13009679MeV,root/dna_ice_am_rho0p5_E01069_3p13009679MeV.root,ice_am,0.5
1070,3.14033308,3.16090621,3.15060285,0.0205731243,1000,macros/europa_E01070_3p15060285MeV.mac,dna_ice_am_rho0p5_E01070_3p15060285MeV,root/dna_ice_am_rho0p5_E01070_3p15060285MeV.root,ice_am,0.5
1071,3.16090621,3.18161411,3.17124326,0.0207079041,1000,macros/europa_E01071_3p17124326MeV.mac,dna_ice_am_rho0p5_E01071_3p17124326MeV,root/dna_ice_am_rho0p5_E01071_3p17124326MeV.root,ice_am,0.5
1072,3.18161411,3.20245768,3.19201888,0.0208435669,1000,macros/europa_E01072_3p19201888MeV.mac,dna_ice_am_rho0p5_E01072_3p19201888MeV,root/dna_ice_am_rho0p5_E01072_3p19201888MeV.root,ice_am,0.5
1073,3.20245768,3.2234378,3.21293061,0.0209801184,1000,macros/europa_E01073_3p21293061MeV.mac,dna_ice_am_rho0p5_E01073_3p21293061MeV,root/dna_ice_am_rho0p5_E01073_3p21293061MeV.root,ice_am,0.5
1074,3.2234378,3.24455536,3.23397934,0.0211175645,1000,macros/europa_E01074_3p23397934MeV.mac,dna_ice_am_rho0p5_E01074_3p23397934MeV,root/dna_ice_am_rho0p5_E01074_3p23397934MeV.root,ice_am,0.5
1075,3.24455536,3.26581127,3.25516597,0.0212559111,1000,macros/europa_E01075_3p25516597MeV.mac,dna_ice_am_rho0p5_E01075_3p25516597MeV,root/dna_ice_am_rho0p5_E01075_3p25516597MeV.root,ice_am,0.5
1076,3.26581127,3.28720644,3.27649139,0.021395164,1000,macros/europa_E01076_3p27649139MeV.mac,dna_ice_am_rho0p5_E01076_3p27649139MeV,root/dna_ice_am_rho0p5_E01076_3p27649139MeV.root,ice_am,0.5
1077,3.28720644,3.30874177,3.29795652,0.0215353292,1000,macros/europa_E01077_3p29795652MeV.mac,dna_ice_am_rho0p5_E01077_3p29795652MeV,root/dna_ice_am_rho0p5_E01077_3p29795652MeV.root,ice_am,0.5
1078,3.30874177,3.33041818,3.31956228,0.0216764126,1000,macros/europa_E01078_3p31956228MeV.mac,dna_ice_am_rho0p5_E01078_3p31956228MeV,root/dna_ice_am_rho0p5_E01078_3p31956228MeV.root,ice_am,0.5
1079,3.33041818,3.3522366,3.34130958,0.0218184203,1000,macros/europa_E01079_3p34130958MeV.mac,dna_ice_am_rho0p5_E01079_3p34130958MeV,root/dna_ice_am_rho0p5_E01079_3p34130958MeV.root,ice_am,0.5
1080,3.3522366,3.37419796,3.36319935,0.0219613584,1000,macros/europa_E01080_3p36319935MeV.mac,dna_ice_am_rho0p5_E01080_3p36319935MeV,root/dna_ice_am_rho0p5_E01080_3p36319935MeV.root,ice_am,0.5
1081,3.37419796,3.39630319,3.38523253,0.0221052329,1000,macros/europa_E01081_3p38523253MeV.mac,dna_ice_am_rho0p5_E01081_3p38523253MeV,root/dna_ice_am_rho0p5_E01081_3p38523253MeV.root,ice_am,0.5
1082,3.39630319,3.41855324,3.40741005,0.0222500499,1000,macros/europa_E01082_3p40741005MeV.mac,dna_ice_am_rho0p5_E01082_3p40741005MeV,root/dna_ice_am_rho0p5_E01082_3p40741005MeV.root,ice_am,0.5
1083,3.41855324,3.44094905,3.42973287,0.0223958156,1000,macros/europa_E01083_3p42973287MeV.mac,dna_ice_am_rho0p5_E01083_3p42973287MeV,root/dna_ice_am_rho0p5_E01083_3p42973287MeV.root,ice_am,0.5
1084,3.44094905,3.46349159,3.45220192,0.0225425364,1000,macros/europa_E01084_3p45220192MeV.mac,dna_ice_am_rho0p5_E01084_3p45220192MeV,root/dna_ice_am_rho0p5_E01084_3p45220192MeV.root,ice_am,0.5
1085,3.46349159,3.48618181,3.47481818,0.0226902183,1000,macros/europa_E01085_3p47481818MeV.mac,dna_ice_am_rho0p5_E01085_3p47481818MeV,root/dna_ice_am_rho0p5_E01085_3p47481818MeV.root,ice_am,0.5
1086,3.48618181,3.50902068,3.4975826,0.0228388677,1000,macros/europa_E01086_3p4975826MeV.mac,dna_ice_am_rho0p5_E01086_3p4975826MeV,root/dna_ice_am_rho0p5_E01086_3p4975826MeV.root,ice_am,0.5
1087,3.50902068,3.53200917,3.52049616,0.0229884909,1000,macros/europa_E01087_3p52049616MeV.mac,dna_ice_am_rho0p5_E01087_3p52049616MeV,root/dna_ice_am_rho0p5_E01087_3p52049616MeV.root,ice_am,0.5
1088,3.53200917,3.55514826,3.54355983,0.0231390944,1000,macros/europa_E01088_3p54355983MeV.mac,dna_ice_am_rho0p5_E01088_3p54355983MeV,root/dna_ice_am_rho0p5_E01088_3p54355983MeV.root,ice_am,0.5
1089,3.55514826,3.57843895,3.56677459,0.0232906845,1000,macros/europa_E01089_3p56677459MeV.mac,dna_ice_am_rho0p5_E01089_3p56677459MeV,root/dna_ice_am_rho0p5_E01089_3p56677459MeV.root,ice_am,0.5
1090,3.57843895,3.60188221,3.59014145,0.0234432678,1000,macros/europa_E01090_3p59014145MeV.mac,dna_ice_am_rho0p5_E01090_3p59014145MeV,root/dna_ice_am_rho0p5_E01090_3p59014145MeV.root,ice_am,0.5
1091,3.60188221,3.62547907,3.61366138,0.0235968506,1000,macros/europa_E01091_3p61366138MeV.mac,dna_ice_am_rho0p5_E01091_3p61366138MeV,root/dna_ice_am_rho0p5_E01091_3p61366138MeV.root,ice_am,0.5
1092,3.62547907,3.64923051,3.6373354,0.0237514396,1000,macros/europa_E01092_3p6373354MeV.mac,dna_ice_am_rho0p5_E01092_3p6373354MeV,root/dna_ice_am_rho0p5_E01092_3p6373354MeV.root,ice_am,0.5
1093,3.64923051,3.67313755,3.66116451,0.0239070413,1000,macros/europa_E01093_3p66116451MeV.mac,dna_ice_am_rho0p5_E01093_3p66116451MeV,root/dna_ice_am_rho0p5_E01093_3p66116451MeV.root,ice_am,0.5
1094,3.67313755,3.69720121,3.68514974,0.0240636625,1000,macros/europa_E01094_3p68514974MeV.mac,dna_ice_am_rho0p5_E01094_3p68514974MeV,root/dna_ice_am_rho0p5_E01094_3p68514974MeV.root,ice_am,0.5
1095,3.69720121,3.72142252,3.70929209,0.0242213097,1000,macros/europa_E01095_3p70929209MeV.mac,dna_ice_am_rho0p5_E01095_3p70929209MeV,root/dna_ice_am_rho0p5_E01095_3p70929209MeV.root,ice_am,0.5
1096,3.72142252,3.74580251,3.73359261,0.0243799897,1000,macros/europa_E01096_3p73359261MeV.mac,dna_ice_am_rho0p5_E01096_3p73359261MeV,root/dna_ice_am_rho0p5_E01096_3p73359261MeV.root,ice_am,0.5
1097,3.74580251,3.77034222,3.75805233,0.0245397092,1000,macros/europa_E01097_3p75805233MeV.mac,dna_ice_am_rho0p5_E01097_3p75805233MeV,root/dna_ice_am_rho0p5_E01097_3p75805233MeV.root,ice_am,0.5
1098,3.77034222,3.79504269,3.78267229,0.0247004751,1000,macros/europa_E01098_3p78267229MeV.mac,dna_ice_am_rho0p5_E01098_3p78267229MeV,root/dna_ice_am_rho0p5_E01098_3p78267229MeV.root,ice_am,0.5
1099,3.79504269,3.81990499,3.80745355,0.0248622942,1000,macros/europa_E01099_3p80745355MeV.mac,dna_ice_am_rho0p5_E01099_3p80745355MeV,root/dna_ice_am_rho0p5_E01099_3p80745355MeV.root,ice_am,0.5
1100,3.81990499,3.84493016,3.83239715,0.0250251735,1000,macros/europa_E01100_3p83239715MeV.mac,dna_ice_am_rho0p5_E01100_3p83239715MeV,root/dna_ice_am_rho0p5_E01100_3p83239715MeV.root,ice_am,0.5
1101,3.84493016,3.87011928,3.85750416,0.0251891198,1000,macros/europa_E01101_3p85750416MeV.mac,dna_ice_am_rho0p5_E01101_3p85750416MeV,root/dna_ice_am_rho0p5_E01101_3p85750416MeV.root,ice_am,0.5
1102,3.87011928,3.89547342,3.88277566,0.0253541401,1000,macros/europa_E01102_3p88277566MeV.mac,dna_ice_am_rho0p5_E01102_3p88277566MeV,root/dna_ice_am_rho0p5_E01102_3p88277566MeV.root,ice_am,0.5
1103,3.89547342,3.92099366,3.90821271,0.0255202416,1000,macros/europa_E01103_3p90821271MeV.mac,dna_ice_am_rho0p5_E01103_3p90821271MeV,root/dna_ice_am_rho0p5_E01103_3p90821271MeV.root,ice_am,0.5
1104,3.92099366,3.94668109,3.93381641,0.0256874312,1000,macros/europa_E01104_3p93381641MeV.mac,dna_ice_am_rho0p5_E01104_3p93381641MeV,root/dna_ice_am_rho0p5_E01104_3p93381641MeV.root,ice_am,0.5
1105,3.94668109,3.97253681,3.95958785,0.0258557161,1000,macros/europa_E01105_3p95958785MeV.mac,dna_ice_am_rho0p5_E01105_3p95958785MeV,root/dna_ice_am_rho0p5_E01105_3p95958785MeV.root,ice_am,0.5
1106,3.97253681,3.99856191,3.98552812,0.0260251035,1000,macros/europa_E01106_3p98552812MeV.mac,dna_ice_am_rho0p5_E01106_3p98552812MeV,root/dna_ice_am_rho0p5_E01106_3p98552812MeV.root,ice_am,0.5
1107,3.99856191,4.02475751,4.01163833,0.0261956006,1000,macros/europa_E01107_4p01163833MeV.mac,dna_ice_am_rho0p5_E01107_4p01163833MeV,root/dna_ice_am_rho0p5_E01107_4p01163833MeV.root,ice_am,0.5
1108,4.02475751,4.05112473,4.0379196,0.0263672147,1000,macros/europa_E01108_4p0379196MeV.mac,dna_ice_am_rho0p5_E01108_4p0379196MeV,root/dna_ice_am_rho0p5_E01108_4p0379196MeV.root,ice_am,0.5
1109,4.05112473,4.07766468,4.06437304,0.0265399531,1000,macros/europa_E01109_4p06437304MeV.mac,dna_ice_am_rho0p5_E01109_4p06437304MeV,root/dna_ice_am_rho0p5_E01109_4p06437304MeV.root,ice_am,0.5
1110,4.07766468,4.1043785,4.09099979,0.0267138231,1000,macros/europa_E01110_4p09099979MeV.mac,dna_ice_am_rho0p5_E01110_4p09099979MeV,root/dna_ice_am_rho0p5_E01110_4p09099979MeV.root,ice_am,0.5
1111,4.1043785,4.13126734,4.11780097,0.0268888322,1000,macros/europa_E01111_4p11780097MeV.mac,dna_ice_am_rho0p5_E01111_4p11780097MeV,root/dna_ice_am_rho0p5_E01111_4p11780097MeV.root,ice_am,0.5
1112,4.13126734,4.15833232,4.14477774,0.0270649878,1000,macros/europa_E01112_4p14477774MeV.mac,dna_ice_am_rho0p5_E01112_4p14477774MeV,root/dna_ice_am_rho0p5_E01112_4p14477774MeV.root,ice_am,0.5
1113,4.15833232,4.18557462,4.17193124,0.0272422974,1000,macros/europa_E01113_4p17193124MeV.mac,dna_ice_am_rho0p5_E01113_4p17193124MeV,root/dna_ice_am_rho0p5_E01113_4p17193124MeV.root,ice_am,0.5
1114,4.18557462,4.21299539,4.19926262,0.0274207687,1000,macros/europa_E01114_4p19926262MeV.mac,dna_ice_am_rho0p5_E01114_4p19926262MeV,root/dna_ice_am_rho0p5_E01114_4p19926262MeV.root,ice_am,0.5
1115,4.21299539,4.2405958,4.22677307,0.0276004091,1000,macros/europa_E01115_4p22677307MeV.mac,dna_ice_am_rho0p5_E01115_4p22677307MeV,root/dna_ice_am_rho0p5_E01115_4p22677307MeV.root,ice_am,0.5
1116,4.2405958,4.26837703,4.25446374,0.0277812265,1000,macros/europa_E01116_4p25446374MeV.mac,dna_ice_am_rho0p5_E01116_4p25446374MeV,root/dna_ice_am_rho0p5_E01116_4p25446374MeV.root,ice_am,0.5
1117,4.26837703,4.29634025,4.28233582,0.0279632284,1000,macros/europa_E01117_4p28233582MeV.mac,dna_ice_am_rho0p5_E01117_4p28233582MeV,root/dna_ice_am_rho0p5_E01117_4p28233582MeV.root,ice_am,0.5
1118,4.29634025,4.32448668,4.31039049,0.0281464226,1000,macros/europa_E01118_4p31039049MeV.mac,dna_ice_am_rho0p5_E01118_4p31039049MeV,root/dna_ice_am_rho0p5_E01118_4p31039049MeV.root,ice_am,0.5
1119,4.32448668,4.35281749,4.33862896,0.028330817,1000,macros/europa_E01119_4p33862896MeV.mac,dna_ice_am_rho0p5_E01119_4p33862896MeV,root/dna_ice_am_rho0p5_E01119_4p33862896MeV.root,ice_am,0.5
1120,4.35281749,4.38133391,4.36705243,0.0285164195,1000,macros/europa_E01120_4p36705243MeV.mac,dna_ice_am_rho0p5_E01120_4p36705243MeV,root/dna_ice_am_rho0p5_E01120_4p36705243MeV.root,ice_am,0.5
1121,4.38133391,4.41003715,4.3956621,0.0287032378,1000,macros/europa_E01121_4p3956621MeV.mac,dna_ice_am_rho0p5_E01121_4p3956621MeV,root/dna_ice_am_rho0p5_E01121_4p3956621MeV.root,ice_am,0.5
1122,4.41003715,4.43892843,4.42445921,0.0288912801,1000,macros/europa_E01122_4p42445921MeV.mac,dna_ice_am_rho0p5_E01122_4p42445921MeV,root/dna_ice_am_rho0p5_E01122_4p42445921MeV.root,ice_am,0.5
1123,4.43892843,4.46800899,4.45344497,0.0290805542,1000,macros/europa_E01123_4p45344497MeV.mac,dna_ice_am_rho0p5_E01123_4p45344497MeV,root/dna_ice_am_rho0p5_E01123_4p45344497MeV.root,ice_am,0.5
1124,4.46800899,4.49728005,4.48262063,0.0292710684,1000,macros/europa_E01124_4p48262063MeV.mac,dna_ice_am_rho0p5_E01124_4p48262063MeV,root/dna_ice_am_rho0p5_E01124_4p48262063MeV.root,ice_am,0.5
1125,4.49728005,4.52674288,4.51198742,0.0294628306,1000,macros/europa_E01125_4p51198742MeV.mac,dna_ice_am_rho0p5_E01125_4p51198742MeV,root/dna_ice_am_rho0p5_E01125_4p51198742MeV.root,ice_am,0.5
1126,4.52674288,4.55639873,4.5415466,0.0296558491,1000,macros/europa_E01126_4p5415466MeV.mac,dna_ice_am_rho0p5_E01126_4p5415466MeV,root/dna_ice_am_rho0p5_E01126_4p5415466MeV.root,ice_am,0.5
1127,4.55639873,4.58624887,4.57129943,0.0298501322,1000,macros/europa_E01127_4p57129943MeV.mac,dna_ice_am_rho0p5_E01127_4p57129943MeV,root/dna_ice_am_rho0p5_E01127_4p57129943MeV.root,ice_am,0.5
1128,4.58624887,4.61629455,4.60124719,0.030045688,1000,macros/europa_E01128_4p60124719MeV.mac,dna_ice_am_rho0p5_E01128_4p60124719MeV,root/dna_ice_am_rho0p5_E01128_4p60124719MeV.root,ice_am,0.5
1129,4.61629455,4.64653708,4.63139113,0.030242525,1000,macros/europa_E01129_4p63139113MeV.mac,dna_ice_am_rho0p5_E01129_4p63139113MeV,root/dna_ice_am_rho0p5_E01129_4p63139113MeV.root,ice_am,0.5
1130,4.64653708,4.67697773,4.66173256,0.0304406515,1000,macros/europa_E01130_4p66173256MeV.mac,dna_ice_am_rho0p5_E01130_4p66173256MeV,root/dna_ice_am_rho0p5_E01130_4p66173256MeV.root,ice_am,0.5
1131,4.67697773,4.70761781,4.69227276,0.030640076,1000,macros/europa_E01131_4p69227276MeV.mac,dna_ice_am_rho0p5_E01131_4p69227276MeV,root/dna_ice_am_rho0p5_E01131_4p69227276MeV.root,ice_am,0.5
1132,4.70761781,4.73845861,4.72301304,0.030840807,1000,macros/europa_E01132_4p72301304MeV.mac,dna_ice_am_rho0p5_E01132_4p72301304MeV,root/dna_ice_am_rho0p5_E01132_4p72301304MeV.root,ice_am,0.5
1133,4.73845861,4.76950147,4.7539547,0.031042853,1000,macros/europa_E01133_4p7539547MeV.mac,dna_ice_am_rho0p5_E01133_4p7539547MeV,root/dna_ice_am_rho0p5_E01133_4p7539547MeV.root,ice_am,0.5
1134,4.76950147,4.80074769,4.78509907,0.0312462226,1000,macros/europa_E01134_4p78509907MeV.mac,dna_ice_am_rho0p5_E01134_4p78509907MeV,root/dna_ice_am_rho0p5_E01134_4p78509907MeV.root,ice_am,0.5
1135,4.80074769,4.83219861,4.81644748,0.0314509246,1000,macros/europa_E01135_4p81644748MeV.mac,dna_ice_am_rho0p5_E01135_4p81644748MeV,root/dna_ice_am_rho0p5_E01135_4p81644748MeV.root,ice_am,0.5
1136,4.83219861,4.86385558,4.84800126,0.0316569676,1000,macros/europa_E01136_4p84800126MeV.mac,dna_ice_am_rho0p5_E01136_4p84800126MeV,root/dna_ice_am_rho0p5_E01136_4p84800126MeV.root,ice_am,0.5
1137,4.86385558,4.89571994,4.87976175,0.0318643605,1000,macros/europa_E01137_4p87976175MeV.mac,dna_ice_am_rho0p5_E01137_4p87976175MeV,root/dna_ice_am_rho0p5_E01137_4p87976175MeV.root,ice_am,0.5
1138,4.89571994,4.92779305,4.91173032,0.0320731121,1000,macros/europa_E01138_4p91173032MeV.mac,dna_ice_am_rho0p5_E01138_4p91173032MeV,root/dna_ice_am_rho0p5_E01138_4p91173032MeV.root,ice_am,0.5
1139,4.92779305,4.96007628,4.94390832,0.0322832312,1000,macros/europa_E01139_4p94390832MeV.mac,dna_ice_am_rho0p5_E01139_4p94390832MeV,root/dna_ice_am_rho0p5_E01139_4p94390832MeV.root,ice_am,0.5
1140,4.96007628,4.99257101,4.97629713,0.0324947269,1000,macros/europa_E01140_4p97629713MeV.mac,dna_ice_am_rho0p5_E01140_4p97629713MeV,root/dna_ice_am_rho0p5_E01140_4p97629713MeV.root,ice_am,0.5
1141,4.99257101,5.02527862,5.00889812,0.0327076082,1000,macros/europa_E01141_5p00889812MeV.mac,dna_ice_am_rho0p5_E01141_5p00889812MeV,root/dna_ice_am_rho0p5_E01141_5p00889812MeV.root,ice_am,0.5
1142,5.02527862,5.0582005,5.04171269,0.0329218841,1000,macros/europa_E01142_5p04171269MeV.mac,dna_ice_am_rho0p5_E01142_5p04171269MeV,root/dna_ice_am_rho0p5_E01142_5p04171269MeV.root,ice_am,0.5
1143,5.0582005,5.09133807,5.07474224,0.0331375638,1000,macros/europa_E01143_5p07474224MeV.mac,dna_ice_am_rho0p5_E01143_5p07474224MeV,root/dna_ice_am_rho0p5_E01143_5p07474224MeV.root,ice_am,0.5
1144,5.09133807,5.12469272,5.10798817,0.0333546564,1000,macros/europa_E01144_5p10798817MeV.mac,dna_ice_am_rho0p5_E01144_5p10798817MeV,root/dna_ice_am_rho0p5_E01144_5p10798817MeV.root,ice_am,0.5
1145,5.12469272,5.1582659,5.14145191,0.0335731713,1000,macros/europa_E01145_5p14145191MeV.mac,dna_ice_am_rho0p5_E01145_5p14145191MeV,root/dna_ice_am_rho0p5_E01145_5p14145191MeV.root,ice_am,0.5
1146,5.1582659,5.19205901,5.17513487,0.0337931177,1000,macros/europa_E01146_5p17513487MeV.mac,dna_ice_am_rho0p5_E01146_5p17513487MeV,root/dna_ice_am_rho0p5_E01146_5p17513487MeV.root,ice_am,0.5
1147,5.19205901,5.22607352,5.2090385,0.0340145051,1000,macros/europa_E01147_5p2090385MeV.mac,dna_ice_am_rho0p5_E01147_5p2090385MeV,root/dna_ice_am_rho0p5_E01147_5p2090385MeV.root,ice_am,0.5
1148,5.22607352,5.26031086,5.24316424,0.0342373428,1000,macros/europa_E01148_5p24316424MeV.mac,dna_ice_am_rho0p5_E01148_5p24316424MeV,root/dna_ice_am_rho0p5_E01148_5p24316424MeV.root,ice_am,0.5
1149,5.26031086,5.2947725,5.27751355,0.0344616404,1000,macros/europa_E01149_5p27751355MeV.mac,dna_ice_am_rho0p5_E01149_5p27751355MeV,root/dna_ice_am_rho0p5_E01149_5p27751355MeV.root,ice_am,0.5
1150,5.2947725,5.32945991,5.31208789,0.0346874074,1000,macros/europa_E01150_5p31208789MeV.mac,dna_ice_am_rho0p5_E01150_5p31208789MeV,root/dna_ice_am_rho0p5_E01150_5p31208789MeV.root,ice_am,0.5
1151,5.32945991,5.36437456,5.34688874,0.0349146534,1000,macros/europa_E01151_5p34688874MeV.mac,dna_ice_am_rho0p5_E01151_5p34688874MeV,root/dna_ice_am_rho0p5_E01151_5p34688874MeV.root,ice_am,0.5
1152,5.36437456,5.39951795,5.38191757,0.0351433883,1000,macros/europa_E01152_5p38191757MeV.mac,dna_ice_am_rho0p5_E01152_5p38191757MeV,root/dna_ice_am_rho0p5_E01152_5p38191757MeV.root,ice_am,0.5
1153,5.39951795,5.43489157,5.41717589,0.0353736216,1000,macros/europa_E01153_5p41717589MeV.mac,dna_ice_am_rho0p5_E01153_5p41717589MeV,root/dna_ice_am_rho0p5_E01153_5p41717589MeV.root,ice_am,0.5
1154,5.43489157,5.47049694,5.45266519,0.0356053632,1000,macros/europa_E01154_5p45266519MeV.mac,dna_ice_am_rho0p5_E01154_5p45266519MeV,root/dna_ice_am_rho0p5_E01154_5p45266519MeV.root,ice_am,0.5
1155,5.47049694,5.50633556,5.48838699,0.035838623,1000,macros/europa_E01155_5p48838699MeV.mac,dna_ice_am_rho0p5_E01155_5p48838699MeV,root/dna_ice_am_rho0p5_E01155_5p48838699MeV.root,ice_am,0.5
1156,5.50633556,5.54240897,5.52434282,0.036073411,1000,macros/europa_E01156_5p52434282MeV.mac,dna_ice_am_rho0p5_E01156_5p52434282MeV,root/dna_ice_am_rho0p5_E01156_5p52434282MeV.root,ice_am,0.5
1157,5.54240897,5.57871871,5.5605342,0.0363097371,1000,macros/europa_E01157_5p5605342MeV.mac,dna_ice_am_rho0p5_E01157_5p5605342MeV,root/dna_ice_am_rho0p5_E01157_5p5605342MeV.root,ice_am,0.5
1158,5.57871871,5.61526632,5.59696268,0.0365476115,1000,macros/europa_E01158_5p59696268MeV.mac,dna_ice_am_rho0p5_E01158_5p59696268MeV,root/dna_ice_am_rho0p5_E01158_5p59696268MeV.root,ice_am,0.5
1159,5.61526632,5.65205336,5.63362981,0.0367870442,1000,macros/europa_E01159_5p63362981MeV.mac,dna_ice_am_rho0p5_E01159_5p63362981MeV,root/dna_ice_am_rho0p5_E01159_5p63362981MeV.root,ice_am,0.5
1160,5.65205336,5.68908141,5.67053716,0.0370280456,1000,macros/europa_E01160_5p67053716MeV.mac,dna_ice_am_rho0p5_E01160_5p67053716MeV,root/dna_ice_am_rho0p5_E01160_5p67053716MeV.root,ice_am,0.5
1161,5.68908141,5.72635203,5.7076863,0.0372706258,1000,macros/europa_E01161_5p7076863MeV.mac,dna_ice_am_rho0p5_E01161_5p7076863MeV,root/dna_ice_am_rho0p5_E01161_5p7076863MeV.root,ice_am,0.5
1162,5.72635203,5.76386683,5.74507881,0.0375147951,1000,macros/europa_E01162_5p74507881MeV.mac,dna_ice_am_rho0p5_E01162_5p74507881MeV,root/dna_ice_am_rho0p5_E01162_5p74507881MeV.root,ice_am,0.5
1163,5.76386683,5.80162739,5.78271629,0.0377605642,1000,macros/europa_E01163_5p78271629MeV.mac,dna_ice_am_rho0p5_E01163_5p78271629MeV,root/dna_ice_am_rho0p5_E01163_5p78271629MeV.root,ice_am,0.5
1164,5.80162739,5.83963534,5.82060034,0.0380079433,1000,macros/europa_E01164_5p82060034MeV.mac,dna_ice_am_rho0p5_E01164_5p82060034MeV,root/dna_ice_am_rho0p5_E01164_5p82060034MeV.root,ice_am,0.5
1165,5.83963534,5.87789228,5.85873258,0.038256943,1000,macros/europa_E01165_5p85873258MeV.mac,dna_ice_am_rho0p5_E01165_5p85873258MeV,root/dna_ice_am_rho0p5_E01165_5p85873258MeV.root,ice_am,0.5
1166,5.87789228,5.91639985,5.89711463,0.038507574,1000,macros/europa_E01166_5p89711463MeV.mac,dna_ice_am_rho0p5_E01166_5p89711463MeV,root/dna_ice_am_rho0p5_E01166_5p89711463MeV.root,ice_am,0.5
1167,5.91639985,5.9551597,5.93574814,0.038759847,1000,macros/europa_E01167_5p93574814MeV.mac,dna_ice_am_rho0p5_E01167_5p93574814MeV,root/dna_ice_am_rho0p5_E01167_5p93574814MeV.root,ice_am,0.5
1168,5.9551597,5.99417347,5.97463474,0.0390137726,1000,macros/europa_E01168_5p97463474MeV.mac,dna_ice_am_rho0p5_E01168_5p97463474MeV,root/dna_ice_am_rho0p5_E01168_5p97463474MeV.root,ice_am,0.5
1169,5.99417347,6.03344283,6.0137761,0.0392693618,1000,macros/europa_E01169_6p0137761MeV.mac,dna_ice_am_rho0p5_E01169_6p0137761MeV,root/dna_ice_am_rho0p5_E01169_6p0137761MeV.root,ice_am,0.5
1170,6.03344283,6.07296946,6.05317388,0.0395266254,1000,macros/europa_E01170_6p05317388MeV.mac,dna_ice_am_rho0p5_E01170_6p05317388MeV,root/dna_ice_am_rho0p5_E01170_6p05317388MeV.root,ice_am,0.5
1171,6.07296946,6.11275503,6.09282977,0.0397855745,1000,macros/europa_E01171_6p09282977MeV.mac,dna_ice_am_rho0p5_E01171_6p09282977MeV,root/dna_ice_am_rho0p5_E01171_6p09282977MeV.root,ice_am,0.5
1172,6.11275503,6.15280125,6.13274546,0.0400462199,1000,macros/europa_E01172_6p13274546MeV.mac,dna_ice_am_rho0p5_E01172_6p13274546MeV,root/dna_ice_am_rho0p5_E01172_6p13274546MeV.root,ice_am,0.5
1173,6.15280125,6.19310983,6.17292264,0.0403085729,1000,macros/europa_E01173_6p17292264MeV.mac,dna_ice_am_rho0p5_E01173_6p17292264MeV,root/dna_ice_am_rho0p5_E01173_6p17292264MeV.root,ice_am,0.5
1174,6.19310983,6.23368247,6.21336303,0.0405726447,1000,macros/europa_E01174_6p21336303MeV.mac,dna_ice_am_rho0p5_E01174_6p21336303MeV,root/dna_ice_am_rho0p5_E01174_6p21336303MeV.root,ice_am,0.5
1175,6.23368247,6.27452092,6.25406836,0.0408384465,1000,macros/europa_E01175_6p25406836MeV.mac,dna_ice_am_rho0p5_E01175_6p25406836MeV,root/dna_ice_am_rho0p5_E01175_6p25406836MeV.root,ice_am,0.5
1176,6.27452092,6.31562691,6.29504036,0.0411059896,1000,macros/europa_E01176_6p29504036MeV.mac,dna_ice_am_rho0p5_E01176_6p29504036MeV,root/dna_ice_am_rho0p5_E01176_6p29504036MeV.root,ice_am,0.5
1177,6.31562691,6.35700219,6.33628078,0.0413752854,1000,macros/europa_E01177_6p33628078MeV.mac,dna_ice_am_rho0p5_E01177_6p33628078MeV,root/dna_ice_am_rho0p5_E01177_6p33628078MeV.root,ice_am,0.5
1178,6.35700219,6.39864854,6.37779137,0.0416463455,1000,macros/europa_E01178_6p37779137MeV.mac,dna_ice_am_rho0p5_E01178_6p37779137MeV,root/dna_ice_am_rho0p5_E01178_6p37779137MeV.root,ice_am,0.5
1179,6.39864854,6.44056772,6.41957391,0.0419191813,1000,macros/europa_E01179_6p41957391MeV.mac,dna_ice_am_rho0p5_E01179_6p41957391MeV,root/dna_ice_am_rho0p5_E01179_6p41957391MeV.root,ice_am,0.5
1180,6.44056772,6.48276152,6.46163018,0.0421938046,1000,macros/europa_E01180_6p46163018MeV.mac,dna_ice_am_rho0p5_E01180_6p46163018MeV,root/dna_ice_am_rho0p5_E01180_6p46163018MeV.root,ice_am,0.5
1181,6.48276152,6.52523175,6.50396197,0.042470227,1000,macros/europa_E01181_6p50396197MeV.mac,dna_ice_am_rho0p5_E01181_6p50396197MeV,root/dna_ice_am_rho0p5_E01181_6p50396197MeV.root,ice_am,0.5
1182,6.52523175,6.56798021,6.54657109,0.0427484603,1000,macros/europa_E01182_6p54657109MeV.mac,dna_ice_am_rho0p5_E01182_6p54657109MeV,root/dna_ice_am_rho0p5_E01182_6p54657109MeV.root,ice_am,0.5
1183,6.56798021,6.61100873,6.58945935,0.0430285164,1000,macros/europa_E01183_6p58945935MeV.mac,dna_ice_am_rho0p5_E01183_6p58945935MeV,root/dna_ice_am_rho0p5_E01183_6p58945935MeV.root,ice_am,0.5
1184,6.61100873,6.65431914,6.63262858,0.0433104072,1000,macros/europa_E01184_6p63262858MeV.mac,dna_ice_am_rho0p5_E01184_6p63262858MeV,root/dna_ice_am_rho0p5_E01184_6p63262858MeV.root,ice_am,0.5
1185,6.65431914,6.69791328,6.67608062,0.0435941447,1000,macros/europa_E01185_6p67608062MeV.mac,dna_ice_am_rho0p5_E01185_6p67608062MeV,root/dna_ice_am_rho0p5_E01185_6p67608062MeV.root,ice_am,0.5
1186,6.69791328,6.74179302,6.71981733,0.0438797411,1000,macros/europa_E01186_6p71981733MeV.mac,dna_ice_am_rho0p5_E01186_6p71981733MeV,root/dna_ice_am_rho0p5_E01186_6p71981733MeV.root,ice_am,0.5
1187,6.74179302,6.78596023,6.76384057,0.0441672085,1000,macros/europa_E01187_6p76384057MeV.mac,dna_ice_am_rho0p5_E01187_6p76384057MeV,root/dna_ice_am_rho0p5_E01187_6p76384057MeV.root,ice_am,0.5
1188,6.78596023,6.83041679,6.80815222,0.0444565591,1000,macros/europa_E01188_6p80815222MeV.mac,dna_ice_am_rho0p5_E01188_6p80815222MeV,root/dna_ice_am_rho0p5_E01188_6p80815222MeV.root,ice_am,0.5
1189,6.83041679,6.87516459,6.85275417,0.0447478054,1000,macros/europa_E01189_6p85275417MeV.mac,dna_ice_am_rho0p5_E01189_6p85275417MeV,root/dna_ice_am_rho0p5_E01189_6p85275417MeV.root,ice_am,0.5
1190,6.87516459,6.92020555,6.89764831,0.0450409597,1000,macros/europa_E01190_6p89764831MeV.mac,dna_ice_am_rho0p5_E01190_6p89764831MeV,root/dna_ice_am_rho0p5_E01190_6p89764831MeV.root,ice_am,0.5
1191,6.92020555,6.96554159,6.94283657,0.0453360346,1000,macros/europa_E01191_6p94283657MeV.mac,dna_ice_am_rho0p5_E01191_6p94283657MeV,root/dna_ice_am_rho0p5_E01191_6p94283657MeV.root,ice_am,0.5
1192,6.96554159,7.01117463,6.98832086,0.0456330425,1000,macros/europa_E01192_6p98832086MeV.mac,dna_ice_am_rho0p5_E01192_6p98832086MeV,root/dna_ice_am_rho0p5_E01192_6p98832086MeV.root,ice_am,0.5
1193,7.01117463,7.05710663,7.03410314,0.0459319962,1000,macros/europa_E01193_7p03410314MeV.mac,dna_ice_am_rho0p5_E01193_7p03410314MeV,root/dna_ice_am_rho0p5_E01193_7p03410314MeV.root,ice_am,0.5
1194,7.05710663,7.10333954,7.08018534,0.0462329085,1000,macros/europa_E01194_7p08018534MeV.mac,dna_ice_am_rho0p5_E01194_7p08018534MeV,root/dna_ice_am_rho0p5_E01194_7p08018534MeV.root,ice_am,0.5
1195,7.10333954,7.14987533,7.12656945,0.0465357921,1000,macros/europa_E01195_7p12656945MeV.mac,dna_ice_am_rho0p5_E01195_7p12656945MeV,root/dna_ice_am_rho0p5_E01195_7p12656945MeV.root,ice_am,0.5
1196,7.14987533,7.19671599,7.17325742,0.0468406599,1000,macros/europa_E01196_7p17325742MeV.mac,dna_ice_am_rho0p5_E01196_7p17325742MeV,root/dna_ice_am_rho0p5_E01196_7p17325742MeV.root,ice_am,0.5
1197,7.19671599,7.24386351,7.22025127,0.0471475251,1000,macros/europa_E01197_7p22025127MeV.mac,dna_ice_am_rho0p5_E01197_7p22025127MeV,root/dna_ice_am_rho0p5_E01197_7p22025127MeV.root,ice_am,0.5
1198,7.24386351,7.29131991,7.26755298,0.0474564005,1000,macros/europa_E01198_7p26755298MeV.mac,dna_ice_am_rho0p5_E01198_7p26755298MeV,root/dna_ice_am_rho0p5_E01198_7p26755298MeV.root,ice_am,0.5
1199,7.29131991,7.33908721,7.31516457,0.0477672995,1000,macros/europa_E01199_7p31516457MeV.mac,dna_ice_am_rho0p5_E01199_7p31516457MeV,root/dna_ice_am_rho0p5_E01199_7p31516457MeV.root,ice_am,0.5
1200,7.33908721,7.38716745,7.36308809,0.0480802353,1000,macros/europa_E01200_7p36308809MeV.mac,dna_ice_am_rho0p5_E01200_7p36308809MeV,root/dna_ice_am_rho0p5_E01200_7p36308809MeV.root,ice_am,0.5
1201,7.38716745,7.43556267,7.41132556,0.0483952212,1000,macros/europa_E01201_7p41132556MeV.mac,dna_ice_am_rho0p5_E01201_7p41132556MeV,root/dna_ice_am_rho0p5_E01201_7p41132556MeV.root,ice_am,0.5
1202,7.43556267,7.48427494,7.45987904,0.0487122707,1000,macros/europa_E01202_7p45987904MeV.mac,dna_ice_am_rho0p5_E01202_7p45987904MeV,root/dna_ice_am_rho0p5_E01202_7p45987904MeV.root,ice_am,0.5
1203,7.48427494,7.53330634,7.50875062,0.0490313972,1000,macros/europa_E01203_7p50875062MeV.mac,dna_ice_am_rho0p5_E01203_7p50875062MeV,root/dna_ice_am_rho0p5_E01203_7p50875062MeV.root,ice_am,0.5
1204,7.53330634,7.58265895,7.55794236,0.0493526144,1000,macros/europa_E01204_7p55794236MeV.mac,dna_ice_am_rho0p5_E01204_7p55794236MeV,root/dna_ice_am_rho0p5_E01204_7p55794236MeV.root,ice_am,0.5
1205,7.58265895,7.63233489,7.60745637,0.049675936,1000,macros/europa_E01205_7p60745637MeV.mac,dna_ice_am_rho0p5_E01205_7p60745637MeV,root/dna_ice_am_rho0p5_E01205_7p60745637MeV.root,ice_am,0.5
1206,7.63233489,7.68233626,7.65729476,0.0500013758,1000,macros/europa_E01206_7p65729476MeV.mac,dna_ice_am_rho0p5_E01206_7p65729476MeV,root/dna_ice_am_rho0p5_E01206_7p65729476MeV.root,ice_am,0.5
1207,7.68233626,7.73266521,7.70745966,0.0503289476,1000,macros/europa_E01207_7p70745966MeV.mac,dna_ice_am_rho0p5_E01207_7p70745966MeV,root/dna_ice_am_rho0p5_E01207_7p70745966MeV.root,ice_am,0.5
1208,7.73266521,7.78332388,7.75795319,0.0506586653,1000,macros/europa_E01208_7p75795319MeV.mac,dna_ice_am_rho0p5_E01208_7p75795319MeV,root/dna_ice_am_rho0p5_E01208_7p75795319MeV.root,ice_am,0.5
1209,7.78332388,7.83431442,7.80877753,0.0509905432,1000,macros/europa_E01209_7p80877753MeV.mac,dna_ice_am_rho0p5_E01209_7p80877753MeV,root/dna_ice_am_rho0p5_E01209_7p80877753MeV.root,ice_am,0.5
1210,7.83431442,7.88563902,7.85993482,0.0513245953,1000,macros/europa_E01210_7p85993482MeV.mac,dna_ice_am_rho0p5_E01210_7p85993482MeV,root/dna_ice_am_rho0p5_E01210_7p85993482MeV.root,ice_am,0.5
1211,7.88563902,7.93729985,7.91142727,0.0516608358,1000,macros/europa_E01211_7p91142727MeV.mac,dna_ice_am_rho0p5_E01211_7p91142727MeV,root/dna_ice_am_rho0p5_E01211_7p91142727MeV.root,ice_am,0.5
1212,7.93729985,7.98929913,7.96325705,0.0519992791,1000,macros/europa_E01212_7p96325705MeV.mac,dna_ice_am_rho0p5_E01212_7p96325705MeV,root/dna_ice_am_rho0p5_E01212_7p96325705MeV.root,ice_am,0.5
1213,7.98929913,8.04163907,8.01542638,0.0523399397,1000,macros/europa_E01213_8p01542638MeV.mac,dna_ice_am_rho0p5_E01213_8p01542638MeV,root/dna_ice_am_rho0p5_E01213_8p01542638MeV.root,ice_am,0.5
1214,8.04163907,8.0943219,8.06793748,0.052682832,1000,macros/europa_E01214_8p06793748MeV.mac,dna_ice_am_rho0p5_E01214_8p06793748MeV,root/dna_ice_am_rho0p5_E01214_8p06793748MeV.root,ice_am,0.5
1215,8.0943219,8.14734987,8.1207926,0.0530279707,1000,macros/europa_E01215_8p1207926MeV.mac,dna_ice_am_rho0p5_E01215_8p1207926MeV,root/dna_ice_am_rho0p5_E01215_8p1207926MeV.root,ice_am,0.5
1216,8.14734987,8.20072524,8.17399399,0.0533753705,1000,macros/europa_E01216_8p17399399MeV.mac,dna_ice_am_rho0p5_E01216_8p17399399MeV,root/dna_ice_am_rho0p5_E01216_8p17399399MeV.root,ice_am,0.5
1217,8.20072524,8.25445029,8.22754391,0.0537250462,1000,macros/europa_E01217_8p22754391MeV.mac,dna_ice_am_rho0p5_E01217_8p22754391MeV,root/dna_ice_am_rho0p5_E01217_8p22754391MeV.root,ice_am,0.5
1218,8.25445029,8.3085273,8.28144466,0.0540770127,1000,macros/europa_E01218_8p28144466MeV.mac,dna_ice_am_rho0p5_E01218_8p28144466MeV,root/dna_ice_am_rho0p5_E01218_8p28144466MeV.root,ice_am,0.5
1219,8.3085273,8.36295859,8.33569852,0.054431285,1000,macros/europa_E01219_8p33569852MeV.mac,dna_ice_am_rho0p5_E01219_8p33569852MeV,root/dna_ice_am_rho0p5_E01219_8p33569852MeV.root,ice_am,0.5
1220,8.36295859,8.41774647,8.39030781,0.0547878783,1000,macros/europa_E01220_8p39030781MeV.mac,dna_ice_am_rho0p5_E01220_8p39030781MeV,root/dna_ice_am_rho0p5_E01220_8p39030781MeV.root,ice_am,0.5
1221,8.41774647,8.47289327,8.44527486,0.0551468077,1000,macros/europa_E01221_8p44527486MeV.mac,dna_ice_am_rho0p5_E01221_8p44527486MeV,root/dna_ice_am_rho0p5_E01221_8p44527486MeV.root,ice_am,0.5
1222,8.47289327,8.52840136,8.50060201,0.0555080885,1000,macros/europa_E01222_8p50060201MeV.mac,dna_ice_am_rho0p5_E01222_8p50060201MeV,root/dna_ice_am_rho0p5_E01222_8p50060201MeV.root,ice_am,0.5
1223,8.52840136,8.5842731,8.55629162,0.0558717362,1000,macros/europa_E01223_8p55629162MeV.mac,dna_ice_am_rho0p5_E01223_8p55629162MeV,root/dna_ice_am_rho0p5_E01223_8p55629162MeV.root,ice_am,0.5
1224,8.5842731,8.64051086,8.61234608,0.0562377662,1000,macros/europa_E01224_8p61234608MeV.mac,dna_ice_am_rho0p5_E01224_8p61234608MeV,root/dna_ice_am_rho0p5_E01224_8p61234608MeV.root,ice_am,0.5
1225,8.64051086,8.69711706,8.66876776,0.0566061941,1000,macros/europa_E01225_8p66876776MeV.mac,dna_ice_am_rho0p5_E01225_8p66876776MeV,root/dna_ice_am_rho0p5_E01225_8p66876776MeV.root,ice_am,0.5
1226,8.69711706,8.75409409,8.72555907,0.0569770358,1000,macros/europa_E01226_8p72555907MeV.mac,dna_ice_am_rho0p5_E01226_8p72555907MeV,root/dna_ice_am_rho0p5_E01226_8p72555907MeV.root,ice_am,0.5
1227,8.75409409,8.8114444,8.78272244,0.0573503069,1000,macros/europa_E01227_8p78272244MeV.mac,dna_ice_am_rho0p5_E01227_8p78272244MeV,root/dna_ice_am_rho0p5_E01227_8p78272244MeV.root,ice_am,0.5
1228,8.8114444,8.86917042,8.84026029,0.0577260234,1000,macros/europa_E01228_8p84026029MeV.mac,dna_ice_am_rho0p5_E01228_8p84026029MeV,root/dna_ice_am_rho0p5_E01228_8p84026029MeV.root,ice_am,0.5
1229,8.86917042,8.92727463,8.8981751,0.0581042013,1000,macros/europa_E01229_8p8981751MeV.mac,dna_ice_am_rho0p5_E01229_8p8981751MeV,root/dna_ice_am_rho0p5_E01229_8p8981751MeV.root,ice_am,0.5
1230,8.92727463,8.98575948,8.95646932,0.0584848568,1000,macros/europa_E01230_8p95646932MeV.mac,dna_ice_am_rho0p5_E01230_8p95646932MeV,root/dna_ice_am_rho0p5_E01230_8p95646932MeV.root,ice_am,0.5
1231,8.98575948,9.04462749,9.01514543,0.0588680061,1000,macros/europa_E01231_9p01514543MeV.mac,dna_ice_am_rho0p5_E01231_9p01514543MeV,root/dna_ice_am_rho0p5_E01231_9p01514543MeV.root,ice_am,0.5
1232,9.04462749,9.10388115,9.07420596,0.0592536654,1000,macros/europa_E01232_9p07420596MeV.mac,dna_ice_am_rho0p5_E01232_9p07420596MeV,root/dna_ice_am_rho0p5_E01232_9p07420596MeV.root,ice_am,0.5
1233,9.10388115,9.163523,9.1336534,0.0596418513,1000,macros/europa_E01233_9p1336534MeV.mac,dna_ice_am_rho0p5_E01233_9p1336534MeV,root/dna_ice_am_rho0p5_E01233_9p1336534MeV.root,ice_am,0.5
1234,9.163523,9.22355559,9.19349029,0.0600325803,1000,macros/europa_E01234_9p19349029MeV.mac,dna_ice_am_rho0p5_E01234_9p19349029MeV,root/dna_ice_am_rho0p5_E01234_9p19349029MeV.root,ice_am,0.5
1235,9.22355559,9.28398145,9.2537192,0.0604258691,1000,macros/europa_E01235_9p2537192MeV.mac,dna_ice_am_rho0p5_E01235_9p2537192MeV,root/dna_ice_am_rho0p5_E01235_9p2537192MeV.root,ice_am,0.5
1236,9.28398145,9.34480319,9.31434268,0.0608217344,1000,macros/europa_E01236_9p31434268MeV.mac,dna_ice_am_rho0p5_E01236_9p31434268MeV,root/dna_ice_am_rho0p5_E01236_9p31434268MeV.root,ice_am,0.5
1237,9.34480319,9.40602338,9.37536332,0.0612201931,1000,macros/europa_E01237_9p37536332MeV.mac,dna_ice_am_rho0p5_E01237_9p37536332MeV,root/dna_ice_am_rho0p5_E01237_9p37536332MeV.root,ice_am,0.5
1238,9.40602338,9.46764464,9.43678372,0.0616212622,1000,macros/europa_E01238_9p43678372MeV.mac,dna_ice_am_rho0p5_E01238_9p43678372MeV,root/dna_ice_am_rho0p5_E01238_9p43678372MeV.root,ice_am,0.5
1239,9.46764464,9.5296696,9.4986065,0.0620249589,1000,macros/europa_E01239_9p4986065MeV.mac,dna_ice_am_rho0p5_E01239_9p4986065MeV,root/dna_ice_am_rho0p5_E01239_9p4986065MeV.root,ice_am,0.5
1240,9.5296696,9.5921009,9.56083429,0.0624313002,1000,macros/europa_E01240_9p56083429MeV.mac,dna_ice_am_rho0p5_E01240_9p56083429MeV,root/dna_ice_am_rho0p5_E01240_9p56083429MeV.root,ice_am,0.5
1241,9.5921009,9.65494121,9.62346976,0.0628403036,1000,macros/europa_E01241_9p62346976MeV.mac,dna_ice_am_rho0p5_E01241_9p62346976MeV,root/dna_ice_am_rho0p5_E01241_9p62346976MeV.root,ice_am,0.5
1242,9.65494121,9.71819319,9.68651557,0.0632519865,1000,macros/europa_E01242_9p68651557MeV.mac,dna_ice_am_rho0p5_E01242_9p68651557MeV,root/dna_ice_am_rho0p5_E01242_9p68651557MeV.root,ice_am,0.5
1243,9.71819319,9.78185956,9.74997441,0.0636663664,1000,macros/europa_E01243_9p74997441MeV.mac,dna_ice_am_rho0p5_E01243_9p74997441MeV,root/dna_ice_am_rho0p5_E01243_9p74997441MeV.root,ice_am,0.5
1244,9.78185956,9.84594302,9.81384898,0.064083461,1000,macros/europa_E01244_9p81384898MeV.mac,dna_ice_am_rho0p5_E01244_9p81384898MeV,root/dna_ice_am_rho0p5_E01244_9p81384898MeV.root,ice_am,0.5
1245,9.84594302,9.91044631,9.87814201,0.0645032882,1000,macros/europa_E01245_9p87814201MeV.mac,dna_ice_am_rho0p5_E01245_9p87814201MeV,root/dna_ice_am_rho0p5_E01245_9p87814201MeV.root,ice_am,0.5
1246,9.91044631,9.97537217,9.94285625,0.0649258657,1000,macros/europa_E01246_9p94285625MeV.mac,dna_ice_am_rho0p5_E01246_9p94285625MeV,root/dna_ice_am_rho0p5_E01246_9p94285625MeV.root,ice_am,0.5
1247,9.97537217,10.0407234,10.0079944,0.0653512116,1000,macros/europa_E01247_10p0079944MeV.mac,dna_ice_am_rho0p5_E01247_10p0079944MeV,root/dna_ice_am_rho0p5_E01247_10p0079944MeV.root,ice_am,0.5
1248,10.0407234,10.1065027,10.0735594,0.0657793441,1000,macros/europa_E01248_10p0735594MeV.mac,dna_ice_am_rho0p5_E01248_10p0735594MeV,root/dna_ice_am_rho0p5_E01248_10p0735594MeV.root,ice_am,0.5
1249,10.1065027,10.172713,10.1395538,0.0662102814,1000,macros/europa_E01249_10p1395538MeV.mac,dna_ice_am_rho0p5_E01249_10p1395538MeV,root/dna_ice_am_rho0p5_E01249_10p1395538MeV.root,ice_am,0.5
1250,10.172713,10.2393571,10.2059806,0.0666440419,1000,macros/europa_E01250_10p2059806MeV.mac,dna_ice_am_rho0p5_E01250_10p2059806MeV,root/dna_ice_am_rho0p5_E01250_10p2059806MeV.root,ice_am,0.5
1251,10.2393571,10.3064377,10.2728426,0.067080644,1000,macros/europa_E01251_10p2728426MeV.mac,dna_ice_am_rho0p5_E01251_10p2728426MeV,root/dna_ice_am_rho0p5_E01251_10p2728426MeV.root,ice_am,0.5
1252,10.3064377,10.3739578,10.3401426,0.0675201064,1000,macros/europa_E01252_10p3401426MeV.mac,dna_ice_am_rho0p5_E01252_10p3401426MeV,root/dna_ice_am_rho0p5_E01252_10p3401426MeV.root,ice_am,0.5
1253,10.3739578,10.4419203,10.4078836,0.0679624479,1000,macros/europa_E01253_10p4078836MeV.mac,dna_ice_am_rho0p5_E01253_10p4078836MeV,root/dna_ice_am_rho0p5_E01253_10p4078836MeV.root,ice_am,0.5
1254,10.4419203,10.5103279,10.4760683,0.0684076873,1000,macros/europa_E01254_10p4760683MeV.mac,dna_ice_am_rho0p5_E01254_10p4760683MeV,root/dna_ice_am_rho0p5_E01254_10p4760683MeV.root,ice_am,0.5
1255,10.5103279,10.5791838,10.5446997,0.0688558435,1000,macros/europa_E01255_10p5446997MeV.mac,dna_ice_am_rho0p5_E01255_10p5446997MeV,root/dna_ice_am_rho0p5_E01255_10p5446997MeV.root,ice_am,0.5
1256,10.5791838,10.6484907,10.6137807,0.0693069357,1000,macros/europa_E01256_10p6137807MeV.mac,dna_ice_am_rho0p5_E01256_10p6137807MeV,root/dna_ice_am_rho0p5_E01256_10p6137807MeV.root,ice_am,0.5
1257,10.6484907,10.7182517,10.6833143,0.0697609832,1000,macros/europa_E01257_10p6833143MeV.mac,dna_ice_am_rho0p5_E01257_10p6833143MeV,root/dna_ice_am_rho0p5_E01257_10p6833143MeV.root,ice_am,0.5
1258,10.7182517,10.7884697,10.7533034,0.0702180052,1000,macros/europa_E01258_10p7533034MeV.mac,dna_ice_am_rho0p5_E01258_10p7533034MeV,root/dna_ice_am_rho0p5_E01258_10p7533034MeV.root,ice_am,0.5
1259,10.7884697,10.8591477,10.823751,0.0706780213,1000,macros/europa_E01259_10p823751MeV.mac,dna_ice_am_rho0p5_E01259_10p823751MeV,root/dna_ice_am_rho0p5_E01259_10p823751MeV.root,ice_am,0.5
1260,10.8591477,10.9302888,10.8946602,0.0711410511,1000,macros/europa_E01260_10p8946602MeV.mac,dna_ice_am_rho0p5_E01260_10p8946602MeV,root/dna_ice_am_rho0p5_E01260_10p8946602MeV.root,ice_am,0.5
1261,10.9302888,11.0018959,10.9660339,0.0716071143,1000,macros/europa_E01261_10p9660339MeV.mac,dna_ice_am_rho0p5_E01261_10p9660339MeV,root/dna_ice_am_rho0p5_E01261_10p9660339MeV.root,ice_am,0.5
1262,11.0018959,11.0739721,11.0378752,0.0720762308,1000,macros/europa_E01262_11p0378752MeV.mac,dna_ice_am_rho0p5_E01262_11p0378752MeV,root/dna_ice_am_rho0p5_E01262_11p0378752MeV.root,ice_am,0.5
1263,11.0739721,11.1465205,11.1101871,0.0725484206,1000,macros/europa_E01263_11p1101871MeV.mac,dna_ice_am_rho0p5_E01263_11p1101871MeV,root/dna_ice_am_rho0p5_E01263_11p1101871MeV.root,ice_am,0.5
1264,11.1465205,11.2195442,11.1829728,0.0730237038,1000,macros/europa_E01264_11p1829728MeV.mac,dna_ice_am_rho0p5_E01264_11p1829728MeV,root/dna_ice_am_rho0p5_E01264_11p1829728MeV.root,ice_am,0.5
1265,11.2195442,11.2930463,11.2562353,0.0735021007,1000,macros/europa_E01265_11p2562353MeV.mac,dna_ice_am_rho0p5_E01265_11p2562353MeV,root/dna_ice_am_rho0p5_E01265_11p2562353MeV.root,ice_am,0.5
1266,11.2930463,11.36703,11.3299778,0.0739836318,1000,macros/europa_E01266_11p3299778MeV.mac,dna_ice_am_rho0p5_E01266_11p3299778MeV,root/dna_ice_am_rho0p5_E01266_11p3299778MeV.root,ice_am,0.5
1267,11.36703,11.4414983,11.4042034,0.0744683175,1000,macros/europa_E01267_11p4042034MeV.mac,dna_ice_am_rho0p5_E01267_11p4042034MeV,root/dna_ice_am_rho0p5_E01267_11p4042034MeV.root,ice_am,0.5
1268,11.4414983,11.5164545,11.4789152,0.0749561784,1000,macros/europa_E01268_11p4789152MeV.mac,dna_ice_am_rho0p5_E01268_11p4789152MeV,root/dna_ice_am_rho0p5_E01268_11p4789152MeV.root,ice_am,0.5
1269,11.5164545,11.5919017,11.5541165,0.0754472355,1000,macros/europa_E01269_11p5541165MeV.mac,dna_ice_am_rho0p5_E01269_11p5541165MeV,root/dna_ice_am_rho0p5_E01269_11p5541165MeV.root,ice_am,0.5
1270,11.5919017,11.6678432,11.6298105,0.0759415096,1000,macros/europa_E01270_11p6298105MeV.mac,dna_ice_am_rho0p5_E01270_11p6298105MeV,root/dna_ice_am_rho0p5_E01270_11p6298105MeV.root,ice_am,0.5
1271,11.6678432,11.7442822,11.7060003,0.0764390219,1000,macros/europa_E01271_11p7060003MeV.mac,dna_ice_am_rho0p5_E01271_11p7060003MeV,root/dna_ice_am_rho0p5_E01271_11p7060003MeV.root,ice_am,0.5
1272,11.7442822,11.821222,11.7826893,0.0769397934,1000,macros/europa_E01272_11p7826893MeV.mac,dna_ice_am_rho0p5_E01272_11p7826893MeV,root/dna_ice_am_rho0p5_E01272_11p7826893MeV.root,ice_am,0.5
1273,11.821222,11.8986659,11.8598807,0.0774438457,1000,macros/europa_E01273_11p8598807MeV.mac,dna_ice_am_rho0p5_E01273_11p8598807MeV,root/dna_ice_am_rho0p5_E01273_11p8598807MeV.root,ice_am,0.5
1274,11.8986659,11.9766171,11.9375779,0.0779512001,1000,macros/europa_E01274_11p9375779MeV.mac,dna_ice_am_rho0p5_E01274_11p9375779MeV,root/dna_ice_am_rho0p5_E01274_11p9375779MeV.root,ice_am,0.5
1275,11.9766171,12.055079,12.015784,0.0784618783,1000,macros/europa_E01275_12p015784MeV.mac,dna_ice_am_rho0p5_E01275_12p015784MeV,root/dna_ice_am_rho0p5_E01275_12p015784MeV.root,ice_am,0.5
1276,12.055079,12.1340549,12.0945024,0.0789759021,1000,macros/europa_E01276_12p0945024MeV.mac,dna_ice_am_rho0p5_E01276_12p0945024MeV,root/dna_ice_am_rho0p5_E01276_12p0945024MeV.root,ice_am,0.5
1277,12.1340549,12.2135482,12.1737366,0.0794932934,1000,macros/europa_E01277_12p1737366MeV.mac,dna_ice_am_rho0p5_E01277_12p1737366MeV,root/dna_ice_am_rho0p5_E01277_12p1737366MeV.root,ice_am,0.5
1278,12.2135482,12.2935622,12.2534899,0.0800140743,1000,macros/europa_E01278_12p2534899MeV.mac,dna_ice_am_rho0p5_E01278_12p2534899MeV,root/dna_ice_am_rho0p5_E01278_12p2534899MeV.root,ice_am,0.5
1279,12.2935622,12.3741005,12.3337656,0.0805382669,1000,macros/europa_E01279_12p3337656MeV.mac,dna_ice_am_rho0p5_E01279_12p3337656MeV,root/dna_ice_am_rho0p5_E01279_12p3337656MeV.root,ice_am,0.5
1280,12.3741005,12.4551664,12.4145673,0.0810658937,1000,macros/europa_E01280_12p4145673MeV.mac,dna_ice_am_rho0p5_E01280_12p4145673MeV,root/dna_ice_am_rho0p5_E01280_12p4145673MeV.root,ice_am,0.5
1281,12.4551664,12.5367634,12.4958983,0.0815969771,1000,macros/europa_E01281_12p4958983MeV.mac,dna_ice_am_rho0p5_E01281_12p4958983MeV,root/dna_ice_am_rho0p5_E01281_12p4958983MeV.root,ice_am,0.5
1282,12.5367634,12.6188949,12.5777621,0.0821315397,1000,macros/europa_E01282_12p5777621MeV.mac,dna_ice_am_rho0p5_E01282_12p5777621MeV,root/dna_ice_am_rho0p5_E01282_12p5777621MeV.root,ice_am,0.5
1283,12.6188949,12.7015645,12.6601622,0.0826696044,1000,macros/europa_E01283_12p6601622MeV.mac,dna_ice_am_rho0p5_E01283_12p6601622MeV,root/dna_ice_am_rho0p5_E01283_12p6601622MeV.root,ice_am,0.5
1284,12.7015645,12.7847757,12.7431022,0.0832111941,1000,macros/europa_E01284_12p7431022MeV.mac,dna_ice_am_rho0p5_E01284_12p7431022MeV,root/dna_ice_am_rho0p5_E01284_12p7431022MeV.root,ice_am,0.5
1285,12.7847757,12.868532,12.8265855,0.0837563319,1000,macros/europa_E01285_12p8265855MeV.mac,dna_ice_am_rho0p5_E01285_12p8265855MeV,root/dna_ice_am_rho0p5_E01285_12p8265855MeV.root,ice_am,0.5
1286,12.868532,12.9528371,12.9106157,0.084305041,1000,macros/europa_E01286_12p9106157MeV.mac,dna_ice_am_rho0p5_E01286_12p9106157MeV,root/dna_ice_am_rho0p5_E01286_12p9106157MeV.root,ice_am,0.5
1287,12.9528371,13.0376944,12.9951965,0.0848573449,1000,macros/europa_E01287_12p9951965MeV.mac,dna_ice_am_rho0p5_E01287_12p9951965MeV,root/dna_ice_am_rho0p5_E01287_12p9951965MeV.root,ice_am,0.5
1288,13.0376944,13.1231077,13.0803313,0.0854132671,1000,macros/europa_E01288_13p0803313MeV.mac,dna_ice_am_rho0p5_E01288_13p0803313MeV,root/dna_ice_am_rho0p5_E01288_13p0803313MeV.root,ice_am,0.5
1289,13.1231077,13.2090805,13.1660239,0.0859728312,1000,macros/europa_E01289_13p1660239MeV.mac,dna_ice_am_rho0p5_E01289_13p1660239MeV,root/dna_ice_am_rho0p5_E01289_13p1660239MeV.root,ice_am,0.5
1290,13.2090805,13.2956166,13.2522779,0.0865360612,1000,macros/europa_E01290_13p2522779MeV.mac,dna_ice_am_rho0p5_E01290_13p2522779MeV,root/dna_ice_am_rho0p5_E01290_13p2522779MeV.root,ice_am,0.5
1291,13.2956166,13.3827196,13.339097,0.087102981,1000,macros/europa_E01291_13p339097MeV.mac,dna_ice_am_rho0p5_E01291_13p339097MeV,root/dna_ice_am_rho0p5_E01291_13p339097MeV.root,ice_am,0.5
1292,13.3827196,13.4703932,13.4264848,0.0876736149,1000,macros/europa_E01292_13p4264848MeV.mac,dna_ice_am_rho0p5_E01292_13p4264848MeV,root/dna_ice_am_rho0p5_E01292_13p4264848MeV.root,ice_am,0.5
1293,13.4703932,13.5586412,13.5144451,0.0882479871,1000,macros/europa_E01293_13p5144451MeV.mac,dna_ice_am_rho0p5_E01293_13p5144451MeV,root/dna_ice_am_rho0p5_E01293_13p5144451MeV.root,ice_am,0.5
1294,13.5586412,13.6474673,13.6029817,0.0888261223,1000,macros/europa_E01294_13p6029817MeV.mac,dna_ice_am_rho0p5_E01294_13p6029817MeV,root/dna_ice_am_rho0p5_E01294_13p6029817MeV.root,ice_am,0.5
1295,13.6474673,13.7368753,13.6920983,0.0894080449,1000,macros/europa_E01295_13p6920983MeV.mac,dna_ice_am_rho0p5_E01295_13p6920983MeV,root/dna_ice_am_rho0p5_E01295_13p6920983MeV.root,ice_am,0.5
1296,13.7368753,13.8268691,13.7817988,0.0899937798,1000,macros/europa_E01296_13p7817988MeV.mac,dna_ice_am_rho0p5_E01296_13p7817988MeV,root/dna_ice_am_rho0p5_E01296_13p7817988MeV.root,ice_am,0.5
1297,13.8268691,13.9174525,13.8720869,0.0905833521,1000,macros/europa_E01297_13p8720869MeV.mac,dna_ice_am_rho0p5_E01297_13p8720869MeV,root/dna_ice_am_rho0p5_E01297_13p8720869MeV.root,ice_am,0.5
1298,13.9174525,14.0086293,13.9629664,0.0911767867,1000,macros/europa_E01298_13p9629664MeV.mac,dna_ice_am_rho0p5_E01298_13p9629664MeV,root/dna_ice_am_rho0p5_E01298_13p9629664MeV.root,ice_am,0.5
1299,14.0086293,14.1004034,14.0544414,0.0917741092,1000,macros/europa_E01299_14p0544414MeV.mac,dna_ice_am_rho0p5_E01299_14p0544414MeV,root/dna_ice_am_rho0p5_E01299_14p0544414MeV.root,ice_am,0.5
1300,14.1004034,14.1927787,14.1465156,0.0923753448,1000,macros/europa_E01300_14p1465156MeV.mac,dna_ice_am_rho0p5_E01300_14p1465156MeV,root/dna_ice_am_rho0p5_E01300_14p1465156MeV.root,ice_am,0.5
1301,14.1927787,14.2857592,14.2391931,0.0929805193,1000,macros/europa_E01301_14p2391931MeV.mac,dna_ice_am_rho0p5_E01301_14p2391931MeV,root/dna_ice_am_rho0p5_E01301_14p2391931MeV.root,ice_am,0.5
1302,14.2857592,14.3793489,14.3324777,0.0935896584,1000,macros/europa_E01302_14p3324777MeV.mac,dna_ice_am_rho0p5_E01302_14p3324777MeV,root/dna_ice_am_rho0p5_E01302_14p3324777MeV.root,ice_am,0.5
1303,14.3793489,14.4735517,14.4263734,0.0942027882,1000,macros/europa_E01303_14p4263734MeV.mac,dna_ice_am_rho0p5_E01303_14p4263734MeV,root/dna_ice_am_rho0p5_E01303_14p4263734MeV.root,ice_am,0.5
1304,14.4735517,14.5683716,14.5208842,0.0948199347,1000,macros/europa_E01304_14p5208842MeV.mac,dna_ice_am_rho0p5_E01304_14p5208842MeV,root/dna_ice_am_rho0p5_E01304_14p5208842MeV.root,ice_am,0.5
1305,14.5683716,14.6638127,14.6160143,0.0954411243,1000,macros/europa_E01305_14p6160143MeV.mac,dna_ice_am_rho0p5_E01305_14p6160143MeV,root/dna_ice_am_rho0p5_E01305_14p6160143MeV.root,ice_am,0.5
1306,14.6638127,14.7598791,14.7117675,0.0960663835,1000,macros/europa_E01306_14p7117675MeV.mac,dna_ice_am_rho0p5_E01306_14p7117675MeV,root/dna_ice_am_rho0p5_E01306_14p7117675MeV.root,ice_am,0.5
1307,14.7598791,14.8565749,14.8081481,0.0966957389,1000,macros/europa_E01307_14p8081481MeV.mac,dna_ice_am_rho0p5_E01307_14p8081481MeV,root/dna_ice_am_rho0p5_E01307_14p8081481MeV.root,ice_am,0.5
1308,14.8565749,14.9539041,14.90516,0.0973292174,1000,macros/europa_E01308_14p90516MeV.mac,dna_ice_am_rho0p5_E01308_14p90516MeV,root/dna_ice_am_rho0p5_E01308_14p90516MeV.root,ice_am,0.5
1309,14.9539041,15.0518709,15.0028075,0.097966846,1000,macros/europa_E01309_15p0028075MeV.mac,dna_ice_am_rho0p5_E01309_15p0028075MeV,root/dna_ice_am_rho0p5_E01309_15p0028075MeV.root,ice_am,0.5
1310,15.0518709,15.1504796,15.1010948,0.0986086518,1000,macros/europa_E01310_15p1010948MeV.mac,dna_ice_am_rho0p5_E01310_15p1010948MeV,root/dna_ice_am_rho0p5_E01310_15p1010948MeV.root,ice_am,0.5
1311,15.1504796,15.2497342,15.2000259,0.0992546623,1000,macros/europa_E01311_15p2000259MeV.mac,dna_ice_am_rho0p5_E01311_15p2000259MeV,root/dna_ice_am_rho0p5_E01311_15p2000259MeV.root,ice_am,0.5
1312,15.2497342,15.3496391,15.2996051,0.099904905,1000,macros/europa_E01312_15p2996051MeV.mac,dna_ice_am_rho0p5_E01312_15p2996051MeV,root/dna_ice_am_rho0p5_E01312_15p2996051MeV.root,ice_am,0.5
1313,15.3496391,15.4501985,15.3998368,0.100559408,1000,macros/europa_E01313_15p3998368MeV.mac,dna_ice_am_rho0p5_E01313_15p3998368MeV,root/dna_ice_am_rho0p5_E01313_15p3998368MeV.root,ice_am,0.5
1314,15.4501985,15.5514167,15.500725,0.101218198,1000,macros/europa_E01314_15p500725MeV.mac,dna_ice_am_rho0p5_E01314_15p500725MeV,root/dna_ice_am_rho0p5_E01314_15p500725MeV.root,ice_am,0.5
1315,15.5514167,15.653298,15.6022742,0.101881304,1000,macros/europa_E01315_15p6022742MeV.mac,dna_ice_am_rho0p5_E01315_15p6022742MeV,root/dna_ice_am_rho0p5_E01315_15p6022742MeV.root,ice_am,0.5
1316,15.653298,15.7558468,15.7044887,0.102548755,1000,macros/europa_E01316_15p7044887MeV.mac,dna_ice_am_rho0p5_E01316_15p7044887MeV,root/dna_ice_am_rho0p5_E01316_15p7044887MeV.root,ice_am,0.5
1317,15.7558468,15.8590674,15.8073728,0.103220578,1000,macros/europa_E01317_15p8073728MeV.mac,dna_ice_am_rho0p5_E01317_15p8073728MeV,root/dna_ice_am_rho0p5_E01317_15p8073728MeV.root,ice_am,0.5
1318,15.8590674,15.9629642,15.910931,0.103896802,1000,macros/europa_E01318_15p910931MeV.mac,dna_ice_am_rho0p5_E01318_15p910931MeV,root/dna_ice_am_rho0p5_E01318_15p910931MeV.root,ice_am,0.5
1319,15.9629642,16.0675416,16.0151675,0.104577457,1000,macros/europa_E01319_16p0151675MeV.mac,dna_ice_am_rho0p5_E01319_16p0151675MeV,root/dna_ice_am_rho0p5_E01319_16p0151675MeV.root,ice_am,0.5
1320,16.0675416,16.1728042,16.120087,0.10526257,1000,macros/europa_E01320_16p120087MeV.mac,dna_ice_am_rho0p5_E01320_16p120087MeV,root/dna_ice_am_rho0p5_E01320_16p120087MeV.root,ice_am,0.5
1321,16.1728042,16.2787564,16.2256938,0.105952172,1000,macros/europa_E01321_16p2256938MeV.mac,dna_ice_am_rho0p5_E01321_16p2256938MeV,root/dna_ice_am_rho0p5_E01321_16p2256938MeV.root,ice_am,0.5
1322,16.2787564,16.3854027,16.3319925,0.106646292,1000,macros/europa_E01322_16p3319925MeV.mac,dna_ice_am_rho0p5_E01322_16p3319925MeV,root/dna_ice_am_rho0p5_E01322_16p3319925MeV.root,ice_am,0.5
1323,16.3854027,16.4927476,16.4389875,0.107344959,1000,macros/europa_E01323_16p4389875MeV.mac,dna_ice_am_rho0p5_E01323_16p4389875MeV,root/dna_ice_am_rho0p5_E01323_16p4389875MeV.root,ice_am,0.5
1324,16.4927476,16.6007958,16.5466835,0.108048203,1000,macros/europa_E01324_16p5466835MeV.mac,dna_ice_am_rho0p5_E01324_16p5466835MeV,root/dna_ice_am_rho0p5_E01324_16p5466835MeV.root,ice_am,0.5
1325,16.6007958,16.7095519,16.6550851,0.108756055,1000,macros/europa_E01325_16p6550851MeV.mac,dna_ice_am_rho0p5_E01325_16p6550851MeV,root/dna_ice_am_rho0p5_E01325_16p6550851MeV.root,ice_am,0.5
1326,16.7095519,16.8190204,16.7641968,0.109468543,1000,macros/europa_E01326_16p7641968MeV.mac,dna_ice_am_rho0p5_E01326_16p7641968MeV,root/dna_ice_am_rho0p5_E01326_16p7641968MeV.root,ice_am,0.5
1327,16.8190204,16.9292061,16.8740233,0.1101857,1000,macros/europa_E01327_16p8740233MeV.mac,dna_ice_am_rho0p5_E01327_16p8740233MeV,root/dna_ice_am_rho0p5_E01327_16p8740233MeV.root,ice_am,0.5
1328,16.9292061,17.0401137,16.9845694,0.110907554,1000,macros/europa_E01328_16p9845694MeV.mac,dna_ice_am_rho0p5_E01328_16p9845694MeV,root/dna_ice_am_rho0p5_E01328_16p9845694MeV.root,ice_am,0.5
1329,17.0401137,17.1517478,17.0958396,0.111634138,1000,macros/europa_E01329_17p0958396MeV.mac,dna_ice_am_rho0p5_E01329_17p0958396MeV,root/dna_ice_am_rho0p5_E01329_17p0958396MeV.root,ice_am,0.5
1330,17.1517478,17.2641133,17.2078388,0.112365482,1000,macros/europa_E01330_17p2078388MeV.mac,dna_ice_am_rho0p5_E01330_17p2078388MeV,root/dna_ice_am_rho0p5_E01330_17p2078388MeV.root,ice_am,0.5
1331,17.2641133,17.3772149,17.3205718,0.113101617,1000,macros/europa_E01331_17p3205718MeV.mac,dna_ice_am_rho0p5_E01331_17p3205718MeV,root/dna_ice_am_rho0p5_E01331_17p3205718MeV.root,ice_am,0.5
1332,17.3772149,17.4910575,17.4340433,0.113842575,1000,macros/europa_E01332_17p4340433MeV.mac,dna_ice_am_rho0p5_E01332_17p4340433MeV,root/dna_ice_am_rho0p5_E01332_17p4340433MeV.root,ice_am,0.5
1333,17.4910575,17.6056459,17.5482582,0.114588386,1000,macros/europa_E01333_17p5482582MeV.mac,dna_ice_am_rho0p5_E01333_17p5482582MeV,root/dna_ice_am_rho0p5_E01333_17p5482582MeV.root,ice_am,0.5
1334,17.6056459,17.720985,17.6632213,0.115339084,1000,macros/europa_E01334_17p6632213MeV.mac,dna_ice_am_rho0p5_E01334_17p6632213MeV,root/dna_ice_am_rho0p5_E01334_17p6632213MeV.root,ice_am,0.5
1335,17.720985,17.8370797,17.7789376,0.1160947,1000,macros/europa_E01335_17p7789376MeV.mac,dna_ice_am_rho0p5_E01335_17p7789376MeV,root/dna_ice_am_rho0p5_E01335_17p7789376MeV.root,ice_am,0.5
1336,17.8370797,17.9539349,17.8954119,0.116855266,1000,macros/europa_E01336_17p8954119MeV.mac,dna_ice_am_rho0p5_E01336_17p8954119MeV,root/dna_ice_am_rho0p5_E01336_17p8954119MeV.root,ice_am,0.5
1337,17.9539349,18.0715557,18.0126493,0.117620815,1000,macros/europa_E01337_18p0126493MeV.mac,dna_ice_am_rho0p5_E01337_18p0126493MeV,root/dna_ice_am_rho0p5_E01337_18p0126493MeV.root,ice_am,0.5
1338,18.0715557,18.1899471,18.1306548,0.118391379,1000,macros/europa_E01338_18p1306548MeV.mac,dna_ice_am_rho0p5_E01338_18p1306548MeV,root/dna_ice_am_rho0p5_E01338_18p1306548MeV.root,ice_am,0.5
1339,18.1899471,18.3091141,18.2494334,0.119166991,1000,macros/europa_E01339_18p2494334MeV.mac,dna_ice_am_rho0p5_E01339_18p2494334MeV,root/dna_ice_am_rho0p5_E01339_18p2494334MeV.root,ice_am,0.5
1340,18.3091141,18.4290618,18.3689901,0.119947684,1000,macros/europa_E01340_18p3689901MeV.mac,dna_ice_am_rho0p5_E01340_18p3689901MeV,root/dna_ice_am_rho0p5_E01340_18p3689901MeV.root,ice_am,0.5
1341,18.4290618,18.5497953,18.48933,0.120733492,1000,macros/europa_E01341_18p48933MeV.mac,dna_ice_am_rho0p5_E01341_18p48933MeV,root/dna_ice_am_rho0p5_E01341_18p48933MeV.root,ice_am,0.5
1342,18.5497953,18.6713197,18.6104583,0.121524448,1000,macros/europa_E01342_18p6104583MeV.mac,dna_ice_am_rho0p5_E01342_18p6104583MeV,root/dna_ice_am_rho0p5_E01342_18p6104583MeV.root,ice_am,0.5
1343,18.6713197,18.7936403,18.7323802,0.122320586,1000,macros/europa_E01343_18p7323802MeV.mac,dna_ice_am_rho0p5_E01343_18p7323802MeV,root/dna_ice_am_rho0p5_E01343_18p7323802MeV.root,ice_am,0.5
1344,18.7936403,18.9167623,18.8551008,0.123121939,1000,macros/europa_E01344_18p8551008MeV.mac,dna_ice_am_rho0p5_E01344_18p8551008MeV,root/dna_ice_am_rho0p5_E01344_18p8551008MeV.root,ice_am,0.5
1345,18.9167623,19.0406908,18.9786254,0.123928542,1000,macros/europa_E01345_18p9786254MeV.mac,dna_ice_am_rho0p5_E01345_18p9786254MeV,root/dna_ice_am_rho0p5_E01345_18p9786254MeV.root,ice_am,0.5
1346,19.0406908,19.1654312,19.1029592,0.12474043,1000,macros/europa_E01346_19p1029592MeV.mac,dna_ice_am_rho0p5_E01346_19p1029592MeV,root/dna_ice_am_rho0p5_E01346_19p1029592MeV.root,ice_am,0.5
1347,19.1654312,19.2909889,19.2281076,0.125557636,1000,macros/europa_E01347_19p2281076MeV.mac,dna_ice_am_rho0p5_E01347_19p2281076MeV,root/dna_ice_am_rho0p5_E01347_19p2281076MeV.root,ice_am,0.5
1348,19.2909889,19.4173691,19.3540758,0.126380197,1000,macros/europa_E01348_19p3540758MeV.mac,dna_ice_am_rho0p5_E01348_19p3540758MeV,root/dna_ice_am_rho0p5_E01348_19p3540758MeV.root,ice_am,0.5
1349,19.4173691,19.5445772,19.4808693,0.127208146,1000,macros/europa_E01349_19p4808693MeV.mac,dna_ice_am_rho0p5_E01349_19p4808693MeV,root/dna_ice_am_rho0p5_E01349_19p4808693MeV.root,ice_am,0.5
1350,19.5445772,19.6726187,19.6084935,0.128041519,1000,macros/europa_E01350_19p6084935MeV.mac,dna_ice_am_rho0p5_E01350_19p6084935MeV,root/dna_ice_am_rho0p5_E01350_19p6084935MeV.root,ice_am,0.5
1351,19.6726187,19.8014991,19.7369537,0.128880351,1000,macros/europa_E01351_19p7369537MeV.mac,dna_ice_am_rho0p5_E01351_19p7369537MeV,root/dna_ice_am_rho0p5_E01351_19p7369537MeV.root,ice_am,0.5
1352,19.8014991,19.9312238,19.8662555,0.129724679,1000,macros/europa_E01352_19p8662555MeV.mac,dna_ice_am_rho0p5_E01352_19p8662555MeV,root/dna_ice_am_rho0p5_E01352_19p8662555MeV.root,ice_am,0.5
1353,19.9312238,20.0617983,19.9964045,0.130574539,1000,macros/europa_E01353_19p9964045MeV.mac,dna_ice_am_rho0p5_E01353_19p9964045MeV,root/dna_ice_am_rho0p5_E01353_19p9964045MeV.root,ice_am,0.5
1354,20.0617983,20.1932283,20.127406,0.131429966,1000,macros/europa_E01354_20p127406MeV.mac,dna_ice_am_rho0p5_E01354_20p127406MeV,root/dna_ice_am_rho0p5_E01354_20p127406MeV.root,ice_am,0.5
1355,20.1932283,20.3255193,20.2592658,0.132290997,1000,macros/europa_E01355_20p2592658MeV.mac,dna_ice_am_rho0p5_E01355_20p2592658MeV,root/dna_ice_am_rho0p5_E01355_20p2592658MeV.root,ice_am,0.5
1356,20.3255193,20.4586769,20.3919894,0.13315767,1000,macros/europa_E01356_20p3919894MeV.mac,dna_ice_am_rho0p5_E01356_20p3919894MeV,root/dna_ice_am_rho0p5_E01356_20p3919894MeV.root,ice_am,0.5
1357,20.4586769,20.592707,20.5255826,0.134030019,1000,macros/europa_E01357_20p5255826MeV.mac,dna_ice_am_rho0p5_E01357_20p5255826MeV,root/dna_ice_am_rho0p5_E01357_20p5255826MeV.root,ice_am,0.5
1358,20.592707,20.727615,20.6600509,0.134908084,1000,macros/europa_E01358_20p6600509MeV.mac,dna_ice_am_rho0p5_E01358_20p6600509MeV,root/dna_ice_am_rho0p5_E01358_20p6600509MeV.root,ice_am,0.5
1359,20.727615,20.8634069,20.7954002,0.135791902,1000,macros/europa_E01359_20p7954002MeV.mac,dna_ice_am_rho0p5_E01359_20p7954002MeV,root/dna_ice_am_rho0p5_E01359_20p7954002MeV.root,ice_am,0.5
1360,20.8634069,21.0000885,20.9316361,0.136681509,1000,macros/europa_E01360_20p9316361MeV.mac,dna_ice_am_rho0p5_E01360_20p9316361MeV,root/dna_ice_am_rho0p5_E01360_20p9316361MeV.root,ice_am,0.5
1361,21.0000885,21.1376654,21.0687646,0.137576945,1000,macros/europa_E01361_21p0687646MeV.mac,dna_ice_am_rho0p5_E01361_21p0687646MeV,root/dna_ice_am_rho0p5_E01361_21p0687646MeV.root,ice_am,0.5
1362,21.1376654,21.2761436,21.2067915,0.138478246,1000,macros/europa_E01362_21p2067915MeV.mac,dna_ice_am_rho0p5_E01362_21p2067915MeV,root/dna_ice_am_rho0p5_E01362_21p2067915MeV.root,ice_am,0.5
1363,21.2761436,21.4155291,21.3457226,0.139385453,1000,macros/europa_E01363_21p3457226MeV.mac,dna_ice_am_rho0p5_E01363_21p3457226MeV,root/dna_ice_am_rho0p5_E01363_21p3457226MeV.root,ice_am,0.5
1364,21.4155291,21.5558277,21.4855639,0.140298602,1000,macros/europa_E01364_21p4855639MeV.mac,dna_ice_am_rho0p5_E01364_21p4855639MeV,root/dna_ice_am_rho0p5_E01364_21p4855639MeV.root,ice_am,0.5
1365,21.5558277,21.6970454,21.6263213,0.141217734,1000,macros/europa_E01365_21p6263213MeV.mac,dna_ice_am_rho0p5_E01365_21p6263213MeV,root/dna_ice_am_rho0p5_E01365_21p6263213MeV.root,ice_am,0.5
1366,21.6970454,21.8391883,21.7680009,0.142142888,1000,macros/europa_E01366_21p7680009MeV.mac,dna_ice_am_rho0p5_E01366_21p7680009MeV,root/dna_ice_am_rho0p5_E01366_21p7680009MeV.root,ice_am,0.5
1367,21.8391883,21.9822624,21.9106086,0.143074102,1000,macros/europa_E01367_21p9106086MeV.mac,dna_ice_am_rho0p5_E01367_21p9106086MeV,root/dna_ice_am_rho0p5_E01367_21p9106086MeV.root,ice_am,0.5
1368,21.9822624,22.1262738,22.0541506,0.144011417,1000,macros/europa_E01368_22p0541506MeV.mac,dna_ice_am_rho0p5_E01368_22p0541506MeV,root/dna_ice_am_rho0p5_E01368_22p0541506MeV.root,ice_am,0.5
1369,22.1262738,22.2712287,22.198633,0.144954873,1000,macros/europa_E01369_22p198633MeV.mac,dna_ice_am_rho0p5_E01369_22p198633MeV,root/dna_ice_am_rho0p5_E01369_22p198633MeV.root,ice_am,0.5
1370,22.2712287,22.4171332,22.3440619,0.145904509,1000,macros/europa_E01370_22p3440619MeV.mac,dna_ice_am_rho0p5_E01370_22p3440619MeV,root/dna_ice_am_rho0p5_E01370_22p3440619MeV.root,ice_am,0.5
1371,22.4171332,22.5639936,22.4904435,0.146860367,1000,macros/europa_E01371_22p4904435MeV.mac,dna_ice_am_rho0p5_E01371_22p4904435MeV,root/dna_ice_am_rho0p5_E01371_22p4904435MeV.root,ice_am,0.5
1372,22.5639936,22.7118161,22.6377842,0.147822487,1000,macros/europa_E01372_22p6377842MeV.mac,dna_ice_am_rho0p5_E01372_22p6377842MeV,root/dna_ice_am_rho0p5_E01372_22p6377842MeV.root,ice_am,0.5
1373,22.7118161,22.860607,22.7860901,0.14879091,1000,macros/europa_E01373_22p7860901MeV.mac,dna_ice_am_rho0p5_E01373_22p7860901MeV,root/dna_ice_am_rho0p5_E01373_22p7860901MeV.root,ice_am,0.5
1374,22.860607,23.0103727,22.9353676,0.149765677,1000,macros/europa_E01374_22p9353676MeV.mac,dna_ice_am_rho0p5_E01374_22p9353676MeV,root/dna_ice_am_rho0p5_E01374_22p9353676MeV.root,ice_am,0.5
1375,23.0103727,23.1611195,23.085623,0.15074683,1000,macros/europa_E01375_23p085623MeV.mac,dna_ice_am_rho0p5_E01375_23p085623MeV,root/dna_ice_am_rho0p5_E01375_23p085623MeV.root,ice_am,0.5
1376,23.1611195,23.3128539,23.2368628,0.151734411,1000,macros/europa_E01376_23p2368628MeV.mac,dna_ice_am_rho0p5_E01376_23p2368628MeV,root/dna_ice_am_rho0p5_E01376_23p2368628MeV.root,ice_am,0.5
1377,23.3128539,23.4655824,23.3890935,0.152728462,1000,macros/europa_E01377_23p3890935MeV.mac,dna_ice_am_rho0p5_E01377_23p3890935MeV,root/dna_ice_am_rho0p5_E01377_23p3890935MeV.root,ice_am,0.5
1378,23.4655824,23.6193114,23.5423214,0.153729025,1000,macros/europa_E01378_23p5423214MeV.mac,dna_ice_am_rho0p5_E01378_23p5423214MeV,root/dna_ice_am_rho0p5_E01378_23p5423214MeV.root,ice_am,0.5
1379,23.6193114,23.7740475,23.6965532,0.154736143,1000,macros/europa_E01379_23p6965532MeV.mac,dna_ice_am_rho0p5_E01379_23p6965532MeV,root/dna_ice_am_rho0p5_E01379_23p6965532MeV.root,ice_am,0.5
1380,23.7740475,23.9297974,23.8517953,0.155749859,1000,macros/europa_E01380_23p8517953MeV.mac,dna_ice_am_rho0p5_E01380_23p8517953MeV,root/dna_ice_am_rho0p5_E01380_23p8517953MeV.root,ice_am,0.5
1381,23.9297974,24.0865676,24.0080545,0.156770216,1000,macros/europa_E01381_24p0080545MeV.mac,dna_ice_am_rho0p5_E01381_24p0080545MeV,root/dna_ice_am_rho0p5_E01381_24p0080545MeV.root,ice_am,0.5
1382,24.0865676,24.2443649,24.1653374,0.157797258,1000,macros/europa_E01382_24p1653374MeV.mac,dna_ice_am_rho0p5_E01382_24p1653374MeV,root/dna_ice_am_rho0p5_E01382_24p1653374MeV.root,ice_am,0.5
1383,24.2443649,24.4031959,24.3236507,0.158831028,1000,macros/europa_E01383_24p3236507MeV.mac,dna_ice_am_rho0p5_E01383_24p3236507MeV,root/dna_ice_am_rho0p5_E01383_24p3236507MeV.root,ice_am,0.5
1384,24.4031959,24.5630675,24.4830012,0.159871571,1000,macros/europa_E01384_24p4830012MeV.mac,dna_ice_am_rho0p5_E01384_24p4830012MeV,root/dna_ice_am_rho0p5_E01384_24p4830012MeV.root,ice_am,0.5
1385,24.5630675,24.7239864,24.6433956,0.16091893,1000,macros/europa_E01385_24p6433956MeV.mac,dna_ice_am_rho0p5_E01385_24p6433956MeV,root/dna_ice_am_rho0p5_E01385_24p6433956MeV.root,ice_am,0.5
1386,24.7239864,24.8859596,24.8048408,0.161973151,1000,macros/europa_E01386_24p8048408MeV.mac,dna_ice_am_rho0p5_E01386_24p8048408MeV,root/dna_ice_am_rho0p5_E01386_24p8048408MeV.root,ice_am,0.5
1387,24.8859596,25.0489938,24.9673436,0.163034279,1000,macros/europa_E01387_24p9673436MeV.mac,dna_ice_am_rho0p5_E01387_24p9673436MeV,root/dna_ice_am_rho0p5_E01387_24p9673436MeV.root,ice_am,0.5
1388,25.0489938,25.2130962,25.1309111,0.164102358,1000,macros/europa_E01388_25p1309111MeV.mac,dna_ice_am_rho0p5_E01388_25p1309111MeV,root/dna_ice_am_rho0p5_E01388_25p1309111MeV.root,ice_am,0.5
1389,25.2130962,25.3782736,25.2955501,0.165177435,1000,macros/europa_E01389_25p2955501MeV.mac,dna_ice_am_rho0p5_E01389_25p2955501MeV,root/dna_ice_am_rho0p5_E01389_25p2955501MeV.root,ice_am,0.5
1390,25.3782736,25.5445332,25.4612677,0.166259554,1000,macros/europa_E01390_25p4612677MeV.mac,dna_ice_am_rho0p5_E01390_25p4612677MeV,root/dna_ice_am_rho0p5_E01390_25p4612677MeV.root,ice_am,0.5
1391,25.5445332,25.7118819,25.628071,0.167348763,1000,macros/europa_E01391_25p628071MeV.mac,dna_ice_am_rho0p5_E01391_25p628071MeV,root/dna_ice_am_rho0p5_E01391_25p628071MeV.root,ice_am,0.5
1392,25.7118819,25.880327,25.795967,0.168445107,1000,macros/europa_E01392_25p795967MeV.mac,dna_ice_am_rho0p5_E01392_25p795967MeV,root/dna_ice_am_rho0p5_E01392_25p795967MeV.root,ice_am,0.5
1393,25.880327,26.0498757,25.964963,0.169548634,1000,macros/europa_E01393_25p964963MeV.mac,dna_ice_am_rho0p5_E01393_25p964963MeV,root/dna_ice_am_rho0p5_E01393_25p964963MeV.root,ice_am,0.5
1394,26.0498757,26.2205351,26.1350661,0.170659391,1000,macros/europa_E01394_26p1350661MeV.mac,dna_ice_am_rho0p5_E01394_26p1350661MeV,root/dna_ice_am_rho0p5_E01394_26p1350661MeV.root,ice_am,0.5
1395,26.2205351,26.3923125,26.3062836,0.171777424,1000,macros/europa_E01395_26p3062836MeV.mac,dna_ice_am_rho0p5_E01395_26p3062836MeV,root/dna_ice_am_rho0p5_E01395_26p3062836MeV.root,ice_am,0.5
1396,26.3923125,26.5652153,26.4786228,0.172902782,1000,macros/europa_E01396_26p4786228MeV.mac,dna_ice_am_rho0p5_E01396_26p4786228MeV,root/dna_ice_am_rho0p5_E01396_26p4786228MeV.root,ice_am,0.5
1397,26.5652153,26.7392508,26.652091,0.174035512,1000,macros/europa_E01397_26p652091MeV.mac,dna_ice_am_rho0p5_E01397_26p652091MeV,root/dna_ice_am_rho0p5_E01397_26p652091MeV.root,ice_am,0.5
1398,26.7392508,26.9144265,26.8266956,0.175175663,1000,macros/europa_E01398_26p8266956MeV.mac,dna_ice_am_rho0p5_E01398_26p8266956MeV,root/dna_ice_am_rho0p5_E01398_26p8266956MeV.root,ice_am,0.5
1399,26.9144265,27.0907497,27.0024442,0.176323284,1000,macros/europa_E01399_27p0024442MeV.mac,dna_ice_am_rho0p5_E01399_27p0024442MeV,root/dna_ice_am_rho0p5_E01399_27p0024442MeV.root,ice_am,0.5
1400,27.0907497,27.2682282,27.1793441,0.177478423,1000,macros/europa_E01400_27p1793441MeV.mac,dna_ice_am_rho0p5_E01400_27p1793441MeV,root/dna_ice_am_rho0p5_E01400_27p1793441MeV.root,ice_am,0.5
1401,27.2682282,27.4468693,27.3574029,0.178641129,1000,macros/europa_E01401_27p3574029MeV.mac,dna_ice_am_rho0p5_E01401_27p3574029MeV,root/dna_ice_am_rho0p5_E01401_27p3574029MeV.root,ice_am,0.5
1402,27.4468693,27.6266807,27.5366282,0.179811453,1000,macros/europa_E01402_27p5366282MeV.mac,dna_ice_am_rho0p5_E01402_27p5366282MeV,root/dna_ice_am_rho0p5_E01402_27p5366282MeV.root,ice_am,0.5
1403,27.6266807,27.8076702,27.7170277,0.180989444,1000,macros/europa_E01403_27p7170277MeV.mac,dna_ice_am_rho0p5_E01403_27p7170277MeV,root/dna_ice_am_rho0p5_E01403_27p7170277MeV.root,ice_am,0.5
1404,27.8076702,27.9898453,27.8986091,0.182175152,1000,macros/europa_E01404_27p8986091MeV.mac,dna_ice_am_rho0p5_E01404_27p8986091MeV,root/dna_ice_am_rho0p5_E01404_27p8986091MeV.root,ice_am,0.5
1405,27.9898453,28.173214,28.08138,0.183368628,1000,macros/europa_E01405_28p08138MeV.mac,dna_ice_am_rho0p5_E01405_28p08138MeV,root/dna_ice_am_rho0p5_E01405_28p08138MeV.root,ice_am,0.5
1406,28.173214,28.3577839,28.2653483,0.184569922,1000,macros/europa_E01406_28p2653483MeV.mac,dna_ice_am_rho0p5_E01406_28p2653483MeV,root/dna_ice_am_rho0p5_E01406_28p2653483MeV.root,ice_am,0.5
1407,28.3577839,28.543563,28.4505218,0.185779087,1000,macros/europa_E01407_28p4505218MeV.mac,dna_ice_am_rho0p5_E01407_28p4505218MeV,root/dna_ice_am_rho0p5_E01407_28p4505218MeV.root,ice_am,0.5
1408,28.543563,28.7305591,28.6369084,0.186996173,1000,macros/europa_E01408_28p6369084MeV.mac,dna_ice_am_rho0p5_E01408_28p6369084MeV,root/dna_ice_am_rho0p5_E01408_28p6369084MeV.root,ice_am,0.5
1409,28.7305591,28.9187804,28.8245161,0.188221233,1000,macros/europa_E01409_28p8245161MeV.mac,dna_ice_am_rho0p5_E01409_28p8245161MeV,root/dna_ice_am_rho0p5_E01409_28p8245161MeV.root,ice_am,0.5
1410,28.9187804,29.1082347,29.0133529,0.189454318,1000,macros/europa_E01410_29p0133529MeV.mac,dna_ice_am_rho0p5_E01410_29p0133529MeV,root/dna_ice_am_rho0p5_E01410_29p0133529MeV.root,ice_am,0.5
1411,29.1082347,29.2989302,29.2034268,0.190695482,1000,macros/europa_E01411_29p2034268MeV.mac,dna_ice_am_rho0p5_E01411_29p2034268MeV,root/dna_ice_am_rho0p5_E01411_29p2034268MeV.root,ice_am,0.5
1412,29.2989302,29.490875,29.3947459,0.191944777,1000,macros/europa_E01412_29p3947459MeV.mac,dna_ice_am_rho0p5_E01412_29p3947459MeV,root/dna_ice_am_rho0p5_E01412_29p3947459MeV.root,ice_am,0.5
1413,29.490875,29.6840772,29.5873184,0.193202256,1000,macros/europa_E01413_29p5873184MeV.mac,dna_ice_am_rho0p5_E01413_29p5873184MeV,root/dna_ice_am_rho0p5_E01413_29p5873184MeV.root,ice_am,0.5
1414,29.6840772,29.8785452,29.7811525,0.194467974,1000,macros/europa_E01414_29p7811525MeV.mac,dna_ice_am_rho0p5_E01414_29p7811525MeV,root/dna_ice_am_rho0p5_E01414_29p7811525MeV.root,ice_am,0.5
1415,29.8785452,30.0742872,29.9762564,0.195741983,1000,macros/europa_E01415_29p9762564MeV.mac,dna_ice_am_rho0p5_E01415_29p9762564MeV,root/dna_ice_am_rho0p5_E01415_29p9762564MeV.root,ice_am,0.5
1416,30.0742872,30.2713115,30.1726385,0.197024339,1000,macros/europa_E01416_30p1726385MeV.mac,dna_ice_am_rho0p5_E01416_30p1726385MeV,root/dna_ice_am_rho0p5_E01416_30p1726385MeV.root,ice_am,0.5
1417,30.2713115,30.4696266,30.3703072,0.198315095,1000,macros/europa_E01417_30p3703072MeV.mac,dna_ice_am_rho0p5_E01417_30p3703072MeV,root/dna_ice_am_rho0p5_E01417_30p3703072MeV.root,ice_am,0.5
1418,30.4696266,30.6692409,30.5692708,0.199614308,1000,macros/europa_E01418_30p5692708MeV.mac,dna_ice_am_rho0p5_E01418_30p5692708MeV,root/dna_ice_am_rho0p5_E01418_30p5692708MeV.root,ice_am,0.5
1419,30.6692409,30.8701629,30.7695379,0.200922033,1000,macros/europa_E01419_30p7695379MeV.mac,dna_ice_am_rho0p5_E01419_30p7695379MeV,root/dna_ice_am_rho0p5_E01419_30p7695379MeV.root,ice_am,0.5
1420,30.8701629,31.0724013,30.971117,0.202238324,1000,macros/europa_E01420_30p971117MeV.mac,dna_ice_am_rho0p5_E01420_30p971117MeV,root/dna_ice_am_rho0p5_E01420_30p971117MeV.root,ice_am,0.5
1421,31.0724013,31.2759645,31.1740167,0.203563239,1000,macros/europa_E01421_31p1740167MeV.mac,dna_ice_am_rho0p5_E01421_31p1740167MeV,root/dna_ice_am_rho0p5_E01421_31p1740167MeV.root,ice_am,0.5
1422,31.2759645,31.4808613,31.3782457,0.204896834,1000,macros/europa_E01422_31p3782457MeV.mac,dna_ice_am_rho0p5_E01422_31p3782457MeV,root/dna_ice_am_rho0p5_E01422_31p3782457MeV.root,ice_am,0.5
1423,31.4808613,31.6871005,31.5838126,0.206239165,1000,macros/europa_E01423_31p5838126MeV.mac,dna_ice_am_rho0p5_E01423_31p5838126MeV,root/dna_ice_am_rho0p5_E01423_31p5838126MeV.root,ice_am,0.5
1424,31.6871005,31.8946908,31.7907262,0.207590291,1000,macros/europa_E01424_31p7907262MeV.mac,dna_ice_am_rho0p5_E01424_31p7907262MeV,root/dna_ice_am_rho0p5_E01424_31p7907262MeV.root,ice_am,0.5
1425,31.8946908,32.1036411,31.9989954,0.208950268,1000,macros/europa_E01425_31p9989954MeV.mac,dna_ice_am_rho0p5_E01425_31p9989954MeV,root/dna_ice_am_rho0p5_E01425_31p9989954MeV.root,ice_am,0.5
1426,32.1036411,32.3139602,32.208629,0.210319154,1000,macros/europa_E01426_32p208629MeV.mac,dna_ice_am_rho0p5_E01426_32p208629MeV,root/dna_ice_am_rho0p5_E01426_32p208629MeV.root,ice_am,0.5
1427,32.3139602,32.5256572,32.4196359,0.211697009,1000,macros/europa_E01427_32p4196359MeV.mac,dna_ice_am_rho0p5_E01427_32p4196359MeV,root/dna_ice_am_rho0p5_E01427_32p4196359MeV.root,ice_am,0.5
1428,32.5256572,32.7387411,32.6320252,0.21308389,1000,macros/europa_E01428_32p6320252MeV.mac,dna_ice_am_rho0p5_E01428_32p6320252MeV,root/dna_ice_am_rho0p5_E01428_32p6320252MeV.root,ice_am,0.5
1429,32.7387411,32.953221,32.845806,0.214479857,1000,macros/europa_E01429_32p845806MeV.mac,dna_ice_am_rho0p5_E01429_32p845806MeV,root/dna_ice_am_rho0p5_E01429_32p845806MeV.root,ice_am,0.5
1430,32.953221,33.1691059,33.0609872,0.21588497,1000,macros/europa_E01430_33p0609872MeV.mac,dna_ice_am_rho0p5_E01430_33p0609872MeV,root/dna_ice_am_rho0p5_E01430_33p0609872MeV.root,ice_am,0.5
1431,33.1691059,33.3864052,33.2775782,0.217299287,1000,macros/europa_E01431_33p2775782MeV.mac,dna_ice_am_rho0p5_E01431_33p2775782MeV,root/dna_ice_am_rho0p5_E01431_33p2775782MeV.root,ice_am,0.5
1432,33.3864052,33.6051281,33.4955881,0.21872287,1000,macros/europa_E01432_33p4955881MeV.mac,dna_ice_am_rho0p5_E01432_33p4955881MeV,root/dna_ice_am_rho0p5_E01432_33p4955881MeV.root,ice_am,0.5
1433,33.6051281,33.8252839,33.7150263,0.22015578,1000,macros/europa_E01433_33p7150263MeV.mac,dna_ice_am_rho0p5_E01433_33p7150263MeV,root/dna_ice_am_rho0p5_E01433_33p7150263MeV.root,ice_am,0.5
1434,33.8252839,34.046882,33.935902,0.221598076,1000,macros/europa_E01434_33p935902MeV.mac,dna_ice_am_rho0p5_E01434_33p935902MeV,root/dna_ice_am_rho0p5_E01434_33p935902MeV.root,ice_am,0.5
1435,34.046882,34.2699318,34.1582248,0.223049822,1000,macros/europa_E01435_34p1582248MeV.mac,dna_ice_am_rho0p5_E01435_34p1582248MeV,root/dna_ice_am_rho0p5_E01435_34p1582248MeV.root,ice_am,0.5
1436,34.2699318,34.4944429,34.3820041,0.224511078,1000,macros/europa_E01436_34p3820041MeV.mac,dna_ice_am_rho0p5_E01436_34p3820041MeV,root/dna_ice_am_rho0p5_E01436_34p3820041MeV.root,ice_am,0.5
1437,34.4944429,34.7204248,34.6072494,0.225981908,1000,macros/europa_E01437_34p6072494MeV.mac,dna_ice_am_rho0p5_E01437_34p6072494MeV,root/dna_ice_am_rho0p5_E01437_34p6072494MeV.root,ice_am,0.5
1438,34.7204248,34.9478871,34.8339703,0.227462373,1000,macros/europa_E01438_34p8339703MeV.mac,dna_ice_am_rho0p5_E01438_34p8339703MeV,root/dna_ice_am_rho0p5_E01438_34p8339703MeV.root,ice_am,0.5
1439,34.9478871,35.1768397,35.0621765,0.228952537,1000,macros/europa_E01439_35p0621765MeV.mac,dna_ice_am_rho0p5_E01439_35p0621765MeV,root/dna_ice_am_rho0p5_E01439_35p0621765MeV.root,ice_am,0.5
1440,35.1768397,35.4072921,35.2918778,0.230452464,1000,macros/europa_E01440_35p2918778MeV.mac,dna_ice_am_rho0p5_E01440_35p2918778MeV,root/dna_ice_am_rho0p5_E01440_35p2918778MeV.root,ice_am,0.5
1441,35.4072921,35.6392544,35.5230839,0.231962217,1000,macros/europa_E01441_35p5230839MeV.mac,dna_ice_am_rho0p5_E01441_35p5230839MeV,root/dna_ice_am_rho0p5_E01441_35p5230839MeV.root,ice_am,0.5
1442,35.6392544,35.8727362,35.7558047,0.23348186,1000,macros/europa_E01442_35p7558047MeV.mac,dna_ice_am_rho0p5_E01442_35p7558047MeV,root/dna_ice_am_rho0p5_E01442_35p7558047MeV.root,ice_am,0.5
1443,35.8727362,36.1077477,35.9900501,0.23501146,1000,macros/europa_E01443_35p9900501MeV.mac,dna_ice_am_rho0p5_E01443_35p9900501MeV,root/dna_ice_am_rho0p5_E01443_35p9900501MeV.root,ice_am,0.5
1444,36.1077477,36.3442988,36.2258301,0.23655108,1000,macros/europa_E01444_36p2258301MeV.mac,dna_ice_am_rho0p5_E01444_36p2258301MeV,root/dna_ice_am_rho0p5_E01444_36p2258301MeV.root,ice_am,0.5
1445,36.3442988,36.5823995,36.4631548,0.238100786,1000,macros/europa_E01445_36p4631548MeV.mac,dna_ice_am_rho0p5_E01445_36p4631548MeV,root/dna_ice_am_rho0p5_E01445_36p4631548MeV.root,ice_am,0.5
1446,36.5823995,36.8220602,36.7020342,0.239660646,1000,macros/europa_E01446_36p7020342MeV.mac,dna_ice_am_rho0p5_E01446_36p7020342MeV,root/dna_ice_am_rho0p5_E01446_36p7020342MeV.root,ice_am,0.5
1447,36.8220602,37.0632909,36.9424787,0.241230724,1000,macros/europa_E01447_36p9424787MeV.mac,dna_ice_am_rho0p5_E01447_36p9424787MeV,root/dna_ice_am_rho0p5_E01447_36p9424787MeV.root,ice_am,0.5
1448,37.0632909,37.306102,37.1844983,0.242811088,1000,macros/europa_E01448_37p1844983MeV.mac,dna_ice_am_rho0p5_E01448_37p1844983MeV,root/dna_ice_am_rho0p5_E01448_37p1844983MeV.root,ice_am,0.5
1449,37.306102,37.5505038,37.4281034,0.244401805,1000,macros/europa_E01449_37p4281034MeV.mac,dna_ice_am_rho0p5_E01449_37p4281034MeV,root/dna_ice_am_rho0p5_E01449_37p4281034MeV.root,ice_am,0.5
1450,37.5505038,37.7965068,37.6733045,0.246002944,1000,macros/europa_E01450_37p6733045MeV.mac,dna_ice_am_rho0p5_E01450_37p6733045MeV,root/dna_ice_am_rho0p5_E01450_37p6733045MeV.root,ice_am,0.5
1451,37.7965068,38.0441213,37.9201119,0.247614572,1000,macros/europa_E01451_37p9201119MeV.mac,dna_ice_am_rho0p5_E01451_37p9201119MeV,root/dna_ice_am_rho0p5_E01451_37p9201119MeV.root,ice_am,0.5
1452,38.0441213,38.2933581,38.1685363,0.249236758,1000,macros/europa_E01452_38p1685363MeV.mac,dna_ice_am_rho0p5_E01452_38p1685363MeV,root/dna_ice_am_rho0p5_E01452_38p1685363MeV.root,ice_am,0.5
1453,38.2933581,38.5442277,38.4185881,0.250869572,1000,macros/europa_E01453_38p4185881MeV.mac,dna_ice_am_rho0p5_E01453_38p4185881MeV,root/dna_ice_am_rho0p5_E01453_38p4185881MeV.root,ice_am,0.5
1454,38.5442277,38.7967407,38.6702781,0.252513083,1000,macros/europa_E01454_38p6702781MeV.mac,dna_ice_am_rho0p5_E01454_38p6702781MeV,root/dna_ice_am_rho0p5_E01454_38p6702781MeV.root,ice_am,0.5
1455,38.7967407,39.0509081,38.923617,0.25416736,1000,macros/europa_E01455_38p923617MeV.mac,dna_ice_am_rho0p5_E01455_38p923617MeV,root/dna_ice_am_rho0p5_E01455_38p923617MeV.root,ice_am,0.5
1456,39.0509081,39.3067406,39.1786155,0.255832476,1000,macros/europa_E01456_39p1786155MeV.mac,dna_ice_am_rho0p5_E01456_39p1786155MeV,root/dna_ice_am_rho0p5_E01456_39p1786155MeV.root,ice_am,0.5
1457,39.3067406,39.5642491,39.4352846,0.2575085,1000,macros/europa_E01457_39p4352846MeV.mac,dna_ice_am_rho0p5_E01457_39p4352846MeV,root/dna_ice_am_rho0p5_E01457_39p4352846MeV.root,ice_am,0.5
1458,39.5642491,39.8234446,39.6936353,0.259195504,1000,macros/europa_E01458_39p6936353MeV.mac,dna_ice_am_rho0p5_E01458_39p6936353MeV,root/dna_ice_am_rho0p5_E01458_39p6936353MeV.root,ice_am,0.5
1459,39.8234446,40.0843381,39.9536784,0.26089356,1000,macros/europa_E01459_39p9536784MeV.mac,dna_ice_am_rho0p5_E01459_39p9536784MeV,root/dna_ice_am_rho0p5_E01459_39p9536784MeV.root,ice_am,0.5
1460,40.0843381,40.3469409,40.2154252,0.26260274,1000,macros/europa_E01460_40p2154252MeV.mac,dna_ice_am_rho0p5_E01460_40p2154252MeV,root/dna_ice_am_rho0p5_E01460_40p2154252MeV.root,ice_am,0.5
1461,40.3469409,40.611264,40.4788867,0.264323118,1000,macros/europa_E01461_40p4788867MeV.mac,dna_ice_am_rho0p5_E01461_40p4788867MeV,root/dna_ice_am_rho0p5_E01461_40p4788867MeV.root,ice_am,0.5
1462,40.611264,40.8773188,40.7440742,0.266054766,1000,macros/europa_E01462_40p7440742MeV.mac,dna_ice_am_rho0p5_E01462_40p7440742MeV,root/dna_ice_am_rho0p5_E01462_40p7440742MeV.root,ice_am,0.5
1463,40.8773188,41.1451165,41.0109991,0.267797759,1000,macros/europa_E01463_41p0109991MeV.mac,dna_ice_am_rho0p5_E01463_41p0109991MeV,root/dna_ice_am_rho0p5_E01463_41p0109991MeV.root,ice_am,0.5
1464,41.1451165,41.4146687,41.2796726,0.26955217,1000,macros/europa_E01464_41p2796726MeV.mac,dna_ice_am_rho0p5_E01464_41p2796726MeV,root/dna_ice_am_rho0p5_E01464_41p2796726MeV.root,ice_am,0.5
1465,41.4146687,41.6859868,41.5501063,0.271318075,1000,macros/europa_E01465_41p5501063MeV.mac,dna_ice_am_rho0p5_E01465_41p5501063MeV,root/dna_ice_am_rho0p5_E01465_41p5501063MeV.root,ice_am,0.5
1466,41.6859868,41.9590823,41.8223116,0.273095549,1000,macros/europa_E01466_41p8223116MeV.mac,dna_ice_am_rho0p5_E01466_41p8223116MeV,root/dna_ice_am_rho0p5_E01466_41p8223116MeV.root,ice_am,0.5
1467,41.9590823,42.233967,42.0963003,0.274884668,1000,macros/europa_E01467_42p0963003MeV.mac,dna_ice_am_rho0p5_E01467_42p0963003MeV,root/dna_ice_am_rho0p5_E01467_42p0963003MeV.root,ice_am,0.5
1468,42.233967,42.5106525,42.3720839,0.276685508,1000,macros/europa_E01468_42p3720839MeV.mac,dna_ice_am_rho0p5_E01468_42p3720839MeV,root/dna_ice_am_rho0p5_E01468_42p3720839MeV.root,ice_am,0.5
1469,42.5106525,42.7891506,42.6496742,0.278498145,1000,macros/europa_E01469_42p6496742MeV.mac,dna_ice_am_rho0p5_E01469_42p6496742MeV,root/dna_ice_am_rho0p5_E01469_42p6496742MeV.root,ice_am,0.5
1470,42.7891506,43.0694733,42.9290832,0.280322658,1000,macros/europa_E01470_42p9290832MeV.mac,dna_ice_am_rho0p5_E01470_42p9290832MeV,root/dna_ice_am_rho0p5_E01470_42p9290832MeV.root,ice_am,0.5
1471,43.0694733,43.3516324,43.2103225,0.282159123,1000,macros/europa_E01471_43p2103225MeV.mac,dna_ice_am_rho0p5_E01471_43p2103225MeV,root/dna_ice_am_rho0p5_E01471_43p2103225MeV.root,ice_am,0.5
1472,43.3516324,43.63564,43.4934044,0.284007619,1000,macros/europa_E01472_43p4934044MeV.mac,dna_ice_am_rho0p5_E01472_43p4934044MeV,root/dna_ice_am_rho0p5_E01472_43p4934044MeV.root,ice_am,0.5
1473,43.63564,43.9215083,43.7783408,0.285868226,1000,macros/europa_E01473_43p7783408MeV.mac,dna_ice_am_rho0p5_E01473_43p7783408MeV,root/dna_ice_am_rho0p5_E01473_43p7783408MeV.root,ice_am,0.5
1474,43.9215083,44.2092493,44.0651439,0.287741022,1000,macros/europa_E01474_44p0651439MeV.mac,dna_ice_am_rho0p5_E01474_44p0651439MeV,root/dna_ice_am_rho0p5_E01474_44p0651439MeV.root,ice_am,0.5
1475,44.2092493,44.4988754,44.3538259,0.289626087,1000,macros/europa_E01475_44p3538259MeV.mac,dna_ice_am_rho0p5_E01475_44p3538259MeV,root/dna_ice_am_rho0p5_E01475_44p3538259MeV.root,ice_am,0.5
1476,44.4988754,44.7903989,44.6443992,0.291523501,1000,macros/europa_E01476_44p6443992MeV.mac,dna_ice_am_rho0p5_E01476_44p6443992MeV,root/dna_ice_am_rho0p5_E01476_44p6443992MeV.root,ice_am,0.5
1477,44.7903989,45.0838322,44.936876,0.293433346,1000,macros/europa_E01477_44p936876MeV.mac,dna_ice_am_rho0p5_E01477_44p936876MeV,root/dna_ice_am_rho0p5_E01477_44p936876MeV.root,ice_am,0.5
1478,45.0838322,45.3791879,45.231269,0.295355703,1000,macros/europa_E01478_45p231269MeV.mac,dna_ice_am_rho0p5_E01478_45p231269MeV,root/dna_ice_am_rho0p5_E01478_45p231269MeV.root,ice_am,0.5
1479,45.3791879,45.6764786,45.5275906,0.297290654,1000,macros/europa_E01479_45p5275906MeV.mac,dna_ice_am_rho0p5_E01479_45p5275906MeV,root/dna_ice_am_rho0p5_E01479_45p5275906MeV.root,ice_am,0.5
1480,45.6764786,45.9757169,45.8258535,0.299238281,1000,macros/europa_E01480_45p8258535MeV.mac,dna_ice_am_rho0p5_E01480_45p8258535MeV,root/dna_ice_am_rho0p5_E01480_45p8258535MeV.root,ice_am,0.5
1481,45.9757169,46.2769155,46.1260703,0.301198667,1000,macros/europa_E01481_46p1260703MeV.mac,dna_ice_am_rho0p5_E01481_46p1260703MeV,root/dna_ice_am_rho0p5_E01481_46p1260703MeV.root,ice_am,0.5
1482,46.2769155,46.5800874,46.428254,0.303171896,1000,macros/europa_E01482_46p428254MeV.mac,dna_ice_am_rho0p5_E01482_46p428254MeV,root/dna_ice_am_rho0p5_E01482_46p428254MeV.root,ice_am,0.5
1483,46.5800874,46.8852455,46.7324174,0.305158053,1000,macros/europa_E01483_46p7324174MeV.mac,dna_ice_am_rho0p5_E01483_46p7324174MeV,root/dna_ice_am_rho0p5_E01483_46p7324174MeV.root,ice_am,0.5
1484,46.8852455,47.1924027,47.0385734,0.307157221,1000,macros/europa_E01484_47p0385734MeV.mac,dna_ice_am_rho0p5_E01484_47p0385734MeV,root/dna_ice_am_rho0p5_E01484_47p0385734MeV.root,ice_am,0.5
1485,47.1924027,47.5015722,47.3467351,0.309169487,1000,macros/europa_E01485_47p3467351MeV.mac,dna_ice_am_rho0p5_E01485_47p3467351MeV,root/dna_ice_am_rho0p5_E01485_47p3467351MeV.root,ice_am,0.5
1486,47.5015722,47.8127671,47.6569156,0.311194935,1000,macros/europa_E01486_47p6569156MeV.mac,dna_ice_am_rho0p5_E01486_47p6569156MeV,root/dna_ice_am_rho0p5_E01486_47p6569156MeV.root,ice_am,0.5
1487,47.8127671,48.1260008,47.9691283,0.313233653,1000,macros/europa_E01487_47p9691283MeV.mac,dna_ice_am_rho0p5_E01487_47p9691283MeV,root/dna_ice_am_rho0p5_E01487_47p9691283MeV.root,ice_am,0.5
1488,48.1260008,48.4412865,48.2833863,0.315285726,1000,macros/europa_E01488_48p2833863MeV.mac,dna_ice_am_rho0p5_E01488_48p2833863MeV,root/dna_ice_am_rho0p5_E01488_48p2833863MeV.root,ice_am,0.5
1489,48.4412865,48.7586377,48.5997031,0.317351244,1000,macros/europa_E01489_48p5997031MeV.mac,dna_ice_am_rho0p5_E01489_48p5997031MeV,root/dna_ice_am_rho0p5_E01489_48p5997031MeV.root,ice_am,0.5
1490,48.7586377,49.078068,48.9180921,0.319430293,1000,macros/europa_E01490_48p9180921MeV.mac,dna_ice_am_rho0p5_E01490_48p9180921MeV,root/dna_ice_am_rho0p5_E01490_48p9180921MeV.root,ice_am,0.5
1491,49.078068,49.399591,49.2385671,0.321522962,1000,macros/europa_E01491_49p2385671MeV.mac,dna_ice_am_rho0p5_E01491_49p2385671MeV,root/dna_ice_am_rho0p5_E01491_49p2385671MeV.root,ice_am,0.5
1492,49.399591,49.7232203,49.5611415,0.323629341,1000,macros/europa_E01492_49p5611415MeV.mac,dna_ice_am_rho0p5_E01492_49p5611415MeV,root/dna_ice_am_rho0p5_E01492_49p5611415MeV.root,ice_am,0.5
1493,49.7232203,50.0489698,49.8858292,0.32574952,1000,macros/europa_E01493_49p8858292MeV.mac,dna_ice_am_rho0p5_E01493_49p8858292MeV,root/dna_ice_am_rho0p5_E01493_49p8858292MeV.root,ice_am,0.5
1494,50.0489698,50.3768534,50.212644,0.327883588,1000,macros/europa_E01494_50p212644MeV.mac,dna_ice_am_rho0p5_E01494_50p212644MeV,root/dna_ice_am_rho0p5_E01494_50p212644MeV.root,ice_am,0.5
1495,50.3768534,50.7068851,50.5415999,0.330031637,1000,macros/europa_E01495_50p5415999MeV.mac,dna_ice_am_rho0p5_E01495_50p5415999MeV,root/dna_ice_am_rho0p5_E01495_50p5415999MeV.root,ice_am,0.5
1496,50.7068851,51.0390788,50.8727108,0.332193759,1000,macros/europa_E01496_50p8727108MeV.mac,dna_ice_am_rho0p5_E01496_50p8727108MeV,root/dna_ice_am_rho0p5_E01496_50p8727108MeV.root,ice_am,0.5
1497,51.0390788,51.3734489,51.2059909,0.334370045,1000,macros/europa_E01497_51p2059909MeV.mac,dna_ice_am_rho0p5_E01497_51p2059909MeV,root/dna_ice_am_rho0p5_E01497_51p2059909MeV.root,ice_am,0.5
1498,51.3734489,51.7100095,51.5414545,0.336560589,1000,macros/europa_E01498_51p5414545MeV.mac,dna_ice_am_rho0p5_E01498_51p5414545MeV,root/dna_ice_am_rho0p5_E01498_51p5414545MeV.root,ice_am,0.5
1499,51.7100095,52.0487749,51.8791157,0.338765483,1000,macros/europa_E01499_51p8791157MeV.mac,dna_ice_am_rho0p5_E01499_51p8791157MeV,root/dna_ice_am_rho0p5_E01499_51p8791157MeV.root,ice_am,0.5
1500,52.0487749,52.3897598,52.218989,0.340984822,1000,macros/europa_E01500_52p218989MeV.mac,dna_ice_am_rho0p5_E01500_52p218989MeV,root/dna_ice_am_rho0p5_E01500_52p218989MeV.root,ice_am,0.5
1501,52.3897598,52.7329785,52.561089,0.343218701,1000,macros/europa_E01501_52p561089MeV.mac,dna_ice_am_rho0p5_E01501_52p561089MeV,root/dna_ice_am_rho0p5_E01501_52p561089MeV.root,ice_am,0.5
1502,52.7329785,53.0784457,52.9054301,0.345467214,1000,macros/europa_E01502_52p9054301MeV.mac,dna_ice_am_rho0p5_E01502_52p9054301MeV,root/dna_ice_am_rho0p5_E01502_52p9054301MeV.root,ice_am,0.5
1503,53.0784457,53.4261761,53.2520271,0.347730458,1000,macros/europa_E01503_53p2520271MeV.mac,dna_ice_am_rho0p5_E01503_53p2520271MeV,root/dna_ice_am_rho0p5_E01503_53p2520271MeV.root,ice_am,0.5
1504,53.4261761,53.7761847,53.6008947,0.350008529,1000,macros/europa_E01504_53p6008947MeV.mac,dna_ice_am_rho0p5_E01504_53p6008947MeV,root/dna_ice_am_rho0p5_E01504_53p6008947MeV.root,ice_am,0.5
1505,53.7761847,54.1284862,53.9520479,0.352301525,1000,macros/europa_E01505_53p9520479MeV.mac,dna_ice_am_rho0p5_E01505_53p9520479MeV,root/dna_ice_am_rho0p5_E01505_53p9520479MeV.root,ice_am,0.5
1506,54.1284862,54.4830957,54.3055015,0.354609542,1000,macros/europa_E01506_54p3055015MeV.mac,dna_ice_am_rho0p5_E01506_54p3055015MeV,root/dna_ice_am_rho0p5_E01506_54p3055015MeV.root,ice_am,0.5
1507,54.4830957,54.8400284,54.6612707,0.35693268,1000,macros/europa_E01507_54p6612707MeV.mac,dna_ice_am_rho0p5_E01507_54p6612707MeV,root/dna_ice_am_rho0p5_E01507_54p6612707MeV.root,ice_am,0.5
1508,54.8400284,55.1992995,55.0193707,0.359271037,1000,macros/europa_E01508_55p0193707MeV.mac,dna_ice_am_rho0p5_E01508_55p0193707MeV,root/dna_ice_am_rho0p5_E01508_55p0193707MeV.root,ice_am,0.5
1509,55.1992995,55.5609242,55.3798166,0.361624713,1000,macros/europa_E01509_55p3798166MeV.mac,dna_ice_am_rho0p5_E01509_55p3798166MeV,root/dna_ice_am_rho0p5_E01509_55p3798166MeV.root,ice_am,0.5
1510,55.5609242,55.924918,55.742624,0.363993809,1000,macros/europa_E01510_55p742624MeV.mac,dna_ice_am_rho0p5_E01510_55p742624MeV,root/dna_ice_am_rho0p5_E01510_55p742624MeV.root,ice_am,0.5
1511,55.924918,56.2912964,56.1078081,0.366378425,1000,macros/europa_E01511_56p1078081MeV.mac,dna_ice_am_rho0p5_E01511_56p1078081MeV,root/dna_ice_am_rho0p5_E01511_56p1078081MeV.root,ice_am,0.5
1512,56.2912964,56.6600751,56.4753847,0.368778664,1000,macros/europa_E01512_56p4753847MeV.mac,dna_ice_am_rho0p5_E01512_56p4753847MeV,root/dna_ice_am_rho0p5_E01512_56p4753847MeV.root,ice_am,0.5
1513,56.6600751,57.0312697,56.8453694,0.371194627,1000,macros/europa_E01513_56p8453694MeV.mac,dna_ice_am_rho0p5_E01513_56p8453694MeV,root/dna_ice_am_rho0p5_E01513_56p8453694MeV.root,ice_am,0.5
1514,57.0312697,57.4048961,57.2177779,0.373626418,1000,macros/europa_E01514_57p2177779MeV.mac,dna_ice_am_rho0p5_E01514_57p2177779MeV,root/dna_ice_am_rho0p5_E01514_57p2177779MeV.root,ice_am,0.5
1515,57.4048961,57.7809703,57.5926262,0.37607414,1000,macros/europa_E01515_57p5926262MeV.mac,dna_ice_am_rho0p5_E01515_57p5926262MeV,root/dna_ice_am_rho0p5_E01515_57p5926262MeV.root,ice_am,0.5
1516,57.7809703,58.1595082,57.9699302,0.378537898,1000,macros/europa_E01516_57p9699302MeV.mac,dna_ice_am_rho0p5_E01516_57p9699302MeV,root/dna_ice_am_rho0p5_E01516_57p9699302MeV.root,ice_am,0.5
1517,58.1595082,58.5405259,58.349706,0.381017797,1000,macros/europa_E01517_58p349706MeV.mac,dna_ice_am_rho0p5_E01517_58p349706MeV,root/dna_ice_am_rho0p5_E01517_58p349706MeV.root,ice_am,0.5
1518,58.5405259,58.9240399,58.7319699,0.383513941,1000,macros/europa_E01518_58p7319699MeV.mac,dna_ice_am_rho0p5_E01518_58p7319699MeV,root/dna_ice_am_rho0p5_E01518_58p7319699MeV.root,ice_am,0.5
1519,58.9240399,59.3100663,59.116738,0.386026439,1000,macros/europa_E01519_59p116738MeV.mac,dna_ice_am_rho0p5_E01519_59p116738MeV,root/dna_ice_am_rho0p5_E01519_59p116738MeV.root,ice_am,0.5
1520,59.3100663,59.6986217,59.5040269,0.388555397,1000,macros/europa_E01520_59p5040269MeV.mac,dna_ice_am_rho0p5_E01520_59p5040269MeV,root/dna_ice_am_rho0p5_E01520_59p5040269MeV.root,ice_am,0.5
1521,59.6986217,60.0897226,59.893853,0.391100923,1000,macros/europa_E01521_59p893853MeV.mac,dna_ice_am_rho0p5_E01521_59p893853MeV,root/dna_ice_am_rho0p5_E01521_59p893853MeV.root,ice_am,0.5
1522,60.0897226,60.4833858,60.2862329,0.393663125,1000,macros/europa_E01522_60p2862329MeV.mac,dna_ice_am_rho0p5_E01522_60p2862329MeV,root/dna_ice_am_rho0p5_E01522_60p2862329MeV.root,ice_am,0.5
1523,60.4833858,60.8796279,60.6811834,0.396242113,1000,macros/europa_E01523_60p6811834MeV.mac,dna_ice_am_rho0p5_E01523_60p6811834MeV,root/dna_ice_am_rho0p5_E01523_60p6811834MeV.root,ice_am,0.5
1524,60.8796279,61.2784659,61.0787213,0.398837996,1000,macros/europa_E01524_61p0787213MeV.mac,dna_ice_am_rho0p5_E01524_61p0787213MeV,root/dna_ice_am_rho0p5_E01524_61p0787213MeV.root,ice_am,0.5
1525,61.2784659,61.6799168,61.4788636,0.401450885,1000,macros/europa_E01525_61p4788636MeV.mac,dna_ice_am_rho0p5_E01525_61p4788636MeV,root/dna_ice_am_rho0p5_E01525_61p4788636MeV.root,ice_am,0.5
1526,61.6799168,62.0839977,61.8816274,0.404080893,1000,macros/europa_E01526_61p8816274MeV.mac,dna_ice_am_rho0p5_E01526_61p8816274MeV,root/dna_ice_am_rho0p5_E01526_61p8816274MeV.root,ice_am,0.5
1527,62.0839977,62.4907258,62.2870297,0.40672813,1000,macros/europa_E01527_62p2870297MeV.mac,dna_ice_am_rho0p5_E01527_62p2870297MeV,root/dna_ice_am_rho0p5_E01527_62p2870297MeV.root,ice_am,0.5
1528,62.4907258,62.9001185,62.695088,0.40939271,1000,macros/europa_E01528_62p695088MeV.mac,dna_ice_am_rho0p5_E01528_62p695088MeV,root/dna_ice_am_rho0p5_E01528_62p695088MeV.root,ice_am,0.5
1529,62.9001185,63.3121932,63.1058195,0.412074746,1000,macros/europa_E01529_63p1058195MeV.mac,dna_ice_am_rho0p5_E01529_63p1058195MeV,root/dna_ice_am_rho0p5_E01529_63p1058195MeV.root,ice_am,0.5
1530,63.3121932,63.7269676,63.5192419,0.414774353,1000,macros/europa_E01530_63p5192419MeV.mac,dna_ice_am_rho0p5_E01530_63p5192419MeV,root/dna_ice_am_rho0p5_E01530_63p5192419MeV.root,ice_am,0.5
1531,63.7269676,64.1444592,63.9353727,0.417491646,1000,macros/europa_E01531_63p9353727MeV.mac,dna_ice_am_rho0p5_E01531_63p9353727MeV,root/dna_ice_am_rho0p5_E01531_63p9353727MeV.root,ice_am,0.5
1532,64.1444592,64.564686,64.3542296,0.42022674,1000,macros/europa_E01532_64p3542296MeV.mac,dna_ice_am_rho0p5_E01532_64p3542296MeV,root/dna_ice_am_rho0p5_E01532_64p3542296MeV.root,ice_am,0.5
1533,64.564686,64.9876657,64.7758306,0.422979753,1000,macros/europa_E01533_64p7758306MeV.mac,dna_ice_am_rho0p5_E01533_64p7758306MeV,root/dna_ice_am_rho0p5_E01533_64p7758306MeV.root,ice_am,0.5
1534,64.9876657,65.4134165,65.2001936,0.425750801,1000,macros/europa_E01534_65p2001936MeV.mac,dna_ice_am_rho0p5_E01534_65p2001936MeV,root/dna_ice_am_rho0p5_E01534_65p2001936MeV.root,ice_am,0.5
1535,65.4134165,65.8419565,65.6273368,0.428540004,1000,macros/europa_E01535_65p6273368MeV.mac,dna_ice_am_rho0p5_E01535_65p6273368MeV,root/dna_ice_am_rho0p5_E01535_65p6273368MeV.root,ice_am,0.5
1536,65.8419565,66.273304,66.0572782,0.431347479,1000,macros/europa_E01536_66p0572782MeV.mac,dna_ice_am_rho0p5_E01536_66p0572782MeV,root/dna_ice_am_rho0p5_E01536_66p0572782MeV.root,ice_am,0.5
1537,66.273304,66.7074774,66.4900363,0.434173346,1000,macros/europa_E01537_66p4900363MeV.mac,dna_ice_am_rho0p5_E01537_66p4900363MeV,root/dna_ice_am_rho0p5_E01537_66p4900363MeV.root,ice_am,0.5
1538,66.7074774,67.1444951,66.9256295,0.437017727,1000,macros/europa_E01538_66p9256295MeV.mac,dna_ice_am_rho0p5_E01538_66p9256295MeV,root/dna_ice_am_rho0p5_E01538_66p9256295MeV.root,ice_am,0.5
1539,67.1444951,67.5843758,67.3640764,0.439880741,1000,macros/europa_E01539_67p3640764MeV.mac,dna_ice_am_rho0p5_E01539_67p3640764MeV,root/dna_ice_am_rho0p5_E01539_67p3640764MeV.root,ice_am,0.5
1540,67.5843758,68.0271383,67.8053957,0.442762513,1000,macros/europa_E01540_67p8053957MeV.mac,dna_ice_am_rho0p5_E01540_67p8053957MeV,root/dna_ice_am_rho0p5_E01540_67p8053957MeV.root,ice_am,0.5
1541,68.0271383,68.4728015,68.2496062,0.445663163,1000,macros/europa_E01541_68p2496062MeV.mac,dna_ice_am_rho0p5_E01541_68p2496062MeV,root/dna_ice_am_rho0p5_E01541_68p2496062MeV.root,ice_am,0.5
1542,68.4728015,68.9213843,68.6967268,0.448582816,1000,macros/europa_E01542_68p6967268MeV.mac,dna_ice_am_rho0p5_E01542_68p6967268MeV,root/dna_ice_am_rho0p5_E01542_68p6967268MeV.root,ice_am,0.5
1543,68.9213843,69.3729059,69.1467766,0.451521597,1000,macros/europa_E01543_69p1467766MeV.mac,dna_ice_am_rho0p5_E01543_69p1467766MeV,root/dna_ice_am_rho0p5_E01543_69p1467766MeV.root,ice_am,0.5
1544,69.3729059,69.8273856,69.5997748,0.45447963,1000,macros/europa_E01544_69p5997748MeV.mac,dna_ice_am_rho0p5_E01544_69p5997748MeV,root/dna_ice_am_rho0p5_E01544_69p5997748MeV.root,ice_am,0.5
1545,69.8273856,70.2848426,70.0557407,0.457457042,1000,macros/europa_E01545_70p0557407MeV.mac,dna_ice_am_rho0p5_E01545_70p0557407MeV,root/dna_ice_am_rho0p5_E01545_70p0557407MeV.root,ice_am,0.5
1546,70.2848426,70.7452966,70.5146937,0.46045396,1000,macros/europa_E01546_70p5146937MeV.mac,dna_ice_am_rho0p5_E01546_70p5146937MeV,root/dna_ice_am_rho0p5_E01546_70p5146937MeV.root,ice_am,0.5
1547,70.7452966,71.2087671,70.9766535,0.463470512,1000,macros/europa_E01547_70p9766535MeV.mac,dna_ice_am_rho0p5_E01547_70p9766535MeV,root/dna_ice_am_rho0p5_E01547_70p9766535MeV.root,ice_am,0.5
1548,71.2087671,71.6752739,71.4416397,0.466506826,1000,macros/europa_E01548_71p4416397MeV.mac,dna_ice_am_rho0p5_E01548_71p4416397MeV,root/dna_ice_am_rho0p5_E01548_71p4416397MeV.root,ice_am,0.5
1549,71.6752739,72.1448369,71.9096721,0.469563031,1000,macros/europa_E01549_71p9096721MeV.mac,dna_ice_am_rho0p5_E01549_71p9096721MeV,root/dna_ice_am_rho0p5_E01549_71p9096721MeV.root,ice_am,0.5
1550,72.1448369,72.6174762,72.3807708,0.472639258,1000,macros/europa_E01550_72p3807708MeV.mac,dna_ice_am_rho0p5_E01550_72p3807708MeV,root/dna_ice_am_rho0p5_E01550_72p3807708MeV.root,ice_am,0.5
1551,72.6174762,73.0932118,72.8549557,0.475735639,1000,macros/europa_E01551_72p8549557MeV.mac,dna_ice_am_rho0p5_E01551_72p8549557MeV,root/dna_ice_am_rho0p5_E01551_72p8549557MeV.root,ice_am,0.5
1552,73.0932118,73.5720641,73.3322471,0.478852305,1000,macros/europa_E01552_73p3322471MeV.mac,dna_ice_am_rho0p5_E01552_73p3322471MeV,root/dna_ice_am_rho0p5_E01552_73p3322471MeV.root,ice_am,0.5
1553,73.5720641,74.0540535,73.8126654,0.481989388,1000,macros/europa_E01553_73p8126654MeV.mac,dna_ice_am_rho0p5_E01553_73p8126654MeV,root/dna_ice_am_rho0p5_E01553_73p8126654MeV.root,ice_am,0.5
1554,74.0540535,74.5392005,74.296231,0.485147024,1000,macros/europa_E01554_74p296231MeV.mac,dna_ice_am_rho0p5_E01554_74p296231MeV,root/dna_ice_am_rho0p5_E01554_74p296231MeV.root,ice_am,0.5
1555,74.5392005,75.0275259,74.7829646,0.488325346,1000,macros/europa_E01555_74p7829646MeV.mac,dna_ice_am_rho0p5_E01555_74p7829646MeV,root/dna_ice_am_rho0p5_E01555_74p7829646MeV.root,ice_am,0.5
1556,75.0275259,75.5190504,75.2728869,0.49152449,1000,macros/europa_E01556_75p2728869MeV.mac,dna_ice_am_rho0p5_E01556_75p2728869MeV,root/dna_ice_am_rho0p5_E01556_75p2728869MeV.root,ice_am,0.5
1557,75.5190504,76.013795,75.7660188,0.494744593,1000,macros/europa_E01557_75p7660188MeV.mac,dna_ice_am_rho0p5_E01557_75p7660188MeV,root/dna_ice_am_rho0p5_E01557_75p7660188MeV.root,ice_am,0.5
1558,76.013795,76.5117808,76.2623814,0.497985791,1000,macros/europa_E01558_76p2623814MeV.mac,dna_ice_am_rho0p5_E01558_76p2623814MeV,root/dna_ice_am_rho0p5_E01558_76p2623814MeV.root,ice_am,0.5
1559,76.5117808,77.013029,76.7619957,0.501248223,1000,macros/europa_E01559_76p7619957MeV.mac,dna_ice_am_rho0p5_E01559_76p7619957MeV,root/dna_ice_am_rho0p5_E01559_76p7619957MeV.root,ice_am,0.5
1560,77.013029,77.517561,77.2648832,0.504532028,1000,macros/europa_E01560_77p2648832MeV.mac,dna_ice_am_rho0p5_E01560_77p2648832MeV,root/dna_ice_am_rho0p5_E01560_77p2648832MeV.root,ice_am,0.5
1561,77.517561,78.0253984,77.7710652,0.507837346,1000,macros/europa_E01561_77p7710652MeV.mac,dna_ice_am_rho0p5_E01561_77p7710652MeV,root/dna_ice_am_rho0p5_E01561_77p7710652MeV.root,ice_am,0.5
1562,78.0253984,78.5365627,78.2805633,0.511164319,1000,macros/europa_E01562_78p2805633MeV.mac,dna_ice_am_rho0p5_E01562_78p2805633MeV,root/dna_ice_am_rho0p5_E01562_78p2805633MeV.root,ice_am,0.5
1563,78.5365627,79.0510758,78.7933993,0.514513087,1000,macros/europa_E01563_78p7933993MeV.mac,dna_ice_am_rho0p5_E01563_78p7933993MeV,root/dna_ice_am_rho0p5_E01563_78p7933993MeV.root,ice_am,0.5
1564,79.0510758,79.5689596,79.3095949,0.517883793,1000,macros/europa_E01564_79p3095949MeV.mac,dna_ice_am_rho0p5_E01564_79p3095949MeV,root/dna_ice_am_rho0p5_E01564_79p3095949MeV.root,ice_am,0.5
1565,79.5689596,80.0902361,79.8291724,0.521276582,1000,macros/europa_E01565_79p8291724MeV.mac,dna_ice_am_rho0p5_E01565_79p8291724MeV,root/dna_ice_am_rho0p5_E01565_79p8291724MeV.root,ice_am,0.5
1566,80.0902361,80.6149277,80.3521537,0.524691598,1000,macros/europa_E01566_80p3521537MeV.mac,dna_ice_am_rho0p5_E01566_80p3521537MeV,root/dna_ice_am_rho0p5_E01566_80p3521537MeV.root,ice_am,0.5
1567,80.6149277,81.1430567,80.8785612,0.528128987,1000,macros/europa_E01567_80p8785612MeV.mac,dna_ice_am_rho0p5_E01567_80p8785612MeV,root/dna_ice_am_rho0p5_E01567_80p8785612MeV.root,ice_am,0.5
1568,81.1430567,81.6746456,81.4084173,0.531588895,1000,macros/europa_E01568_81p4084173MeV.mac,dna_ice_am_rho0p5_E01568_81p4084173MeV,root/dna_ice_am_rho0p5_E01568_81p4084173MeV.root,ice_am,0.5
1569,81.6746456,82.2097171,81.9417446,0.53507147,1000,macros/europa_E01569_81p9417446MeV.mac,dna_ice_am_rho0p5_E01569_81p9417446MeV,root/dna_ice_am_rho0p5_E01569_81p9417446MeV.root,ice_am,0.5
1570,82.2097171,82.7482939,82.4785659,0.53857686,1000,macros/europa_E01570_82p4785659MeV.mac,dna_ice_am_rho0p5_E01570_82p4785659MeV,root/dna_ice_am_rho0p5_E01570_82p4785659MeV.root,ice_am,0.5
1571,82.7482939,83.2903992,83.0189041,0.542105214,1000,macros/europa_E01571_83p0189041MeV.mac,dna_ice_am_rho0p5_E01571_83p0189041MeV,root/dna_ice_am_rho0p5_E01571_83p0189041MeV.root,ice_am,0.5
1572,83.2903992,83.8360558,83.5627821,0.545656684,1000,macros/europa_E01572_83p5627821MeV.mac,dna_ice_am_rho0p5_E01572_83p5627821MeV,root/dna_ice_am_rho0p5_E01572_83p5627821MeV.root,ice_am,0.5
1573,83.8360558,84.3852873,84.1102233,0.54923142,1000,macros/europa_E01573_84p1102233MeV.mac,dna_ice_am_rho0p5_E01573_84p1102233MeV,root/dna_ice_am_rho0p5_E01573_84p1102233MeV.root,ice_am,0.5
1574,84.3852873,84.9381168,84.6612508,0.552829576,1000,macros/europa_E01574_84p6612508MeV.mac,dna_ice_am_rho0p5_E01574_84p6612508MeV,root/dna_ice_am_rho0p5_E01574_84p6612508MeV.root,ice_am,0.5
1575,84.9381168,85.4945681,85.2158883,0.556451303,1000,macros/europa_E01575_85p2158883MeV.mac,dna_ice_am_rho0p5_E01575_85p2158883MeV,root/dna_ice_am_rho0p5_E01575_85p2158883MeV.root,ice_am,0.5
1576,85.4945681,86.0546649,85.7741594,0.560096758,1000,macros/europa_E01576_85p7741594MeV.mac,dna_ice_am_rho0p5_E01576_85p7741594MeV,root/dna_ice_am_rho0p5_E01576_85p7741594MeV.root,ice_am,0.5
1577,86.0546649,86.618431,86.3360878,0.563766095,1000,macros/europa_E01577_86p3360878MeV.mac,dna_ice_am_rho0p5_E01577_86p3360878MeV,root/dna_ice_am_rho0p5_E01577_86p3360878MeV.root,ice_am,0.5
1578,86.618431,87.1858905,86.9016976,0.567459471,1000,macros/europa_E01578_86p9016976MeV.mac,dna_ice_am_rho0p5_E01578_86p9016976MeV,root/dna_ice_am_rho0p5_E01578_86p9016976MeV.root,ice_am,0.5
1579,87.1858905,87.7570675,87.4710128,0.571177043,1000,macros/europa_E01579_87p4710128MeV.mac,dna_ice_am_rho0p5_E01579_87p4710128MeV,root/dna_ice_am_rho0p5_E01579_87p4710128MeV.root,ice_am,0.5
1580,87.7570675,88.3319865,88.0440577,0.574918969,1000,macros/europa_E01580_88p0440577MeV.mac,dna_ice_am_rho0p5_E01580_88p0440577MeV,root/dna_ice_am_rho0p5_E01580_88p0440577MeV.root,ice_am,0.5
1581,88.3319865,88.9106719,88.6208568,0.578685411,1000,macros/europa_E01581_88p6208568MeV.mac,dna_ice_am_rho0p5_E01581_88p6208568MeV,root/dna_ice_am_rho0p5_E01581_88p6208568MeV.root,ice_am,0.5
1582,88.9106719,89.4931484,89.2014347,0.582476526,1000,macros/europa_E01582_89p2014347MeV.mac,dna_ice_am_rho0p5_E01582_89p2014347MeV,root/dna_ice_am_rho0p5_E01582_89p2014347MeV.root,ice_am,0.5
1583,89.4931484,90.0794409,89.7858161,0.586292479,1000,macros/europa_E01583_89p7858161MeV.mac,dna_ice_am_rho0p5_E01583_89p7858161MeV,root/dna_ice_am_rho0p5_E01583_89p7858161MeV.root,ice_am,0.5
1584,90.0794409,90.6695743,90.3740259,0.590133431,1000,macros/europa_E01584_90p3740259MeV.mac,dna_ice_am_rho0p5_E01584_90p3740259MeV,root/dna_ice_am_rho0p5_E01584_90p3740259MeV.root,ice_am,0.5
1585,90.6695743,91.2635739,90.9660893,0.593999546,1000,macros/europa_E01585_90p9660893MeV.mac,dna_ice_am_rho0p5_E01585_90p9660893MeV,root/dna_ice_am_rho0p5_E01585_90p9660893MeV.root,ice_am,0.5
1586,91.2635739,91.8614649,91.5620313,0.597890989,1000,macros/europa_E01586_91p5620313MeV.mac,dna_ice_am_rho0p5_E01586_91p5620313MeV,root/dna_ice_am_rho0p5_E01586_91p5620313MeV.root,ice_am,0.5
1587,91.8614649,92.4632728,92.1618776,0.601807925,1000,macros/europa_E01587_92p1618776MeV.mac,dna_ice_am_rho0p5_E01587_92p1618776MeV,root/dna_ice_am_rho0p5_E01587_92p1618776MeV.root,ice_am,0.5
1588,92.4632728,93.0690233,92.7656536,0.605750523,1000,macros/europa_E01588_92p7656536MeV.mac,dna_ice_am_rho0p5_E01588_92p7656536MeV,root/dna_ice_am_rho0p5_E01588_92p7656536MeV.root,ice_am,0.5
1589,93.0690233,93.6787423,93.3733851,0.609718949,1000,macros/europa_E01589_93p3733851MeV.mac,dna_ice_am_rho0p5_E01589_93p3733851MeV,root/dna_ice_am_rho0p5_E01589_93p3733851MeV.root,ice_am,0.5
1590,93.6787423,94.2924556,93.985098,0.613713374,1000,macros/europa_E01590_93p985098MeV.mac,dna_ice_am_rho0p5_E01590_93p985098MeV,root/dna_ice_am_rho0p5_E01590_93p985098MeV.root,ice_am,0.5
1591,94.2924556,94.9101896,94.6008184,0.617733967,1000,macros/europa_E01591_94p6008184MeV.mac,dna_ice_am_rho0p5_E01591_94p6008184MeV,root/dna_ice_am_rho0p5_E01591_94p6008184MeV.root,ice_am,0.5
1592,94.9101896,95.5319705,95.2205725,0.6217809,1000,macros/europa_E01592_95p2205725MeV.mac,dna_ice_am_rho0p5_E01592_95p2205725MeV,root/dna_ice_am_rho0p5_E01592_95p2205725MeV.root,ice_am,0.5
1593,95.5319705,96.1578248,95.8443868,0.625854345,1000,macros/europa_E01593_95p8443868MeV.mac,dna_ice_am_rho0p5_E01593_95p8443868MeV,root/dna_ice_am_rho0p5_E01593_95p8443868MeV.root,ice_am,0.5
1594,96.1578248,96.7877793,96.4722879,0.629954477,1000,macros/europa_E01594_96p4722879MeV.mac,dna_ice_am_rho0p5_E01594_96p4722879MeV,root/dna_ice_am_rho0p5_E01594_96p4722879MeV.root,ice_am,0.5
1595,96.7877793,97.4218608,97.1043025,0.63408147,1000,macros/europa_E01595_97p1043025MeV.mac,dna_ice_am_rho0p5_E01595_97p1043025MeV,root/dna_ice_am_rho0p5_E01595_97p1043025MeV.root,ice_am,0.5
1596,97.4218608,98.0600963,97.7404576,0.638235499,1000,macros/europa_E01596_97p7404576MeV.mac,dna_ice_am_rho0p5_E01596_97p7404576MeV,root/dna_ice_am_rho0p5_E01596_97p7404576MeV.root,ice_am,0.5
1597,98.0600963,98.702513,98.3807803,0.642416743,1000,macros/europa_E01597_98p3807803MeV.mac,dna_ice_am_rho0p5_E01597_98p3807803MeV,root/dna_ice_am_rho0p5_E01597_98p3807803MeV.root,ice_am,0.5
1598,98.702513,99.3491384,99.0252979,0.646625379,1000,macros/europa_E01598_99p0252979MeV.mac,dna_ice_am_rho0p5_E01598_99p0252979MeV,root/dna_ice_am_rho0p5_E01598_99p0252979MeV.root,ice_am,0.5
1599,99.3491384,100,99.6740379,0.650861588,1000,macros/europa_E01599_99p6740379MeV.mac,dna_ice_am_rho0p5_E01599_99p6740379MeV,root/dna_ice_am_rho0p5_E01599_99p6740379MeV.root,ice_am,0.5
