energy_index,E_low_MeV,E_high_MeV,E_center_MeV,dE_MeV,sim_particles,macro_relpath,root_basename,root_relpath,dna_physics,density_gcm3
0,0.01,0.0101157945,0.0100577306,0.000115794543,1000,macros/europa_E00000_0p0100577306MeV.mac,dna_ice_am_rho0p5_E00000_0p0100577306MeV,root/dna_ice_am_rho0p5_E00000_0p0100577306MeV.root,ice_am,0.5
1,0.0101157945,0.0102329299,0.0101741937,0.00011713538,1000,macros/europa_E00001_0p0101741937MeV.mac,dna_ice_am_rho0p5_E00001_0p0101741937MeV,root/dna_ice_am_rho0p5_E00001_0p0101741937MeV.root,ice_am,0.5
2,0.0102329299,0.0103514217,0.0102920053,0.000118491744,1000,macros/europa_E00002_0p0102920053MeV.mac,dna_ice_am_rho0p5_E00002_0p0102920053MeV,root/dna_ice_am_rho0p5_E00002_0p0102920053MeV.root,ice_am,0.5
3,0.0103514217,0.0104712855,0.0104111811,0.000119863814,1000,macros/europa_E00003_0p0104111811MeV.mac,dna_ice_am_rho0p5_E00003_0p0104111811MeV,root/dna_ice_am_rho0p5_E00003_0p0104111811MeV.root,ice_am,0.5
4,0.0104712855,0.0105925373,0.0105317369,0.000121251771,1000,macros/europa_E00004_0p0105317369MeV.mac,dna_ice_am_rho0p5_E00004_0p0105317369MeV,root/dna_ice_am_rho0p5_E00004_0p0105317369MeV.root,ice_am,0.5
5,0.0105925373,0.0107151931,0.0106536886,0.000122655801,1000,macros/europa_E00005_0p0106536886MeV.mac,dna_ice_am_rho0p5_E00005_0p0106536886MeV,root/dna_ice_am_rho0p5_E00005_0p0106536886MeV.root,ice_am,0.5
6,0.0107151931,0.0108392691,0.0107770525,0.000124076088,1000,macros/europa_E00006_0p0107770525MeV.mac,dna_ice_am_rho0p5_E00006_0p0107770525MeV,root/dna_ice_am_rho0p5_E00006_0p0107770525MeV.root,ice_am,0.5
7,0.0108392691,0.010964782,0.0109018449,0.000125512821,1000,macros/europa_E00007_0p0109018449MeV.mac,dna_ice_am_rho0p5_E00007_0p0109018449MeV,root/dna_ice_am_rho0p5_E00007_0p0109018449MeV.root,ice_am,0.5
8,0.010964782,0.0110917482,0.0110280823,0.000126966191,1000,macros/europa_E00008_0p0110280823MeV.mac,dna_ice_am_rho0p5_E00008_0p0110280823MeV,root/dna_ice_am_rho0p5_E00008_0p0110280823MeV.root,ice_am,0.5
9,0.0110917482,0.0112201845,0.0111557815,0.00012843639,1000,macros/europa_E00009_0p0111557815MeV.mac,dna_ice_am_rho0p5_E00009_0p0111557815MeV,root/dna_ice_am_rho0p5_E00009_0p0111557815MeV.root,ice_am,0.5
10,0.0112201845,0.0113501082,0.0112849594,0.000129923614,1000,macros/europa_E00010_0p0112849594MeV.mac,dna_ice_am_rho0p5_E00010_0p0112849594MeV,root/dna_ice_am_rho0p5_E00010_0p0112849594MeV.root,ice_am,0.5
11,0.0113501082,0.0114815362,0.011415633,0.000131428058,1000,macros/europa_E00011_0p011415633MeV.mac,dna_ice_am_rho0p5_E00011_0p011415633MeV,root/dna_ice_am_rho0p5_E00011_0p011415633MeV.root,ice_am,0.5
12,0.0114815362,0.0116144861,0.0115478198,0.000132949923,1000,macros/europa_E00012_0p0115478198MeV.mac,dna_ice_am_rho0p5_E00012_0p0115478198MeV,root/dna_ice_am_rho0p5_E00012_0p0115478198MeV.root,ice_am,0.5
13,0.0116144861,0.0117489755,0.0116815373,0.000134489411,1000,macros/europa_E00013_0p0116815373MeV.mac,dna_ice_am_rho0p5_E00013_0p0116815373MeV,root/dna_ice_am_rho0p5_E00013_0p0116815373MeV.root,ice_am,0.5
14,0.0117489755,0.0118850223,0.0118168031,0.000136046725,1000,macros/europa_E00014_0p0118168031MeV.mac,dna_ice_am_rho0p5_E00014_0p0118168031MeV,root/dna_ice_am_rho0p5_E00014_0p0118168031MeV.root,ice_am,0.5
15,0.0118850223,0.0120226443,0.0119536353,0.000137622072,1000,macros/europa_E00015_0p0119536353MeV.mac,dna_ice_am_rho0p5_E00015_0p0119536353MeV,root/dna_ice_am_rho0p5_E00015_0p0119536353MeV.root,ice_am,0.5
16,0.0120226443,0.01216186,0.0120920518,0.00013921566,1000,macros/europa_E00016_0p0120920518MeV.mac,dna_ice_am_rho0p5_E00016_0p0120920518MeV,root/dna_ice_am_rho0p5_E00016_0p0120920518MeV.root,ice_am,0.5
17,0.01216186,0.0123026877,0.0122320712,0.000140827702,1000,macros/europa_E00017_0p0122320712MeV.mac,dna_ice_am_rho0p5_E00017_0p0122320712MeV,root/dna_ice_am_rho0p5_E00017_0p0122320712MeV.root,ice_am,0.5
18,0.0123026877,0.0124451461,0.0123737119,0.00014245841,1000,macros/europa_E00018_0p0123737119MeV.mac,dna_ice_am_rho0p5_E00018_0p0123737119MeV,root/dna_ice_am_rho0p5_E00018_0p0123737119MeV.root,ice_am,0.5
19,0.0124451461,0.0125892541,0.0125169927,0.000144108,1000,macros/europa_E00019_0p0125169927MeV.mac,dna_ice_am_rho0p5_E00019_0p0125169927MeV,root/dna_ice_am_rho0p5_E00019_0p0125169927MeV.root,ice_am,0.5
20,0.0125892541,0.0127350308,0.0126619327,0.000145776692,1000,macros/europa_E00020_0p0126619327MeV.mac,dna_ice_am_rho0p5_E00020_0p0126619327MeV,root/dna_ice_am_rho0p5_E00020_0p0126619327MeV.root,ice_am,0.5
21,0.0127350308,0.0128824955,0.0128085509,0.000147464707,1000,macros/europa_E00021_0p0128085509MeV.mac,dna_ice_am_rho0p5_E00021_0p0128085509MeV,root/dna_ice_am_rho0p5_E00021_0p0128085509MeV.root,ice_am,0.5
22,0.0128824955,0.0130316678,0.012956867,0.000149172268,1000,macros/europa_E00022_0p012956867MeV.mac,dna_ice_am_rho0p5_E00022_0p012956867MeV,root/dna_ice_am_rho0p5_E00022_0p012956867MeV.root,ice_am,0.5
23,0.0130316678,0.0131825674,0.0131069004,0.000150899601,1000,macros/europa_E00023_0p0131069004MeV.mac,dna_ice_am_rho0p5_E00023_0p0131069004MeV,root/dna_ice_am_rho0p5_E00023_0p0131069004MeV.root,ice_am,0.5
24,0.0131825674,0.0133352143,0.0132586712,0.000152646936,1000,macros/europa_E00024_0p0132586712MeV.mac,dna_ice_am_rho0p5_E00024_0p0132586712MeV,root/dna_ice_am_rho0p5_E00024_0p0132586712MeV.root,ice_am,0.5
25,0.0133352143,0.0134896288,0.0134121994,0.000154414504,1000,macros/europa_E00025_0p0134121994MeV.mac,dna_ice_am_rho0p5_E00025_0p0134121994MeV,root/dna_ice_am_rho0p5_E00025_0p0134121994MeV.root,ice_am,0.5
26,0.0134896288,0.0136458314,0.0135675053,0.00015620254,1000,macros/europa_E00026_0p0135675053MeV.mac,dna_ice_am_rho0p5_E00026_0p0135675053MeV,root/dna_ice_am_rho0p5_E00026_0p0135675053MeV.root,ice_am,0.5
27,0.0136458314,0.0138038426,0.0137246096,0.00015801128,1000,macros/europa_E00027_0p0137246096MeV.mac,dna_ice_am_rho0p5_E00027_0p0137246096MeV,root/dna_ice_am_rho0p5_E00027_0p0137246096MeV.root,ice_am,0.5
28,0.0138038426,0.0139636836,0.0138835331,0.000159840965,1000,macros/europa_E00028_0p0138835331MeV.mac,dna_ice_am_rho0p5_E00028_0p0138835331MeV,root/dna_ice_am_rho0p5_E00028_0p0138835331MeV.root,ice_am,0.5
29,0.0139636836,0.0141253754,0.0140442968,0.000161691836,1000,macros/europa_E00029_0p0140442968MeV.mac,dna_ice_am_rho0p5_E00029_0p0140442968MeV,root/dna_ice_am_rho0p5_E00029_0p0140442968MeV.root,ice_am,0.5
30,0.0141253754,0.0142889396,0.0142069221,0.000163564139,1000,macros/europa_E00030_0p0142069221MeV.mac,dna_ice_am_rho0p5_E00030_0p0142069221MeV,root/dna_ice_am_rho0p5_E00030_0p0142069221MeV.root,ice_am,0.5
31,0.0142889396,0.0144543977,0.0143714305,0.000165458122,1000,macros/europa_E00031_0p0143714305MeV.mac,dna_ice_am_rho0p5_E00031_0p0143714305MeV,root/dna_ice_am_rho0p5_E00031_0p0143714305MeV.root,ice_am,0.5
32,0.0144543977,0.0146217717,0.0145378439,0.000167374037,1000,macros/europa_E00032_0p0145378439MeV.mac,dna_ice_am_rho0p5_E00032_0p0145378439MeV,root/dna_ice_am_rho0p5_E00032_0p0145378439MeV.root,ice_am,0.5
33,0.0146217717,0.0147910839,0.0147061842,0.000169312137,1000,macros/europa_E00033_0p0147061842MeV.mac,dna_ice_am_rho0p5_E00033_0p0147061842MeV,root/dna_ice_am_rho0p5_E00033_0p0147061842MeV.root,ice_am,0.5
34,0.0147910839,0.0149623566,0.0148764737,0.000171272679,1000,macros/europa_E00034_0p0148764737MeV.mac,dna_ice_am_rho0p5_E00034_0p0148764737MeV,root/dna_ice_am_rho0p5_E00034_0p0148764737MeV.root,ice_am,0.5
35,0.0149623566,0.0151356125,0.0150487352,0.000173255923,1000,macros/europa_E00035_0p0150487352MeV.mac,dna_ice_am_rho0p5_E00035_0p0150487352MeV,root/dna_ice_am_rho0p5_E00035_0p0150487352MeV.root,ice_am,0.5
36,0.0151356125,0.0153108746,0.0152229913,0.000175262132,1000,macros/europa_E00036_0p0152229913MeV.mac,dna_ice_am_rho0p5_E00036_0p0152229913MeV,root/dna_ice_am_rho0p5_E00036_0p0152229913MeV.root,ice_am,0.5
37,0.0153108746,0.0154881662,0.0153992653,0.000177291572,1000,macros/europa_E00037_0p0153992653MeV.mac,dna_ice_am_rho0p5_E00037_0p0153992653MeV,root/dna_ice_am_rho0p5_E00037_0p0153992653MeV.root,ice_am,0.5
38,0.0154881662,0.0156675107,0.0155775803,0.000179344512,1000,macros/europa_E00038_0p0155775803MeV.mac,dna_ice_am_rho0p5_E00038_0p0155775803MeV,root/dna_ice_am_rho0p5_E00038_0p0155775803MeV.root,ice_am,0.5
39,0.0156675107,0.0158489319,0.0157579602,0.000181421224,1000,macros/europa_E00039_0p0157579602MeV.mac,dna_ice_am_rho0p5_E00039_0p0157579602MeV,root/dna_ice_am_rho0p5_E00039_0p0157579602MeV.root,ice_am,0.5
40,0.0158489319,0.0160324539,0.0159404288,0.000183521982,1000,macros/europa_E00040_0p0159404288MeV.mac,dna_ice_am_rho0p5_E00040_0p0159404288MeV,root/dna_ice_am_rho0p5_E00040_0p0159404288MeV.root,ice_am,0.5
41,0.0160324539,0.016218101,0.0161250103,0.000185647067,1000,macros/europa_E00041_0p0161250103MeV.mac,dna_ice_am_rho0p5_E00041_0p0161250103MeV,root/dna_ice_am_rho0p5_E00041_0p0161250103MeV.root,ice_am,0.5
42,0.016218101,0.0164058977,0.0163117291,0.000187796758,1000,macros/europa_E00042_0p0163117291MeV.mac,dna_ice_am_rho0p5_E00042_0p0163117291MeV,root/dna_ice_am_rho0p5_E00042_0p0163117291MeV.root,ice_am,0.5
43,0.0164058977,0.0165958691,0.01650061,0.000189971342,1000,macros/europa_E00043_0p01650061MeV.mac,dna_ice_am_rho0p5_E00043_0p01650061MeV,root/dna_ice_am_rho0p5_E00043_0p01650061MeV.root,ice_am,0.5
44,0.0165958691,0.0167880402,0.0166916781,0.000192171107,1000,macros/europa_E00044_0p0166916781MeV.mac,dna_ice_am_rho0p5_E00044_0p0166916781MeV,root/dna_ice_am_rho0p5_E00044_0p0166916781MeV.root,ice_am,0.5
45,0.0167880402,0.0169824365,0.0168849586,0.000194396343,1000,macros/europa_E00045_0p0168849586MeV.mac,dna_ice_am_rho0p5_E00045_0p0168849586MeV,root/dna_ice_am_rho0p5_E00045_0p0168849586MeV.root,ice_am,0.5
46,0.0169824365,0.0171790839,0.0170804772,0.000196647347,1000,macros/europa_E00046_0p0170804772MeV.mac,dna_ice_am_rho0p5_E00046_0p0170804772MeV,root/dna_ice_am_rho0p5_E00046_0p0170804772MeV.root,ice_am,0.5
47,0.0171790839,0.0173780083,0.0172782598,0.000198924416,1000,macros/europa_E00047_0p0172782598MeV.mac,dna_ice_am_rho0p5_E00047_0p0172782598MeV,root/dna_ice_am_rho0p5_E00047_0p0172782598MeV.root,ice_am,0.5
48,0.0173780083,0.0175792361,0.0174783326,0.000201227852,1000,macros/europa_E00048_0p0174783326MeV.mac,dna_ice_am_rho0p5_E00048_0p0174783326MeV,root/dna_ice_am_rho0p5_E00048_0p0174783326MeV.root,ice_am,0.5
49,0.0175792361,0.0177827941,0.0176807222,0.000203557961,1000,macros/europa_E00049_0p0176807222MeV.mac,dna_ice_am_rho0p5_E00049_0p0176807222MeV,root/dna_ice_am_rho0p5_E00049_0p0176807222MeV.root,ice_am,0.5
50,0.0177827941,0.0179887092,0.0178854553,0.000205915051,1000,macros/europa_E00050_0p0178854553MeV.mac,dna_ice_am_rho0p5_E00050_0p0178854553MeV,root/dna_ice_am_rho0p5_E00050_0p0178854553MeV.root,ice_am,0.5
51,0.0179887092,0.0181970086,0.0180925591,0.000208299435,1000,macros/europa_E00051_0p0180925591MeV.mac,dna_ice_am_rho0p5_E00051_0p0180925591MeV,root/dna_ice_am_rho0p5_E00051_0p0180925591MeV.root,ice_am,0.5
52,0.0181970086,0.01840772,0.0183020611,0.000210711429,1000,macros/europa_E00052_0p0183020611MeV.mac,dna_ice_am_rho0p5_E00052_0p0183020611MeV,root/dna_ice_am_rho0p5_E00052_0p0183020611MeV.root,ice_am,0.5
53,0.01840772,0.0186208714,0.0185139889,0.000213151352,1000,macros/europa_E00053_0p0185139889MeV.mac,dna_ice_am_rho0p5_E00053_0p0185139889MeV,root/dna_ice_am_rho0p5_E00053_0p0185139889MeV.root,ice_am,0.5
54,0.0186208714,0.0188364909,0.0187283708,0.000215619528,1000,macros/europa_E00054_0p0187283708MeV.mac,dna_ice_am_rho0p5_E00054_0p0187283708MeV,root/dna_ice_am_rho0p5_E00054_0p0187283708MeV.root,ice_am,0.5
55,0.0188364909,0.0190546072,0.0189452351,0.000218116285,1000,macros/europa_E00055_0p0189452351MeV.mac,dna_ice_am_rho0p5_E00055_0p0189452351MeV,root/dna_ice_am_rho0p5_E00055_0p0189452351MeV.root,ice_am,0.5
56,0.0190546072,0.0192752491,0.0191646106,0.000220641952,1000,macros/europa_E00056_0p0191646106MeV.mac,dna_ice_am_rho0p5_E00056_0p0191646106MeV,root/dna_ice_am_rho0p5_E00056_0p0191646106MeV.root,ice_am,0.5
57,0.0192752491,0.019498446,0.0193865264,0.000223196866,1000,macros/europa_E00057_0p0193865264MeV.mac,dna_ice_am_rho0p5_E00057_0p0193865264MeV,root/dna_ice_am_rho0p5_E00057_0p0193865264MeV.root,ice_am,0.5
58,0.019498446,0.0197242274,0.0196110118,0.000225781364,1000,macros/europa_E00058_0p0196110118MeV.mac,dna_ice_am_rho0p5_E00058_0p0196110118MeV,root/dna_ice_am_rho0p5_E00058_0p0196110118MeV.root,ice_am,0.5
59,0.0197242274,0.0199526231,0.0198380966,0.000228395789,1000,macros/europa_E00059_0p0198380966MeV.mac,dna_ice_am_rho0p5_E00059_0p0198380966MeV,root/dna_ice_am_rho0p5_E00059_0p0198380966MeV.root,ice_am,0.5
60,0.0199526231,0.0201836636,0.0200678109,0.000231040487,1000,macros/europa_E00060_0p0200678109MeV.mac,dna_ice_am_rho0p5_E00060_0p0200678109MeV,root/dna_ice_am_rho0p5_E00060_0p0200678109MeV.root,ice_am,0.5
61,0.0201836636,0.0204173794,0.0203001852,0.00023371581,1000,macros/europa_E00061_0p0203001852MeV.mac,dna_ice_am_rho0p5_E00061_0p0203001852MeV,root/dna_ice_am_rho0p5_E00061_0p0203001852MeV.root,ice_am,0.5
62,0.0204173794,0.0206538016,0.0205352503,0.000236422111,1000,macros/europa_E00062_0p0205352503MeV.mac,dna_ice_am_rho0p5_E00062_0p0205352503MeV,root/dna_ice_am_rho0p5_E00062_0p0205352503MeV.root,ice_am,0.5
63,0.0206538016,0.0208929613,0.0207730373,0.00023915975,1000,macros/europa_E00063_0p0207730373MeV.mac,dna_ice_am_rho0p5_E00063_0p0207730373MeV,root/dna_ice_am_rho0p5_E00063_0p0207730373MeV.root,ice_am,0.5
64,0.0208929613,0.0211348904,0.0210135777,0.00024192909,1000,macros/europa_E00064_0p0210135777MeV.mac,dna_ice_am_rho0p5_E00064_0p0210135777MeV,root/dna_ice_am_rho0p5_E00064_0p0210135777MeV.root,ice_am,0.5
65,0.0211348904,0.0213796209,0.0212569035,0.000244730497,1000,macros/europa_E00065_0p0212569035MeV.mac,dna_ice_am_rho0p5_E00065_0p0212569035MeV,root/dna_ice_am_rho0p5_E00065_0p0212569035MeV.root,ice_am,0.5
66,0.0213796209,0.0216271852,0.0215030468,0.000247564342,1000,macros/europa_E00066_0p0215030468MeV.mac,dna_ice_am_rho0p5_E00066_0p0215030468MeV,root/dna_ice_am_rho0p5_E00066_0p0215030468MeV.root,ice_am,0.5
67,0.0216271852,0.0218776162,0.0217520403,0.000250431002,1000,macros/europa_E00067_0p0217520403MeV.mac,dna_ice_am_rho0p5_E00067_0p0217520403MeV,root/dna_ice_am_rho0p5_E00067_0p0217520403MeV.root,ice_am,0.5
68,0.0218776162,0.0221309471,0.0220039171,0.000253330857,1000,macros/europa_E00068_0p0220039171MeV.mac,dna_ice_am_rho0p5_E00068_0p0220039171MeV,root/dna_ice_am_rho0p5_E00068_0p0220039171MeV.root,ice_am,0.5
69,0.0221309471,0.0223872114,0.0222587104,0.00025626429,1000,macros/europa_E00069_0p0222587104MeV.mac,dna_ice_am_rho0p5_E00069_0p0222587104MeV,root/dna_ice_am_rho0p5_E00069_0p0222587104MeV.root,ice_am,0.5
70,0.0223872114,0.0226464431,0.0225164542,0.00025923169,1000,macros/europa_E00070_0p0225164542MeV.mac,dna_ice_am_rho0p5_E00070_0p0225164542MeV,root/dna_ice_am_rho0p5_E00070_0p0225164542MeV.root,ice_am,0.5
71,0.0226464431,0.0229086765,0.0227771824,0.000262233452,1000,macros/europa_E00071_0p0227771824MeV.mac,dna_ice_am_rho0p5_E00071_0p0227771824MeV,root/dna_ice_am_rho0p5_E00071_0p0227771824MeV.root,ice_am,0.5
72,0.0229086765,0.0231739465,0.0230409298,0.000265269972,1000,macros/europa_E00072_0p0230409298MeV.mac,dna_ice_am_rho0p5_E00072_0p0230409298MeV,root/dna_ice_am_rho0p5_E00072_0p0230409298MeV.root,ice_am,0.5
73,0.0231739465,0.0234422882,0.0233077312,0.000268341654,1000,macros/europa_E00073_0p0233077312MeV.mac,dna_ice_am_rho0p5_E00073_0p0233077312MeV,root/dna_ice_am_rho0p5_E00073_0p0233077312MeV.root,ice_am,0.5
74,0.0234422882,0.0237137371,0.023577622,0.000271448903,1000,macros/europa_E00074_0p023577622MeV.mac,dna_ice_am_rho0p5_E00074_0p023577622MeV,root/dna_ice_am_rho0p5_E00074_0p023577622MeV.root,ice_am,0.5
75,0.0237137371,0.0239883292,0.023850638,0.000274592134,1000,macros/europa_E00075_0p023850638MeV.mac,dna_ice_am_rho0p5_E00075_0p023850638MeV,root/dna_ice_am_rho0p5_E00075_0p023850638MeV.root,ice_am,0.5
76,0.0239883292,0.024266101,0.0241268153,0.000277771761,1000,macros/europa_E00076_0p0241268153MeV.mac,dna_ice_am_rho0p5_E00076_0p0241268153MeV,root/dna_ice_am_rho0p5_E00076_0p0241268153MeV.root,ice_am,0.5
77,0.024266101,0.0245470892,0.0244061907,0.000280988206,1000,macros/europa_E00077_0p0244061907MeV.mac,dna_ice_am_rho0p5_E00077_0p0244061907MeV,root/dna_ice_am_rho0p5_E00077_0p0244061907MeV.root,ice_am,0.5
78,0.0245470892,0.0248313311,0.024688801,0.000284241896,1000,macros/europa_E00078_0p024688801MeV.mac,dna_ice_am_rho0p5_E00078_0p024688801MeV,root/dna_ice_am_rho0p5_E00078_0p024688801MeV.root,ice_am,0.5
79,0.0248313311,0.0251188643,0.0249746839,0.000287533262,1000,macros/europa_E00079_0p0249746839MeV.mac,dna_ice_am_rho0p5_E00079_0p0249746839MeV,root/dna_ice_am_rho0p5_E00079_0p0249746839MeV.root,ice_am,0.5
80,0.0251188643,0.0254097271,0.0252638771,0.00029086274,1000,macros/europa_E00080_0p0252638771MeV.mac,dna_ice_am_rho0p5_E00080_0p0252638771MeV,root/dna_ice_am_rho0p5_E00080_0p0252638771MeV.root,ice_am,0.5
81,0.0254097271,0.0257039578,0.025556419,0.000294230772,1000,macros/europa_E00081_0p025556419MeV.mac,dna_ice_am_rho0p5_E00081_0p025556419MeV,root/dna_ice_am_rho0p5_E00081_0p025556419MeV.root,ice_am,0.5
82,0.0257039578,0.0260015956,0.0258523484,0.000297637804,1000,macros/europa_E00082_0p0258523484MeV.mac,dna_ice_am_rho0p5_E00082_0p0258523484MeV,root/dna_ice_am_rho0p5_E00082_0p0258523484MeV.root,ice_am,0.5
83,0.0260015956,0.0263026799,0.0261517045,0.000301084287,1000,macros/europa_E00083_0p0261517045MeV.mac,dna_ice_am_rho0p5_E00083_0p0261517045MeV,root/dna_ice_am_rho0p5_E00083_0p0261517045MeV.root,ice_am,0.5
84,0.0263026799,0.0266072506,0.0264545269,0.000304570679,1000,macros/europa_E00084_0p0264545269MeV.mac,dna_ice_am_rho0p5_E00084_0p0264545269MeV,root/dna_ice_am_rho0p5_E00084_0p0264545269MeV.root,ice_am,0.5
85,0.0266072506,0.026915348,0.0267608559,0.000308097441,1000,macros/europa_E00085_0p0267608559MeV.mac,dna_ice_am_rho0p5_E00085_0p0267608559MeV,root/dna_ice_am_rho0p5_E00085_0p0267608559MeV.root,ice_am,0.5
86,0.026915348,0.0272270131,0.027070732,0.000311665042,1000,macros/europa_E00086_0p027070732MeV.mac,dna_ice_am_rho0p5_E00086_0p027070732MeV,root/dna_ice_am_rho0p5_E00086_0p027070732MeV.root,ice_am,0.5
87,0.0272270131,0.027542287,0.0273841963,0.000315273953,1000,macros/europa_E00087_0p0273841963MeV.mac,dna_ice_am_rho0p5_E00087_0p0273841963MeV,root/dna_ice_am_rho0p5_E00087_0p0273841963MeV.root,ice_am,0.5
88,0.027542287,0.0278612117,0.0277012904,0.000318924653,1000,macros/europa_E00088_0p0277012904MeV.mac,dna_ice_am_rho0p5_E00088_0p0277012904MeV,root/dna_ice_am_rho0p5_E00088_0p0277012904MeV.root,ice_am,0.5
89,0.0278612117,0.0281838293,0.0280220562,0.000322617626,1000,macros/europa_E00089_0p0280220562MeV.mac,dna_ice_am_rho0p5_E00089_0p0280220562MeV,root/dna_ice_am_rho0p5_E00089_0p0280220562MeV.root,ice_am,0.5
90,0.0281838293,0.0285101827,0.0283465363,0.000326353362,1000,macros/europa_E00090_0p0283465363MeV.mac,dna_ice_am_rho0p5_E00090_0p0283465363MeV,root/dna_ice_am_rho0p5_E00090_0p0283465363MeV.root,ice_am,0.5
91,0.0285101827,0.028840315,0.0286747738,0.000330132356,1000,macros/europa_E00091_0p0286747738MeV.mac,dna_ice_am_rho0p5_E00091_0p0286747738MeV,root/dna_ice_am_rho0p5_E00091_0p0286747738MeV.root,ice_am,0.5
92,0.028840315,0.0291742701,0.029006812,0.000333955109,1000,macros/europa_E00092_0p029006812MeV.mac,dna_ice_am_rho0p5_E00092_0p029006812MeV,root/dna_ice_am_rho0p5_E00092_0p029006812MeV.root,ice_am,0.5
93,0.0291742701,0.0295120923,0.029342695,0.000337822127,1000,macros/europa_E00093_0p029342695MeV.mac,dna_ice_am_rho0p5_E00093_0p029342695MeV,root/dna_ice_am_rho0p5_E00093_0p029342695MeV.root,ice_am,0.5
94,0.0295120923,0.0298538262,0.0296824674,0.000341733923,1000,macros/europa_E00094_0p0296824674MeV.mac,dna_ice_am_rho0p5_E00094_0p0296824674MeV,root/dna_ice_am_rho0p5_E00094_0p0296824674MeV.root,ice_am,0.5
95,0.0298538262,0.0301995172,0.0300261742,0.000345691015,1000,macros/europa_E00095_0p0300261742MeV.mac,dna_ice_am_rho0p5_E00095_0p0300261742MeV,root/dna_ice_am_rho0p5_E00095_0p0300261742MeV.root,ice_am,0.5
96,0.0301995172,0.0305492111,0.0303738609,0.000349693928,1000,macros/europa_E00096_0p0303738609MeV.mac,dna_ice_am_rho0p5_E00096_0p0303738609MeV,root/dna_ice_am_rho0p5_E00096_0p0303738609MeV.root,ice_am,0.5
97,0.0305492111,0.0309029543,0.0307255737,0.000353743193,1000,macros/europa_E00097_0p0307255737MeV.mac,dna_ice_am_rho0p5_E00097_0p0307255737MeV,root/dna_ice_am_rho0p5_E00097_0p0307255737MeV.root,ice_am,0.5
98,0.0309029543,0.0312607937,0.031081359,0.000357839346,1000,macros/europa_E00098_0p031081359MeV.mac,dna_ice_am_rho0p5_E00098_0p031081359MeV,root/dna_ice_am_rho0p5_E00098_0p031081359MeV.root,ice_am,0.5
99,0.0312607937,0.0316227766,0.0314412642,0.00036198293,1000,macros/europa_E00099_0p0314412642MeV.mac,dna_ice_am_rho0p5_E00099_0p0314412642MeV,root/dna_ice_am_rho0p5_E00099_0p0314412642MeV.root,ice_am,0.5
100,0.0316227766,0.0319889511,0.0318053369,0.000366174495,1000,macros/europa_E00100_0p0318053369MeV.mac,dna_ice_am_rho0p5_E00100_0p0318053369MeV,root/dna_ice_am_rho0p5_E00100_0p0318053369MeV.root,ice_am,0.5
101,0.0319889511,0.0323593657,0.0321736253,0.000370414596,1000,macros/europa_E00101_0p0321736253MeV.mac,dna_ice_am_rho0p5_E00101_0p0321736253MeV,root/dna_ice_am_rho0p5_E00101_0p0321736253MeV.root,ice_am,0.5
102,0.0323593657,0.0327340695,0.0325461783,0.000374703795,1000,macros/europa_E00102_0p0325461783MeV.mac,dna_ice_am_rho0p5_E00102_0p0325461783MeV,root/dna_ice_am_rho0p5_E00102_0p0325461783MeV.root,ice_am,0.5
103,0.0327340695,0.0331131121,0.0329230453,0.00037904266,1000,macros/europa_E00103_0p0329230453MeV.mac,dna_ice_am_rho0p5_E00103_0p0329230453MeV,root/dna_ice_am_rho0p5_E00103_0p0329230453MeV.root,ice_am,0.5
104,0.0331131121,0.0334965439,0.0333042762,0.000383431768,1000,macros/europa_E00104_0p0333042762MeV.mac,dna_ice_am_rho0p5_E00104_0p0333042762MeV,root/dna_ice_am_rho0p5_E00104_0p0333042762MeV.root,ice_am,0.5
105,0.0334965439,0.0338844156,0.0336899216,0.000387871698,1000,macros/europa_E00105_0p0336899216MeV.mac,dna_ice_am_rho0p5_E00105_0p0336899216MeV,root/dna_ice_am_rho0p5_E00105_0p0336899216MeV.root,ice_am,0.5
106,0.0338844156,0.0342767787,0.0340800325,0.000392363041,1000,macros/europa_E00106_0p0340800325MeV.mac,dna_ice_am_rho0p5_E00106_0p0340800325MeV,root/dna_ice_am_rho0p5_E00106_0p0340800325MeV.root,ice_am,0.5
107,0.0342767787,0.034673685,0.0344746607,0.000396906391,1000,macros/europa_E00107_0p0344746607MeV.mac,dna_ice_am_rho0p5_E00107_0p0344746607MeV,root/dna_ice_am_rho0p5_E00107_0p0344746607MeV.root,ice_am,0.5
108,0.034673685,0.0350751874,0.0348738584,0.00040150235,1000,macros/europa_E00108_0p0348738584MeV.mac,dna_ice_am_rho0p5_E00108_0p0348738584MeV,root/dna_ice_am_rho0p5_E00108_0p0348738584MeV.root,ice_am,0.5
109,0.0350751874,0.0354813389,0.0352776787,0.000406151528,1000,macros/europa_E00109_0p0352776787MeV.mac,dna_ice_am_rho0p5_E00109_0p0352776787MeV,root/dna_ice_am_rho0p5_E00109_0p0352776787MeV.root,ice_am,0.5
110,0.0354813389,0.0358921935,0.0356861749,0.000410854541,1000,macros/europa_E00110_0p0356861749MeV.mac,dna_ice_am_rho0p5_E00110_0p0356861749MeV,root/dna_ice_am_rho0p5_E00110_0p0356861749MeV.root,ice_am,0.5
111,0.0358921935,0.0363078055,0.0360994014,0.000415612013,1000,macros/europa_E00111_0p0360994014MeV.mac,dna_ice_am_rho0p5_E00111_0p0360994014MeV,root/dna_ice_am_rho0p5_E00111_0p0360994014MeV.root,ice_am,0.5
112,0.0363078055,0.03672823,0.0365174127,0.000420424573,1000,macros/europa_E00112_0p0365174127MeV.mac,dna_ice_am_rho0p5_E00112_0p0365174127MeV,root/dna_ice_am_rho0p5_E00112_0p0365174127MeV.root,ice_am,0.5
113,0.03672823,0.0371535229,0.0369402644,0.00042529286,1000,macros/europa_E00113_0p0369402644MeV.mac,dna_ice_am_rho0p5_E00113_0p0369402644MeV,root/dna_ice_am_rho0p5_E00113_0p0369402644MeV.root,ice_am,0.5
114,0.0371535229,0.0375837404,0.0373680125,0.000430217519,1000,macros/europa_E00114_0p0373680125MeV.mac,dna_ice_am_rho0p5_E00114_0p0373680125MeV,root/dna_ice_am_rho0p5_E00114_0p0373680125MeV.root,ice_am,0.5
115,0.0375837404,0.0380189396,0.0378007137,0.000435199203,1000,macros/europa_E00115_0p0378007137MeV.mac,dna_ice_am_rho0p5_E00115_0p0378007137MeV,root/dna_ice_am_rho0p5_E00115_0p0378007137MeV.root,ice_am,0.5
116,0.0380189396,0.0384591782,0.0382384254,0.000440238572,1000,macros/europa_E00116_0p0382384254MeV.mac,dna_ice_am_rho0p5_E00116_0p0382384254MeV,root/dna_ice_am_rho0p5_E00116_0p0382384254MeV.root,ice_am,0.5
117,0.0384591782,0.0389045145,0.0386812055,0.000445336295,1000,macros/europa_E00117_0p0386812055MeV.mac,dna_ice_am_rho0p5_E00117_0p0386812055MeV,root/dna_ice_am_rho0p5_E00117_0p0386812055MeV.root,ice_am,0.5
118,0.0389045145,0.0393550075,0.0391291127,0.000450493046,1000,macros/europa_E00118_0p0391291127MeV.mac,dna_ice_am_rho0p5_E00118_0p0391291127MeV,root/dna_ice_am_rho0p5_E00118_0p0391291127MeV.root,ice_am,0.5
119,0.0393550075,0.0398107171,0.0395822065,0.00045570951,1000,macros/europa_E00119_0p0395822065MeV.mac,dna_ice_am_rho0p5_E00119_0p0395822065MeV,root/dna_ice_am_rho0p5_E00119_0p0395822065MeV.root,ice_am,0.5
120,0.0398107171,0.0402717034,0.0400405468,0.000460986377,1000,macros/europa_E00120_0p0400405468MeV.mac,dna_ice_am_rho0p5_E00120_0p0400405468MeV,root/dna_ice_am_rho0p5_E00120_0p0400405468MeV.root,ice_am,0.5
121,0.0402717034,0.0407380278,0.0405041945,0.000466324348,1000,macros/europa_E00121_0p0405041945MeV.mac,dna_ice_am_rho0p5_E00121_0p0405041945MeV,root/dna_ice_am_rho0p5_E00121_0p0405041945MeV.root,ice_am,0.5
122,0.0407380278,0.0412097519,0.040973211,0.000471724129,1000,macros/europa_E00122_0p040973211MeV.mac,dna_ice_am_rho0p5_E00122_0p040973211MeV,root/dna_ice_am_rho0p5_E00122_0p040973211MeV.root,ice_am,0.5
123,0.0412097519,0.0416869383,0.0414476584,0.000477186437,1000,macros/europa_E00123_0p0414476584MeV.mac,dna_ice_am_rho0p5_E00123_0p0414476584MeV,root/dna_ice_am_rho0p5_E00123_0p0414476584MeV.root,ice_am,0.5
124,0.0416869383,0.0421696503,0.0419275997,0.000482711996,1000,macros/europa_E00124_0p0419275997MeV.mac,dna_ice_am_rho0p5_E00124_0p0419275997MeV,root/dna_ice_am_rho0p5_E00124_0p0419275997MeV.root,ice_am,0.5
125,0.0421696503,0.0426579519,0.0424130984,0.000488301537,1000,macros/europa_E00125_0p0424130984MeV.mac,dna_ice_am_rho0p5_E00125_0p0424130984MeV,root/dna_ice_am_rho0p5_E00125_0p0424130984MeV.root,ice_am,0.5
126,0.0426579519,0.0431519077,0.0429042189,0.000493955803,1000,macros/europa_E00126_0p0429042189MeV.mac,dna_ice_am_rho0p5_E00126_0p0429042189MeV,root/dna_ice_am_rho0p5_E00126_0p0429042189MeV.root,ice_am,0.5
127,0.0431519077,0.0436515832,0.0434010264,0.000499675541,1000,macros/europa_E00127_0p0434010264MeV.mac,dna_ice_am_rho0p5_E00127_0p0434010264MeV,root/dna_ice_am_rho0p5_E00127_0p0434010264MeV.root,ice_am,0.5
128,0.0436515832,0.0441570447,0.0439035866,0.000505461511,1000,macros/europa_E00128_0p0439035866MeV.mac,dna_ice_am_rho0p5_E00128_0p0439035866MeV,root/dna_ice_am_rho0p5_E00128_0p0439035866MeV.root,ice_am,0.5
129,0.0441570447,0.0446683592,0.0444119661,0.00051131448,1000,macros/europa_E00129_0p0444119661MeV.mac,dna_ice_am_rho0p5_E00129_0p0444119661MeV,root/dna_ice_am_rho0p5_E00129_0p0444119661MeV.root,ice_am,0.5
130,0.0446683592,0.0451855944,0.0449262325,0.000517235222,1000,macros/europa_E00130_0p0449262325MeV.mac,dna_ice_am_rho0p5_E00130_0p0449262325MeV,root/dna_ice_am_rho0p5_E00130_0p0449262325MeV.root,ice_am,0.5
131,0.0451855944,0.045708819,0.0454464537,0.000523224524,1000,macros/europa_E00131_0p0454464537MeV.mac,dna_ice_am_rho0p5_E00131_0p0454464537MeV,root/dna_ice_am_rho0p5_E00131_0p0454464537MeV.root,ice_am,0.5
132,0.045708819,0.0462381021,0.0459726989,0.000529283178,1000,macros/europa_E00132_0p0459726989MeV.mac,dna_ice_am_rho0p5_E00132_0p0459726989MeV,root/dna_ice_am_rho0p5_E00132_0p0459726989MeV.root,ice_am,0.5
133,0.0462381021,0.0467735141,0.0465050376,0.000535411989,1000,macros/europa_E00133_0p0465050376MeV.mac,dna_ice_am_rho0p5_E00133_0p0465050376MeV,root/dna_ice_am_rho0p5_E00133_0p0465050376MeV.root,ice_am,0.5
134,0.0467735141,0.0473151259,0.0470435406,0.000541611767,1000,macros/europa_E00134_0p0470435406MeV.mac,dna_ice_am_rho0p5_E00134_0p0470435406MeV,root/dna_ice_am_rho0p5_E00134_0p0470435406MeV.root,ice_am,0.5
135,0.0473151259,0.0478630092,0.0475882791,0.000547883336,1000,macros/europa_E00135_0p0475882791MeV.mac,dna_ice_am_rho0p5_E00135_0p0475882791MeV,root/dna_ice_am_rho0p5_E00135_0p0475882791MeV.root,ice_am,0.5
136,0.0478630092,0.0484172368,0.0481393254,0.000554227526,1000,macros/europa_E00136_0p0481393254MeV.mac,dna_ice_am_rho0p5_E00136_0p0481393254MeV,root/dna_ice_am_rho0p5_E00136_0p0481393254MeV.root,ice_am,0.5
137,0.0484172368,0.0489778819,0.0486967525,0.000560645178,1000,macros/europa_E00137_0p0486967525MeV.mac,dna_ice_am_rho0p5_E00137_0p0486967525MeV,root/dna_ice_am_rho0p5_E00137_0p0486967525MeV.root,ice_am,0.5
138,0.0489778819,0.0495450191,0.0492606343,0.000567137144,1000,macros/europa_E00138_0p0492606343MeV.mac,dna_ice_am_rho0p5_E00138_0p0492606343MeV,root/dna_ice_am_rho0p5_E00138_0p0492606343MeV.root,ice_am,0.5
139,0.0495450191,0.0501187234,0.0498310456,0.000573704282,1000,macros/europa_E00139_0p0498310456MeV.mac,dna_ice_am_rho0p5_E00139_0p0498310456MeV,root/dna_ice_am_rho0p5_E00139_0p0498310456MeV.root,ice_am,0.5
140,0.0501187234,0.0506990708,0.0504080619,0.000580347465,1000,macros/europa_E00140_0p0504080619MeV.mac,dna_ice_am_rho0p5_E00140_0p0504080619MeV,root/dna_ice_am_rho0p5_E00140_0p0504080619MeV.root,ice_am,0.5
141,0.0506990708,0.0512861384,0.0509917598,0.000587067572,1000,macros/europa_E00141_0p0509917598MeV.mac,dna_ice_am_rho0p5_E00141_0p0509917598MeV,root/dna_ice_am_rho0p5_E00141_0p0509917598MeV.root,ice_am,0.5
142,0.0512861384,0.0518800039,0.0515822165,0.000593865494,1000,macros/europa_E00142_0p0515822165MeV.mac,dna_ice_am_rho0p5_E00142_0p0515822165MeV,root/dna_ice_am_rho0p5_E00142_0p0515822165MeV.root,ice_am,0.5
143,0.0518800039,0.052480746,0.0521795104,0.000600742132,1000,macros/europa_E00143_0p0521795104MeV.mac,dna_ice_am_rho0p5_E00143_0p0521795104MeV,root/dna_ice_am_rho0p5_E00143_0p0521795104MeV.root,ice_am,0.5
144,0.052480746,0.0530884444,0.0527837207,0.000607698398,1000,macros/europa_E00144_0p0527837207MeV.mac,dna_ice_am_rho0p5_E00144_0p0527837207MeV,root/dna_ice_am_rho0p5_E00144_0p0527837207MeV.root,ice_am,0.5
145,0.0530884444,0.0537031796,0.0533949274,0.000614735214,1000,macros/europa_E00145_0p0533949274MeV.mac,dna_ice_am_rho0p5_E00145_0p0533949274MeV,root/dna_ice_am_rho0p5_E00145_0p0533949274MeV.root,ice_am,0.5
146,0.0537031796,0.0543250331,0.0540132115,0.000621853512,1000,macros/europa_E00146_0p0540132115MeV.mac,dna_ice_am_rho0p5_E00146_0p0540132115MeV,root/dna_ice_am_rho0p5_E00146_0p0540132115MeV.root,ice_am,0.5
147,0.0543250331,0.0549540874,0.054638655,0.000629054237,1000,macros/europa_E00147_0p054638655MeV.mac,dna_ice_am_rho0p5_E00147_0p054638655MeV,root/dna_ice_am_rho0p5_E00147_0p054638655MeV.root,ice_am,0.5
148,0.0549540874,0.0555904257,0.0552713408,0.000636338341,1000,macros/europa_E00148_0p0552713408MeV.mac,dna_ice_am_rho0p5_E00148_0p0552713408MeV,root/dna_ice_am_rho0p5_E00148_0p0552713408MeV.root,ice_am,0.5
149,0.0555904257,0.0562341325,0.0559113528,0.000643706792,1000,macros/europa_E00149_0p0559113528MeV.mac,dna_ice_am_rho0p5_E00149_0p0559113528MeV,root/dna_ice_am_rho0p5_E00149_0p0559113528MeV.root,ice_am,0.5
150,0.0562341325,0.0568852931,0.0565587757,0.000651160565,1000,macros/europa_E00150_0p0565587757MeV.mac,dna_ice_am_rho0p5_E00150_0p0565587757MeV,root/dna_ice_am_rho0p5_E00150_0p0565587757MeV.root,ice_am,0.5
151,0.0568852931,0.0575439937,0.0572136955,0.000658700649,1000,macros/europa_E00151_0p0572136955MeV.mac,dna_ice_am_rho0p5_E00151_0p0572136955MeV,root/dna_ice_am_rho0p5_E00151_0p0572136955MeV.root,ice_am,0.5
152,0.0575439937,0.0582103218,0.0578761988,0.000666328043,1000,macros/europa_E00152_0p0578761988MeV.mac,dna_ice_am_rho0p5_E00152_0p0578761988MeV,root/dna_ice_am_rho0p5_E00152_0p0578761988MeV.root,ice_am,0.5
153,0.0582103218,0.0588843655,0.0585463736,0.000674043758,1000,macros/europa_E00153_0p0585463736MeV.mac,dna_ice_am_rho0p5_E00153_0p0585463736MeV,root/dna_ice_am_rho0p5_E00153_0p0585463736MeV.root,ice_am,0.5
154,0.0588843655,0.0595662144,0.0592243087,0.000681848817,1000,macros/europa_E00154_0p0592243087MeV.mac,dna_ice_am_rho0p5_E00154_0p0592243087MeV,root/dna_ice_am_rho0p5_E00154_0p0592243087MeV.root,ice_am,0.5
155,0.0595662144,0.0602559586,0.0599100939,0.000689744255,1000,macros/europa_E00155_0p0599100939MeV.mac,dna_ice_am_rho0p5_E00155_0p0599100939MeV,root/dna_ice_am_rho0p5_E00155_0p0599100939MeV.root,ice_am,0.5
156,0.0602559586,0.0609536897,0.0606038201,0.000697731117,1000,macros/europa_E00156_0p0606038201MeV.mac,dna_ice_am_rho0p5_E00156_0p0606038201MeV,root/dna_ice_am_rho0p5_E00156_0p0606038201MeV.root,ice_am,0.5
157,0.0609536897,0.0616595002,0.0613055792,0.000705810462,1000,macros/europa_E00157_0p0613055792MeV.mac,dna_ice_am_rho0p5_E00157_0p0613055792MeV,root/dna_ice_am_rho0p5_E00157_0p0613055792MeV.root,ice_am,0.5
158,0.0616595002,0.0623734835,0.0620154644,0.000713983362,1000,macros/europa_E00158_0p0620154644MeV.mac,dna_ice_am_rho0p5_E00158_0p0620154644MeV,root/dna_ice_am_rho0p5_E00158_0p0620154644MeV.root,ice_am,0.5
159,0.0623734835,0.0630957344,0.0627335696,0.0007222509,1000,macros/europa_E00159_0p0627335696MeV.mac,dna_ice_am_rho0p5_E00159_0p0627335696MeV,root/dna_ice_am_rho0p5_E00159_0p0627335696MeV.root,ice_am,0.5
160,0.0630957344,0.0638263486,0.0634599901,0.000730614171,1000,macros/europa_E00160_0p0634599901MeV.mac,dna_ice_am_rho0p5_E00160_0p0634599901MeV,root/dna_ice_am_rho0p5_E00160_0p0634599901MeV.root,ice_am,0.5
161,0.0638263486,0.0645654229,0.0641948222,0.000739074284,1000,macros/europa_E00161_0p0641948222MeV.mac,dna_ice_am_rho0p5_E00161_0p0641948222MeV,root/dna_ice_am_rho0p5_E00161_0p0641948222MeV.root,ice_am,0.5
162,0.0645654229,0.0653130553,0.0649381632,0.000747632361,1000,macros/europa_E00162_0p0649381632MeV.mac,dna_ice_am_rho0p5_E00162_0p0649381632MeV,root/dna_ice_am_rho0p5_E00162_0p0649381632MeV.root,ice_am,0.5
163,0.0653130553,0.0660693448,0.0656901116,0.000756289536,1000,macros/europa_E00163_0p0656901116MeV.mac,dna_ice_am_rho0p5_E00163_0p0656901116MeV,root/dna_ice_am_rho0p5_E00163_0p0656901116MeV.root,ice_am,0.5
164,0.0660693448,0.0668343918,0.0664507673,0.000765046956,1000,macros/europa_E00164_0p0664507673MeV.mac,dna_ice_am_rho0p5_E00164_0p0664507673MeV,root/dna_ice_am_rho0p5_E00164_0p0664507673MeV.root,ice_am,0.5
165,0.0668343918,0.0676082975,0.0672202309,0.000773905782,1000,macros/europa_E00165_0p0672202309MeV.mac,dna_ice_am_rho0p5_E00165_0p0672202309MeV,root/dna_ice_am_rho0p5_E00165_0p0672202309MeV.root,ice_am,0.5
166,0.0676082975,0.0683911647,0.0679986045,0.000782867189,1000,macros/europa_E00166_0p0679986045MeV.mac,dna_ice_am_rho0p5_E00166_0p0679986045MeV,root/dna_ice_am_rho0p5_E00166_0p0679986045MeV.root,ice_am,0.5
167,0.0683911647,0.0691830971,0.0687859912,0.000791932364,1000,macros/europa_E00167_0p0687859912MeV.mac,dna_ice_am_rho0p5_E00167_0p0687859912MeV,root/dna_ice_am_rho0p5_E00167_0p0687859912MeV.root,ice_am,0.5
168,0.0691830971,0.0699841996,0.0695824955,0.000801102508,1000,macros/europa_E00168_0p0695824955MeV.mac,dna_ice_am_rho0p5_E00168_0p0695824955MeV,root/dna_ice_am_rho0p5_E00168_0p0695824955MeV.root,ice_am,0.5
169,0.0699841996,0.0707945784,0.0703882228,0.000810378838,1000,macros/europa_E00169_0p0703882228MeV.mac,dna_ice_am_rho0p5_E00169_0p0703882228MeV,root/dna_ice_am_rho0p5_E00169_0p0703882228MeV.root,ice_am,0.5
170,0.0707945784,0.071614341,0.07120328,0.000819762583,1000,macros/europa_E00170_0p07120328MeV.mac,dna_ice_am_rho0p5_E00170_0p07120328MeV,root/dna_ice_am_rho0p5_E00170_0p07120328MeV.root,ice_am,0.5
171,0.071614341,0.072443596,0.0720277751,0.000829254986,1000,macros/europa_E00171_0p0720277751MeV.mac,dna_ice_am_rho0p5_E00171_0p0720277751MeV,root/dna_ice_am_rho0p5_E00171_0p0720277751MeV.root,ice_am,0.5
172,0.072443596,0.0732824533,0.0728618175,0.000838857306,1000,macros/europa_E00172_0p0728618175MeV.mac,dna_ice_am_rho0p5_E00172_0p0728618175MeV,root/dna_ice_am_rho0p5_E00172_0p0728618175MeV.root,ice_am,0.5
173,0.0732824533,0.0741310241,0.0737055175,0.000848570816,1000,macros/europa_E00173_0p0737055175MeV.mac,dna_ice_am_rho0p5_E00173_0p0737055175MeV,root/dna_ice_am_rho0p5_E00173_0p0737055175MeV.root,ice_am,0.5
174,0.0741310241,0.0749894209,0.0745589872,0.000858396803,1000,macros/europa_E00174_0p0745589872MeV.mac,dna_ice_am_rho0p5_E00174_0p0745589872MeV,root/dna_ice_am_rho0p5_E00174_0p0745589872MeV.root,ice_am,0.5
175,0.0749894209,0.0758577575,0.0754223396,0.00086833657,1000,macros/europa_E00175_0p0754223396MeV.mac,dna_ice_am_rho0p5_E00175_0p0754223396MeV,root/dna_ice_am_rho0p5_E00175_0p0754223396MeV.root,ice_am,0.5
176,0.0758577575,0.0767361489,0.0762956891,0.000878391433,1000,macros/europa_E00176_0p0762956891MeV.mac,dna_ice_am_rho0p5_E00176_0p0762956891MeV,root/dna_ice_am_rho0p5_E00176_0p0762956891MeV.root,ice_am,0.5
177,0.0767361489,0.0776247117,0.0771791516,0.000888562727,1000,macros/europa_E00177_0p0771791516MeV.mac,dna_ice_am_rho0p5_E00177_0p0771791516MeV,root/dna_ice_am_rho0p5_E00177_0p0771791516MeV.root,ice_am,0.5
178,0.0776247117,0.0785235635,0.078072844,0.000898851798,1000,macros/europa_E00178_0p078072844MeV.mac,dna_ice_am_rho0p5_E00178_0p078072844MeV,root/dna_ice_am_rho0p5_E00178_0p078072844MeV.root,ice_am,0.5
179,0.0785235635,0.0794328235,0.0789768849,0.000909260011,1000,macros/europa_E00179_0p0789768849MeV.mac,dna_ice_am_rho0p5_E00179_0p0789768849MeV,root/dna_ice_am_rho0p5_E00179_0p0789768849MeV.root,ice_am,0.5
180,0.0794328235,0.0803526122,0.0798913942,0.000919788746,1000,macros/europa_E00180_0p0798913942MeV.mac,dna_ice_am_rho0p5_E00180_0p0798913942MeV,root/dna_ice_am_rho0p5_E00180_0p0798913942MeV.root,ice_am,0.5
181,0.0803526122,0.0812830516,0.0808164929,0.000930439398,1000,macros/europa_E00181_0p0808164929MeV.mac,dna_ice_am_rho0p5_E00181_0p0808164929MeV,root/dna_ice_am_rho0p5_E00181_0p0808164929MeV.root,ice_am,0.5
182,0.0812830516,0.082224265,0.0817523038,0.000941213378,1000,macros/europa_E00182_0p0817523038MeV.mac,dna_ice_am_rho0p5_E00182_0p0817523038MeV,root/dna_ice_am_rho0p5_E00182_0p0817523038MeV.root,ice_am,0.5
183,0.082224265,0.0831763771,0.0826989509,0.000952112116,1000,macros/europa_E00183_0p0826989509MeV.mac,dna_ice_am_rho0p5_E00183_0p0826989509MeV,root/dna_ice_am_rho0p5_E00183_0p0826989509MeV.root,ice_am,0.5
184,0.0831763771,0.0841395142,0.0836565596,0.000963137054,1000,macros/europa_E00184_0p0836565596MeV.mac,dna_ice_am_rho0p5_E00184_0p0836565596MeV,root/dna_ice_am_rho0p5_E00184_0p0836565596MeV.root,ice_am,0.5
185,0.0841395142,0.0851138038,0.0846252569,0.000974289656,1000,macros/europa_E00185_0p0846252569MeV.mac,dna_ice_am_rho0p5_E00185_0p0846252569MeV,root/dna_ice_am_rho0p5_E00185_0p0846252569MeV.root,ice_am,0.5
186,0.0851138038,0.0860993752,0.0856051712,0.000985571398,1000,macros/europa_E00186_0p0856051712MeV.mac,dna_ice_am_rho0p5_E00186_0p0856051712MeV,root/dna_ice_am_rho0p5_E00186_0p0856051712MeV.root,ice_am,0.5
187,0.0860993752,0.087096359,0.0865964323,0.000996983777,1000,macros/europa_E00187_0p0865964323MeV.mac,dna_ice_am_rho0p5_E00187_0p0865964323MeV,root/dna_ice_am_rho0p5_E00187_0p0865964323MeV.root,ice_am,0.5
188,0.087096359,0.0881048873,0.0875991718,0.00100852831,1000,macros/europa_E00188_0p0875991718MeV.mac,dna_ice_am_rho0p5_E00188_0p0875991718MeV,root/dna_ice_am_rho0p5_E00188_0p0875991718MeV.root,ice_am,0.5
189,0.0881048873,0.0891250938,0.0886135224,0.00102020651,1000,macros/europa_E00189_0p0886135224MeV.mac,dna_ice_am_rho0p5_E00189_0p0886135224MeV,root/dna_ice_am_rho0p5_E00189_0p0886135224MeV.root,ice_am,0.5
190,0.0891250938,0.0901571138,0.0896396186,0.00103201995,1000,macros/europa_E00190_0p0896396186MeV.mac,dna_ice_am_rho0p5_E00190_0p0896396186MeV,root/dna_ice_am_rho0p5_E00190_0p0896396186MeV.root,ice_am,0.5
191,0.0901571138,0.0912010839,0.0906775965,0.00104397017,1000,macros/europa_E00191_0p0906775965MeV.mac,dna_ice_am_rho0p5_E00191_0p0906775965MeV,root/dna_ice_am_rho0p5_E00191_0p0906775965MeV.root,ice_am,0.5
192,0.0912010839,0.0922571427,0.0917275935,0.00105605878,1000,macros/europa_E00192_0p0917275935MeV.mac,dna_ice_am_rho0p5_E00192_0p0917275935MeV,root/dna_ice_am_rho0p5_E00192_0p0917275935MeV.root,ice_am,0.5
193,0.0922571427,0.0933254301,0.092789749,0.00106828736,1000,macros/europa_E00193_0p092789749MeV.mac,dna_ice_am_rho0p5_E00193_0p092789749MeV,root/dna_ice_am_rho0p5_E00193_0p092789749MeV.root,ice_am,0.5
194,0.0933254301,0.0944060876,0.0938642037,0.00108065755,1000,macros/europa_E00194_0p0938642037MeV.mac,dna_ice_am_rho0p5_E00194_0p0938642037MeV,root/dna_ice_am_rho0p5_E00194_0p0938642037MeV.root,ice_am,0.5
195,0.0944060876,0.0954992586,0.0949510999,0.00109317097,1000,macros/europa_E00195_0p0949510999MeV.mac,dna_ice_am_rho0p5_E00195_0p0949510999MeV,root/dna_ice_am_rho0p5_E00195_0p0949510999MeV.root,ice_am,0.5
196,0.0954992586,0.0966050879,0.0960505818,0.0011058293,1000,macros/europa_E00196_0p0960505818MeV.mac,dna_ice_am_rho0p5_E00196_0p0960505818MeV,root/dna_ice_am_rho0p5_E00196_0p0960505818MeV.root,ice_am,0.5
197,0.0966050879,0.0977237221,0.0971627952,0.0011186342,1000,macros/europa_E00197_0p0971627952MeV.mac,dna_ice_am_rho0p5_E00197_0p0971627952MeV,root/dna_ice_am_rho0p5_E00197_0p0971627952MeV.root,ice_am,0.5
198,0.0977237221,0.0988553095,0.0982878873,0.00113158737,1000,macros/europa_E00198_0p0982878873MeV.mac,dna_ice_am_rho0p5_E00198_0p0982878873MeV,root/dna_ice_am_rho0p5_E00198_0p0982878873MeV.root,ice_am,0.5
199,0.0988553095,0.1,0.0994260074,0.00114469053,1000,macros/europa_E00199_0p0994260074MeV.mac,dna_ice_am_rho0p5_E00199_0p0994260074MeV,root/dna_ice_am_rho0p5_E00199_0p0994260074MeV.root,ice_am,0.5
200,0.1,0.101157945,0.100577306,0.00115794543,100,macros/europa_E00200_0p100577306MeV.mac,dna_ice_am_rho0p5_E00200_0p100577306MeV,root/dna_ice_am_rho0p5_E00200_0p100577306MeV.root,ice_am,0.5
201,0.101157945,0.102329299,0.101741937,0.0011713538,100,macros/europa_E00201_0p101741937MeV.mac,dna_ice_am_rho0p5_E00201_0p101741937MeV,root/dna_ice_am_rho0p5_E00201_0p101741937MeV.root,ice_am,0.5
202,0.102329299,0.103514217,0.102920053,0.00118491744,100,macros/europa_E00202_0p102920053MeV.mac,dna_ice_am_rho0p5_E00202_0p102920053MeV,root/dna_ice_am_rho0p5_E00202_0p102920053MeV.root,ice_am,0.5
203,0.103514217,0.104712855,0.104111811,0.00119863814,100,macros/europa_E00203_0p104111811MeV.mac,dna_ice_am_rho0p5_E00203_0p104111811MeV,root/dna_ice_am_rho0p5_E00203_0p104111811MeV.root,ice_am,0.5
204,0.104712855,0.105925373,0.105317369,0.00121251771,100,macros/europa_E00204_0p105317369MeV.mac,dna_ice_am_rho0p5_E00204_0p105317369MeV,root/dna_ice_am_rho0p5_E00204_0p105317369MeV.root,ice_am,0.5
205,0.105925373,0.107151931,0.106536886,0.00122655801,100,macros/europa_E00205_0p106536886MeV.mac,dna_ice_am_rho0p5_E00205_0p106536886MeV,root/dna_ice_am_rho0p5_E00205_0p106536886MeV.root,ice_am,0.5
206,0.107151931,0.108392691,0.107770525,0.00124076088,100,macros/europa_E00206_0p107770525MeV.mac,dna_ice_am_rho0p5_E00206_0p107770525MeV,root/dna_ice_am_rho0p5_E00206_0p107770525MeV.root,ice_am,0.5
207,0.108392691,0.10964782,0.109018449,0.00125512821,100,macros/europa_E00207_0p109018449MeV.mac,dna_ice_am_rho0p5_E00207_0p109018449MeV,root/dna_ice_am_rho0p5_E00207_0p109018449MeV.root,ice_am,0.5
208,0.10964782,0.110917482,0.110280823,0.00126966191,100,macros/europa_E00208_0p110280823MeV.mac,dna_ice_am_rho0p5_E00208_0p110280823MeV,root/dna_ice_am_rho0p5_E00208_0p110280823MeV.root,ice_am,0.5
209,0.110917482,0.112201845,0.111557815,0.0012843639,100,macros/europa_E00209_0p111557815MeV.mac,dna_ice_am_rho0p5_E00209_0p111557815MeV,root/dna_ice_am_rho0p5_E00209_0p111557815MeV.root,ice_am,0.5
210,0.112201845,0.113501082,0.112849594,0.00129923614,100,macros/europa_E00210_0p112849594MeV.mac,dna_ice_am_rho0p5_E00210_0p112849594MeV,root/dna_ice_am_rho0p5_E00210_0p112849594MeV.root,ice_am,0.5
211,0.113501082,0.114815362,0.11415633,0.00131428058,100,macros/europa_E00211_0p11415633MeV.mac,dna_ice_am_rho0p5_E00211_0p11415633MeV,root/dna_ice_am_rho0p5_E00211_0p11415633MeV.root,ice_am,0.5
212,0.114815362,0.116144861,0.115478198,0.00132949923,100,macros/europa_E00212_0p115478198MeV.mac,dna_ice_am_rho0p5_E00212_0p115478198MeV,root/dna_ice_am_rho0p5_E00212_0p115478198MeV.root,ice_am,0.5
213,0.116144861,0.117489755,0.116815373,0.00134489411,100,macros/europa_E00213_0p116815373MeV.mac,dna_ice_am_rho0p5_E00213_0p116815373MeV,root/dna_ice_am_rho0p5_E00213_0p116815373MeV.root,ice_am,0.5
214,0.117489755,0.118850223,0.118168031,0.00136046725,100,macros/europa_E00214_0p118168031MeV.mac,dna_ice_am_rho0p5_E00214_0p118168031MeV,root/dna_ice_am_rho0p5_E00214_0p118168031MeV.root,ice_am,0.5
215,0.118850223,0.120226443,0.119536353,0.00137622072,100,macros/europa_E00215_0p119536353MeV.mac,dna_ice_am_rho0p5_E00215_0p119536353MeV,root/dna_ice_am_rho0p5_E00215_0p119536353MeV.root,ice_am,0.5
216,0.120226443,0.1216186,0.120920518,0.0013921566,100,macros/europa_E00216_0p120920518MeV.mac,dna_ice_am_rho0p5_E00216_0p120920518MeV,root/dna_ice_am_rho0p5_E00216_0p120920518MeV.root,ice_am,0.5
217,0.1216186,0.123026877,0.122320712,0.00140827702,100,macros/europa_E00217_0p122320712MeV.mac,dna_ice_am_rho0p5_E00217_0p122320712MeV,root/dna_ice_am_rho0p5_E00217_0p122320712MeV.root,ice_am,0.5
218,0.123026877,0.124451461,0.123737119,0.0014245841,100,macros/europa_E00218_0p123737119MeV.mac,dna_ice_am_rho0p5_E00218_0p123737119MeV,root/dna_ice_am_rho0p5_E00218_0p123737119MeV.root,ice_am,0.5
219,0.124451461,0.125892541,0.125169927,0.00144108,100,macros/europa_E00219_0p125169927MeV.mac,dna_ice_am_rho0p5_E00219_0p125169927MeV,root/dna_ice_am_rho0p5_E00219_0p125169927MeV.root,ice_am,0.5
220,0.125892541,0.127350308,0.126619327,0.00145776692,100,macros/europa_E00220_0p126619327MeV.mac,dna_ice_am_rho0p5_E00220_0p126619327MeV,root/dna_ice_am_rho0p5_E00220_0p126619327MeV.root,ice_am,0.5
221,0.127350308,0.128824955,0.128085509,0.00147464707,100,macros/europa_E00221_0p128085509MeV.mac,dna_ice_am_rho0p5_E00221_0p128085509MeV,root/dna_ice_am_rho0p5_E00221_0p128085509MeV.root,ice_am,0.5
222,0.128824955,0.130316678,0.12956867,0.00149172268,100,macros/europa_E00222_0p12956867MeV.mac,dna_ice_am_rho0p5_E00222_0p12956867MeV,root/dna_ice_am_rho0p5_E00222_0p12956867MeV.root,ice_am,0.5
223,0.130316678,0.131825674,0.131069004,0.00150899601,100,macros/europa_E00223_0p131069004MeV.mac,dna_ice_am_rho0p5_E00223_0p131069004MeV,root/dna_ice_am_rho0p5_E00223_0p131069004MeV.root,ice_am,0.5
224,0.131825674,0.133352143,0.132586712,0.00152646936,100,macros/europa_E00224_0p132586712MeV.mac,dna_ice_am_rho0p5_E00224_0p132586712MeV,root/dna_ice_am_rho0p5_E00224_0p132586712MeV.root,ice_am,0.5
225,0.133352143,0.134896288,0.134121994,0.00154414504,100,macros/europa_E00225_0p134121994MeV.mac,dna_ice_am_rho0p5_E00225_0p134121994MeV,root/dna_ice_am_rho0p5_E00225_0p134121994MeV.root,ice_am,0.5
226,0.134896288,0.136458314,0.135675053,0.0015620254,100,macros/europa_E00226_0p135675053MeV.mac,dna_ice_am_rho0p5_E00226_0p135675053MeV,root/dna_ice_am_rho0p5_E00226_0p135675053MeV.root,ice_am,0.5
227,0.136458314,0.138038426,0.137246096,0.0015801128,100,macros/europa_E00227_0p137246096MeV.mac,dna_ice_am_rho0p5_E00227_0p137246096MeV,root/dna_ice_am_rho0p5_E00227_0p137246096MeV.root,ice_am,0.5
228,0.138038426,0.139636836,0.138835331,0.00159840965,100,macros/europa_E00228_0p138835331MeV.mac,dna_ice_am_rho0p5_E00228_0p138835331MeV,root/dna_ice_am_rho0p5_E00228_0p138835331MeV.root,ice_am,0.5
229,0.139636836,0.141253754,0.140442968,0.00161691836,100,macros/europa_E00229_0p140442968MeV.mac,dna_ice_am_rho0p5_E00229_0p140442968MeV,root/dna_ice_am_rho0p5_E00229_0p140442968MeV.root,ice_am,0.5
230,0.141253754,0.142889396,0.142069221,0.00163564139,100,macros/europa_E00230_0p142069221MeV.mac,dna_ice_am_rho0p5_E00230_0p142069221MeV,root/dna_ice_am_rho0p5_E00230_0p142069221MeV.root,ice_am,0.5
231,0.142889396,0.144543977,0.143714305,0.00165458122,100,macros/europa_E00231_0p143714305MeV.mac,dna_ice_am_rho0p5_E00231_0p143714305MeV,root/dna_ice_am_rho0p5_E00231_0p143714305MeV.root,ice_am,0.5
232,0.144543977,0.146217717,0.145378439,0.00167374037,100,macros/europa_E00232_0p145378439MeV.mac,dna_ice_am_rho0p5_E00232_0p145378439MeV,root/dna_ice_am_rho0p5_E00232_0p145378439MeV.root,ice_am,0.5
233,0.146217717,0.147910839,0.147061842,0.00169312137,100,macros/europa_E00233_0p147061842MeV.mac,dna_ice_am_rho0p5_E00233_0p147061842MeV,root/dna_ice_am_rho0p5_E00233_0p147061842MeV.root,ice_am,0.5
234,0.147910839,0.149623566,0.148764737,0.00171272679,100,macros/europa_E00234_0p148764737MeV.mac,dna_ice_am_rho0p5_E00234_0p148764737MeV,root/dna_ice_am_rho0p5_E00234_0p148764737MeV.root,ice_am,0.5
235,0.149623566,0.151356125,0.150487352,0.00173255923,100,macros/europa_E00235_0p150487352MeV.mac,dna_ice_am_rho0p5_E00235_0p150487352MeV,root/dna_ice_am_rho0p5_E00235_0p150487352MeV.root,ice_am,0.5
236,0.151356125,0.153108746,0.152229913,0.00175262132,100,macros/europa_E00236_0p152229913MeV.mac,dna_ice_am_rho0p5_E00236_0p152229913MeV,root/dna_ice_am_rho0p5_E00236_0p152229913MeV.root,ice_am,0.5
237,0.153108746,0.154881662,0.153992653,0.00177291572,100,macros/europa_E00237_0p153992653MeV.mac,dna_ice_am_rho0p5_E00237_0p153992653MeV,root/dna_ice_am_rho0p5_E00237_0p153992653MeV.root,ice_am,0.5
238,0.154881662,0.156675107,0.155775803,0.00179344512,100,macros/europa_E00238_0p155775803MeV.mac,dna_ice_am_rho0p5_E00238_0p155775803MeV,root/dna_ice_am_rho0p5_E00238_0p155775803MeV.root,ice_am,0.5
239,0.156675107,0.158489319,0.157579602,0.00181421224,100,macros/europa_E00239_0p157579602MeV.mac,dna_ice_am_rho0p5_E00239_0p157579602MeV,root/dna_ice_am_rho0p5_E00239_0p157579602MeV.root,ice_am,0.5
240,0.158489319,0.160324539,0.159404288,0.00183521982,100,macros/europa_E00240_0p159404288MeV.mac,dna_ice_am_rho0p5_E00240_0p159404288MeV,root/dna_ice_am_rho0p5_E00240_0p159404288MeV.root,ice_am,0.5
241,0.160324539,0.16218101,0.161250103,0.00185647067,100,macros/europa_E00241_0p161250103MeV.mac,dna_ice_am_rho0p5_E00241_0p161250103MeV,root/dna_ice_am_rho0p5_E00241_0p161250103MeV.root,ice_am,0.5
242,0.16218101,0.164058977,0.163117291,0.00187796758,100,macros/europa_E00242_0p163117291MeV.mac,dna_ice_am_rho0p5_E00242_0p163117291MeV,root/dna_ice_am_rho0p5_E00242_0p163117291MeV.root,ice_am,0.5
243,0.164058977,0.165958691,0.1650061,0.00189971342,100,macros/europa_E00243_0p1650061MeV.mac,dna_ice_am_rho0p5_E00243_0p1650061MeV,root/dna_ice_am_rho0p5_E00243_0p1650061MeV.root,ice_am,0.5
244,0.165958691,0.167880402,0.166916781,0.00192171107,100,macros/europa_E00244_0p166916781MeV.mac,dna_ice_am_rho0p5_E00244_0p166916781MeV,root/dna_ice_am_rho0p5_E00244_0p166916781MeV.root,ice_am,0.5
245,0.167880402,0.169824365,0.168849586,0.00194396343,100,macros/europa_E00245_0p168849586MeV.mac,dna_ice_am_rho0p5_E00245_0p168849586MeV,root/dna_ice_am_rho0p5_E00245_0p168849586MeV.root,ice_am,0.5
246,0.169824365,0.171790839,0.170804772,0.00196647347,100,macros/europa_E00246_0p170804772MeV.mac,dna_ice_am_rho0p5_E00246_0p170804772MeV,root/dna_ice_am_rho0p5_E00246_0p170804772MeV.root,ice_am,0.5
247,0.171790839,0.173780083,0.172782598,0.00198924416,100,macros/europa_E00247_0p172782598MeV.mac,dna_ice_am_rho0p5_E00247_0p172782598MeV,root/dna_ice_am_rho0p5_E00247_0p172782598MeV.root,ice_am,0.5
248,0.173780083,0.175792361,0.174783326,0.00201227852,100,macros/europa_E00248_0p174783326MeV.mac,dna_ice_am_rho0p5_E00248_0p174783326MeV,root/dna_ice_am_rho0p5_E00248_0p174783326MeV.root,ice_am,0.5
249,0.175792361,0.177827941,0.176807222,0.00203557961,100,macros/europa_E00249_0p176807222MeV.mac,dna_ice_am_rho0p5_E00249_0p176807222MeV,root/dna_ice_am_rho0p5_E00249_0p176807222MeV.root,ice_am,0.5
250,0.177827941,0.179887092,0.178854553,0.00205915051,100,macros/europa_E00250_0p178854553MeV.mac,dna_ice_am_rho0p5_E00250_0p178854553MeV,root/dna_ice_am_rho0p5_E00250_0p178854553MeV.root,ice_am,0.5
251,0.179887092,0.181970086,0.180925591,0.00208299435,100,macros/europa_E00251_0p180925591MeV.mac,dna_ice_am_rho0p5_E00251_0p180925591MeV,root/dna_ice_am_rho0p5_E00251_0p180925591MeV.root,ice_am,0.5
252,0.181970086,0.1840772,0.183020611,0.00210711429,100,macros/europa_E00252_0p183020611MeV.mac,dna_ice_am_rho0p5_E00252_0p183020611MeV,root/dna_ice_am_rho0p5_E00252_0p183020611MeV.root,ice_am,0.5
253,0.1840772,0.186208714,0.185139889,0.00213151352,100,macros/europa_E00253_0p185139889MeV.mac,dna_ice_am_rho0p5_E00253_0p185139889MeV,root/dna_ice_am_rho0p5_E00253_0p185139889MeV.root,ice_am,0.5
254,0.186208714,0.188364909,0.187283708,0.00215619528,100,macros/europa_E00254_0p187283708MeV.mac,dna_ice_am_rho0p5_E00254_0p187283708MeV,root/dna_ice_am_rho0p5_E00254_0p187283708MeV.root,ice_am,0.5
255,0.188364909,0.190546072,0.189452351,0.00218116285,100,macros/europa_E00255_0p189452351MeV.mac,dna_ice_am_rho0p5_E00255_0p189452351MeV,root/dna_ice_am_rho0p5_E00255_0p189452351MeV.root,ice_am,0.5
256,0.190546072,0.192752491,0.191646106,0.00220641952,100,macros/europa_E00256_0p191646106MeV.mac,dna_ice_am_rho0p5_E00256_0p191646106MeV,root/dna_ice_am_rho0p5_E00256_0p191646106MeV.root,ice_am,0.5
257,0.192752491,0.19498446,0.193865264,0.00223196866,100,macros/europa_E00257_0p193865264MeV.mac,dna_ice_am_rho0p5_E00257_0p193865264MeV,root/dna_ice_am_rho0p5_E00257_0p193865264MeV.root,ice_am,0.5
258,0.19498446,0.197242274,0.196110118,0.00225781364,100,macros/europa_E00258_0p196110118MeV.mac,dna_ice_am_rho0p5_E00258_0p196110118MeV,root/dna_ice_am_rho0p5_E00258_0p196110118MeV.root,ice_am,0.5
259,0.197242274,0.199526231,0.198380966,0.00228395789,100,macros/europa_E00259_0p198380966MeV.mac,dna_ice_am_rho0p5_E00259_0p198380966MeV,root/dna_ice_am_rho0p5_E00259_0p198380966MeV.root,ice_am,0.5
260,0.199526231,0.201836636,0.200678109,0.00231040487,100,macros/europa_E00260_0p200678109MeV.mac,dna_ice_am_rho0p5_E00260_0p200678109MeV,root/dna_ice_am_rho0p5_E00260_0p200678109MeV.root,ice_am,0.5
261,0.201836636,0.204173794,0.203001852,0.0023371581,100,macros/europa_E00261_0p203001852MeV.mac,dna_ice_am_rho0p5_E00261_0p203001852MeV,root/dna_ice_am_rho0p5_E00261_0p203001852MeV.root,ice_am,0.5
262,0.204173794,0.206538016,0.205352503,0.00236422111,100,macros/europa_E00262_0p205352503MeV.mac,dna_ice_am_rho0p5_E00262_0p205352503MeV,root/dna_ice_am_rho0p5_E00262_0p205352503MeV.root,ice_am,0.5
263,0.206538016,0.208929613,0.207730373,0.0023915975,100,macros/europa_E00263_0p207730373MeV.mac,dna_ice_am_rho0p5_E00263_0p207730373MeV,root/dna_ice_am_rho0p5_E00263_0p207730373MeV.root,ice_am,0.5
264,0.208929613,0.211348904,0.210135777,0.0024192909,100,macros/europa_E00264_0p210135777MeV.mac,dna_ice_am_rho0p5_E00264_0p210135777MeV,root/dna_ice_am_rho0p5_E00264_0p210135777MeV.root,ice_am,0.5
265,0.211348904,0.213796209,0.212569035,0.00244730497,100,macros/europa_E00265_0p212569035MeV.mac,dna_ice_am_rho0p5_E00265_0p212569035MeV,root/dna_ice_am_rho0p5_E00265_0p212569035MeV.root,ice_am,0.5
266,0.213796209,0.216271852,0.215030468,0.00247564342,100,macros/europa_E00266_0p215030468MeV.mac,dna_ice_am_rho0p5_E00266_0p215030468MeV,root/dna_ice_am_rho0p5_E00266_0p215030468MeV.root,ice_am,0.5
267,0.216271852,0.218776162,0.217520403,0.00250431002,100,macros/europa_E00267_0p217520403MeV.mac,dna_ice_am_rho0p5_E00267_0p217520403MeV,root/dna_ice_am_rho0p5_E00267_0p217520403MeV.root,ice_am,0.5
268,0.218776162,0.221309471,0.220039171,0.00253330857,100,macros/europa_E00268_0p220039171MeV.mac,dna_ice_am_rho0p5_E00268_0p220039171MeV,root/dna_ice_am_rho0p5_E00268_0p220039171MeV.root,ice_am,0.5
269,0.221309471,0.223872114,0.222587104,0.0025626429,100,macros/europa_E00269_0p222587104MeV.mac,dna_ice_am_rho0p5_E00269_0p222587104MeV,root/dna_ice_am_rho0p5_E00269_0p222587104MeV.root,ice_am,0.5
270,0.223872114,0.226464431,0.225164542,0.0025923169,100,macros/europa_E00270_0p225164542MeV.mac,dna_ice_am_rho0p5_E00270_0p225164542MeV,root/dna_ice_am_rho0p5_E00270_0p225164542MeV.root,ice_am,0.5
271,0.226464431,0.229086765,0.227771824,0.00262233452,100,macros/europa_E00271_0p227771824MeV.mac,dna_ice_am_rho0p5_E00271_0p227771824MeV,root/dna_ice_am_rho0p5_E00271_0p227771824MeV.root,ice_am,0.5
272,0.229086765,0.231739465,0.230409298,0.00265269972,100,macros/europa_E00272_0p230409298MeV.mac,dna_ice_am_rho0p5_E00272_0p230409298MeV,root/dna_ice_am_rho0p5_E00272_0p230409298MeV.root,ice_am,0.5
273,0.231739465,0.234422882,0.233077312,0.00268341654,100,macros/europa_E00273_0p233077312MeV.mac,dna_ice_am_rho0p5_E00273_0p233077312MeV,root/dna_ice_am_rho0p5_E00273_0p233077312MeV.root,ice_am,0.5
274,0.234422882,0.237137371,0.23577622,0.00271448903,100,macros/europa_E00274_0p23577622MeV.mac,dna_ice_am_rho0p5_E00274_0p23577622MeV,root/dna_ice_am_rho0p5_E00274_0p23577622MeV.root,ice_am,0.5
275,0.237137371,0.239883292,0.23850638,0.00274592134,100,macros/europa_E00275_0p23850638MeV.mac,dna_ice_am_rho0p5_E00275_0p23850638MeV,root/dna_ice_am_rho0p5_E00275_0p23850638MeV.root,ice_am,0.5
276,0.239883292,0.24266101,0.241268153,0.00277771761,100,macros/europa_E00276_0p241268153MeV.mac,dna_ice_am_rho0p5_E00276_0p241268153MeV,root/dna_ice_am_rho0p5_E00276_0p241268153MeV.root,ice_am,0.5
277,0.24266101,0.245470892,0.244061907,0.00280988206,100,macros/europa_E00277_0p244061907MeV.mac,dna_ice_am_rho0p5_E00277_0p244061907MeV,root/dna_ice_am_rho0p5_E00277_0p244061907MeV.root,ice_am,0.5
278,0.245470892,0.248313311,0.24688801,0.00284241896,100,macros/europa_E00278_0p24688801MeV.mac,dna_ice_am_rho0p5_E00278_0p24688801MeV,root/dna_ice_am_rho0p5_E00278_0p24688801MeV.root,ice_am,0.5
279,0.248313311,0.251188643,0.249746839,0.00287533262,100,macros/europa_E00279_0p249746839MeV.mac,dna_ice_am_rho0p5_E00279_0p249746839MeV,root/dna_ice_am_rho0p5_E00279_0p249746839MeV.root,ice_am,0.5
280,0.251188643,0.254097271,0.252638771,0.0029086274,100,macros/europa_E00280_0p252638771MeV.mac,dna_ice_am_rho0p5_E00280_0p252638771MeV,root/dna_ice_am_rho0p5_E00280_0p252638771MeV.root,ice_am,0.5
281,0.254097271,0.257039578,0.25556419,0.00294230772,100,macros/europa_E00281_0p25556419MeV.mac,dna_ice_am_rho0p5_E00281_0p25556419MeV,root/dna_ice_am_rho0p5_E00281_0p25556419MeV.root,ice_am,0.5
282,0.257039578,0.260015956,0.258523484,0.00297637804,100,macros/europa_E00282_0p258523484MeV.mac,dna_ice_am_rho0p5_E00282_0p258523484MeV,root/dna_ice_am_rho0p5_E00282_0p258523484MeV.root,ice_am,0.5
283,0.260015956,0.263026799,0.261517045,0.00301084287,100,macros/europa_E00283_0p261517045MeV.mac,dna_ice_am_rho0p5_E00283_0p261517045MeV,root/dna_ice_am_rho0p5_E00283_0p261517045MeV.root,ice_am,0.5
284,0.263026799,0.266072506,0.264545269,0.00304570679,100,macros/europa_E00284_0p264545269MeV.mac,dna_ice_am_rho0p5_E00284_0p264545269MeV,root/dna_ice_am_rho0p5_E00284_0p264545269MeV.root,ice_am,0.5
285,0.266072506,0.26915348,0.267608559,0.00308097441,100,macros/europa_E00285_0p267608559MeV.mac,dna_ice_am_rho0p5_E00285_0p267608559MeV,root/dna_ice_am_rho0p5_E00285_0p267608559MeV.root,ice_am,0.5
286,0.26915348,0.272270131,0.27070732,0.00311665042,100,macros/europa_E00286_0p27070732MeV.mac,dna_ice_am_rho0p5_E00286_0p27070732MeV,root/dna_ice_am_rho0p5_E00286_0p27070732MeV.root,ice_am,0.5
287,0.272270131,0.27542287,0.273841963,0.00315273953,100,macros/europa_E00287_0p273841963MeV.mac,dna_ice_am_rho0p5_E00287_0p273841963MeV,root/dna_ice_am_rho0p5_E00287_0p273841963MeV.root,ice_am,0.5
288,0.27542287,0.278612117,0.277012904,0.00318924653,100,macros/europa_E00288_0p277012904MeV.mac,dna_ice_am_rho0p5_E00288_0p277012904MeV,root/dna_ice_am_rho0p5_E00288_0p277012904MeV.root,ice_am,0.5
289,0.278612117,0.281838293,0.280220562,0.00322617626,100,macros/europa_E00289_0p280220562MeV.mac,dna_ice_am_rho0p5_E00289_0p280220562MeV,root/dna_ice_am_rho0p5_E00289_0p280220562MeV.root,ice_am,0.5
290,0.281838293,0.285101827,0.283465363,0.00326353362,100,macros/europa_E00290_0p283465363MeV.mac,dna_ice_am_rho0p5_E00290_0p283465363MeV,root/dna_ice_am_rho0p5_E00290_0p283465363MeV.root,ice_am,0.5
291,0.285101827,0.28840315,0.286747738,0.00330132356,100,macros/europa_E00291_0p286747738MeV.mac,dna_ice_am_rho0p5_E00291_0p286747738MeV,root/dna_ice_am_rho0p5_E00291_0p286747738MeV.root,ice_am,0.5
292,0.28840315,0.291742701,0.29006812,0.00333955109,100,macros/europa_E00292_0p29006812MeV.mac,dna_ice_am_rho0p5_E00292_0p29006812MeV,root/dna_ice_am_rho0p5_E00292_0p29006812MeV.root,ice_am,0.5
293,0.291742701,0.295120923,0.29342695,0.00337822127,100,macros/europa_E00293_0p29342695MeV.mac,dna_ice_am_rho0p5_E00293_0p29342695MeV,root/dna_ice_am_rho0p5_E00293_0p29342695MeV.root,ice_am,0.5
294,0.295120923,0.298538262,0.296824674,0.00341733923,100,macros/europa_E00294_0p296824674MeV.mac,dna_ice_am_rho0p5_E00294_0p296824674MeV,root/dna_ice_am_rho0p5_E00294_0p296824674MeV.root,ice_am,0.5
295,0.298538262,0.301995172,0.300261742,0.00345691015,100,macros/europa_E00295_0p300261742MeV.mac,dna_ice_am_rho0p5_E00295_0p300261742MeV,root/dna_ice_am_rho0p5_E00295_0p300261742MeV.root,ice_am,0.5
296,0.301995172,0.305492111,0.303738609,0.00349693928,100,macros/europa_E00296_0p303738609MeV.mac,dna_ice_am_rho0p5_E00296_0p303738609MeV,root/dna_ice_am_rho0p5_E00296_0p303738609MeV.root,ice_am,0.5
297,0.305492111,0.309029543,0.307255737,0.00353743193,100,macros/europa_E00297_0p307255737MeV.mac,dna_ice_am_rho0p5_E00297_0p307255737MeV,root/dna_ice_am_rho0p5_E00297_0p307255737MeV.root,ice_am,0.5
298,0.309029543,0.312607937,0.31081359,0.00357839346,100,macros/europa_E00298_0p31081359MeV.mac,dna_ice_am_rho0p5_E00298_0p31081359MeV,root/dna_ice_am_rho0p5_E00298_0p31081359MeV.root,ice_am,0.5
299,0.312607937,0.316227766,0.314412642,0.0036198293,100,macros/europa_E00299_0p314412642MeV.mac,dna_ice_am_rho0p5_E00299_0p314412642MeV,root/dna_ice_am_rho0p5_E00299_0p314412642MeV.root,ice_am,0.5
300,0.316227766,0.319889511,0.318053369,0.00366174495,100,macros/europa_E00300_0p318053369MeV.mac,dna_ice_am_rho0p5_E00300_0p318053369MeV,root/dna_ice_am_rho0p5_E00300_0p318053369MeV.root,ice_am,0.5
301,0.319889511,0.323593657,0.321736253,0.00370414596,100,macros/europa_E00301_0p321736253MeV.mac,dna_ice_am_rho0p5_E00301_0p321736253MeV,root/dna_ice_am_rho0p5_E00301_0p321736253MeV.root,ice_am,0.5
302,0.323593657,0.327340695,0.325461783,0.00374703795,100,macros/europa_E00302_0p325461783MeV.mac,dna_ice_am_rho0p5_E00302_0p325461783MeV,root/dna_ice_am_rho0p5_E00302_0p325461783MeV.root,ice_am,0.5
303,0.327340695,0.331131121,0.329230453,0.0037904266,100,macros/europa_E00303_0p329230453MeV.mac,dna_ice_am_rho0p5_E00303_0p329230453MeV,root/dna_ice_am_rho0p5_E00303_0p329230453MeV.root,ice_am,0.5
304,0.331131121,0.334965439,0.333042762,0.00383431768,100,macros/europa_E00304_0p333042762MeV.mac,dna_ice_am_rho0p5_E00304_0p333042762MeV,root/dna_ice_am_rho0p5_E00304_0p333042762MeV.root,ice_am,0.5
305,0.334965439,0.338844156,0.336899216,0.00387871698,100,macros/europa_E00305_0p336899216MeV.mac,dna_ice_am_rho0p5_E00305_0p336899216MeV,root/dna_ice_am_rho0p5_E00305_0p336899216MeV.root,ice_am,0.5
306,0.338844156,0.342767787,0.340800325,0.00392363041,100,macros/europa_E00306_0p340800325MeV.mac,dna_ice_am_rho0p5_E00306_0p340800325MeV,root/dna_ice_am_rho0p5_E00306_0p340800325MeV.root,ice_am,0.5
307,0.342767787,0.34673685,0.344746607,0.00396906391,100,macros/europa_E00307_0p344746607MeV.mac,dna_ice_am_rho0p5_E00307_0p344746607MeV,root/dna_ice_am_rho0p5_E00307_0p344746607MeV.root,ice_am,0.5
308,0.34673685,0.350751874,0.348738584,0.0040150235,100,macros/europa_E00308_0p348738584MeV.mac,dna_ice_am_rho0p5_E00308_0p348738584MeV,root/dna_ice_am_rho0p5_E00308_0p348738584MeV.root,ice_am,0.5
309,0.350751874,0.354813389,0.352776787,0.00406151528,100,macros/europa_E00309_0p352776787MeV.mac,dna_ice_am_rho0p5_E00309_0p352776787MeV,root/dna_ice_am_rho0p5_E00309_0p352776787MeV.root,ice_am,0.5
310,0.354813389,0.358921935,0.356861749,0.00410854541,100,macros/europa_E00310_0p356861749MeV.mac,dna_ice_am_rho0p5_E00310_0p356861749MeV,root/dna_ice_am_rho0p5_E00310_0p356861749MeV.root,ice_am,0.5
311,0.358921935,0.363078055,0.360994014,0.00415612013,100,macros/europa_E00311_0p360994014MeV.mac,dna_ice_am_rho0p5_E00311_0p360994014MeV,root/dna_ice_am_rho0p5_E00311_0p360994014MeV.root,ice_am,0.5
312,0.363078055,0.3672823,0.365174127,0.00420424573,100,macros/europa_E00312_0p365174127MeV.mac,dna_ice_am_rho0p5_E00312_0p365174127MeV,root/dna_ice_am_rho0p5_E00312_0p365174127MeV.root,ice_am,0.5
313,0.3672823,0.371535229,0.369402644,0.0042529286,100,macros/europa_E00313_0p369402644MeV.mac,dna_ice_am_rho0p5_E00313_0p369402644MeV,root/dna_ice_am_rho0p5_E00313_0p369402644MeV.root,ice_am,0.5
314,0.371535229,0.375837404,0.373680125,0.00430217519,100,macros/europa_E00314_0p373680125MeV.mac,dna_ice_am_rho0p5_E00314_0p373680125MeV,root/dna_ice_am_rho0p5_E00314_0p373680125MeV.root,ice_am,0.5
315,0.375837404,0.380189396,0.378007137,0.00435199203,100,macros/europa_E00315_0p378007137MeV.mac,dna_ice_am_rho0p5_E00315_0p378007137MeV,root/dna_ice_am_rho0p5_E00315_0p378007137MeV.root,ice_am,0.5
316,0.380189396,0.384591782,0.382384254,0.00440238572,100,macros/europa_E00316_0p382384254MeV.mac,dna_ice_am_rho0p5_E00316_0p382384254MeV,root/dna_ice_am_rho0p5_E00316_0p382384254MeV.root,ice_am,0.5
317,0.384591782,0.389045145,0.386812055,0.00445336295,100,macros/europa_E00317_0p386812055MeV.mac,dna_ice_am_rho0p5_E00317_0p386812055MeV,root/dna_ice_am_rho0p5_E00317_0p386812055MeV.root,ice_am,0.5
318,0.389045145,0.393550075,0.391291127,0.00450493046,100,macros/europa_E00318_0p391291127MeV.mac,dna_ice_am_rho0p5_E00318_0p391291127MeV,root/dna_ice_am_rho0p5_E00318_0p391291127MeV.root,ice_am,0.5
319,0.393550075,0.398107171,0.395822065,0.0045570951,100,macros/europa_E00319_0p395822065MeV.mac,dna_ice_am_rho0p5_E00319_0p395822065MeV,root/dna_ice_am_rho0p5_E00319_0p395822065MeV.root,ice_am,0.5
320,0.398107171,0.402717034,0.400405468,0.00460986377,100,macros/europa_E00320_0p400405468MeV.mac,dna_ice_am_rho0p5_E00320_0p400405468MeV,root/dna_ice_am_rho0p5_E00320_0p400405468MeV.root,ice_am,0.5
321,0.402717034,0.407380278,0.405041945,0.00466324348,100,macros/europa_E00321_0p405041945MeV.mac,dna_ice_am_rho0p5_E00321_0p405041945MeV,root/dna_ice_am_rho0p5_E00321_0p405041945MeV.root,ice_am,0.5
322,0.407380278,0.412097519,0.40973211,0.00471724129,100,macros/europa_E00322_0p40973211MeV.mac,dna_ice_am_rho0p5_E00322_0p40973211MeV,root/dna_ice_am_rho0p5_E00322_0p40973211MeV.root,ice_am,0.5
323,0.412097519,0.416869383,0.414476584,0.00477186437,100,macros/europa_E00323_0p414476584MeV.mac,dna_ice_am_rho0p5_E00323_0p414476584MeV,root/dna_ice_am_rho0p5_E00323_0p414476584MeV.root,ice_am,0.5
324,0.416869383,0.421696503,0.419275997,0.00482711996,100,macros/europa_E00324_0p419275997MeV.mac,dna_ice_am_rho0p5_E00324_0p419275997MeV,root/dna_ice_am_rho0p5_E00324_0p419275997MeV.root,ice_am,0.5
325,0.421696503,0.426579519,0.424130984,0.00488301537,100,macros/europa_E00325_0p424130984MeV.mac,dna_ice_am_rho0p5_E00325_0p424130984MeV,root/dna_ice_am_rho0p5_E00325_0p424130984MeV.root,ice_am,0.5
326,0.426579519,0.431519077,0.429042189,0.00493955803,100,macros/europa_E00326_0p429042189MeV.mac,dna_ice_am_rho0p5_E00326_0p429042189MeV,root/dna_ice_am_rho0p5_E00326_0p429042189MeV.root,ice_am,0.5
327,0.431519077,0.436515832,0.434010264,0.00499675541,100,macros/europa_E00327_0p434010264MeV.mac,dna_ice_am_rho0p5_E00327_0p434010264MeV,root/dna_ice_am_rho0p5_E00327_0p434010264MeV.root,ice_am,0.5
328,0.436515832,0.441570447,0.439035866,0.00505461511,100,macros/europa_E00328_0p439035866MeV.mac,dna_ice_am_rho0p5_E00328_0p439035866MeV,root/dna_ice_am_rho0p5_E00328_0p439035866MeV.root,ice_am,0.5
329,0.441570447,0.446683592,0.444119661,0.0051131448,100,macros/europa_E00329_0p444119661MeV.mac,dna_ice_am_rho0p5_E00329_0p444119661MeV,root/dna_ice_am_rho0p5_E00329_0p444119661MeV.root,ice_am,0.5
330,0.446683592,0.451855944,0.449262325,0.00517235222,100,macros/europa_E00330_0p449262325MeV.mac,dna_ice_am_rho0p5_E00330_0p449262325MeV,root/dna_ice_am_rho0p5_E00330_0p449262325MeV.root,ice_am,0.5
331,0.451855944,0.45708819,0.454464537,0.00523224524,100,macros/europa_E00331_0p454464537MeV.mac,dna_ice_am_rho0p5_E00331_0p454464537MeV,root/dna_ice_am_rho0p5_E00331_0p454464537MeV.root,ice_am,0.5
332,0.45708819,0.462381021,0.459726989,0.00529283178,100,macros/europa_E00332_0p459726989MeV.mac,dna_ice_am_rho0p5_E00332_0p459726989MeV,root/dna_ice_am_rho0p5_E00332_0p459726989MeV.root,ice_am,0.5
333,0.462381021,0.467735141,0.465050376,0.00535411989,100,macros/europa_E00333_0p465050376MeV.mac,dna_ice_am_rho0p5_E00333_0p465050376MeV,root/dna_ice_am_rho0p5_E00333_0p465050376MeV.root,ice_am,0.5
334,0.467735141,0.473151259,0.470435406,0.00541611767,100,macros/europa_E00334_0p470435406MeV.mac,dna_ice_am_rho0p5_E00334_0p470435406MeV,root/dna_ice_am_rho0p5_E00334_0p470435406MeV.root,ice_am,0.5
335,0.473151259,0.478630092,0.475882791,0.00547883336,100,macros/europa_E00335_0p475882791MeV.mac,dna_ice_am_rho0p5_E00335_0p475882791MeV,root/dna_ice_am_rho0p5_E00335_0p475882791MeV.root,ice_am,0.5
336,0.478630092,0.484172368,0.481393254,0.00554227526,100,macros/europa_E00336_0p481393254MeV.mac,dna_ice_am_rho0p5_E00336_0p481393254MeV,root/dna_ice_am_rho0p5_E00336_0p481393254MeV.root,ice_am,0.5
337,0.484172368,0.489778819,0.486967525,0.00560645178,100,macros/europa_E00337_0p486967525MeV.mac,dna_ice_am_rho0p5_E00337_0p486967525MeV,root/dna_ice_am_rho0p5_E00337_0p486967525MeV.root,ice_am,0.5
338,0.489778819,0.495450191,0.492606343,0.00567137144,100,macros/europa_E00338_0p492606343MeV.mac,dna_ice_am_rho0p5_E00338_0p492606343MeV,root/dna_ice_am_rho0p5_E00338_0p492606343MeV.root,ice_am,0.5
339,0.495450191,0.501187234,0.498310456,0.00573704282,100,macros/europa_E00339_0p498310456MeV.mac,dna_ice_am_rho0p5_E00339_0p498310456MeV,root/dna_ice_am_rho0p5_E00339_0p498310456MeV.root,ice_am,0.5
340,0.501187234,0.506990708,0.504080619,0.00580347465,100,macros/europa_E00340_0p504080619MeV.mac,dna_ice_am_rho0p5_E00340_0p504080619MeV,root/dna_ice_am_rho0p5_E00340_0p504080619MeV.root,ice_am,0.5
341,0.506990708,0.512861384,0.509917598,0.00587067572,100,macros/europa_E00341_0p509917598MeV.mac,dna_ice_am_rho0p5_E00341_0p509917598MeV,root/dna_ice_am_rho0p5_E00341_0p509917598MeV.root,ice_am,0.5
342,0.512861384,0.518800039,0.515822165,0.00593865494,100,macros/europa_E00342_0p515822165MeV.mac,dna_ice_am_rho0p5_E00342_0p515822165MeV,root/dna_ice_am_rho0p5_E00342_0p515822165MeV.root,ice_am,0.5
343,0.518800039,0.52480746,0.521795104,0.00600742132,100,macros/europa_E00343_0p521795104MeV.mac,dna_ice_am_rho0p5_E00343_0p521795104MeV,root/dna_ice_am_rho0p5_E00343_0p521795104MeV.root,ice_am,0.5
344,0.52480746,0.530884444,0.527837207,0.00607698398,100,macros/europa_E00344_0p527837207MeV.mac,dna_ice_am_rho0p5_E00344_0p527837207MeV,root/dna_ice_am_rho0p5_E00344_0p527837207MeV.root,ice_am,0.5
345,0.530884444,0.537031796,0.533949274,0.00614735214,100,macros/europa_E00345_0p533949274MeV.mac,dna_ice_am_rho0p5_E00345_0p533949274MeV,root/dna_ice_am_rho0p5_E00345_0p533949274MeV.root,ice_am,0.5
346,0.537031796,0.543250331,0.540132115,0.00621853512,100,macros/europa_E00346_0p540132115MeV.mac,dna_ice_am_rho0p5_E00346_0p540132115MeV,root/dna_ice_am_rho0p5_E00346_0p540132115MeV.root,ice_am,0.5
347,0.543250331,0.549540874,0.54638655,0.00629054237,100,macros/europa_E00347_0p54638655MeV.mac,dna_ice_am_rho0p5_E00347_0p54638655MeV,root/dna_ice_am_rho0p5_E00347_0p54638655MeV.root,ice_am,0.5
348,0.549540874,0.555904257,0.552713408,0.00636338341,100,macros/europa_E00348_0p552713408MeV.mac,dna_ice_am_rho0p5_E00348_0p552713408MeV,root/dna_ice_am_rho0p5_E00348_0p552713408MeV.root,ice_am,0.5
349,0.555904257,0.562341325,0.559113528,0.00643706792,100,macros/europa_E00349_0p559113528MeV.mac,dna_ice_am_rho0p5_E00349_0p559113528MeV,root/dna_ice_am_rho0p5_E00349_0p559113528MeV.root,ice_am,0.5
350,0.562341325,0.568852931,0.565587757,0.00651160565,100,macros/europa_E00350_0p565587757MeV.mac,dna_ice_am_rho0p5_E00350_0p565587757MeV,root/dna_ice_am_rho0p5_E00350_0p565587757MeV.root,ice_am,0.5
351,0.568852931,0.575439937,0.572136955,0.00658700649,100,macros/europa_E00351_0p572136955MeV.mac,dna_ice_am_rho0p5_E00351_0p572136955MeV,root/dna_ice_am_rho0p5_E00351_0p572136955MeV.root,ice_am,0.5
352,0.575439937,0.582103218,0.578761988,0.00666328043,100,macros/europa_E00352_0p578761988MeV.mac,dna_ice_am_rho0p5_E00352_0p578761988MeV,root/dna_ice_am_rho0p5_E00352_0p578761988MeV.root,ice_am,0.5
353,0.582103218,0.588843655,0.585463736,0.00674043758,100,macros/europa_E00353_0p585463736MeV.mac,dna_ice_am_rho0p5_E00353_0p585463736MeV,root/dna_ice_am_rho0p5_E00353_0p585463736MeV.root,ice_am,0.5
354,0.588843655,0.595662144,0.592243087,0.00681848817,100,macros/europa_E00354_0p592243087MeV.mac,dna_ice_am_rho0p5_E00354_0p592243087MeV,root/dna_ice_am_rho0p5_E00354_0p592243087MeV.root,ice_am,0.5
355,0.595662144,0.602559586,0.599100939,0.00689744255,100,macros/europa_E00355_0p599100939MeV.mac,dna_ice_am_rho0p5_E00355_0p599100939MeV,root/dna_ice_am_rho0p5_E00355_0p599100939MeV.root,ice_am,0.5
356,0.602559586,0.609536897,0.606038201,0.00697731117,100,macros/europa_E00356_0p606038201MeV.mac,dna_ice_am_rho0p5_E00356_0p606038201MeV,root/dna_ice_am_rho0p5_E00356_0p606038201MeV.root,ice_am,0.5
357,0.609536897,0.616595002,0.613055792,0.00705810462,100,macros/europa_E00357_0p613055792MeV.mac,dna_ice_am_rho0p5_E00357_0p613055792MeV,root/dna_ice_am_rho0p5_E00357_0p613055792MeV.root,ice_am,0.5
358,0.616595002,0.623734835,0.620154644,0.00713983362,100,macros/europa_E00358_0p620154644MeV.mac,dna_ice_am_rho0p5_E00358_0p620154644MeV,root/dna_ice_am_rho0p5_E00358_0p620154644MeV.root,ice_am,0.5
359,0.623734835,0.630957344,0.627335696,0.007222509,100,macros/europa_E00359_0p627335696MeV.mac,dna_ice_am_rho0p5_E00359_0p627335696MeV,root/dna_ice_am_rho0p5_E00359_0p627335696MeV.root,ice_am,0.5
360,0.630957344,0.638263486,0.634599901,0.00730614171,100,macros/europa_E00360_0p634599901MeV.mac,dna_ice_am_rho0p5_E00360_0p634599901MeV,root/dna_ice_am_rho0p5_E00360_0p634599901MeV.root,ice_am,0.5
361,0.638263486,0.645654229,0.641948222,0.00739074284,100,macros/europa_E00361_0p641948222MeV.mac,dna_ice_am_rho0p5_E00361_0p641948222MeV,root/dna_ice_am_rho0p5_E00361_0p641948222MeV.root,ice_am,0.5
362,0.645654229,0.653130553,0.649381632,0.00747632361,100,macros/europa_E00362_0p649381632MeV.mac,dna_ice_am_rho0p5_E00362_0p649381632MeV,root/dna_ice_am_rho0p5_E00362_0p649381632MeV.root,ice_am,0.5
363,0.653130553,0.660693448,0.656901116,0.00756289536,100,macros/europa_E00363_0p656901116MeV.mac,dna_ice_am_rho0p5_E00363_0p656901116MeV,root/dna_ice_am_rho0p5_E00363_0p656901116MeV.root,ice_am,0.5
364,0.660693448,0.668343918,0.664507673,0.00765046956,100,macros/europa_E00364_0p664507673MeV.mac,dna_ice_am_rho0p5_E00364_0p664507673MeV,root/dna_ice_am_rho0p5_E00364_0p664507673MeV.root,ice_am,0.5
365,0.668343918,0.676082975,0.672202309,0.00773905782,100,macros/europa_E00365_0p672202309MeV.mac,dna_ice_am_rho0p5_E00365_0p672202309MeV,root/dna_ice_am_rho0p5_E00365_0p672202309MeV.root,ice_am,0.5
366,0.676082975,0.683911647,0.679986045,0.00782867189,100,macros/europa_E00366_0p679986045MeV.mac,dna_ice_am_rho0p5_E00366_0p679986045MeV,root/dna_ice_am_rho0p5_E00366_0p679986045MeV.root,ice_am,0.5
367,0.683911647,0.691830971,0.687859912,0.00791932364,100,macros/europa_E00367_0p687859912MeV.mac,dna_ice_am_rho0p5_E00367_0p687859912MeV,root/dna_ice_am_rho0p5_E00367_0p687859912MeV.root,ice_am,0.5
368,0.691830971,0.699841996,0.695824955,0.00801102508,100,macros/europa_E00368_0p695824955MeV.mac,dna_ice_am_rho0p5_E00368_0p695824955MeV,root/dna_ice_am_rho0p5_E00368_0p695824955MeV.root,ice_am,0.5
369,0.699841996,0.707945784,0.703882228,0.00810378838,100,macros/europa_E00369_0p703882228MeV.mac,dna_ice_am_rho0p5_E00369_0p703882228MeV,root/dna_ice_am_rho0p5_E00369_0p703882228MeV.root,ice_am,0.5
370,0.707945784,0.71614341,0.7120328,0.00819762583,100,macros/europa_E00370_0p7120328MeV.mac,dna_ice_am_rho0p5_E00370_0p7120328MeV,root/dna_ice_am_rho0p5_E00370_0p7120328MeV.root,ice_am,0.5
371,0.71614341,0.72443596,0.720277751,0.00829254986,100,macros/europa_E00371_0p720277751MeV.mac,dna_ice_am_rho0p5_E00371_0p720277751MeV,root/dna_ice_am_rho0p5_E00371_0p720277751MeV.root,ice_am,0.5
372,0.72443596,0.732824533,0.728618175,0.00838857306,100,macros/europa_E00372_0p728618175MeV.mac,dna_ice_am_rho0p5_E00372_0p728618175MeV,root/dna_ice_am_rho0p5_E00372_0p728618175MeV.root,ice_am,0.5
373,0.732824533,0.741310241,0.737055175,0.00848570816,100,macros/europa_E00373_0p737055175MeV.mac,dna_ice_am_rho0p5_E00373_0p737055175MeV,root/dna_ice_am_rho0p5_E00373_0p737055175MeV.root,ice_am,0.5
374,0.741310241,0.749894209,0.745589872,0.00858396803,100,macros/europa_E00374_0p745589872MeV.mac,dna_ice_am_rho0p5_E00374_0p745589872MeV,root/dna_ice_am_rho0p5_E00374_0p745589872MeV.root,ice_am,0.5
375,0.749894209,0.758577575,0.754223396,0.0086833657,100,macros/europa_E00375_0p754223396MeV.mac,dna_ice_am_rho0p5_E00375_0p754223396MeV,root/dna_ice_am_rho0p5_E00375_0p754223396MeV.root,ice_am,0.5
376,0.758577575,0.767361489,0.762956891,0.00878391433,100,macros/europa_E00376_0p762956891MeV.mac,dna_ice_am_rho0p5_E00376_0p762956891MeV,root/dna_ice_am_rho0p5_E00376_0p762956891MeV.root,ice_am,0.5
377,0.767361489,0.776247117,0.771791516,0.00888562727,100,macros/europa_E00377_0p771791516MeV.mac,dna_ice_am_rho0p5_E00377_0p771791516MeV,root/dna_ice_am_rho0p5_E00377_0p771791516MeV.root,ice_am,0.5
378,0.776247117,0.785235635,0.78072844,0.00898851798,100,macros/europa_E00378_0p78072844MeV.mac,dna_ice_am_rho0p5_E00378_0p78072844MeV,root/dna_ice_am_rho0p5_E00378_0p78072844MeV.root,ice_am,0.5
379,0.785235635,0.794328235,0.789768849,0.00909260011,100,macros/europa_E00379_0p789768849MeV.mac,dna_ice_am_rho0p5_E00379_0p789768849MeV,root/dna_ice_am_rho0p5_E00379_0p789768849MeV.root,ice_am,0.5
380,0.794328235,0.803526122,0.798913942,0.00919788746,100,macros/europa_E00380_0p798913942MeV.mac,dna_ice_am_rho0p5_E00380_0p798913942MeV,root/dna_ice_am_rho0p5_E00380_0p798913942MeV.root,ice_am,0.5
381,0.803526122,0.812830516,0.808164929,0.00930439398,100,macros/europa_E00381_0p808164929MeV.mac,dna_ice_am_rho0p5_E00381_0p808164929MeV,root/dna_ice_am_rho0p5_E00381_0p808164929MeV.root,ice_am,0.5
382,0.812830516,0.82224265,0.817523038,0.00941213378,100,macros/europa_E00382_0p817523038MeV.mac,dna_ice_am_rho0p5_E00382_0p817523038MeV,root/dna_ice_am_rho0p5_E00382_0p817523038MeV.root,ice_am,0.5
383,0.82224265,0.831763771,0.826989509,0.00952112116,100,macros/europa_E00383_0p826989509MeV.mac,dna_ice_am_rho0p5_E00383_0p826989509MeV,root/dna_ice_am_rho0p5_E00383_0p826989509MeV.root,ice_am,0.5
384,0.831763771,0.841395142,0.836565596,0.00963137054,100,macros/europa_E00384_0p836565596MeV.mac,dna_ice_am_rho0p5_E00384_0p836565596MeV,root/dna_ice_am_rho0p5_E00384_0p836565596MeV.root,ice_am,0.5
385,0.841395142,0.851138038,0.846252569,0.00974289656,100,macros/europa_E00385_0p846252569MeV.mac,dna_ice_am_rho0p5_E00385_0p846252569MeV,root/dna_ice_am_rho0p5_E00385_0p846252569MeV.root,ice_am,0.5
386,0.851138038,0.860993752,0.856051712,0.00985571398,100,macros/europa_E00386_0p856051712MeV.mac,dna_ice_am_rho0p5_E00386_0p856051712MeV,root/dna_ice_am_rho0p5_E00386_0p856051712MeV.root,ice_am,0.5
387,0.860993752,0.87096359,0.865964323,0.00996983777,100,macros/europa_E00387_0p865964323MeV.mac,dna_ice_am_rho0p5_E00387_0p865964323MeV,root/dna_ice_am_rho0p5_E00387_0p865964323MeV.root,ice_am,0.5
388,0.87096359,0.881048873,0.875991718,0.0100852831,100,macros/europa_E00388_0p875991718MeV.mac,dna_ice_am_rho0p5_E00388_0p875991718MeV,root/dna_ice_am_rho0p5_E00388_0p875991718MeV.root,ice_am,0.5
389,0.881048873,0.891250938,0.886135224,0.0102020651,100,macros/europa_E00389_0p886135224MeV.mac,dna_ice_am_rho0p5_E00389_0p886135224MeV,root/dna_ice_am_rho0p5_E00389_0p886135224MeV.root,ice_am,0.5
390,0.891250938,0.901571138,0.896396186,0.0103201995,100,macros/europa_E00390_0p896396186MeV.mac,dna_ice_am_rho0p5_E00390_0p896396186MeV,root/dna_ice_am_rho0p5_E00390_0p896396186MeV.root,ice_am,0.5
391,0.901571138,0.912010839,0.906775965,0.0104397017,100,macros/europa_E00391_0p906775965MeV.mac,dna_ice_am_rho0p5_E00391_0p906775965MeV,root/dna_ice_am_rho0p5_E00391_0p906775965MeV.root,ice_am,0.5
392,0.912010839,0.922571427,0.917275935,0.0105605878,100,macros/europa_E00392_0p917275935MeV.mac,dna_ice_am_rho0p5_E00392_0p917275935MeV,root/dna_ice_am_rho0p5_E00392_0p917275935MeV.root,ice_am,0.5
393,0.922571427,0.933254301,0.92789749,0.0106828736,100,macros/europa_E00393_0p92789749MeV.mac,dna_ice_am_rho0p5_E00393_0p92789749MeV,root/dna_ice_am_rho0p5_E00393_0p92789749MeV.root,ice_am,0.5
394,0.933254301,0.944060876,0.938642037,0.0108065755,100,macros/europa_E00394_0p938642037MeV.mac,dna_ice_am_rho0p5_E00394_0p938642037MeV,root/dna_ice_am_rho0p5_E00394_0p938642037MeV.root,ice_am,0.5
395,0.944060876,0.954992586,0.949510999,0.0109317097,100,macros/europa_E00395_0p949510999MeV.mac,dna_ice_am_rho0p5_E00395_0p949510999MeV,root/dna_ice_am_rho0p5_E00395_0p949510999MeV.root,ice_am,0.5
396,0.954992586,0.966050879,0.960505818,0.011058293,100,macros/europa_E00396_0p960505818MeV.mac,dna_ice_am_rho0p5_E00396_0p960505818MeV,root/dna_ice_am_rho0p5_E00396_0p960505818MeV.root,ice_am,0.5
397,0.966050879,0.977237221,0.971627952,0.011186342,100,macros/europa_E00397_0p971627952MeV.mac,dna_ice_am_rho0p5_E00397_0p971627952MeV,root/dna_ice_am_rho0p5_E00397_0p971627952MeV.root,ice_am,0.5
398,0.977237221,0.988553095,0.982878873,0.0113158737,100,macros/europa_E00398_0p982878873MeV.mac,dna_ice_am_rho0p5_E00398_0p982878873MeV,root/dna_ice_am_rho0p5_E00398_0p982878873MeV.root,ice_am,0.5
399,0.988553095,1,0.994260074,0.0114469053,100,macros/europa_E00399_0p994260074MeV.mac,dna_ice_am_rho0p5_E00399_0p994260074MeV,root/dna_ice_am_rho0p5_E00399_0p994260074MeV.root,ice_am,0.5
400,1,1.01157945,1.00577306,0.0115794543,20,macros/europa_E00400_1p00577306MeV.mac,dna_ice_am_rho0p5_E00400_1p00577306MeV,root/dna_ice_am_rho0p5_E00400_1p00577306MeV.root,ice_am,0.5
401,1.01157945,1.02329299,1.01741937,0.011713538,20,macros/europa_E00401_1p01741937MeV.mac,dna_ice_am_rho0p5_E00401_1p01741937MeV,root/dna_ice_am_rho0p5_E00401_1p01741937MeV.root,ice_am,0.5
402,1.02329299,1.03514217,1.02920053,0.0118491744,20,macros/europa_E00402_1p02920053MeV.mac,dna_ice_am_rho0p5_E00402_1p02920053MeV,root/dna_ice_am_rho0p5_E00402_1p02920053MeV.root,ice_am,0.5
403,1.03514217,1.04712855,1.04111811,0.0119863814,20,macros/europa_E00403_1p04111811MeV.mac,dna_ice_am_rho0p5_E00403_1p04111811MeV,root/dna_ice_am_rho0p5_E00403_1p04111811MeV.root,ice_am,0.5
404,1.04712855,1.05925373,1.05317369,0.0121251771,20,macros/europa_E00404_1p05317369MeV.mac,dna_ice_am_rho0p5_E00404_1p05317369MeV,root/dna_ice_am_rho0p5_E00404_1p05317369MeV.root,ice_am,0.5
405,1.05925373,1.07151931,1.06536886,0.0122655801,20,macros/europa_E00405_1p06536886MeV.mac,dna_ice_am_rho0p5_E00405_1p06536886MeV,root/dna_ice_am_rho0p5_E00405_1p06536886MeV.root,ice_am,0.5
406,1.07151931,1.08392691,1.07770525,0.0124076088,20,macros/europa_E00406_1p07770525MeV.mac,dna_ice_am_rho0p5_E00406_1p07770525MeV,root/dna_ice_am_rho0p5_E00406_1p07770525MeV.root,ice_am,0.5
407,1.08392691,1.0964782,1.09018449,0.0125512821,20,macros/europa_E00407_1p09018449MeV.mac,dna_ice_am_rho0p5_E00407_1p09018449MeV,root/dna_ice_am_rho0p5_E00407_1p09018449MeV.root,ice_am,0.5
408,1.0964782,1.10917482,1.10280823,0.0126966191,20,macros/europa_E00408_1p10280823MeV.mac,dna_ice_am_rho0p5_E00408_1p10280823MeV,root/dna_ice_am_rho0p5_E00408_1p10280823MeV.root,ice_am,0.5
409,1.10917482,1.12201845,1.11557815,0.012843639,20,macros/europa_E00409_1p11557815MeV.mac,dna_ice_am_rho0p5_E00409_1p11557815MeV,root/dna_ice_am_rho0p5_E00409_1p11557815MeV.root,ice_am,0.5
410,1.12201845,1.13501082,1.12849594,0.0129923614,20,macros/europa_E00410_1p12849594MeV.mac,dna_ice_am_rho0p5_E00410_1p12849594MeV,root/dna_ice_am_rho0p5_E00410_1p12849594MeV.root,ice_am,0.5
411,1.13501082,1.14815362,1.1415633,0.0131428058,20,macros/europa_E00411_1p1415633MeV.mac,dna_ice_am_rho0p5_E00411_1p1415633MeV,root/dna_ice_am_rho0p5_E00411_1p1415633MeV.root,ice_am,0.5
412,1.14815362,1.16144861,1.15478198,0.0132949923,20,macros/europa_E00412_1p15478198MeV.mac,dna_ice_am_rho0p5_E00412_1p15478198MeV,root/dna_ice_am_rho0p5_E00412_1p15478198MeV.root,ice_am,0.5
413,1.16144861,1.17489755,1.16815373,0.0134489411,20,macros/europa_E00413_1p16815373MeV.mac,dna_ice_am_rho0p5_E00413_1p16815373MeV,root/dna_ice_am_rho0p5_E00413_1p16815373MeV.root,ice_am,0.5
414,1.17489755,1.18850223,1.18168031,0.0136046725,20,macros/europa_E00414_1p18168031MeV.mac,dna_ice_am_rho0p5_E00414_1p18168031MeV,root/dna_ice_am_rho0p5_E00414_1p18168031MeV.root,ice_am,0.5
415,1.18850223,1.20226443,1.19536353,0.0137622072,20,macros/europa_E00415_1p19536353MeV.mac,dna_ice_am_rho0p5_E00415_1p19536353MeV,root/dna_ice_am_rho0p5_E00415_1p19536353MeV.root,ice_am,0.5
416,1.20226443,1.216186,1.20920518,0.013921566,20,macros/europa_E00416_1p20920518MeV.mac,dna_ice_am_rho0p5_E00416_1p20920518MeV,root/dna_ice_am_rho0p5_E00416_1p20920518MeV.root,ice_am,0.5
417,1.216186,1.23026877,1.22320712,0.0140827702,20,macros/europa_E00417_1p22320712MeV.mac,dna_ice_am_rho0p5_E00417_1p22320712MeV,root/dna_ice_am_rho0p5_E00417_1p22320712MeV.root,ice_am,0.5
418,1.23026877,1.24451461,1.23737119,0.014245841,20,macros/europa_E00418_1p23737119MeV.mac,dna_ice_am_rho0p5_E00418_1p23737119MeV,root/dna_ice_am_rho0p5_E00418_1p23737119MeV.root,ice_am,0.5
419,1.24451461,1.25892541,1.25169927,0.0144108,20,macros/europa_E00419_1p25169927MeV.mac,dna_ice_am_rho0p5_E00419_1p25169927MeV,root/dna_ice_am_rho0p5_E00419_1p25169927MeV.root,ice_am,0.5
420,1.25892541,1.27350308,1.26619327,0.0145776692,20,macros/europa_E00420_1p26619327MeV.mac,dna_ice_am_rho0p5_E00420_1p26619327MeV,root/dna_ice_am_rho0p5_E00420_1p26619327MeV.root,ice_am,0.5
421,1.27350308,1.28824955,1.28085509,0.0147464707,20,macros/europa_E00421_1p28085509MeV.mac,dna_ice_am_rho0p5_E00421_1p28085509MeV,root/dna_ice_am_rho0p5_E00421_1p28085509MeV.root,ice_am,0.5
422,1.28824955,1.30316678,1.2956867,0.0149172268,20,macros/europa_E00422_1p2956867MeV.mac,dna_ice_am_rho0p5_E00422_1p2956867MeV,root/dna_ice_am_rho0p5_E00422_1p2956867MeV.root,ice_am,0.5
423,1.30316678,1.31825674,1.31069004,0.0150899601,20,macros/europa_E00423_1p31069004MeV.mac,dna_ice_am_rho0p5_E00423_1p31069004MeV,root/dna_ice_am_rho0p5_E00423_1p31069004MeV.root,ice_am,0.5
424,1.31825674,1.33352143,1.32586712,0.0152646936,20,macros/europa_E00424_1p32586712MeV.mac,dna_ice_am_rho0p5_E00424_1p32586712MeV,root/dna_ice_am_rho0p5_E00424_1p32586712MeV.root,ice_am,0.5
425,1.33352143,1.34896288,1.34121994,0.0154414504,20,macros/europa_E00425_1p34121994MeV.mac,dna_ice_am_rho0p5_E00425_1p34121994MeV,root/dna_ice_am_rho0p5_E00425_1p34121994MeV.root,ice_am,0.5
426,1.34896288,1.36458314,1.35675053,0.015620254,20,macros/europa_E00426_1p35675053MeV.mac,dna_ice_am_rho0p5_E00426_1p35675053MeV,root/dna_ice_am_rho0p5_E00426_1p35675053MeV.root,ice_am,0.5
427,1.36458314,1.38038426,1.37246096,0.015801128,20,macros/europa_E00427_1p37246096MeV.mac,dna_ice_am_rho0p5_E00427_1p37246096MeV,root/dna_ice_am_rho0p5_E00427_1p37246096MeV.root,ice_am,0.5
428,1.38038426,1.39636836,1.38835331,0.0159840965,20,macros/europa_E00428_1p38835331MeV.mac,dna_ice_am_rho0p5_E00428_1p38835331MeV,root/dna_ice_am_rho0p5_E00428_1p38835331MeV.root,ice_am,0.5
429,1.39636836,1.41253754,1.40442968,0.0161691836,20,macros/europa_E00429_1p40442968MeV.mac,dna_ice_am_rho0p5_E00429_1p40442968MeV,root/dna_ice_am_rho0p5_E00429_1p40442968MeV.root,ice_am,0.5
430,1.41253754,1.42889396,1.42069221,0.0163564139,20,macros/europa_E00430_1p42069221MeV.mac,dna_ice_am_rho0p5_E00430_1p42069221MeV,root/dna_ice_am_rho0p5_E00430_1p42069221MeV.root,ice_am,0.5
431,1.42889396,1.44543977,1.43714305,0.0165458122,20,macros/europa_E00431_1p43714305MeV.mac,dna_ice_am_rho0p5_E00431_1p43714305MeV,root/dna_ice_am_rho0p5_E00431_1p43714305MeV.root,ice_am,0.5
432,1.44543977,1.46217717,1.45378439,0.0167374037,20,macros/europa_E00432_1p45378439MeV.mac,dna_ice_am_rho0p5_E00432_1p45378439MeV,root/dna_ice_am_rho0p5_E00432_1p45378439MeV.root,ice_am,0.5
433,1.46217717,1.47910839,1.47061842,0.0169312137,20,macros/europa_E00433_1p47061842MeV.mac,dna_ice_am_rho0p5_E00433_1p47061842MeV,root/dna_ice_am_rho0p5_E00433_1p47061842MeV.root,ice_am,0.5
434,1.47910839,1.49623566,1.48764737,0.0171272679,20,macros/europa_E00434_1p48764737MeV.mac,dna_ice_am_rho0p5_E00434_1p48764737MeV,root/dna_ice_am_rho0p5_E00434_1p48764737MeV.root,ice_am,0.5
435,1.49623566,1.51356125,1.50487352,0.0173255923,20,macros/europa_E00435_1p50487352MeV.mac,dna_ice_am_rho0p5_E00435_1p50487352MeV,root/dna_ice_am_rho0p5_E00435_1p50487352MeV.root,ice_am,0.5
436,1.51356125,1.53108746,1.52229913,0.0175262132,20,macros/europa_E00436_1p52229913MeV.mac,dna_ice_am_rho0p5_E00436_1p52229913MeV,root/dna_ice_am_rho0p5_E00436_1p52229913MeV.root,ice_am,0.5
437,1.53108746,1.54881662,1.53992653,0.0177291572,20,macros/europa_E00437_1p53992653MeV.mac,dna_ice_am_rho0p5_E00437_1p53992653MeV,root/dna_ice_am_rho0p5_E00437_1p53992653MeV.root,ice_am,0.5
438,1.54881662,1.56675107,1.55775803,0.0179344512,20,macros/europa_E00438_1p55775803MeV.mac,dna_ice_am_rho0p5_E00438_1p55775803MeV,root/dna_ice_am_rho0p5_E00438_1p55775803MeV.root,ice_am,0.5
439,1.56675107,1.58489319,1.57579602,0.0181421224,20,macros/europa_E00439_1p57579602MeV.mac,dna_ice_am_rho0p5_E00439_1p57579602MeV,root/dna_ice_am_rho0p5_E00439_1p57579602MeV.root,ice_am,0.5
440,1.58489319,1.60324539,1.59404288,0.0183521982,20,macros/europa_E00440_1p59404288MeV.mac,dna_ice_am_rho0p5_E00440_1p59404288MeV,root/dna_ice_am_rho0p5_E00440_1p59404288MeV.root,ice_am,0.5
441,1.60324539,1.6218101,1.61250103,0.0185647067,20,macros/europa_E00441_1p61250103MeV.mac,dna_ice_am_rho0p5_E00441_1p61250103MeV,root/dna_ice_am_rho0p5_E00441_1p61250103MeV.root,ice_am,0.5
442,1.6218101,1.64058977,1.63117291,0.0187796758,20,macros/europa_E00442_1p63117291MeV.mac,dna_ice_am_rho0p5_E00442_1p63117291MeV,root/dna_ice_am_rho0p5_E00442_1p63117291MeV.root,ice_am,0.5
443,1.64058977,1.65958691,1.650061,0.0189971342,20,macros/europa_E00443_1p650061MeV.mac,dna_ice_am_rho0p5_E00443_1p650061MeV,root/dna_ice_am_rho0p5_E00443_1p650061MeV.root,ice_am,0.5
444,1.65958691,1.67880402,1.66916781,0.0192171107,20,macros/europa_E00444_1p66916781MeV.mac,dna_ice_am_rho0p5_E00444_1p66916781MeV,root/dna_ice_am_rho0p5_E00444_1p66916781MeV.root,ice_am,0.5
445,1.67880402,1.69824365,1.68849586,0.0194396343,20,macros/europa_E00445_1p68849586MeV.mac,dna_ice_am_rho0p5_E00445_1p68849586MeV,root/dna_ice_am_rho0p5_E00445_1p68849586MeV.root,ice_am,0.5
446,1.69824365,1.71790839,1.70804772,0.0196647347,20,macros/europa_E00446_1p70804772MeV.mac,dna_ice_am_rho0p5_E00446_1p70804772MeV,root/dna_ice_am_rho0p5_E00446_1p70804772MeV.root,ice_am,0.5
447,1.71790839,1.73780083,1.72782598,0.0198924416,20,macros/europa_E00447_1p72782598MeV.mac,dna_ice_am_rho0p5_E00447_1p72782598MeV,root/dna_ice_am_rho0p5_E00447_1p72782598MeV.root,ice_am,0.5
448,1.73780083,1.75792361,1.74783326,0.0201227852,20,macros/europa_E00448_1p74783326MeV.mac,dna_ice_am_rho0p5_E00448_1p74783326MeV,root/dna_ice_am_rho0p5_E00448_1p74783326MeV.root,ice_am,0.5
449,1.75792361,1.77827941,1.76807222,0.0203557961,20,macros/europa_E00449_1p76807222MeV.mac,dna_ice_am_rho0p5_E00449_1p76807222MeV,root/dna_ice_am_rho0p5_E00449_1p76807222MeV.root,ice_am,0.5
450,1.77827941,1.79887092,1.78854553,0.0205915051,20,macros/europa_E00450_1p78854553MeV.mac,dna_ice_am_rho0p5_E00450_1p78854553MeV,root/dna_ice_am_rho0p5_E00450_1p78854553MeV.root,ice_am,0.5
451,1.79887092,1.81970086,1.80925591,0.0208299435,20,macros/europa_E00451_1p80925591MeV.mac,dna_ice_am_rho0p5_E00451_1p80925591MeV,root/dna_ice_am_rho0p5_E00451_1p80925591MeV.root,ice_am,0.5
452,1.81970086,1.840772,1.83020611,0.0210711429,20,macros/europa_E00452_1p83020611MeV.mac,dna_ice_am_rho0p5_E00452_1p83020611MeV,root/dna_ice_am_rho0p5_E00452_1p83020611MeV.root,ice_am,0.5
453,1.840772,1.86208714,1.85139889,0.0213151352,20,macros/europa_E00453_1p85139889MeV.mac,dna_ice_am_rho0p5_E00453_1p85139889MeV,root/dna_ice_am_rho0p5_E00453_1p85139889MeV.root,ice_am,0.5
454,1.86208714,1.88364909,1.87283708,0.0215619528,20,macros/europa_E00454_1p87283708MeV.mac,dna_ice_am_rho0p5_E00454_1p87283708MeV,root/dna_ice_am_rho0p5_E00454_1p87283708MeV.root,ice_am,0.5
455,1.88364909,1.90546072,1.89452351,0.0218116285,20,macros/europa_E00455_1p89452351MeV.mac,dna_ice_am_rho0p5_E00455_1p89452351MeV,root/dna_ice_am_rho0p5_E00455_1p89452351MeV.root,ice_am,0.5
456,1.90546072,1.92752491,1.91646106,0.0220641952,20,macros/europa_E00456_1p91646106MeV.mac,dna_ice_am_rho0p5_E00456_1p91646106MeV,root/dna_ice_am_rho0p5_E00456_1p91646106MeV.root,ice_am,0.5
457,1.92752491,1.9498446,1.93865264,0.0223196866,20,macros/europa_E00457_1p93865264MeV.mac,dna_ice_am_rho0p5_E00457_1p93865264MeV,root/dna_ice_am_rho0p5_E00457_1p93865264MeV.root,ice_am,0.5
458,1.9498446,1.97242274,1.96110118,0.0225781364,20,macros/europa_E00458_1p96110118MeV.mac,dna_ice_am_rho0p5_E00458_1p96110118MeV,root/dna_ice_am_rho0p5_E00458_1p96110118MeV.root,ice_am,0.5
459,1.97242274,1.99526231,1.98380966,0.0228395789,20,macros/europa_E00459_1p98380966MeV.mac,dna_ice_am_rho0p5_E00459_1p98380966MeV,root/dna_ice_am_rho0p5_E00459_1p98380966MeV.root,ice_am,0.5
460,1.99526231,2.01836636,2.00678109,0.0231040487,20,macros/europa_E00460_2p00678109MeV.mac,dna_ice_am_rho0p5_E00460_2p00678109MeV,root/dna_ice_am_rho0p5_E00460_2p00678109MeV.root,ice_am,0.5
461,2.01836636,2.04173794,2.03001852,0.023371581,20,macros/europa_E00461_2p03001852MeV.mac,dna_ice_am_rho0p5_E00461_2p03001852MeV,root/dna_ice_am_rho0p5_E00461_2p03001852MeV.root,ice_am,0.5
462,2.04173794,2.06538016,2.05352503,0.0236422111,20,macros/europa_E00462_2p05352503MeV.mac,dna_ice_am_rho0p5_E00462_2p05352503MeV,root/dna_ice_am_rho0p5_E00462_2p05352503MeV.root,ice_am,0.5
463,2.06538016,2.08929613,2.07730373,0.023915975,20,macros/europa_E00463_2p07730373MeV.mac,dna_ice_am_rho0p5_E00463_2p07730373MeV,root/dna_ice_am_rho0p5_E00463_2p07730373MeV.root,ice_am,0.5
464,2.08929613,2.11348904,2.10135777,0.024192909,20,macros/europa_E00464_2p10135777MeV.mac,dna_ice_am_rho0p5_E00464_2p10135777MeV,root/dna_ice_am_rho0p5_E00464_2p10135777MeV.root,ice_am,0.5
465,2.11348904,2.13796209,2.12569035,0.0244730497,20,macros/europa_E00465_2p12569035MeV.mac,dna_ice_am_rho0p5_E00465_2p12569035MeV,root/dna_ice_am_rho0p5_E00465_2p12569035MeV.root,ice_am,0.5
466,2.13796209,2.16271852,2.15030468,0.0247564342,20,macros/europa_E00466_2p15030468MeV.mac,dna_ice_am_rho0p5_E00466_2p15030468MeV,root/dna_ice_am_rho0p5_E00466_2p15030468MeV.root,ice_am,0.5
467,2.16271852,2.18776162,2.17520403,0.0250431002,20,macros/europa_E00467_2p17520403MeV.mac,dna_ice_am_rho0p5_E00467_2p17520403MeV,root/dna_ice_am_rho0p5_E00467_2p17520403MeV.root,ice_am,0.5
468,2.18776162,2.21309471,2.20039171,0.0253330857,20,macros/europa_E00468_2p20039171MeV.mac,dna_ice_am_rho0p5_E00468_2p20039171MeV,root/dna_ice_am_rho0p5_E00468_2p20039171MeV.root,ice_am,0.5
469,2.21309471,2.23872114,2.22587104,0.025626429,20,macros/europa_E00469_2p22587104MeV.mac,dna_ice_am_rho0p5_E00469_2p22587104MeV,root/dna_ice_am_rho0p5_E00469_2p22587104MeV.root,ice_am,0.5
470,2.23872114,2.26464431,2.25164542,0.025923169,20,macros/europa_E00470_2p25164542MeV.mac,dna_ice_am_rho0p5_E00470_2p25164542MeV,root/dna_ice_am_rho0p5_E00470_2p25164542MeV.root,ice_am,0.5
471,2.26464431,2.29086765,2.27771824,0.0262233452,20,macros/europa_E00471_2p27771824MeV.mac,dna_ice_am_rho0p5_E00471_2p27771824MeV,root/dna_ice_am_rho0p5_E00471_2p27771824MeV.root,ice_am,0.5
472,2.29086765,2.31739465,2.30409298,0.0265269972,20,macros/europa_E00472_2p30409298MeV.mac,dna_ice_am_rho0p5_E00472_2p30409298MeV,root/dna_ice_am_rho0p5_E00472_2p30409298MeV.root,ice_am,0.5
473,2.31739465,2.34422882,2.33077312,0.0268341654,20,macros/europa_E00473_2p33077312MeV.mac,dna_ice_am_rho0p5_E00473_2p33077312MeV,root/dna_ice_am_rho0p5_E00473_2p33077312MeV.root,ice_am,0.5
474,2.34422882,2.37137371,2.3577622,0.0271448903,20,macros/europa_E00474_2p3577622MeV.mac,dna_ice_am_rho0p5_E00474_2p3577622MeV,root/dna_ice_am_rho0p5_E00474_2p3577622MeV.root,ice_am,0.5
475,2.37137371,2.39883292,2.3850638,0.0274592134,20,macros/europa_E00475_2p3850638MeV.mac,dna_ice_am_rho0p5_E00475_2p3850638MeV,root/dna_ice_am_rho0p5_E00475_2p3850638MeV.root,ice_am,0.5
476,2.39883292,2.4266101,2.41268153,0.0277771761,20,macros/europa_E00476_2p41268153MeV.mac,dna_ice_am_rho0p5_E00476_2p41268153MeV,root/dna_ice_am_rho0p5_E00476_2p41268153MeV.root,ice_am,0.5
477,2.4266101,2.45470892,2.44061907,0.0280988206,20,macros/europa_E00477_2p44061907MeV.mac,dna_ice_am_rho0p5_E00477_2p44061907MeV,root/dna_ice_am_rho0p5_E00477_2p44061907MeV.root,ice_am,0.5
478,2.45470892,2.48313311,2.4688801,0.0284241896,20,macros/europa_E00478_2p4688801MeV.mac,dna_ice_am_rho0p5_E00478_2p4688801MeV,root/dna_ice_am_rho0p5_E00478_2p4688801MeV.root,ice_am,0.5
479,2.48313311,2.51188643,2.49746839,0.0287533262,20,macros/europa_E00479_2p49746839MeV.mac,dna_ice_am_rho0p5_E00479_2p49746839MeV,root/dna_ice_am_rho0p5_E00479_2p49746839MeV.root,ice_am,0.5
480,2.51188643,2.54097271,2.52638771,0.029086274,20,macros/europa_E00480_2p52638771MeV.mac,dna_ice_am_rho0p5_E00480_2p52638771MeV,root/dna_ice_am_rho0p5_E00480_2p52638771MeV.root,ice_am,0.5
481,2.54097271,2.57039578,2.5556419,0.0294230772,20,macros/europa_E00481_2p5556419MeV.mac,dna_ice_am_rho0p5_E00481_2p5556419MeV,root/dna_ice_am_rho0p5_E00481_2p5556419MeV.root,ice_am,0.5
482,2.57039578,2.60015956,2.58523484,0.0297637804,20,macros/europa_E00482_2p58523484MeV.mac,dna_ice_am_rho0p5_E00482_2p58523484MeV,root/dna_ice_am_rho0p5_E00482_2p58523484MeV.root,ice_am,0.5
483,2.60015956,2.63026799,2.61517045,0.0301084287,20,macros/europa_E00483_2p61517045MeV.mac,dna_ice_am_rho0p5_E00483_2p61517045MeV,root/dna_ice_am_rho0p5_E00483_2p61517045MeV.root,ice_am,0.5
484,2.63026799,2.66072506,2.64545269,0.0304570679,20,macros/europa_E00484_2p64545269MeV.mac,dna_ice_am_rho0p5_E00484_2p64545269MeV,root/dna_ice_am_rho0p5_E00484_2p64545269MeV.root,ice_am,0.5
485,2.66072506,2.6915348,2.67608559,0.0308097441,20,macros/europa_E00485_2p67608559MeV.mac,dna_ice_am_rho0p5_E00485_2p67608559MeV,root/dna_ice_am_rho0p5_E00485_2p67608559MeV.root,ice_am,0.5
486,2.6915348,2.72270131,2.7070732,0.0311665042,20,macros/europa_E00486_2p7070732MeV.mac,dna_ice_am_rho0p5_E00486_2p7070732MeV,root/dna_ice_am_rho0p5_E00486_2p7070732MeV.root,ice_am,0.5
487,2.72270131,2.7542287,2.73841963,0.0315273953,20,macros/europa_E00487_2p73841963MeV.mac,dna_ice_am_rho0p5_E00487_2p73841963MeV,root/dna_ice_am_rho0p5_E00487_2p73841963MeV.root,ice_am,0.5
488,2.7542287,2.78612117,2.77012904,0.0318924653,20,macros/europa_E00488_2p77012904MeV.mac,dna_ice_am_rho0p5_E00488_2p77012904MeV,root/dna_ice_am_rho0p5_E00488_2p77012904MeV.root,ice_am,0.5
489,2.78612117,2.81838293,2.80220562,0.0322617626,20,macros/europa_E00489_2p80220562MeV.mac,dna_ice_am_rho0p5_E00489_2p80220562MeV,root/dna_ice_am_rho0p5_E00489_2p80220562MeV.root,ice_am,0.5
490,2.81838293,2.85101827,2.83465363,0.0326353362,20,macros/europa_E00490_2p83465363MeV.mac,dna_ice_am_rho0p5_E00490_2p83465363MeV,root/dna_ice_am_rho0p5_E00490_2p83465363MeV.root,ice_am,0.5
491,2.85101827,2.8840315,2.86747738,0.0330132356,20,macros/europa_E00491_2p86747738MeV.mac,dna_ice_am_rho0p5_E00491_2p86747738MeV,root/dna_ice_am_rho0p5_E00491_2p86747738MeV.root,ice_am,0.5
492,2.8840315,2.91742701,2.9006812,0.0333955109,20,macros/europa_E00492_2p9006812MeV.mac,dna_ice_am_rho0p5_E00492_2p9006812MeV,root/dna_ice_am_rho0p5_E00492_2p9006812MeV.root,ice_am,0.5
493,2.91742701,2.95120923,2.9342695,0.0337822127,20,macros/europa_E00493_2p9342695MeV.mac,dna_ice_am_rho0p5_E00493_2p9342695MeV,root/dna_ice_am_rho0p5_E00493_2p9342695MeV.root,ice_am,0.5
494,2.95120923,2.98538262,2.96824674,0.0341733923,20,macros/europa_E00494_2p96824674MeV.mac,dna_ice_am_rho0p5_E00494_2p96824674MeV,root/dna_ice_am_rho0p5_E00494_2p96824674MeV.root,ice_am,0.5
495,2.98538262,3.01995172,3.00261742,0.0345691015,20,macros/europa_E00495_3p00261742MeV.mac,dna_ice_am_rho0p5_E00495_3p00261742MeV,root/dna_ice_am_rho0p5_E00495_3p00261742MeV.root,ice_am,0.5
496,3.01995172,3.05492111,3.03738609,0.0349693928,20,macros/europa_E00496_3p03738609MeV.mac,dna_ice_am_rho0p5_E00496_3p03738609MeV,root/dna_ice_am_rho0p5_E00496_3p03738609MeV.root,ice_am,0.5
497,3.05492111,3.09029543,3.07255737,0.0353743193,20,macros/europa_E00497_3p07255737MeV.mac,dna_ice_am_rho0p5_E00497_3p07255737MeV,root/dna_ice_am_rho0p5_E00497_3p07255737MeV.root,ice_am,0.5
498,3.09029543,3.12607937,3.1081359,0.0357839346,20,macros/europa_E00498_3p1081359MeV.mac,dna_ice_am_rho0p5_E00498_3p1081359MeV,root/dna_ice_am_rho0p5_E00498_3p1081359MeV.root,ice_am,0.5
499,3.12607937,3.16227766,3.14412642,0.036198293,20,macros/europa_E00499_3p14412642MeV.mac,dna_ice_am_rho0p5_E00499_3p14412642MeV,root/dna_ice_am_rho0p5_E00499_3p14412642MeV.root,ice_am,0.5
500,3.16227766,3.19889511,3.18053369,0.0366174495,20,macros/europa_E00500_3p18053369MeV.mac,dna_ice_am_rho0p5_E00500_3p18053369MeV,root/dna_ice_am_rho0p5_E00500_3p18053369MeV.root,ice_am,0.5
501,3.19889511,3.23593657,3.21736253,0.0370414596,20,macros/europa_E00501_3p21736253MeV.mac,dna_ice_am_rho0p5_E00501_3p21736253MeV,root/dna_ice_am_rho0p5_E00501_3p21736253MeV.root,ice_am,0.5
502,3.23593657,3.27340695,3.25461783,0.0374703795,20,macros/europa_E00502_3p25461783MeV.mac,dna_ice_am_rho0p5_E00502_3p25461783MeV,root/dna_ice_am_rho0p5_E00502_3p25461783MeV.root,ice_am,0.5
503,3.27340695,3.31131121,3.29230453,0.037904266,20,macros/europa_E00503_3p29230453MeV.mac,dna_ice_am_rho0p5_E00503_3p29230453MeV,root/dna_ice_am_rho0p5_E00503_3p29230453MeV.root,ice_am,0.5
504,3.31131121,3.34965439,3.33042762,0.0383431768,20,macros/europa_E00504_3p33042762MeV.mac,dna_ice_am_rho0p5_E00504_3p33042762MeV,root/dna_ice_am_rho0p5_E00504_3p33042762MeV.root,ice_am,0.5
505,3.34965439,3.38844156,3.36899216,0.0387871698,20,macros/europa_E00505_3p36899216MeV.mac,dna_ice_am_rho0p5_E00505_3p36899216MeV,root/dna_ice_am_rho0p5_E00505_3p36899216MeV.root,ice_am,0.5
506,3.38844156,3.42767787,3.40800325,0.0392363041,20,macros/europa_E00506_3p40800325MeV.mac,dna_ice_am_rho0p5_E00506_3p40800325MeV,root/dna_ice_am_rho0p5_E00506_3p40800325MeV.root,ice_am,0.5
507,3.42767787,3.4673685,3.44746607,0.0396906391,20,macros/europa_E00507_3p44746607MeV.mac,dna_ice_am_rho0p5_E00507_3p44746607MeV,root/dna_ice_am_rho0p5_E00507_3p44746607MeV.root,ice_am,0.5
508,3.4673685,3.50751874,3.48738584,0.040150235,20,macros/europa_E00508_3p48738584MeV.mac,dna_ice_am_rho0p5_E00508_3p48738584MeV,root/dna_ice_am_rho0p5_E00508_3p48738584MeV.root,ice_am,0.5
509,3.50751874,3.54813389,3.52776787,0.0406151528,20,macros/europa_E00509_3p52776787MeV.mac,dna_ice_am_rho0p5_E00509_3p52776787MeV,root/dna_ice_am_rho0p5_E00509_3p52776787MeV.root,ice_am,0.5
510,3.54813389,3.58921935,3.56861749,0.0410854541,20,macros/europa_E00510_3p56861749MeV.mac,dna_ice_am_rho0p5_E00510_3p56861749MeV,root/dna_ice_am_rho0p5_E00510_3p56861749MeV.root,ice_am,0.5
511,3.58921935,3.63078055,3.60994014,0.0415612013,20,macros/europa_E00511_3p60994014MeV.mac,dna_ice_am_rho0p5_E00511_3p60994014MeV,root/dna_ice_am_rho0p5_E00511_3p60994014MeV.root,ice_am,0.5
512,3.63078055,3.672823,3.65174127,0.0420424573,20,macros/europa_E00512_3p65174127MeV.mac,dna_ice_am_rho0p5_E00512_3p65174127MeV,root/dna_ice_am_rho0p5_E00512_3p65174127MeV.root,ice_am,0.5
513,3.672823,3.71535229,3.69402644,0.042529286,20,macros/europa_E00513_3p69402644MeV.mac,dna_ice_am_rho0p5_E00513_3p69402644MeV,root/dna_ice_am_rho0p5_E00513_3p69402644MeV.root,ice_am,0.5
514,3.71535229,3.75837404,3.73680125,0.0430217519,20,macros/europa_E00514_3p73680125MeV.mac,dna_ice_am_rho0p5_E00514_3p73680125MeV,root/dna_ice_am_rho0p5_E00514_3p73680125MeV.root,ice_am,0.5
515,3.75837404,3.80189396,3.78007137,0.0435199203,20,macros/europa_E00515_3p78007137MeV.mac,dna_ice_am_rho0p5_E00515_3p78007137MeV,root/dna_ice_am_rho0p5_E00515_3p78007137MeV.root,ice_am,0.5
516,3.80189396,3.84591782,3.82384254,0.0440238572,20,macros/europa_E00516_3p82384254MeV.mac,dna_ice_am_rho0p5_E00516_3p82384254MeV,root/dna_ice_am_rho0p5_E00516_3p82384254MeV.root,ice_am,0.5
517,3.84591782,3.89045145,3.86812055,0.0445336295,20,macros/europa_E00517_3p86812055MeV.mac,dna_ice_am_rho0p5_E00517_3p86812055MeV,root/dna_ice_am_rho0p5_E00517_3p86812055MeV.root,ice_am,0.5
518,3.89045145,3.93550075,3.91291127,0.0450493046,20,macros/europa_E00518_3p91291127MeV.mac,dna_ice_am_rho0p5_E00518_3p91291127MeV,root/dna_ice_am_rho0p5_E00518_3p91291127MeV.root,ice_am,0.5
519,3.93550075,3.98107171,3.95822065,0.045570951,20,macros/europa_E00519_3p95822065MeV.mac,dna_ice_am_rho0p5_E00519_3p95822065MeV,root/dna_ice_am_rho0p5_E00519_3p95822065MeV.root,ice_am,0.5
520,3.98107171,4.02717034,4.00405468,0.0460986377,20,macros/europa_E00520_4p00405468MeV.mac,dna_ice_am_rho0p5_E00520_4p00405468MeV,root/dna_ice_am_rho0p5_E00520_4p00405468MeV.root,ice_am,0.5
521,4.02717034,4.07380278,4.05041945,0.0466324348,20,macros/europa_E00521_4p05041945MeV.mac,dna_ice_am_rho0p5_E00521_4p05041945MeV,root/dna_ice_am_rho0p5_E00521_4p05041945MeV.root,ice_am,0.5
522,4.07380278,4.12097519,4.0973211,0.0471724129,20,macros/europa_E00522_4p0973211MeV.mac,dna_ice_am_rho0p5_E00522_4p0973211MeV,root/dna_ice_am_rho0p5_E00522_4p0973211MeV.root,ice_am,0.5
523,4.12097519,4.16869383,4.14476584,0.0477186437,20,macros/europa_E00523_4p14476584MeV.mac,dna_ice_am_rho0p5_E00523_4p14476584MeV,root/dna_ice_am_rho0p5_E00523_4p14476584MeV.root,ice_am,0.5
524,4.16869383,4.21696503,4.19275997,0.0482711996,20,macros/europa_E00524_4p19275997MeV.mac,dna_ice_am_rho0p5_E00524_4p19275997MeV,root/dna_ice_am_rho0p5_E00524_4p19275997MeV.root,ice_am,0.5
525,4.21696503,4.26579519,4.24130984,0.0488301537,20,macros/europa_E00525_4p24130984MeV.mac,dna_ice_am_rho0p5_E00525_4p24130984MeV,root/dna_ice_am_rho0p5_E00525_4p24130984MeV.root,ice_am,0.5
526,4.26579519,4.31519077,4.29042189,0.0493955803,20,macros/europa_E00526_4p29042189MeV.mac,dna_ice_am_rho0p5_E00526_4p29042189MeV,root/dna_ice_am_rho0p5_E00526_4p29042189MeV.root,ice_am,0.5
527,4.31519077,4.36515832,4.34010264,0.0499675541,20,macros/europa_E00527_4p34010264MeV.mac,dna_ice_am_rho0p5_E00527_4p34010264MeV,root/dna_ice_am_rho0p5_E00527_4p34010264MeV.root,ice_am,0.5
528,4.36515832,4.41570447,4.39035866,0.0505461511,20,macros/europa_E00528_4p39035866MeV.mac,dna_ice_am_rho0p5_E00528_4p39035866MeV,root/dna_ice_am_rho0p5_E00528_4p39035866MeV.root,ice_am,0.5
529,4.41570447,4.46683592,4.44119661,0.051131448,20,macros/europa_E00529_4p44119661MeV.mac,dna_ice_am_rho0p5_E00529_4p44119661MeV,root/dna_ice_am_rho0p5_E00529_4p44119661MeV.root,ice_am,0.5
530,4.46683592,4.51855944,4.49262325,0.0517235222,20,macros/europa_E00530_4p49262325MeV.mac,dna_ice_am_rho0p5_E00530_4p49262325MeV,root/dna_ice_am_rho0p5_E00530_4p49262325MeV.root,ice_am,0.5
531,4.51855944,4.5708819,4.54464537,0.0523224524,20,macros/europa_E00531_4p54464537MeV.mac,dna_ice_am_rho0p5_E00531_4p54464537MeV,root/dna_ice_am_rho0p5_E00531_4p54464537MeV.root,ice_am,0.5
532,4.5708819,4.62381021,4.59726989,0.0529283178,20,macros/europa_E00532_4p59726989MeV.mac,dna_ice_am_rho0p5_E00532_4p59726989MeV,root/dna_ice_am_rho0p5_E00532_4p59726989MeV.root,ice_am,0.5
533,4.62381021,4.67735141,4.65050376,0.0535411989,20,macros/europa_E00533_4p65050376MeV.mac,dna_ice_am_rho0p5_E00533_4p65050376MeV,root/dna_ice_am_rho0p5_E00533_4p65050376MeV.root,ice_am,0.5
534,4.67735141,4.73151259,4.70435406,0.0541611767,20,macros/europa_E00534_4p70435406MeV.mac,dna_ice_am_rho0p5_E00534_4p70435406MeV,root/dna_ice_am_rho0p5_E00534_4p70435406MeV.root,ice_am,0.5
535,4.73151259,4.78630092,4.75882791,0.0547883336,20,macros/europa_E00535_4p75882791MeV.mac,dna_ice_am_rho0p5_E00535_4p75882791MeV,root/dna_ice_am_rho0p5_E00535_4p75882791MeV.root,ice_am,0.5
536,4.78630092,4.84172368,4.81393254,0.0554227526,20,macros/europa_E00536_4p81393254MeV.mac,dna_ice_am_rho0p5_E00536_4p81393254MeV,root/dna_ice_am_rho0p5_E00536_4p81393254MeV.root,ice_am,0.5
537,4.84172368,4.89778819,4.86967525,0.0560645178,20,macros/europa_E00537_4p86967525MeV.mac,dna_ice_am_rho0p5_E00537_4p86967525MeV,root/dna_ice_am_rho0p5_E00537_4p86967525MeV.root,ice_am,0.5
538,4.89778819,4.95450191,4.92606343,0.0567137144,20,macros/europa_E00538_4p92606343MeV.mac,dna_ice_am_rho0p5_E00538_4p92606343MeV,root/dna_ice_am_rho0p5_E00538_4p92606343MeV.root,ice_am,0.5
539,4.95450191,5.01187234,4.98310456,0.0573704282,20,macros/europa_E00539_4p98310456MeV.mac,dna_ice_am_rho0p5_E00539_4p98310456MeV,root/dna_ice_am_rho0p5_E00539_4p98310456MeV.root,ice_am,0.5
540,5.01187234,5.06990708,5.04080619,0.0580347465,20,macros/europa_E00540_5p04080619MeV.mac,dna_ice_am_rho0p5_E00540_5p04080619MeV,root/dna_ice_am_rho0p5_E00540_5p04080619MeV.root,ice_am,0.5
541,5.06990708,5.12861384,5.09917598,0.0587067572,20,macros/europa_E00541_5p09917598MeV.mac,dna_ice_am_rho0p5_E00541_5p09917598MeV,root/dna_ice_am_rho0p5_E00541_5p09917598MeV.root,ice_am,0.5
542,5.12861384,5.18800039,5.15822165,0.0593865494,20,macros/europa_E00542_5p15822165MeV.mac,dna_ice_am_rho0p5_E00542_5p15822165MeV,root/dna_ice_am_rho0p5_E00542_5p15822165MeV.root,ice_am,0.5
543,5.18800039,5.2480746,5.21795104,0.0600742132,20,macros/europa_E00543_5p21795104MeV.mac,dna_ice_am_rho0p5_E00543_5p21795104MeV,root/dna_ice_am_rho0p5_E00543_5p21795104MeV.root,ice_am,0.5
544,5.2480746,5.30884444,5.27837207,0.0607698398,20,macros/europa_E00544_5p27837207MeV.mac,dna_ice_am_rho0p5_E00544_5p27837207MeV,root/dna_ice_am_rho0p5_E00544_5p27837207MeV.root,ice_am,0.5
545,5.30884444,5.37031796,5.33949274,0.0614735214,20,macros/europa_E00545_5p33949274MeV.mac,dna_ice_am_rho0p5_E00545_5p33949274MeV,root/dna_ice_am_rho0p5_E00545_5p33949274MeV.root,ice_am,0.5
546,5.37031796,5.43250331,5.40132115,0.0621853512,20,macros/europa_E00546_5p40132115MeV.mac,dna_ice_am_rho0p5_E00546_5p40132115MeV,root/dna_ice_am_rho0p5_E00546_5p40132115MeV.root,ice_am,0.5
547,5.43250331,5.49540874,5.4638655,0.0629054237,20,macros/europa_E00547_5p4638655MeV.mac,dna_ice_am_rho0p5_E00547_5p4638655MeV,root/dna_ice_am_rho0p5_E00547_5p4638655MeV.root,ice_am,0.5
548,5.49540874,5.55904257,5.52713408,0.0636338341,20,macros/europa_E00548_5p52713408MeV.mac,dna_ice_am_rho0p5_E00548_5p52713408MeV,root/dna_ice_am_rho0p5_E00548_5p52713408MeV.root,ice_am,0.5
549,5.55904257,5.62341325,5.59113528,0.0643706792,20,macros/europa_E00549_5p59113528MeV.mac,dna_ice_am_rho0p5_E00549_5p59113528MeV,root/dna_ice_am_rho0p5_E00549_5p59113528MeV.root,ice_am,0.5
550,5.62341325,5.68852931,5.65587757,0.0651160565,20,macros/europa_E00550_5p65587757MeV.mac,dna_ice_am_rho0p5_E00550_5p65587757MeV,root/dna_ice_am_rho0p5_E00550_5p65587757MeV.root,ice_am,0.5
551,5.68852931,5.75439937,5.72136955,0.0658700649,20,macros/europa_E00551_5p72136955MeV.mac,dna_ice_am_rho0p5_E00551_5p72136955MeV,root/dna_ice_am_rho0p5_E00551_5p72136955MeV.root,ice_am,0.5
552,5.75439937,5.82103218,5.78761988,0.0666328043,20,macros/europa_E00552_5p78761988MeV.mac,dna_ice_am_rho0p5_E00552_5p78761988MeV,root/dna_ice_am_rho0p5_E00552_5p78761988MeV.root,ice_am,0.5
553,5.82103218,5.88843655,5.85463736,0.0674043758,20,macros/europa_E00553_5p85463736MeV.mac,dna_ice_am_rho0p5_E00553_5p85463736MeV,root/dna_ice_am_rho0p5_E00553_5p85463736MeV.root,ice_am,0.5
554,5.88843655,5.95662144,5.92243087,0.0681848817,20,macros/europa_E00554_5p92243087MeV.mac,dna_ice_am_rho0p5_E00554_5p92243087MeV,root/dna_ice_am_rho0p5_E00554_5p92243087MeV.root,ice_am,0.5
555,5.95662144,6.02559586,5.99100939,0.0689744255,20,macros/europa_E00555_5p99100939MeV.mac,dna_ice_am_rho0p5_E00555_5p99100939MeV,root/dna_ice_am_rho0p5_E00555_5p99100939MeV.root,ice_am,0.5
556,6.02559586,6.09536897,6.06038201,0.0697731117,20,macros/europa_E00556_6p06038201MeV.mac,dna_ice_am_rho0p5_E00556_6p06038201MeV,root/dna_ice_am_rho0p5_E00556_6p06038201MeV.root,ice_am,0.5
557,6.09536897,6.16595002,6.13055792,0.0705810462,20,macros/europa_E00557_6p13055792MeV.mac,dna_ice_am_rho0p5_E00557_6p13055792MeV,root/dna_ice_am_rho0p5_E00557_6p13055792MeV.root,ice_am,0.5
558,6.16595002,6.23734835,6.20154644,0.0713983362,20,macros/europa_E00558_6p20154644MeV.mac,dna_ice_am_rho0p5_E00558_6p20154644MeV,root/dna_ice_am_rho0p5_E00558_6p20154644MeV.root,ice_am,0.5
559,6.23734835,6.30957344,6.27335696,0.07222509,20,macros/europa_E00559_6p27335696MeV.mac,dna_ice_am_rho0p5_E00559_6p27335696MeV,root/dna_ice_am_rho0p5_E00559_6p27335696MeV.root,ice_am,0.5
560,6.30957344,6.38263486,6.34599901,0.0730614171,20,macros/europa_E00560_6p34599901MeV.mac,dna_ice_am_rho0p5_E00560_6p34599901MeV,root/dna_ice_am_rho0p5_E00560_6p34599901MeV.root,ice_am,0.5
561,6.38263486,6.45654229,6.41948222,0.0739074284,20,macros/europa_E00561_6p41948222MeV.mac,dna_ice_am_rho0p5_E00561_6p41948222MeV,root/dna_ice_am_rho0p5_E00561_6p41948222MeV.root,ice_am,0.5
562,6.45654229,6.53130553,6.49381632,0.0747632361,20,macros/europa_E00562_6p49381632MeV.mac,dna_ice_am_rho0p5_E00562_6p49381632MeV,root/dna_ice_am_rho0p5_E00562_6p49381632MeV.root,ice_am,0.5
563,6.53130553,6.60693448,6.56901116,0.0756289536,20,macros/europa_E00563_6p56901116MeV.mac,dna_ice_am_rho0p5_E00563_6p56901116MeV,root/dna_ice_am_rho0p5_E00563_6p56901116MeV.root,ice_am,0.5
564,6.60693448,6.68343918,6.64507673,0.0765046956,20,macros/europa_E00564_6p64507673MeV.mac,dna_ice_am_rho0p5_E00564_6p64507673MeV,root/dna_ice_am_rho0p5_E00564_6p64507673MeV.root,ice_am,0.5
565,6.68343918,6.76082975,6.72202309,0.0773905782,20,macros/europa_E00565_6p72202309MeV.mac,dna_ice_am_rho0p5_E00565_6p72202309MeV,root/dna_ice_am_rho0p5_E00565_6p72202309MeV.root,ice_am,0.5
566,6.76082975,6.83911647,6.79986045,0.0782867189,20,macros/europa_E00566_6p79986045MeV.mac,dna_ice_am_rho0p5_E00566_6p79986045MeV,root/dna_ice_am_rho0p5_E00566_6p79986045MeV.root,ice_am,0.5
567,6.83911647,6.91830971,6.87859912,0.0791932364,20,macros/europa_E00567_6p87859912MeV.mac,dna_ice_am_rho0p5_E00567_6p87859912MeV,root/dna_ice_am_rho0p5_E00567_6p87859912MeV.root,ice_am,0.5
568,6.91830971,6.99841996,6.95824955,0.0801102508,20,macros/europa_E00568_6p95824955MeV.mac,dna_ice_am_rho0p5_E00568_6p95824955MeV,root/dna_ice_am_rho0p5_E00568_6p95824955MeV.root,ice_am,0.5
569,6.99841996,7.07945784,7.03882228,0.0810378838,20,macros/europa_E00569_7p03882228MeV.mac,dna_ice_am_rho0p5_E00569_7p03882228MeV,root/dna_ice_am_rho0p5_E00569_7p03882228MeV.root,ice_am,0.5
570,7.07945784,7.1614341,7.120328,0.0819762583,20,macros/europa_E00570_7p120328MeV.mac,dna_ice_am_rho0p5_E00570_7p120328MeV,root/dna_ice_am_rho0p5_E00570_7p120328MeV.root,ice_am,0.5
571,7.1614341,7.2443596,7.20277751,0.0829254986,20,macros/europa_E00571_7p20277751MeV.mac,dna_ice_am_rho0p5_E00571_7p20277751MeV,root/dna_ice_am_rho0p5_E00571_7p20277751MeV.root,ice_am,0.5
572,7.2443596,7.32824533,7.28618175,0.0838857306,20,macros/europa_E00572_7p28618175MeV.mac,dna_ice_am_rho0p5_E00572_7p28618175MeV,root/dna_ice_am_rho0p5_E00572_7p28618175MeV.root,ice_am,0.5
573,7.32824533,7.41310241,7.37055175,0.0848570816,20,macros/europa_E00573_7p37055175MeV.mac,dna_ice_am_rho0p5_E00573_7p37055175MeV,root/dna_ice_am_rho0p5_E00573_7p37055175MeV.root,ice_am,0.5
574,7.41310241,7.49894209,7.45589872,0.0858396803,20,macros/europa_E00574_7p45589872MeV.mac,dna_ice_am_rho0p5_E00574_7p45589872MeV,root/dna_ice_am_rho0p5_E00574_7p45589872MeV.root,ice_am,0.5
575,7.49894209,7.58577575,7.54223396,0.086833657,20,macros/europa_E00575_7p54223396MeV.mac,dna_ice_am_rho0p5_E00575_7p54223396MeV,root/dna_ice_am_rho0p5_E00575_7p54223396MeV.root,ice_am,0.5
576,7.58577575,7.67361489,7.62956891,0.0878391433,20,macros/europa_E00576_7p62956891MeV.mac,dna_ice_am_rho0p5_E00576_7p62956891MeV,root/dna_ice_am_rho0p5_E00576_7p62956891MeV.root,ice_am,0.5
577,7.67361489,7.76247117,7.71791516,0.0888562727,20,macros/europa_E00577_7p71791516MeV.mac,dna_ice_am_rho0p5_E00577_7p71791516MeV,root/dna_ice_am_rho0p5_E00577_7p71791516MeV.root,ice_am,0.5
578,7.76247117,7.85235635,7.8072844,0.0898851798,20,macros/europa_E00578_7p8072844MeV.mac,dna_ice_am_rho0p5_E00578_7p8072844MeV,root/dna_ice_am_rho0p5_E00578_7p8072844MeV.root,ice_am,0.5
579,7.85235635,7.94328235,7.89768849,0.0909260011,20,macros/europa_E00579_7p89768849MeV.mac,dna_ice_am_rho0p5_E00579_7p89768849MeV,root/dna_ice_am_rho0p5_E00579_7p89768849MeV.root,ice_am,0.5
580,7.94328235,8.03526122,7.98913942,0.0919788746,20,macros/europa_E00580_7p98913942MeV.mac,dna_ice_am_rho0p5_E00580_7p98913942MeV,root/dna_ice_am_rho0p5_E00580_7p98913942MeV.root,ice_am,0.5
581,8.03526122,8.12830516,8.08164929,0.0930439398,20,macros/europa_E00581_8p08164929MeV.mac,dna_ice_am_rho0p5_E00581_8p08164929MeV,root/dna_ice_am_rho0p5_E00581_8p08164929MeV.root,ice_am,0.5
582,8.12830516,8.2224265,8.17523038,0.0941213378,20,macros/europa_E00582_8p17523038MeV.mac,dna_ice_am_rho0p5_E00582_8p17523038MeV,root/dna_ice_am_rho0p5_E00582_8p17523038MeV.root,ice_am,0.5
583,8.2224265,8.31763771,8.26989509,0.0952112116,20,macros/europa_E00583_8p26989509MeV.mac,dna_ice_am_rho0p5_E00583_8p26989509MeV,root/dna_ice_am_rho0p5_E00583_8p26989509MeV.root,ice_am,0.5
584,8.31763771,8.41395142,8.36565596,0.0963137054,20,macros/europa_E00584_8p36565596MeV.mac,dna_ice_am_rho0p5_E00584_8p36565596MeV,root/dna_ice_am_rho0p5_E00584_8p36565596MeV.root,ice_am,0.5
585,8.41395142,8.51138038,8.46252569,0.0974289656,20,macros/europa_E00585_8p46252569MeV.mac,dna_ice_am_rho0p5_E00585_8p46252569MeV,root/dna_ice_am_rho0p5_E00585_8p46252569MeV.root,ice_am,0.5
586,8.51138038,8.60993752,8.56051712,0.0985571398,20,macros/europa_E00586_8p56051712MeV.mac,dna_ice_am_rho0p5_E00586_8p56051712MeV,root/dna_ice_am_rho0p5_E00586_8p56051712MeV.root,ice_am,0.5
587,8.60993752,8.7096359,8.65964323,0.0996983777,20,macros/europa_E00587_8p65964323MeV.mac,dna_ice_am_rho0p5_E00587_8p65964323MeV,root/dna_ice_am_rho0p5_E00587_8p65964323MeV.root,ice_am,0.5
588,8.7096359,8.81048873,8.75991718,0.100852831,20,macros/europa_E00588_8p75991718MeV.mac,dna_ice_am_rho0p5_E00588_8p75991718MeV,root/dna_ice_am_rho0p5_E00588_8p75991718MeV.root,ice_am,0.5
589,8.81048873,8.91250938,8.86135224,0.102020651,20,macros/europa_E00589_8p86135224MeV.mac,dna_ice_am_rho0p5_E00589_8p86135224MeV,root/dna_ice_am_rho0p5_E00589_8p86135224MeV.root,ice_am,0.5
590,8.91250938,9.01571138,8.96396186,0.103201995,20,macros/europa_E00590_8p96396186MeV.mac,dna_ice_am_rho0p5_E00590_8p96396186MeV,root/dna_ice_am_rho0p5_E00590_8p96396186MeV.root,ice_am,0.5
591,9.01571138,9.12010839,9.06775965,0.104397017,20,macros/europa_E00591_9p06775965MeV.mac,dna_ice_am_rho0p5_E00591_9p06775965MeV,root/dna_ice_am_rho0p5_E00591_9p06775965MeV.root,ice_am,0.5
592,9.12010839,9.22571427,9.17275935,0.105605878,20,macros/europa_E00592_9p17275935MeV.mac,dna_ice_am_rho0p5_E00592_9p17275935MeV,root/dna_ice_am_rho0p5_E00592_9p17275935MeV.root,ice_am,0.5
593,9.22571427,9.33254301,9.2789749,0.106828736,20,macros/europa_E00593_9p2789749MeV.mac,dna_ice_am_rho0p5_E00593_9p2789749MeV,root/dna_ice_am_rho0p5_E00593_9p2789749MeV.root,ice_am,0.5
594,9.33254301,9.44060876,9.38642037,0.108065755,20,macros/europa_E00594_9p38642037MeV.mac,dna_ice_am_rho0p5_E00594_9p38642037MeV,root/dna_ice_am_rho0p5_E00594_9p38642037MeV.root,ice_am,0.5
595,9.44060876,9.54992586,9.49510999,0.109317097,20,macros/europa_E00595_9p49510999MeV.mac,dna_ice_am_rho0p5_E00595_9p49510999MeV,root/dna_ice_am_rho0p5_E00595_9p49510999MeV.root,ice_am,0.5
596,9.54992586,9.66050879,9.60505818,0.11058293,20,macros/europa_E00596_9p60505818MeV.mac,dna_ice_am_rho0p5_E00596_9p60505818MeV,root/dna_ice_am_rho0p5_E00596_9p60505818MeV.root,ice_am,0.5
597,9.66050879,9.77237221,9.71627952,0.11186342,20,macros/europa_E00597_9p71627952MeV.mac,dna_ice_am_rho0p5_E00597_9p71627952MeV,root/dna_ice_am_rho0p5_E00597_9p71627952MeV.root,ice_am,0.5
598,9.77237221,9.88553095,9.82878873,0.113158737,20,macros/europa_E00598_9p82878873MeV.mac,dna_ice_am_rho0p5_E00598_9p82878873MeV,root/dna_ice_am_rho0p5_E00598_9p82878873MeV.root,ice_am,0.5
599,9.88553095,10,9.94260074,0.114469053,20,macros/europa_E00599_9p94260074MeV.mac,dna_ice_am_rho0p5_E00599_9p94260074MeV,root/dna_ice_am_rho0p5_E00599_9p94260074MeV.root,ice_am,0.5
600,10,10.1157945,10.0577306,0.115794543,5,macros/europa_E00600_10p0577306MeV.mac,dna_ice_am_rho0p5_E00600_10p0577306MeV,root/dna_ice_am_rho0p5_E00600_10p0577306MeV.root,ice_am,0.5
601,10.1157945,10.2329299,10.1741937,0.11713538,5,macros/europa_E00601_10p1741937MeV.mac,dna_ice_am_rho0p5_E00601_10p1741937MeV,root/dna_ice_am_rho0p5_E00601_10p1741937MeV.root,ice_am,0.5
602,10.2329299,10.3514217,10.2920053,0.118491744,5,macros/europa_E00602_10p2920053MeV.mac,dna_ice_am_rho0p5_E00602_10p2920053MeV,root/dna_ice_am_rho0p5_E00602_10p2920053MeV.root,ice_am,0.5
603,10.3514217,10.4712855,10.4111811,0.119863814,5,macros/europa_E00603_10p4111811MeV.mac,dna_ice_am_rho0p5_E00603_10p4111811MeV,root/dna_ice_am_rho0p5_E00603_10p4111811MeV.root,ice_am,0.5
604,10.4712855,10.5925373,10.5317369,0.121251771,5,macros/europa_E00604_10p5317369MeV.mac,dna_ice_am_rho0p5_E00604_10p5317369MeV,root/dna_ice_am_rho0p5_E00604_10p5317369MeV.root,ice_am,0.5
605,10.5925373,10.7151931,10.6536886,0.122655801,5,macros/europa_E00605_10p6536886MeV.mac,dna_ice_am_rho0p5_E00605_10p6536886MeV,root/dna_ice_am_rho0p5_E00605_10p6536886MeV.root,ice_am,0.5
606,10.7151931,10.8392691,10.7770525,0.124076088,5,macros/europa_E00606_10p7770525MeV.mac,dna_ice_am_rho0p5_E00606_10p7770525MeV,root/dna_ice_am_rho0p5_E00606_10p7770525MeV.root,ice_am,0.5
607,10.8392691,10.964782,10.9018449,0.125512821,5,macros/europa_E00607_10p9018449MeV.mac,dna_ice_am_rho0p5_E00607_10p9018449MeV,root/dna_ice_am_rho0p5_E00607_10p9018449MeV.root,ice_am,0.5
608,10.964782,11.0917482,11.0280823,0.126966191,5,macros/europa_E00608_11p0280823MeV.mac,dna_ice_am_rho0p5_E00608_11p0280823MeV,root/dna_ice_am_rho0p5_E00608_11p0280823MeV.root,ice_am,0.5
609,11.0917482,11.2201845,11.1557815,0.12843639,5,macros/europa_E00609_11p1557815MeV.mac,dna_ice_am_rho0p5_E00609_11p1557815MeV,root/dna_ice_am_rho0p5_E00609_11p1557815MeV.root,ice_am,0.5
610,11.2201845,11.3501082,11.2849594,0.129923614,5,macros/europa_E00610_11p2849594MeV.mac,dna_ice_am_rho0p5_E00610_11p2849594MeV,root/dna_ice_am_rho0p5_E00610_11p2849594MeV.root,ice_am,0.5
611,11.3501082,11.4815362,11.415633,0.131428058,5,macros/europa_E00611_11p415633MeV.mac,dna_ice_am_rho0p5_E00611_11p415633MeV,root/dna_ice_am_rho0p5_E00611_11p415633MeV.root,ice_am,0.5
612,11.4815362,11.6144861,11.5478198,0.132949923,5,macros/europa_E00612_11p5478198MeV.mac,dna_ice_am_rho0p5_E00612_11p5478198MeV,root/dna_ice_am_rho0p5_E00612_11p5478198MeV.root,ice_am,0.5
613,11.6144861,11.7489755,11.6815373,0.134489411,5,macros/europa_E00613_11p6815373MeV.mac,dna_ice_am_rho0p5_E00613_11p6815373MeV,root/dna_ice_am_rho0p5_E00613_11p6815373MeV.root,ice_am,0.5
614,11.7489755,11.8850223,11.8168031,0.136046725,5,macros/europa_E00614_11p8168031MeV.mac,dna_ice_am_rho0p5_E00614_11p8168031MeV,root/dna_ice_am_rho0p5_E00614_11p8168031MeV.root,ice_am,0.5
615,11.8850223,12.0226443,11.9536353,0.137622072,5,macros/europa_E00615_11p9536353MeV.mac,dna_ice_am_rho0p5_E00615_11p9536353MeV,root/dna_ice_am_rho0p5_E00615_11p9536353MeV.root,ice_am,0.5
616,12.0226443,12.16186,12.0920518,0.13921566,5,macros/europa_E00616_12p0920518MeV.mac,dna_ice_am_rho0p5_E00616_12p0920518MeV,root/dna_ice_am_rho0p5_E00616_12p0920518MeV.root,ice_am,0.5
617,12.16186,12.3026877,12.2320712,0.140827702,5,macros/europa_E00617_12p2320712MeV.mac,dna_ice_am_rho0p5_E00617_12p2320712MeV,root/dna_ice_am_rho0p5_E00617_12p2320712MeV.root,ice_am,0.5
618,12.3026877,12.4451461,12.3737119,0.14245841,5,macros/europa_E00618_12p3737119MeV.mac,dna_ice_am_rho0p5_E00618_12p3737119MeV,root/dna_ice_am_rho0p5_E00618_12p3737119MeV.root,ice_am,0.5
619,12.4451461,12.5892541,12.5169927,0.144108,5,macros/europa_E00619_12p5169927MeV.mac,dna_ice_am_rho0p5_E00619_12p5169927MeV,root/dna_ice_am_rho0p5_E00619_12p5169927MeV.root,ice_am,0.5
620,12.5892541,12.7350308,12.6619327,0.145776692,5,macros/europa_E00620_12p6619327MeV.mac,dna_ice_am_rho0p5_E00620_12p6619327MeV,root/dna_ice_am_rho0p5_E00620_12p6619327MeV.root,ice_am,0.5
621,12.7350308,12.8824955,12.8085509,0.147464707,5,macros/europa_E00621_12p8085509MeV.mac,dna_ice_am_rho0p5_E00621_12p8085509MeV,root/dna_ice_am_rho0p5_E00621_12p8085509MeV.root,ice_am,0.5
622,12.8824955,13.0316678,12.956867,0.149172268,5,macros/europa_E00622_12p956867MeV.mac,dna_ice_am_rho0p5_E00622_12p956867MeV,root/dna_ice_am_rho0p5_E00622_12p956867MeV.root,ice_am,0.5
623,13.0316678,13.1825674,13.1069004,0.150899601,5,macros/europa_E00623_13p1069004MeV.mac,dna_ice_am_rho0p5_E00623_13p1069004MeV,root/dna_ice_am_rho0p5_E00623_13p1069004MeV.root,ice_am,0.5
624,13.1825674,13.3352143,13.2586712,0.152646936,5,macros/europa_E00624_13p2586712MeV.mac,dna_ice_am_rho0p5_E00624_13p2586712MeV,root/dna_ice_am_rho0p5_E00624_13p2586712MeV.root,ice_am,0.5
625,13.3352143,13.4896288,13.4121994,0.154414504,5,macros/europa_E00625_13p4121994MeV.mac,dna_ice_am_rho0p5_E00625_13p4121994MeV,root/dna_ice_am_rho0p5_E00625_13p4121994MeV.root,ice_am,0.5
626,13.4896288,13.6458314,13.5675053,0.15620254,5,macros/europa_E00626_13p5675053MeV.mac,dna_ice_am_rho0p5_E00626_13p5675053MeV,root/dna_ice_am_rho0p5_E00626_13p5675053MeV.root,ice_am,0.5
627,13.6458314,13.8038426,13.7246096,0.15801128,5,macros/europa_E00627_13p7246096MeV.mac,dna_ice_am_rho0p5_E00627_13p7246096MeV,root/dna_ice_am_rho0p5_E00627_13p7246096MeV.root,ice_am,0.5
628,13.8038426,13.9636836,13.8835331,0.159840965,5,macros/europa_E00628_13p8835331MeV.mac,dna_ice_am_rho0p5_E00628_13p8835331MeV,root/dna_ice_am_rho0p5_E00628_13p8835331MeV.root,ice_am,0.5
629,13.9636836,14.1253754,14.0442968,0.161691836,5,macros/europa_E00629_14p0442968MeV.mac,dna_ice_am_rho0p5_E00629_14p0442968MeV,root/dna_ice_am_rho0p5_E00629_14p0442968MeV.root,ice_am,0.5
630,14.1253754,14.2889396,14.2069221,0.163564139,5,macros/europa_E00630_14p2069221MeV.mac,dna_ice_am_rho0p5_E00630_14p2069221MeV,root/dna_ice_am_rho0p5_E00630_14p2069221MeV.root,ice_am,0.5
631,14.2889396,14.4543977,14.3714305,0.165458122,5,macros/europa_E00631_14p3714305MeV.mac,dna_ice_am_rho0p5_E00631_14p3714305MeV,root/dna_ice_am_rho0p5_E00631_14p3714305MeV.root,ice_am,0.5
632,14.4543977,14.6217717,14.5378439,0.167374037,5,macros/europa_E00632_14p5378439MeV.mac,dna_ice_am_rho0p5_E00632_14p5378439MeV,root/dna_ice_am_rho0p5_E00632_14p5378439MeV.root,ice_am,0.5
633,14.6217717,14.7910839,14.7061842,0.169312137,5,macros/europa_E00633_14p7061842MeV.mac,dna_ice_am_rho0p5_E00633_14p7061842MeV,root/dna_ice_am_rho0p5_E00633_14p7061842MeV.root,ice_am,0.5
634,14.7910839,14.9623566,14.8764737,0.171272679,5,macros/europa_E00634_14p8764737MeV.mac,dna_ice_am_rho0p5_E00634_14p8764737MeV,root/dna_ice_am_rho0p5_E00634_14p8764737MeV.root,ice_am,0.5
635,14.9623566,15.1356125,15.0487352,0.173255923,5,macros/europa_E00635_15p0487352MeV.mac,dna_ice_am_rho0p5_E00635_15p0487352MeV,root/dna_ice_am_rho0p5_E00635_15p0487352MeV.root,ice_am,0.5
636,15.1356125,15.3108746,15.2229913,0.175262132,5,macros/europa_E00636_15p2229913MeV.mac,dna_ice_am_rho0p5_E00636_15p2229913MeV,root/dna_ice_am_rho0p5_E00636_15p2229913MeV.root,ice_am,0.5
637,15.3108746,15.4881662,15.3992653,0.177291572,5,macros/europa_E00637_15p3992653MeV.mac,dna_ice_am_rho0p5_E00637_15p3992653MeV,root/dna_ice_am_rho0p5_E00637_15p3992653MeV.root,ice_am,0.5
638,15.4881662,15.6675107,15.5775803,0.179344512,5,macros/europa_E00638_15p5775803MeV.mac,dna_ice_am_rho0p5_E00638_15p5775803MeV,root/dna_ice_am_rho0p5_E00638_15p5775803MeV.root,ice_am,0.5
639,15.6675107,15.8489319,15.7579602,0.181421224,5,macros/europa_E00639_15p7579602MeV.mac,dna_ice_am_rho0p5_E00639_15p7579602MeV,root/dna_ice_am_rho0p5_E00639_15p7579602MeV.root,ice_am,0.5
640,15.8489319,16.0324539,15.9404288,0.183521982,5,macros/europa_E00640_15p9404288MeV.mac,dna_ice_am_rho0p5_E00640_15p9404288MeV,root/dna_ice_am_rho0p5_E00640_15p9404288MeV.root,ice_am,0.5
641,16.0324539,16.218101,16.1250103,0.185647067,5,macros/europa_E00641_16p1250103MeV.mac,dna_ice_am_rho0p5_E00641_16p1250103MeV,root/dna_ice_am_rho0p5_E00641_16p1250103MeV.root,ice_am,0.5
642,16.218101,16.4058977,16.3117291,0.187796758,5,macros/europa_E00642_16p3117291MeV.mac,dna_ice_am_rho0p5_E00642_16p3117291MeV,root/dna_ice_am_rho0p5_E00642_16p3117291MeV.root,ice_am,0.5
643,16.4058977,16.5958691,16.50061,0.189971342,5,macros/europa_E00643_16p50061MeV.mac,dna_ice_am_rho0p5_E00643_16p50061MeV,root/dna_ice_am_rho0p5_E00643_16p50061MeV.root,ice_am,0.5
644,16.5958691,16.7880402,16.6916781,0.192171107,5,macros/europa_E00644_16p6916781MeV.mac,dna_ice_am_rho0p5_E00644_16p6916781MeV,root/dna_ice_am_rho0p5_E00644_16p6916781MeV.root,ice_am,0.5
645,16.7880402,16.9824365,16.8849586,0.194396343,5,macros/europa_E00645_16p8849586MeV.mac,dna_ice_am_rho0p5_E00645_16p8849586MeV,root/dna_ice_am_rho0p5_E00645_16p8849586MeV.root,ice_am,0.5
646,16.9824365,17.1790839,17.0804772,0.196647347,5,macros/europa_E00646_17p0804772MeV.mac,dna_ice_am_rho0p5_E00646_17p0804772MeV,root/dna_ice_am_rho0p5_E00646_17p0804772MeV.root,ice_am,0.5
647,17.1790839,17.3780083,17.2782598,0.198924416,5,macros/europa_E00647_17p2782598MeV.mac,dna_ice_am_rho0p5_E00647_17p2782598MeV,root/dna_ice_am_rho0p5_E00647_17p2782598MeV.root,ice_am,0.5
648,17.3780083,17.5792361,17.4783326,0.201227852,5,macros/europa_E00648_17p4783326MeV.mac,dna_ice_am_rho0p5_E00648_17p4783326MeV,root/dna_ice_am_rho0p5_E00648_17p4783326MeV.root,ice_am,0.5
649,17.5792361,17.7827941,17.6807222,0.203557961,5,macros/europa_E00649_17p6807222MeV.mac,dna_ice_am_rho0p5_E00649_17p6807222MeV,root/dna_ice_am_rho0p5_E00649_17p6807222MeV.root,ice_am,0.5
650,17.7827941,17.9887092,17.8854553,0.205915051,5,macros/europa_E00650_17p8854553MeV.mac,dna_ice_am_rho0p5_E00650_17p8854553MeV,root/dna_ice_am_rho0p5_E00650_17p8854553MeV.root,ice_am,0.5
651,17.9887092,18.1970086,18.0925591,0.208299435,5,macros/europa_E00651_18p0925591MeV.mac,dna_ice_am_rho0p5_E00651_18p0925591MeV,root/dna_ice_am_rho0p5_E00651_18p0925591MeV.root,ice_am,0.5
652,18.1970086,18.40772,18.3020611,0.210711429,5,macros/europa_E00652_18p3020611MeV.mac,dna_ice_am_rho0p5_E00652_18p3020611MeV,root/dna_ice_am_rho0p5_E00652_18p3020611MeV.root,ice_am,0.5
653,18.40772,18.6208714,18.5139889,0.213151352,5,macros/europa_E00653_18p5139889MeV.mac,dna_ice_am_rho0p5_E00653_18p5139889MeV,root/dna_ice_am_rho0p5_E00653_18p5139889MeV.root,ice_am,0.5
654,18.6208714,18.8364909,18.7283708,0.215619528,5,macros/europa_E00654_18p7283708MeV.mac,dna_ice_am_rho0p5_E00654_18p7283708MeV,root/dna_ice_am_rho0p5_E00654_18p7283708MeV.root,ice_am,0.5
655,18.8364909,19.0546072,18.9452351,0.218116285,5,macros/europa_E00655_18p9452351MeV.mac,dna_ice_am_rho0p5_E00655_18p9452351MeV,root/dna_ice_am_rho0p5_E00655_18p9452351MeV.root,ice_am,0.5
656,19.0546072,19.2752491,19.1646106,0.220641952,5,macros/europa_E00656_19p1646106MeV.mac,dna_ice_am_rho0p5_E00656_19p1646106MeV,root/dna_ice_am_rho0p5_E00656_19p1646106MeV.root,ice_am,0.5
657,19.2752491,19.498446,19.3865264,0.223196866,5,macros/europa_E00657_19p3865264MeV.mac,dna_ice_am_rho0p5_E00657_19p3865264MeV,root/dna_ice_am_rho0p5_E00657_19p3865264MeV.root,ice_am,0.5
658,19.498446,19.7242274,19.6110118,0.225781364,5,macros/europa_E00658_19p6110118MeV.mac,dna_ice_am_rho0p5_E00658_19p6110118MeV,root/dna_ice_am_rho0p5_E00658_19p6110118MeV.root,ice_am,0.5
659,19.7242274,19.9526231,19.8380966,0.228395789,5,macros/europa_E00659_19p8380966MeV.mac,dna_ice_am_rho0p5_E00659_19p8380966MeV,root/dna_ice_am_rho0p5_E00659_19p8380966MeV.root,ice_am,0.5
660,19.9526231,20.1836636,20.0678109,0.231040487,5,macros/europa_E00660_20p0678109MeV.mac,dna_ice_am_rho0p5_E00660_20p0678109MeV,root/dna_ice_am_rho0p5_E00660_20p0678109MeV.root,ice_am,0.5
661,20.1836636,20.4173794,20.3001852,0.23371581,5,macros/europa_E00661_20p3001852MeV.mac,dna_ice_am_rho0p5_E00661_20p3001852MeV,root/dna_ice_am_rho0p5_E00661_20p3001852MeV.root,ice_am,0.5
662,20.4173794,20.6538016,20.5352503,0.236422111,5,macros/europa_E00662_20p5352503MeV.mac,dna_ice_am_rho0p5_E00662_20p5352503MeV,root/dna_ice_am_rho0p5_E00662_20p5352503MeV.root,ice_am,0.5
663,20.6538016,20.8929613,20.7730373,0.23915975,5,macros/europa_E00663_20p7730373MeV.mac,dna_ice_am_rho0p5_E00663_20p7730373MeV,root/dna_ice_am_rho0p5_E00663_20p7730373MeV.root,ice_am,0.5
664,20.8929613,21.1348904,21.0135777,0.24192909,5,macros/europa_E00664_21p0135777MeV.mac,dna_ice_am_rho0p5_E00664_21p0135777MeV,root/dna_ice_am_rho0p5_E00664_21p0135777MeV.root,ice_am,0.5
665,21.1348904,21.3796209,21.2569035,0.244730497,5,macros/europa_E00665_21p2569035MeV.mac,dna_ice_am_rho0p5_E00665_21p2569035MeV,root/dna_ice_am_rho0p5_E00665_21p2569035MeV.root,ice_am,0.5
666,21.3796209,21.6271852,21.5030468,0.247564342,5,macros/europa_E00666_21p5030468MeV.mac,dna_ice_am_rho0p5_E00666_21p5030468MeV,root/dna_ice_am_rho0p5_E00666_21p5030468MeV.root,ice_am,0.5
667,21.6271852,21.8776162,21.7520403,0.250431002,5,macros/europa_E00667_21p7520403MeV.mac,dna_ice_am_rho0p5_E00667_21p7520403MeV,root/dna_ice_am_rho0p5_E00667_21p7520403MeV.root,ice_am,0.5
668,21.8776162,22.1309471,22.0039171,0.253330857,5,macros/europa_E00668_22p0039171MeV.mac,dna_ice_am_rho0p5_E00668_22p0039171MeV,root/dna_ice_am_rho0p5_E00668_22p0039171MeV.root,ice_am,0.5
669,22.1309471,22.3872114,22.2587104,0.25626429,5,macros/europa_E00669_22p2587104MeV.mac,dna_ice_am_rho0p5_E00669_22p2587104MeV,root/dna_ice_am_rho0p5_E00669_22p2587104MeV.root,ice_am,0.5
670,22.3872114,22.6464431,22.5164542,0.25923169,5,macros/europa_E00670_22p5164542MeV.mac,dna_ice_am_rho0p5_E00670_22p5164542MeV,root/dna_ice_am_rho0p5_E00670_22p5164542MeV.root,ice_am,0.5
671,22.6464431,22.9086765,22.7771824,0.262233452,5,macros/europa_E00671_22p7771824MeV.mac,dna_ice_am_rho0p5_E00671_22p7771824MeV,root/dna_ice_am_rho0p5_E00671_22p7771824MeV.root,ice_am,0.5
672,22.9086765,23.1739465,23.0409298,0.265269972,5,macros/europa_E00672_23p0409298MeV.mac,dna_ice_am_rho0p5_E00672_23p0409298MeV,root/dna_ice_am_rho0p5_E00672_23p0409298MeV.root,ice_am,0.5
673,23.1739465,23.4422882,23.3077312,0.268341654,5,macros/europa_E00673_23p3077312MeV.mac,dna_ice_am_rho0p5_E00673_23p3077312MeV,root/dna_ice_am_rho0p5_E00673_23p3077312MeV.root,ice_am,0.5
674,23.4422882,23.7137371,23.577622,0.271448903,5,macros/europa_E00674_23p577622MeV.mac,dna_ice_am_rho0p5_E00674_23p577622MeV,root/dna_ice_am_rho0p5_E00674_23p577622MeV.root,ice_am,0.5
675,23.7137371,23.9883292,23.850638,0.274592134,5,macros/europa_E00675_23p850638MeV.mac,dna_ice_am_rho0p5_E00675_23p850638MeV,root/dna_ice_am_rho0p5_E00675_23p850638MeV.root,ice_am,0.5
676,23.9883292,24.266101,24.1268153,0.277771761,5,macros/europa_E00676_24p1268153MeV.mac,dna_ice_am_rho0p5_E00676_24p1268153MeV,root/dna_ice_am_rho0p5_E00676_24p1268153MeV.root,ice_am,0.5
677,24.266101,24.5470892,24.4061907,0.280988206,5,macros/europa_E00677_24p4061907MeV.mac,dna_ice_am_rho0p5_E00677_24p4061907MeV,root/dna_ice_am_rho0p5_E00677_24p4061907MeV.root,ice_am,0.5
678,24.5470892,24.8313311,24.688801,0.284241896,5,macros/europa_E00678_24p688801MeV.mac,dna_ice_am_rho0p5_E00678_24p688801MeV,root/dna_ice_am_rho0p5_E00678_24p688801MeV.root,ice_am,0.5
679,24.8313311,25.1188643,24.9746839,0.287533262,5,macros/europa_E00679_24p9746839MeV.mac,dna_ice_am_rho0p5_E00679_24p9746839MeV,root/dna_ice_am_rho0p5_E00679_24p9746839MeV.root,ice_am,0.5
680,25.1188643,25.4097271,25.2638771,0.29086274,5,macros/europa_E00680_25p2638771MeV.mac,dna_ice_am_rho0p5_E00680_25p2638771MeV,root/dna_ice_am_rho0p5_E00680_25p2638771MeV.root,ice_am,0.5
681,25.4097271,25.7039578,25.556419,0.294230772,5,macros/europa_E00681_25p556419MeV.mac,dna_ice_am_rho0p5_E00681_25p556419MeV,root/dna_ice_am_rho0p5_E00681_25p556419MeV.root,ice_am,0.5
682,25.7039578,26.0015956,25.8523484,0.297637804,5,macros/europa_E00682_25p8523484MeV.mac,dna_ice_am_rho0p5_E00682_25p8523484MeV,root/dna_ice_am_rho0p5_E00682_25p8523484MeV.root,ice_am,0.5
683,26.0015956,26.3026799,26.1517045,0.301084287,5,macros/europa_E00683_26p1517045MeV.mac,dna_ice_am_rho0p5_E00683_26p1517045MeV,root/dna_ice_am_rho0p5_E00683_26p1517045MeV.root,ice_am,0.5
684,26.3026799,26.6072506,26.4545269,0.304570679,5,macros/europa_E00684_26p4545269MeV.mac,dna_ice_am_rho0p5_E00684_26p4545269MeV,root/dna_ice_am_rho0p5_E00684_26p4545269MeV.root,ice_am,0.5
685,26.6072506,26.915348,26.7608559,0.308097441,5,macros/europa_E00685_26p7608559MeV.mac,dna_ice_am_rho0p5_E00685_26p7608559MeV,root/dna_ice_am_rho0p5_E00685_26p7608559MeV.root,ice_am,0.5
686,26.915348,27.2270131,27.070732,0.311665042,5,macros/europa_E00686_27p070732MeV.mac,dna_ice_am_rho0p5_E00686_27p070732MeV,root/dna_ice_am_rho0p5_E00686_27p070732MeV.root,ice_am,0.5
687,27.2270131,27.542287,27.3841963,0.315273953,5,macros/europa_E00687_27p3841963MeV.mac,dna_ice_am_rho0p5_E00687_27p3841963MeV,root/dna_ice_am_rho0p5_E00687_27p3841963MeV.root,ice_am,0.5
688,27.542287,27.8612117,27.7012904,0.318924653,5,macros/europa_E00688_27p7012904MeV.mac,dna_ice_am_rho0p5_E00688_27p7012904MeV,root/dna_ice_am_rho0p5_E00688_27p7012904MeV.root,ice_am,0.5
689,27.8612117,28.1838293,28.0220562,0.322617626,5,macros/europa_E00689_28p0220562MeV.mac,dna_ice_am_rho0p5_E00689_28p0220562MeV,root/dna_ice_am_rho0p5_E00689_28p0220562MeV.root,ice_am,0.5
690,28.1838293,28.5101827,28.3465363,0.326353362,5,macros/europa_E00690_28p3465363MeV.mac,dna_ice_am_rho0p5_E00690_28p3465363MeV,root/dna_ice_am_rho0p5_E00690_28p3465363MeV.root,ice_am,0.5
691,28.5101827,28.840315,28.6747738,0.330132356,5,macros/europa_E00691_28p6747738MeV.mac,dna_ice_am_rho0p5_E00691_28p6747738MeV,root/dna_ice_am_rho0p5_E00691_28p6747738MeV.root,ice_am,0.5
692,28.840315,29.1742701,29.006812,0.333955109,5,macros/europa_E00692_29p006812MeV.mac,dna_ice_am_rho0p5_E00692_29p006812MeV,root/dna_ice_am_rho0p5_E00692_29p006812MeV.root,ice_am,0.5
693,29.1742701,29.5120923,29.342695,0.337822127,5,macros/europa_E00693_29p342695MeV.mac,dna_ice_am_rho0p5_E00693_29p342695MeV,root/dna_ice_am_rho0p5_E00693_29p342695MeV.root,ice_am,0.5
694,29.5120923,29.8538262,29.6824674,0.341733923,5,macros/europa_E00694_29p6824674MeV.mac,dna_ice_am_rho0p5_E00694_29p6824674MeV,root/dna_ice_am_rho0p5_E00694_29p6824674MeV.root,ice_am,0.5
695,29.8538262,30.1995172,30.0261742,0.345691015,5,macros/europa_E00695_30p0261742MeV.mac,dna_ice_am_rho0p5_E00695_30p0261742MeV,root/dna_ice_am_rho0p5_E00695_30p0261742MeV.root,ice_am,0.5
696,30.1995172,30.5492111,30.3738609,0.349693928,5,macros/europa_E00696_30p3738609MeV.mac,dna_ice_am_rho0p5_E00696_30p3738609MeV,root/dna_ice_am_rho0p5_E00696_30p3738609MeV.root,ice_am,0.5
697,30.5492111,30.9029543,30.7255737,0.353743193,5,macros/europa_E00697_30p7255737MeV.mac,dna_ice_am_rho0p5_E00697_30p7255737MeV,root/dna_ice_am_rho0p5_E00697_30p7255737MeV.root,ice_am,0.5
698,30.9029543,31.2607937,31.081359,0.357839346,5,macros/europa_E00698_31p081359MeV.mac,dna_ice_am_rho0p5_E00698_31p081359MeV,root/dna_ice_am_rho0p5_E00698_31p081359MeV.root,ice_am,0.5
699,31.2607937,31.6227766,31.4412642,0.36198293,5,macros/europa_E00699_31p4412642MeV.mac,dna_ice_am_rho0p5_E00699_31p4412642MeV,root/dna_ice_am_rho0p5_E00699_31p4412642MeV.root,ice_am,0.5
700,31.6227766,31.9889511,31.8053369,0.366174495,5,macros/europa_E00700_31p8053369MeV.mac,dna_ice_am_rho0p5_E00700_31p8053369MeV,root/dna_ice_am_rho0p5_E00700_31p8053369MeV.root,ice_am,0.5
701,31.9889511,32.3593657,32.1736253,0.370414596,5,macros/europa_E00701_32p1736253MeV.mac,dna_ice_am_rho0p5_E00701_32p1736253MeV,root/dna_ice_am_rho0p5_E00701_32p1736253MeV.root,ice_am,0.5
702,32.3593657,32.7340695,32.5461783,0.374703795,5,macros/europa_E00702_32p5461783MeV.mac,dna_ice_am_rho0p5_E00702_32p5461783MeV,root/dna_ice_am_rho0p5_E00702_32p5461783MeV.root,ice_am,0.5
703,32.7340695,33.1131121,32.9230453,0.37904266,5,macros/europa_E00703_32p9230453MeV.mac,dna_ice_am_rho0p5_E00703_32p9230453MeV,root/dna_ice_am_rho0p5_E00703_32p9230453MeV.root,ice_am,0.5
704,33.1131121,33.4965439,33.3042762,0.383431768,5,macros/europa_E00704_33p3042762MeV.mac,dna_ice_am_rho0p5_E00704_33p3042762MeV,root/dna_ice_am_rho0p5_E00704_33p3042762MeV.root,ice_am,0.5
705,33.4965439,33.8844156,33.6899216,0.387871698,5,macros/europa_E00705_33p6899216MeV.mac,dna_ice_am_rho0p5_E00705_33p6899216MeV,root/dna_ice_am_rho0p5_E00705_33p6899216MeV.root,ice_am,0.5
706,33.8844156,34.2767787,34.0800325,0.392363041,5,macros/europa_E00706_34p0800325MeV.mac,dna_ice_am_rho0p5_E00706_34p0800325MeV,root/dna_ice_am_rho0p5_E00706_34p0800325MeV.root,ice_am,0.5
707,34.2767787,34.673685,34.4746607,0.396906391,5,macros/europa_E00707_34p4746607MeV.mac,dna_ice_am_rho0p5_E00707_34p4746607MeV,root/dna_ice_am_rho0p5_E00707_34p4746607MeV.root,ice_am,0.5
708,34.673685,35.0751874,34.8738584,0.40150235,5,macros/europa_E00708_34p8738584MeV.mac,dna_ice_am_rho0p5_E00708_34p8738584MeV,root/dna_ice_am_rho0p5_E00708_34p8738584MeV.root,ice_am,0.5
709,35.0751874,35.4813389,35.2776787,0.406151528,5,macros/europa_E00709_35p2776787MeV.mac,dna_ice_am_rho0p5_E00709_35p2776787MeV,root/dna_ice_am_rho0p5_E00709_35p2776787MeV.root,ice_am,0.5
710,35.4813389,35.8921935,35.6861749,0.410854541,5,macros/europa_E00710_35p6861749MeV.mac,dna_ice_am_rho0p5_E00710_35p6861749MeV,root/dna_ice_am_rho0p5_E00710_35p6861749MeV.root,ice_am,0.5
711,35.8921935,36.3078055,36.0994014,0.415612013,5,macros/europa_E00711_36p0994014MeV.mac,dna_ice_am_rho0p5_E00711_36p0994014MeV,root/dna_ice_am_rho0p5_E00711_36p0994014MeV.root,ice_am,0.5
712,36.3078055,36.72823,36.5174127,0.420424573,5,macros/europa_E00712_36p5174127MeV.mac,dna_ice_am_rho0p5_E00712_36p5174127MeV,root/dna_ice_am_rho0p5_E00712_36p5174127MeV.root,ice_am,0.5
713,36.72823,37.1535229,36.9402644,0.42529286,5,macros/europa_E00713_36p9402644MeV.mac,dna_ice_am_rho0p5_E00713_36p9402644MeV,root/dna_ice_am_rho0p5_E00713_36p9402644MeV.root,ice_am,0.5
714,37.1535229,37.5837404,37.3680125,0.430217519,5,macros/europa_E00714_37p3680125MeV.mac,dna_ice_am_rho0p5_E00714_37p3680125MeV,root/dna_ice_am_rho0p5_E00714_37p3680125MeV.root,ice_am,0.5
715,37.5837404,38.0189396,37.8007137,0.435199203,5,macros/europa_E00715_37p8007137MeV.mac,dna_ice_am_rho0p5_E00715_37p8007137MeV,root/dna_ice_am_rho0p5_E00715_37p8007137MeV.root,ice_am,0.5
716,38.0189396,38.4591782,38.2384254,0.440238572,5,macros/europa_E00716_38p2384254MeV.mac,dna_ice_am_rho0p5_E00716_38p2384254MeV,root/dna_ice_am_rho0p5_E00716_38p2384254MeV.root,ice_am,0.5
717,38.4591782,38.9045145,38.6812055,0.445336295,5,macros/europa_E00717_38p6812055MeV.mac,dna_ice_am_rho0p5_E00717_38p6812055MeV,root/dna_ice_am_rho0p5_E00717_38p6812055MeV.root,ice_am,0.5
718,38.9045145,39.3550075,39.1291127,0.450493046,5,macros/europa_E00718_39p1291127MeV.mac,dna_ice_am_rho0p5_E00718_39p1291127MeV,root/dna_ice_am_rho0p5_E00718_39p1291127MeV.root,ice_am,0.5
719,39.3550075,39.8107171,39.5822065,0.45570951,5,macros/europa_E00719_39p5822065MeV.mac,dna_ice_am_rho0p5_E00719_39p5822065MeV,root/dna_ice_am_rho0p5_E00719_39p5822065MeV.root,ice_am,0.5
720,39.8107171,40.2717034,40.0405468,0.460986377,5,macros/europa_E00720_40p0405468MeV.mac,dna_ice_am_rho0p5_E00720_40p0405468MeV,root/dna_ice_am_rho0p5_E00720_40p0405468MeV.root,ice_am,0.5
721,40.2717034,40.7380278,40.5041945,0.466324348,5,macros/europa_E00721_40p5041945MeV.mac,dna_ice_am_rho0p5_E00721_40p5041945MeV,root/dna_ice_am_rho0p5_E00721_40p5041945MeV.root,ice_am,0.5
722,40.7380278,41.2097519,40.973211,0.471724129,5,macros/europa_E00722_40p973211MeV.mac,dna_ice_am_rho0p5_E00722_40p973211MeV,root/dna_ice_am_rho0p5_E00722_40p973211MeV.root,ice_am,0.5
723,41.2097519,41.6869383,41.4476584,0.477186437,5,macros/europa_E00723_41p4476584MeV.mac,dna_ice_am_rho0p5_E00723_41p4476584MeV,root/dna_ice_am_rho0p5_E00723_41p4476584MeV.root,ice_am,0.5
724,41.6869383,42.1696503,41.9275997,0.482711996,5,macros/europa_E00724_41p9275997MeV.mac,dna_ice_am_rho0p5_E00724_41p9275997MeV,root/dna_ice_am_rho0p5_E00724_41p9275997MeV.root,ice_am,0.5
725,42.1696503,42.6579519,42.4130984,0.488301537,5,macros/europa_E00725_42p4130984MeV.mac,dna_ice_am_rho0p5_E00725_42p4130984MeV,root/dna_ice_am_rho0p5_E00725_42p4130984MeV.root,ice_am,0.5
726,42.6579519,43.1519077,42.9042189,0.493955803,5,macros/europa_E00726_42p9042189MeV.mac,dna_ice_am_rho0p5_E00726_42p9042189MeV,root/dna_ice_am_rho0p5_E00726_42p9042189MeV.root,ice_am,0.5
727,43.1519077,43.6515832,43.4010264,0.499675541,5,macros/europa_E00727_43p4010264MeV.mac,dna_ice_am_rho0p5_E00727_43p4010264MeV,root/dna_ice_am_rho0p5_E00727_43p4010264MeV.root,ice_am,0.5
728,43.6515832,44.1570447,43.9035866,0.505461511,5,macros/europa_E00728_43p9035866MeV.mac,dna_ice_am_rho0p5_E00728_43p9035866MeV,root/dna_ice_am_rho0p5_E00728_43p9035866MeV.root,ice_am,0.5
729,44.1570447,44.6683592,44.4119661,0.51131448,5,macros/europa_E00729_44p4119661MeV.mac,dna_ice_am_rho0p5_E00729_44p4119661MeV,root/dna_ice_am_rho0p5_E00729_44p4119661MeV.root,ice_am,0.5
730,44.6683592,45.1855944,44.9262325,0.517235222,5,macros/europa_E00730_44p9262325MeV.mac,dna_ice_am_rho0p5_E00730_44p9262325MeV,root/dna_ice_am_rho0p5_E00730_44p9262325MeV.root,ice_am,0.5
731,45.1855944,45.708819,45.4464537,0.523224524,5,macros/europa_E00731_45p4464537MeV.mac,dna_ice_am_rho0p5_E00731_45p4464537MeV,root/dna_ice_am_rho0p5_E00731_45p4464537MeV.root,ice_am,0.5
732,45.708819,46.2381021,45.9726989,0.529283178,5,macros/europa_E00732_45p9726989MeV.mac,dna_ice_am_rho0p5_E00732_45p9726989MeV,root/dna_ice_am_rho0p5_E00732_45p9726989MeV.root,ice_am,0.5
733,46.2381021,46.7735141,46.5050376,0.535411989,5,macros/europa_E00733_46p5050376MeV.mac,dna_ice_am_rho0p5_E00733_46p5050376MeV,root/dna_ice_am_rho0p5_E00733_46p5050376MeV.root,ice_am,0.5
734,46.7735141,47.3151259,47.0435406,0.541611767,5,macros/europa_E00734_47p0435406MeV.mac,dna_ice_am_rho0p5_E00734_47p0435406MeV,root/dna_ice_am_rho0p5_E00734_47p0435406MeV.root,ice_am,0.5
735,47.3151259,47.8630092,47.5882791,0.547883336,5,macros/europa_E00735_47p5882791MeV.mac,dna_ice_am_rho0p5_E00735_47p5882791MeV,root/dna_ice_am_rho0p5_E00735_47p5882791MeV.root,ice_am,0.5
736,47.8630092,48.4172368,48.1393254,0.554227526,5,macros/europa_E00736_48p1393254MeV.mac,dna_ice_am_rho0p5_E00736_48p1393254MeV,root/dna_ice_am_rho0p5_E00736_48p1393254MeV.root,ice_am,0.5
737,48.4172368,48.9778819,48.6967525,0.560645178,5,macros/europa_E00737_48p6967525MeV.mac,dna_ice_am_rho0p5_E00737_48p6967525MeV,root/dna_ice_am_rho0p5_E00737_48p6967525MeV.root,ice_am,0.5
738,48.9778819,49.5450191,49.2606343,0.567137144,5,macros/europa_E00738_49p2606343MeV.mac,dna_ice_am_rho0p5_E00738_49p2606343MeV,root/dna_ice_am_rho0p5_E00738_49p2606343MeV.root,ice_am,0.5
739,49.5450191,50.1187234,49.8310456,0.573704282,5,macros/europa_E00739_49p8310456MeV.mac,dna_ice_am_rho0p5_E00739_49p8310456MeV,root/dna_ice_am_rho0p5_E00739_49p8310456MeV.root,ice_am,0.5
740,50.1187234,50.6990708,50.4080619,0.580347465,5,macros/europa_E00740_50p4080619MeV.mac,dna_ice_am_rho0p5_E00740_50p4080619MeV,root/dna_ice_am_rho0p5_E00740_50p4080619MeV.root,ice_am,0.5
741,50.6990708,51.2861384,50.9917598,0.587067572,5,macros/europa_E00741_50p9917598MeV.mac,dna_ice_am_rho0p5_E00741_50p9917598MeV,root/dna_ice_am_rho0p5_E00741_50p9917598MeV.root,ice_am,0.5
742,51.2861384,51.8800039,51.5822165,0.593865494,5,macros/europa_E00742_51p5822165MeV.mac,dna_ice_am_rho0p5_E00742_51p5822165MeV,root/dna_ice_am_rho0p5_E00742_51p5822165MeV.root,ice_am,0.5
743,51.8800039,52.480746,52.1795104,0.600742132,5,macros/europa_E00743_52p1795104MeV.mac,dna_ice_am_rho0p5_E00743_52p1795104MeV,root/dna_ice_am_rho0p5_E00743_52p1795104MeV.root,ice_am,0.5
744,52.480746,53.0884444,52.7837207,0.607698398,5,macros/europa_E00744_52p7837207MeV.mac,dna_ice_am_rho0p5_E00744_52p7837207MeV,root/dna_ice_am_rho0p5_E00744_52p7837207MeV.root,ice_am,0.5
745,53.0884444,53.7031796,53.3949274,0.614735214,5,macros/europa_E00745_53p3949274MeV.mac,dna_ice_am_rho0p5_E00745_53p3949274MeV,root/dna_ice_am_rho0p5_E00745_53p3949274MeV.root,ice_am,0.5
746,53.7031796,54.3250331,54.0132115,0.621853512,5,macros/europa_E00746_54p0132115MeV.mac,dna_ice_am_rho0p5_E00746_54p0132115MeV,root/dna_ice_am_rho0p5_E00746_54p0132115MeV.root,ice_am,0.5
747,54.3250331,54.9540874,54.638655,0.629054237,5,macros/europa_E00747_54p638655MeV.mac,dna_ice_am_rho0p5_E00747_54p638655MeV,root/dna_ice_am_rho0p5_E00747_54p638655MeV.root,ice_am,0.5
748,54.9540874,55.5904257,55.2713408,0.636338341,5,macros/europa_E00748_55p2713408MeV.mac,dna_ice_am_rho0p5_E00748_55p2713408MeV,root/dna_ice_am_rho0p5_E00748_55p2713408MeV.root,ice_am,0.5
749,55.5904257,56.2341325,55.9113528,0.643706792,5,macros/europa_E00749_55p9113528MeV.mac,dna_ice_am_rho0p5_E00749_55p9113528MeV,root/dna_ice_am_rho0p5_E00749_55p9113528MeV.root,ice_am,0.5
750,56.2341325,56.8852931,56.5587757,0.651160565,5,macros/europa_E00750_56p5587757MeV.mac,dna_ice_am_rho0p5_E00750_56p5587757MeV,root/dna_ice_am_rho0p5_E00750_56p5587757MeV.root,ice_am,0.5
751,56.8852931,57.5439937,57.2136955,0.658700649,5,macros/europa_E00751_57p2136955MeV.mac,dna_ice_am_rho0p5_E00751_57p2136955MeV,root/dna_ice_am_rho0p5_E00751_57p2136955MeV.root,ice_am,0.5
752,57.5439937,58.2103218,57.8761988,0.666328043,5,macros/europa_E00752_57p8761988MeV.mac,dna_ice_am_rho0p5_E00752_57p8761988MeV,root/dna_ice_am_rho0p5_E00752_57p8761988MeV.root,ice_am,0.5
753,58.2103218,58.8843655,58.5463736,0.674043758,5,macros/europa_E00753_58p5463736MeV.mac,dna_ice_am_rho0p5_E00753_58p5463736MeV,root/dna_ice_am_rho0p5_E00753_58p5463736MeV.root,ice_am,0.5
754,58.8843655,59.5662144,59.2243087,0.681848817,5,macros/europa_E00754_59p2243087MeV.mac,dna_ice_am_rho0p5_E00754_59p2243087MeV,root/dna_ice_am_rho0p5_E00754_59p2243087MeV.root,ice_am,0.5
755,59.5662144,60.2559586,59.9100939,0.689744255,5,macros/europa_E00755_59p9100939MeV.mac,dna_ice_am_rho0p5_E00755_59p9100939MeV,root/dna_ice_am_rho0p5_E00755_59p9100939MeV.root,ice_am,0.5
756,60.2559586,60.9536897,60.6038201,0.697731117,5,macros/europa_E00756_60p6038201MeV.mac,dna_ice_am_rho0p5_E00756_60p6038201MeV,root/dna_ice_am_rho0p5_E00756_60p6038201MeV.root,ice_am,0.5
757,60.9536897,61.6595002,61.3055792,0.705810462,5,macros/europa_E00757_61p3055792MeV.mac,dna_ice_am_rho0p5_E00757_61p3055792MeV,root/dna_ice_am_rho0p5_E00757_61p3055792MeV.root,ice_am,0.5
758,61.6595002,62.3734835,62.0154644,0.713983362,5,macros/europa_E00758_62p0154644MeV.mac,dna_ice_am_rho0p5_E00758_62p0154644MeV,root/dna_ice_am_rho0p5_E00758_62p0154644MeV.root,ice_am,0.5
759,62.3734835,63.0957344,62.7335696,0.7222509,5,macros/europa_E00759_62p7335696MeV.mac,dna_ice_am_rho0p5_E00759_62p7335696MeV,root/dna_ice_am_rho0p5_E00759_62p7335696MeV.root,ice_am,0.5
760,63.0957344,63.8263486,63.4599901,0.730614171,5,macros/europa_E00760_63p4599901MeV.mac,dna_ice_am_rho0p5_E00760_63p4599901MeV,root/dna_ice_am_rho0p5_E00760_63p4599901MeV.root,ice_am,0.5
761,63.8263486,64.5654229,64.1948222,0.739074284,5,macros/europa_E00761_64p1948222MeV.mac,dna_ice_am_rho0p5_E00761_64p1948222MeV,root/dna_ice_am_rho0p5_E00761_64p1948222MeV.root,ice_am,0.5
762,64.5654229,65.3130553,64.9381632,0.747632361,5,macros/europa_E00762_64p9381632MeV.mac,dna_ice_am_rho0p5_E00762_64p9381632MeV,root/dna_ice_am_rho0p5_E00762_64p9381632MeV.root,ice_am,0.5
763,65.3130553,66.0693448,65.6901116,0.756289536,5,macros/europa_E00763_65p6901116MeV.mac,dna_ice_am_rho0p5_E00763_65p6901116MeV,root/dna_ice_am_rho0p5_E00763_65p6901116MeV.root,ice_am,0.5
764,66.0693448,66.8343918,66.4507673,0.765046956,5,macros/europa_E00764_66p4507673MeV.mac,dna_ice_am_rho0p5_E00764_66p4507673MeV,root/dna_ice_am_rho0p5_E00764_66p4507673MeV.root,ice_am,0.5
765,66.8343918,67.6082975,67.2202309,0.773905782,5,macros/europa_E00765_67p2202309MeV.mac,dna_ice_am_rho0p5_E00765_67p2202309MeV,root/dna_ice_am_rho0p5_E00765_67p2202309MeV.root,ice_am,0.5
766,67.6082975,68.3911647,67.9986045,0.782867189,5,macros/europa_E00766_67p9986045MeV.mac,dna_ice_am_rho0p5_E00766_67p9986045MeV,root/dna_ice_am_rho0p5_E00766_67p9986045MeV.root,ice_am,0.5
767,68.3911647,69.1830971,68.7859912,0.791932364,5,macros/europa_E00767_68p7859912MeV.mac,dna_ice_am_rho0p5_E00767_68p7859912MeV,root/dna_ice_am_rho0p5_E00767_68p7859912MeV.root,ice_am,0.5
768,69.1830971,69.9841996,69.5824955,0.801102508,5,macros/europa_E00768_69p5824955MeV.mac,dna_ice_am_rho0p5_E00768_69p5824955MeV,root/dna_ice_am_rho0p5_E00768_69p5824955MeV.root,ice_am,0.5
769,69.9841996,70.7945784,70.3882228,0.810378838,5,macros/europa_E00769_70p3882228MeV.mac,dna_ice_am_rho0p5_E00769_70p3882228MeV,root/dna_ice_am_rho0p5_E00769_70p3882228MeV.root,ice_am,0.5
770,70.7945784,71.614341,71.20328,0.819762583,5,macros/europa_E00770_71p20328MeV.mac,dna_ice_am_rho0p5_E00770_71p20328MeV,root/dna_ice_am_rho0p5_E00770_71p20328MeV.root,ice_am,0.5
771,71.614341,72.443596,72.0277751,0.829254986,5,macros/europa_E00771_72p0277751MeV.mac,dna_ice_am_rho0p5_E00771_72p0277751MeV,root/dna_ice_am_rho0p5_E00771_72p0277751MeV.root,ice_am,0.5
772,72.443596,73.2824533,72.8618175,0.838857306,5,macros/europa_E00772_72p8618175MeV.mac,dna_ice_am_rho0p5_E00772_72p8618175MeV,root/dna_ice_am_rho0p5_E00772_72p8618175MeV.root,ice_am,0.5
773,73.2824533,74.1310241,73.7055175,0.848570816,5,macros/europa_E00773_73p7055175MeV.mac,dna_ice_am_rho0p5_E00773_73p7055175MeV,root/dna_ice_am_rho0p5_E00773_73p7055175MeV.root,ice_am,0.5
774,74.1310241,74.9894209,74.5589872,0.858396803,5,macros/europa_E00774_74p5589872MeV.mac,dna_ice_am_rho0p5_E00774_74p5589872MeV,root/dna_ice_am_rho0p5_E00774_74p5589872MeV.root,ice_am,0.5
775,74.9894209,75.8577575,75.4223396,0.86833657,5,macros/europa_E00775_75p4223396MeV.mac,dna_ice_am_rho0p5_E00775_75p4223396MeV,root/dna_ice_am_rho0p5_E00775_75p4223396MeV.root,ice_am,0.5
776,75.8577575,76.7361489,76.2956891,0.878391433,5,macros/europa_E00776_76p2956891MeV.mac,dna_ice_am_rho0p5_E00776_76p2956891MeV,root/dna_ice_am_rho0p5_E00776_76p2956891MeV.root,ice_am,0.5
777,76.7361489,77.6247117,77.1791516,0.888562727,5,macros/europa_E00777_77p1791516MeV.mac,dna_ice_am_rho0p5_E00777_77p1791516MeV,root/dna_ice_am_rho0p5_E00777_77p1791516MeV.root,ice_am,0.5
778,77.6247117,78.5235635,78.072844,0.898851798,5,macros/europa_E00778_78p072844MeV.mac,dna_ice_am_rho0p5_E00778_78p072844MeV,root/dna_ice_am_rho0p5_E00778_78p072844MeV.root,ice_am,0.5
779,78.5235635,79.4328235,78.9768849,0.909260011,5,macros/europa_E00779_78p9768849MeV.mac,dna_ice_am_rho0p5_E00779_78p9768849MeV,root/dna_ice_am_rho0p5_E00779_78p9768849MeV.root,ice_am,0.5
780,79.4328235,80.3526122,79.8913942,0.919788746,5,macros/europa_E00780_79p8913942MeV.mac,dna_ice_am_rho0p5_E00780_79p8913942MeV,root/dna_ice_am_rho0p5_E00780_79p8913942MeV.root,ice_am,0.5
781,80.3526122,81.2830516,80.8164929,0.930439398,5,macros/europa_E00781_80p8164929MeV.mac,dna_ice_am_rho0p5_E00781_80p8164929MeV,root/dna_ice_am_rho0p5_E00781_80p8164929MeV.root,ice_am,0.5
782,81.2830516,82.224265,81.7523038,0.941213378,5,macros/europa_E00782_81p7523038MeV.mac,dna_ice_am_rho0p5_E00782_81p7523038MeV,root/dna_ice_am_rho0p5_E00782_81p7523038MeV.root,ice_am,0.5
783,82.224265,83.1763771,82.6989509,0.952112116,5,macros/europa_E00783_82p6989509MeV.mac,dna_ice_am_rho0p5_E00783_82p6989509MeV,root/dna_ice_am_rho0p5_E00783_82p6989509MeV.root,ice_am,0.5
784,83.1763771,84.1395142,83.6565596,0.963137054,5,macros/europa_E00784_83p6565596MeV.mac,dna_ice_am_rho0p5_E00784_83p6565596MeV,root/dna_ice_am_rho0p5_E00784_83p6565596MeV.root,ice_am,0.5
785,84.1395142,85.1138038,84.6252569,0.974289656,5,macros/europa_E00785_84p6252569MeV.mac,dna_ice_am_rho0p5_E00785_84p6252569MeV,root/dna_ice_am_rho0p5_E00785_84p6252569MeV.root,ice_am,0.5
786,85.1138038,86.0993752,85.6051712,0.985571398,5,macros/europa_E00786_85p6051712MeV.mac,dna_ice_am_rho0p5_E00786_85p6051712MeV,root/dna_ice_am_rho0p5_E00786_85p6051712MeV.root,ice_am,0.5
787,86.0993752,87.096359,86.5964323,0.996983777,5,macros/europa_E00787_86p5964323MeV.mac,dna_ice_am_rho0p5_E00787_86p5964323MeV,root/dna_ice_am_rho0p5_E00787_86p5964323MeV.root,ice_am,0.5
788,87.096359,88.1048873,87.5991718,1.00852831,5,macros/europa_E00788_87p5991718MeV.mac,dna_ice_am_rho0p5_E00788_87p5991718MeV,root/dna_ice_am_rho0p5_E00788_87p5991718MeV.root,ice_am,0.5
789,88.1048873,89.1250938,88.6135224,1.02020651,5,macros/europa_E00789_88p6135224MeV.mac,dna_ice_am_rho0p5_E00789_88p6135224MeV,root/dna_ice_am_rho0p5_E00789_88p6135224MeV.root,ice_am,0.5
790,89.1250938,90.1571138,89.6396186,1.03201995,5,macros/europa_E00790_89p6396186MeV.mac,dna_ice_am_rho0p5_E00790_89p6396186MeV,root/dna_ice_am_rho0p5_E00790_89p6396186MeV.root,ice_am,0.5
791,90.1571138,91.2010839,90.6775965,1.04397017,5,macros/europa_E00791_90p6775965MeV.mac,dna_ice_am_rho0p5_E00791_90p6775965MeV,root/dna_ice_am_rho0p5_E00791_90p6775965MeV.root,ice_am,0.5
792,91.2010839,92.2571427,91.7275935,1.05605878,5,macros/europa_E00792_91p7275935MeV.mac,dna_ice_am_rho0p5_E00792_91p7275935MeV,root/dna_ice_am_rho0p5_E00792_91p7275935MeV.root,ice_am,0.5
793,92.2571427,93.3254301,92.789749,1.06828736,5,macros/europa_E00793_92p789749MeV.mac,dna_ice_am_rho0p5_E00793_92p789749MeV,root/dna_ice_am_rho0p5_E00793_92p789749MeV.root,ice_am,0.5
794,93.3254301,94.4060876,93.8642037,1.08065755,5,macros/europa_E00794_93p8642037MeV.mac,dna_ice_am_rho0p5_E00794_93p8642037MeV,root/dna_ice_am_rho0p5_E00794_93p8642037MeV.root,ice_am,0.5
795,94.4060876,95.4992586,94.9510999,1.09317097,5,macros/europa_E00795_94p9510999MeV.mac,dna_ice_am_rho0p5_E00795_94p9510999MeV,root/dna_ice_am_rho0p5_E00795_94p9510999MeV.root,ice_am,0.5
796,95.4992586,96.6050879,96.0505818,1.1058293,5,macros/europa_E00796_96p0505818MeV.mac,dna_ice_am_rho0p5_E00796_96p0505818MeV,root/dna_ice_am_rho0p5_E00796_96p0505818MeV.root,ice_am,0.5
797,96.6050879,97.7237221,97.1627952,1.1186342,5,macros/europa_E00797_97p1627952MeV.mac,dna_ice_am_rho0p5_E00797_97p1627952MeV,root/dna_ice_am_rho0p5_E00797_97p1627952MeV.root,ice_am,0.5
798,97.7237221,98.8553095,98.2878873,1.13158737,5,macros/europa_E00798_98p2878873MeV.mac,dna_ice_am_rho0p5_E00798_98p2878873MeV,root/dna_ice_am_rho0p5_E00798_98p2878873MeV.root,ice_am,0.5
799,98.8553095,100,99.4260074,1.14469053,5,macros/europa_E00799_99p4260074MeV.mac,dna_ice_am_rho0p5_E00799_99p4260074MeV,root/dna_ice_am_rho0p5_E00799_99p4260074MeV.root,ice_am,0.5
