Running per-energy Europa library with DNA_PHYSICS=ice_am, threads=12
[energy 0] SKIP existing root/dna_ice_am_rho0p5_E00000_0p00291062424MeV.root
[energy 1] SKIP existing root/dna_ice_am_rho0p5_E00001_0p00292969248MeV.root
[energy 2] SKIP existing root/dna_ice_am_rho0p5_E00002_0p00294888565MeV.root
[energy 3] SKIP existing root/dna_ice_am_rho0p5_E00003_0p00296820455MeV.root
[energy 4] SKIP existing root/dna_ice_am_rho0p5_E00004_0p00298765002MeV.root
[energy 5] SKIP existing root/dna_ice_am_rho0p5_E00005_0p00300722288MeV.root
[energy 6] SKIP existing root/dna_ice_am_rho0p5_E00006_0p00302692396MeV.root
[energy 7] SKIP existing root/dna_ice_am_rho0p5_E00007_0p00304675411MeV.root
[energy 8] SKIP existing root/dna_ice_am_rho0p5_E00008_0p00306671418MeV.root
[energy 9] SKIP existing root/dna_ice_am_rho0p5_E00009_0p00308680501MeV.root
[energy 10] SKIP existing root/dna_ice_am_rho0p5_E00010_0p00310702745MeV.root
[energy 11] SKIP existing root/dna_ice_am_rho0p5_E00011_0p00312738238MeV.root
[energy 12] SKIP existing root/dna_ice_am_rho0p5_E00012_0p00314787067MeV.root
[energy 13] SKIP existing root/dna_ice_am_rho0p5_E00013_0p00316849317MeV.root
[energy 14] SKIP existing root/dna_ice_am_rho0p5_E00014_0p00318925078MeV.root
[energy 15] SKIP existing root/dna_ice_am_rho0p5_E00015_0p00321014437MeV.root
[energy 16] SKIP existing root/dna_ice_am_rho0p5_E00016_0p00323117485MeV.root
[energy 17] SKIP existing root/dna_ice_am_rho0p5_E00017_0p0032523431MeV.root
[energy 18] SKIP existing root/dna_ice_am_rho0p5_E00018_0p00327365003MeV.root
[energy 19] SKIP existing root/dna_ice_am_rho0p5_E00019_0p00329509655MeV.root
[energy 20] SKIP existing root/dna_ice_am_rho0p5_E00020_0p00331668357MeV.root
[energy 21] SKIP existing root/dna_ice_am_rho0p5_E00021_0p00333841201MeV.root
[energy 22] SKIP existing root/dna_ice_am_rho0p5_E00022_0p0033602828MeV.root
[energy 23] SKIP existing root/dna_ice_am_rho0p5_E00023_0p00338229687MeV.root
[energy 24] SKIP existing root/dna_ice_am_rho0p5_E00024_0p00340445516MeV.root
[energy 25] E=0.00342675862 MeV -> root/dna_ice_am_rho0p5_E00025_0p00342675862MeV.root

**************************************************************
 Geant4 version Name: geant4-11-03-patch-02 [MT]   (25-April-2025)
  << in Multi-threaded mode >> 
                       Copyright : Geant4 Collaboration
                      References : NIM A 506 (2003), 250-303
                                 : IEEE-TNS 53 (2006), 270-278
                                 : NIM A 835 (2016), 186-225
                             WWW : http://geant4.org/
**************************************************************

Using physics list: ice (phase: amorphous)
##### Create analysis manager   0x770d48900
Accumulable registered as "accumulable_0"
Accumulable registered as "accumulable_1"
Accumulable registered as "accumulable_2"
Accumulable registered as "accumulable_3"
Using  analysis manager
RunAction: log mode set to minimal
-> Density of water_modified material (g/cm3)=0.5

***** Table : Nb of materials = 5 *****

 Material:   G4_ICE H_2O   density:  1.000 g/cm3   RadL:  36.083 cm   Nucl.Int.Length:  75.375 cm 
                       Imean:  78.000 eV   temperature: 293.15 K  pressure:   1.00 atm

   --->  Element: H (H)   Z =  1.0   N =     1   A =  1.008 g/mole
         --->  Isotope:    H1   Z =  1   N =   1   A =   1.01 g/mole   abundance: 99.989 %
         --->  Isotope:    H2   Z =  1   N =   2   A =   2.01 g/mole   abundance:  0.011 %
          ElmMassFraction:  11.19 %  ElmAbundance  66.67 % 

   --->  Element: O (O)   Z =  8.0   N =    16   A = 15.999 g/mole
         --->  Isotope:   O16   Z =  8   N =  16   A =  15.99 g/mole   abundance: 99.757 %
         --->  Isotope:   O17   Z =  8   N =  17   A =  17.00 g/mole   abundance:  0.038 %
         --->  Isotope:   O18   Z =  8   N =  18   A =  18.00 g/mole   abundance:  0.205 %
          ElmMassFraction:  88.81 %  ElmAbundance  33.33 % 


 Material: G4_Galactic    density:  0.000 mg/cm3  RadL: 204310098.490 pc   Nucl.Int.Length: 3240.779 pc 
                       Imean:  21.800 eV   temperature:   2.73 K  pressure:   0.00 atm

   --->  Element: H (H)   Z =  1.0   N =     1   A =  1.008 g/mole
         --->  Isotope:    H1   Z =  1   N =   1   A =   1.01 g/mole   abundance: 99.989 %
         --->  Isotope:    H2   Z =  1   N =   2   A =   2.01 g/mole   abundance:  0.011 %
          ElmMassFraction: 100.00 %  ElmAbundance 100.00 % 


 Material: G4_WATER H_2O   density:  1.000 g/cm3   RadL:  36.083 cm   Nucl.Int.Length:  75.375 cm 
                       Imean:  78.000 eV   temperature: 293.15 K  pressure:   1.00 atm

   --->  Element: H (H)   Z =  1.0   N =     1   A =  1.008 g/mole
         --->  Isotope:    H1   Z =  1   N =   1   A =   1.01 g/mole   abundance: 99.989 %
         --->  Isotope:    H2   Z =  1   N =   2   A =   2.01 g/mole   abundance:  0.011 %
          ElmMassFraction:  11.19 %  ElmAbundance  66.67 % 

   --->  Element: O (O)   Z =  8.0   N =    16   A = 15.999 g/mole
         --->  Isotope:   O16   Z =  8   N =  16   A =  15.99 g/mole   abundance: 99.757 %
         --->  Isotope:   O17   Z =  8   N =  17   A =  17.00 g/mole   abundance:  0.038 %
         --->  Isotope:   O18   Z =  8   N =  18   A =  18.00 g/mole   abundance:  0.205 %
          ElmMassFraction:  88.81 %  ElmAbundance  33.33 % 


 Material: G4_WATER_ICE_USER H_2O   density: 500.000 mg/cm3  RadL:  72.166 cm   Nucl.Int.Length:   1.507 m  
                       Imean:  78.000 eV   temperature: 293.15 K  pressure:   1.00 atm

   --->  Element: H (H)   Z =  1.0   N =     1   A =  1.008 g/mole
         --->  Isotope:    H1   Z =  1   N =   1   A =   1.01 g/mole   abundance: 99.989 %
         --->  Isotope:    H2   Z =  1   N =   2   A =   2.01 g/mole   abundance:  0.011 %
          ElmMassFraction:  11.19 %  ElmAbundance  66.67 % 

   --->  Element: O (O)   Z =  8.0   N =    16   A = 15.999 g/mole
         --->  Isotope:   O16   Z =  8   N =  16   A =  15.99 g/mole   abundance: 99.757 %
         --->  Isotope:   O17   Z =  8   N =  17   A =  17.00 g/mole   abundance:  0.038 %
         --->  Isotope:   O18   Z =  8   N =  18   A =  18.00 g/mole   abundance:  0.205 %
          ElmMassFraction:  88.81 %  ElmAbundance  33.33 % 


 Material: G4_WATER_ICE_AMORPHOUS H_2O   density: 940.000 mg/cm3  RadL:  38.386 cm   Nucl.Int.Length:  80.186 cm 
                       Imean:  78.000 eV   temperature: 293.15 K  pressure:   1.00 atm

   --->  Element: H (H)   Z =  1.0   N =     1   A =  1.008 g/mole
         --->  Isotope:    H1   Z =  1   N =   1   A =   1.01 g/mole   abundance: 99.989 %
         --->  Isotope:    H2   Z =  1   N =   2   A =   2.01 g/mole   abundance:  0.011 %
          ElmMassFraction:  11.19 %  ElmAbundance  66.67 % 

   --->  Element: O (O)   Z =  8.0   N =    16   A = 15.999 g/mole
         --->  Isotope:   O16   Z =  8   N =  16   A =  15.99 g/mole   abundance: 99.757 %
         --->  Isotope:   O17   Z =  8   N =  17   A =  17.00 g/mole   abundance:  0.038 %
         --->  Isotope:   O18   Z =  8   N =  18   A =  18.00 g/mole   abundance:  0.205 %
          ElmMassFraction:  88.81 %  ElmAbundance  33.33 % 



Michaud_ELSEPA_LOW Elastic model is constructed 
Energy range: 2 eV - 0.0002 MeV
Michaud_ELSEPA_HIGH Elastic model is constructed 
Energy range: 200 eV - 10 MeV
=======================================================================
======                 Electromagnetic Physics Parameters      ========
=======================================================================
LPM effect enabled                                 1
Enable creation and use of sampling tables         0
Apply cuts on all EM processes                     0
Use combined TransportationWithMsc                 Disabled
Use general process                                0
Enable linear polarisation for gamma               0
Enable photoeffect sampling below K-shell          1
Enable sampling of quantum entanglement            0
X-section factor for integral approach             0.8
Min kinetic energy for tables                      1 eV 
Max kinetic energy for tables                      1 GeV
Number of bins per decade of a table               20
Verbose level                                      1
Verbose level for worker thread                    0
Bremsstrahlung energy threshold above which 
  primary e+- is added to the list of secondary    100 TeV
Bremsstrahlung energy threshold above which primary
  muon/hadron is added to the list of secondary    100 TeV
Positron annihilation at rest model                AllisonPositronium
Enable 3 gamma annihilation on fly                 0
Lowest triplet kinetic energy                      1 MeV
Enable sampling of gamma linear polarisation       0
5D gamma conversion model type                     0
5D gamma conversion model on isolated ion          0
Use Ricardo-Gerardo pair production model          0
Livermore data directory                           epics_2017
=======================================================================
======                 Ionisation Parameters                   ========
=======================================================================
Step function for e+-                              (0.2, 0.01 mm)
Step function for muons/hadrons                    (0.1, 0.05 mm)
Step function for light ions                       (0.1, 0.02 mm)
Step function for general ions                     (0.1, 0.001 mm)
Lowest e+e- kinetic energy                         0 eV 
Lowest muon/hadron kinetic energy                  1 keV
Use ICRU90 data                                    1
Fluctuations of dE/dx are enabled                  1
Type of fluctuation model for leptons and hadrons  Universal
Use built-in Birks satuaration                     0
Build CSDA range enabled                           0
Use cut as a final range enabled                   0
Enable angular generator interface                 1
Max kinetic energy for CSDA tables                 1 GeV
Max kinetic energy for NIEL computation            0 eV 
Linear loss limit                                  0.01
Read data from file for e+e- pair production by mu 0
=======================================================================
======                 Multiple Scattering Parameters          ========
=======================================================================
Type of msc step limit algorithm for e+-           2
Type of msc step limit algorithm for muons/hadrons 0
Msc lateral displacement for e+- enabled           1
Msc lateral displacement for muons and hadrons     0
Urban msc model lateral displacement alg96         1
Range factor for msc step limit for e+-            0.08
Range factor for msc step limit for muons/hadrons  0.2
Geometry factor for msc step limitation of e+-     2.5
Safety factor for msc step limit for e+-           0.6
Skin parameter for msc step limitation of e+-      3
Lambda limit for msc step limit for e+-            1 mm
Use Mott correction for e- scattering              1
Factor used for dynamic computation of angular 
  limit between single and multiple scattering     1
Fixed angular limit between single 
  and multiple scattering                          3.1416 rad
Upper energy limit for e+- multiple scattering     100 MeV
Type of electron single scattering model           0
Type of nuclear form-factor                        1
Screening factor                                   1
=======================================================================
======                 Atomic Deexcitation Parameters          ========
=======================================================================
Fluorescence enabled                               1
Directory in G4LEDATA for fluorescence data files  fluor
Auger electron cascade enabled                     1
PIXE atomic de-excitation enabled                  0
De-excitation module ignores cuts                  1
Type of PIXE cross section for hadrons             Empirical
Type of PIXE cross section for e+-                 Livermore
=======================================================================
======                 DNA Physics Parameters                  ========
=======================================================================
Use fast sampling in DNA models                    1
Use Stationary option in DNA models                0
Use DNA with multiple scattering of e-             0
Use DNA e- solvation model type                    11003
=======================================================================
Loaded cross section files for Michaud_ELSEPA_HIGH Elastic model
Michaud_ELSEPA_HIGH Elastic model is initialized 
Energy range: 200 eV - 10 MeV
Loaded cross section files for Michaud_ELSEPA_LOW Elastic model
Michaud_ELSEPA_LOW Elastic model is initialized 
Energy range: 2 eV - 0.0002 MeV
[DEBUG] eTdummyVec.size() = 155
[DEBUG] eVecm[0].size() = 0
[DEBUG] eVecm[1.7].size() = 181
[DEBUG] eVecm[1.75394].size() = 181
[DEBUG] eVecm[1.8096].size() = 181
[DEBUG] eVecm[1.86701].size() = 181
[DEBUG] eVecm[200].size() = 181

e-_G4DNAElastic_ICE:  for e- SubType=51 BuildTable=0
      ===== EM models for the G4Region  DefaultRegionForTheWorld ======
DNAMichaud_ELSEPA_LOW_ElasticModel : Emin=    0 eV  Emax=  200 eV 
DNAMichaud_ELSEPA_HIGH_ElasticModel : Emin=  200 eV  Emax=   10 MeV

e-_G4DNAVib_ICE:  for e- SubType=54 BuildTable=0
      ===== EM models for the G4Region  DefaultRegionForTheWorld ======
DNAMichaudExcitationModel : Emin=    0 eV  Emax=  100 eV 

e-_G4DNAAttachment_ICE:  for e- SubType=55 BuildTable=0
      ===== EM models for the G4Region  DefaultRegionForTheWorld ======
DNAMichaudAttachmentModel : Emin=    0 eV  Emax=   13 eV 

e-_G4DNAExcitation_ICE:  for e- SubType=52 BuildTable=0
      ===== EM models for the G4Region  DefaultRegionForTheWorld ======
DNAEmfietzoglou_iceExcitationModel : Emin=    0 eV  Emax=   10 MeV

e-_G4DNAIonisation_ICE:  for e- SubType=53 BuildTable=0
      ===== EM models for the G4Region  DefaultRegionForTheWorld ======
DNAEmfietzoglou_iceIonisationModel : Emin=    0 eV  Emax=   10 MeV  deltaBorn
        MollerBhabha : Emin=   10 MeV Emax=    1 GeV

msc:  for e-  SubType= 10
      ===== EM models for the G4Region  DefaultRegionForTheWorld ======
            UrbanMsc : Emin=    0 eV  Emax=    1 GeV Nbins=40  10 MeV -   1 GeV
          StepLim=SafetyPlus Rfact=0.08 Gfact=2.5 Sfact=0.6 DispFlag:1 Skin=3 Llim=1 mm

eBrem:  for e-  XStype:3  SubType=3
      dE/dx and range tables from 10 MeV to 1 GeV in 180 bins
      Lambda tables from threshold to 1 GeV, 20 bins/decade, spline: 1
      LPM flag: 1 for E > 1 GeV,  VertexHighEnergyTh(GeV)= 100000
      ===== EM models for the G4Region  DefaultRegionForTheWorld ======
             eBremSB : Emin=    0 eV  Emax=    1 GeV  ModifiedTsai

CoulombScat:  for e- XStype:1 SubType=1 BuildTable=1
      Lambda table from threshold  to 1 GeV, 20 bins/decade, spline: 0
      ThetaMin(p) < Theta(degree) < 180, pLimit(GeV^1)= 0.139531
      ===== EM models for the G4Region  DefaultRegionForTheWorld ======
        WentzelVIUni : Emin=    0 eV  Emax=    1 GeV
          StepLim=SafetyPlus Rfact=0.08 Gfact=2.5 Sfact=0.6 DispFlag:1 Skin=3 Llim=1 mm

=========================================================================
--> G4TaskRunManager::CreateAndStartWorkers() --> Initializing workers...
=========================================================================

G4WT5 > ##### Create analysis manager   0x770d4e400
G4WT5 > Accumulable registered as "accumulable_0"
G4WT5 > Accumulable registered as "accumulable_1"
G4WT5 > Accumulable registered as "accumulable_2"
G4WT5 > Accumulable registered as "accumulable_3"
G4WT8 > ##### Create analysis manager   0x770d4e880
G4WT8 > Accumulable registered as "accumulable_0"
G4WT8 > Accumulable registered as "accumulable_1"
G4WT8 > Accumulable registered as "accumulable_2"
G4WT8 > Accumulable registered as "accumulable_3"
G4WT7 > ##### Create analysis manager   0x770d4ea00
G4WT7 > Accumulable registered as "accumulable_0"
G4WT7 > Accumulable registered as "accumulable_1"
G4WT7 > Accumulable registered as "accumulable_2"
G4WT7 > Accumulable registered as "accumulable_3"
G4WT8 > Using  analysis manager
G4WT5 > Using  analysis manager
G4WT7 > Using  analysis manager
G4WT1 > ##### Create analysis manager   0x770d4f900
G4WT1 > Accumulable registered as "accumulable_0"
G4WT1 > Accumulable registered as "accumulable_1"
G4WT1 > Accumulable registered as "accumulable_2"
G4WT1 > Accumulable registered as "accumulable_3"
G4WT6 > ##### Create analysis manager   0x770fec780
G4WT6 > Accumulable registered as "accumulable_0"
G4WT6 > Accumulable registered as "accumulable_1"
G4WT6 > Accumulable registered as "accumulable_2"
G4WT6 > Accumulable registered as "accumulable_3"
G4WT10 > ##### Create analysis manager   0x770fecc00
G4WT10 > Accumulable registered as "accumulable_0"
G4WT10 > Accumulable registered as "accumulable_1"
G4WT10 > Accumulable registered as "accumulable_2"
G4WT10 > Accumulable registered as "accumulable_3"
G4WT11 > ##### Create analysis manager   0x770fed080
G4WT11 > Accumulable registered as "accumulable_0"
G4WT11 > Accumulable registered as "accumulable_1"
G4WT11 > Accumulable registered as "accumulable_2"
G4WT11 > Accumulable registered as "accumulable_3"
G4WT6 > Using  analysis manager
G4WT2 > ##### Create analysis manager   0x770fed500
G4WT2 > Accumulable registered as "accumulable_0"
G4WT3 > ##### Create analysis manager   0x770fed680
G4WT10 > Using  analysis manager
G4WT2 > Accumulable registered as "accumulable_1"
G4WT2 > Accumulable registered as "accumulable_2"
G4WT2 > Accumulable registered as "accumulable_3"
G4WT0 > ##### Create analysis manager   0x770fee100
G4WT0 > Accumulable registered as "accumulable_0"
G4WT0 > Accumulable registered as "accumulable_1"
G4WT0 > Accumulable registered as "accumulable_2"
G4WT0 > Accumulable registered as "accumulable_3"
G4WT11 > Using  analysis manager
G4WT0 > Using  analysis manager
G4WT2 > Using  analysis manager
G4WT1 > Using  analysis manager
G4WT3 > Accumulable registered as "accumulable_0"
G4WT3 > Accumulable registered as "accumulable_1"
G4WT3 > Accumulable registered as "accumulable_2"
G4WT3 > Accumulable registered as "accumulable_3"
G4WT3 > Using  analysis manager
G4WT9 > ##### Create analysis manager   0x770fefc00
G4WT9 > Accumulable registered as "accumulable_0"
G4WT9 > Accumulable registered as "accumulable_1"
G4WT9 > Accumulable registered as "accumulable_2"
G4WT9 > Accumulable registered as "accumulable_3"
G4WT4 > ##### Create analysis manager   0x770fefd80
G4WT4 > Accumulable registered as "accumulable_0"
G4WT4 > Accumulable registered as "accumulable_1"
G4WT4 > Accumulable registered as "accumulable_2"
G4WT4 > Accumulable registered as "accumulable_3"
G4WT4 > Using  analysis manager
G4WT9 > Using  analysis manager
DNA logging mode: minimal
... set ntuple merging row mode : row-wise - done
... create file : dna_ice_am_rho0p5_E00025_0p00342675862MeV.root - done
... open analysis file : dna_ice_am_rho0p5_E00025_0p00342675862MeV.root - done
... open main analysis file : dna_ice_am_rho0p5_E00025_0p00342675862MeV.root - done

==========================================================================================
--> G4TaskRunManager::CreateAndStartWorkers() --> Creating 32 tasks with 31 events/task...
==========================================================================================

G4WT7 > DNA logging mode: minimal
G4WT7 > ... set ntuple merging row mode : row-wise - done
G4WT0 > DNA logging mode: minimal
G4WT0 > ... set ntuple merging row mode : row-wise - done
G4WT8 > DNA logging mode: minimal
G4WT8 > ... set ntuple merging row mode : row-wise - done
G4WT9 > DNA logging mode: minimal
G4WT9 > ... set ntuple merging row mode : row-wise - done
G4WT3 > DNA logging mode: minimal
G4WT3 > ... set ntuple merging row mode : row-wise - done
G4WT11 > DNA logging mode: minimal
G4WT11 > ... set ntuple merging row mode : row-wise - done
G4WT6 > DNA logging mode: minimal
G4WT6 > ... set ntuple merging row mode : row-wise - done
G4WT2 > DNA logging mode: minimal
G4WT2 > ... set ntuple merging row mode : row-wise - done
G4WT10 > DNA logging mode: minimal
G4WT10 > ... set ntuple merging row mode : row-wise - done
G4WT4 > DNA logging mode: minimal
G4WT4 > ... set ntuple merging row mode : row-wise - done
G4WT1 > DNA logging mode: minimal
G4WT1 > ... set ntuple merging row mode : row-wise - done
G4WT5 > DNA logging mode: minimal
G4WT5 > ... set ntuple merging row mode : row-wise - done
... write file : dna_ice_am_rho0p5_E00025_0p00342675862MeV.root - done
... close file : dna_ice_am_rho0p5_E00025_0p00342675862MeV.root - done

 Nb of ionisations = 61.298 +- 56.161

 w = 55.903 eV  +- 51.218 eV 
[energy 26] E=0.00344920819 MeV -> root/dna_ice_am_rho0p5_E00026_0p00344920819MeV.root

**************************************************************
 Geant4 version Name: geant4-11-03-patch-02 [MT]   (25-April-2025)
  << in Multi-threaded mode >> 
                       Copyright : Geant4 Collaboration
                      References : NIM A 506 (2003), 250-303
                                 : IEEE-TNS 53 (2006), 270-278
                                 : NIM A 835 (2016), 186-225
                             WWW : http://geant4.org/
**************************************************************

Using physics list: ice (phase: amorphous)
##### Create analysis manager   0xbc8d54c00
Accumulable registered as "accumulable_0"
Accumulable registered as "accumulable_1"
Accumulable registered as "accumulable_2"
Accumulable registered as "accumulable_3"
Using  analysis manager
RunAction: log mode set to minimal
-> Density of water_modified material (g/cm3)=0.5

***** Table : Nb of materials = 5 *****

 Material:   G4_ICE H_2O   density:  1.000 g/cm3   RadL:  36.083 cm   Nucl.Int.Length:  75.375 cm 
                       Imean:  78.000 eV   temperature: 293.15 K  pressure:   1.00 atm

   --->  Element: H (H)   Z =  1.0   N =     1   A =  1.008 g/mole
         --->  Isotope:    H1   Z =  1   N =   1   A =   1.01 g/mole   abundance: 99.989 %
         --->  Isotope:    H2   Z =  1   N =   2   A =   2.01 g/mole   abundance:  0.011 %
          ElmMassFraction:  11.19 %  ElmAbundance  66.67 % 

   --->  Element: O (O)   Z =  8.0   N =    16   A = 15.999 g/mole
         --->  Isotope:   O16   Z =  8   N =  16   A =  15.99 g/mole   abundance: 99.757 %
         --->  Isotope:   O17   Z =  8   N =  17   A =  17.00 g/mole   abundance:  0.038 %
         --->  Isotope:   O18   Z =  8   N =  18   A =  18.00 g/mole   abundance:  0.205 %
          ElmMassFraction:  88.81 %  ElmAbundance  33.33 % 


 Material: G4_Galactic    density:  0.000 mg/cm3  RadL: 204310098.490 pc   Nucl.Int.Length: 3240.779 pc 
                       Imean:  21.800 eV   temperature:   2.73 K  pressure:   0.00 atm

   --->  Element: H (H)   Z =  1.0   N =     1   A =  1.008 g/mole
         --->  Isotope:    H1   Z =  1   N =   1   A =   1.01 g/mole   abundance: 99.989 %
         --->  Isotope:    H2   Z =  1   N =   2   A =   2.01 g/mole   abundance:  0.011 %
          ElmMassFraction: 100.00 %  ElmAbundance 100.00 % 


 Material: G4_WATER H_2O   density:  1.000 g/cm3   RadL:  36.083 cm   Nucl.Int.Length:  75.375 cm 
                       Imean:  78.000 eV   temperature: 293.15 K  pressure:   1.00 atm

   --->  Element: H (H)   Z =  1.0   N =     1   A =  1.008 g/mole
         --->  Isotope:    H1   Z =  1   N =   1   A =   1.01 g/mole   abundance: 99.989 %
         --->  Isotope:    H2   Z =  1   N =   2   A =   2.01 g/mole   abundance:  0.011 %
          ElmMassFraction:  11.19 %  ElmAbundance  66.67 % 

   --->  Element: O (O)   Z =  8.0   N =    16   A = 15.999 g/mole
         --->  Isotope:   O16   Z =  8   N =  16   A =  15.99 g/mole   abundance: 99.757 %
         --->  Isotope:   O17   Z =  8   N =  17   A =  17.00 g/mole   abundance:  0.038 %
         --->  Isotope:   O18   Z =  8   N =  18   A =  18.00 g/mole   abundance:  0.205 %
          ElmMassFraction:  88.81 %  ElmAbundance  33.33 % 


 Material: G4_WATER_ICE_USER H_2O   density: 500.000 mg/cm3  RadL:  72.166 cm   Nucl.Int.Length:   1.507 m  
                       Imean:  78.000 eV   temperature: 293.15 K  pressure:   1.00 atm

   --->  Element: H (H)   Z =  1.0   N =     1   A =  1.008 g/mole
         --->  Isotope:    H1   Z =  1   N =   1   A =   1.01 g/mole   abundance: 99.989 %
         --->  Isotope:    H2   Z =  1   N =   2   A =   2.01 g/mole   abundance:  0.011 %
          ElmMassFraction:  11.19 %  ElmAbundance  66.67 % 

   --->  Element: O (O)   Z =  8.0   N =    16   A = 15.999 g/mole
         --->  Isotope:   O16   Z =  8   N =  16   A =  15.99 g/mole   abundance: 99.757 %
         --->  Isotope:   O17   Z =  8   N =  17   A =  17.00 g/mole   abundance:  0.038 %
         --->  Isotope:   O18   Z =  8   N =  18   A =  18.00 g/mole   abundance:  0.205 %
          ElmMassFraction:  88.81 %  ElmAbundance  33.33 % 


 Material: G4_WATER_ICE_AMORPHOUS H_2O   density: 940.000 mg/cm3  RadL:  38.386 cm   Nucl.Int.Length:  80.186 cm 
                       Imean:  78.000 eV   temperature: 293.15 K  pressure:   1.00 atm

   --->  Element: H (H)   Z =  1.0   N =     1   A =  1.008 g/mole
         --->  Isotope:    H1   Z =  1   N =   1   A =   1.01 g/mole   abundance: 99.989 %
         --->  Isotope:    H2   Z =  1   N =   2   A =   2.01 g/mole   abundance:  0.011 %
          ElmMassFraction:  11.19 %  ElmAbundance  66.67 % 

   --->  Element: O (O)   Z =  8.0   N =    16   A = 15.999 g/mole
         --->  Isotope:   O16   Z =  8   N =  16   A =  15.99 g/mole   abundance: 99.757 %
         --->  Isotope:   O17   Z =  8   N =  17   A =  17.00 g/mole   abundance:  0.038 %
         --->  Isotope:   O18   Z =  8   N =  18   A =  18.00 g/mole   abundance:  0.205 %
          ElmMassFraction:  88.81 %  ElmAbundance  33.33 % 



Michaud_ELSEPA_LOW Elastic model is constructed 
Energy range: 2 eV - 0.0002 MeV
Michaud_ELSEPA_HIGH Elastic model is constructed 
Energy range: 200 eV - 10 MeV
=======================================================================
======                 Electromagnetic Physics Parameters      ========
=======================================================================
LPM effect enabled                                 1
Enable creation and use of sampling tables         0
Apply cuts on all EM processes                     0
Use combined TransportationWithMsc                 Disabled
Use general process                                0
Enable linear polarisation for gamma               0
Enable photoeffect sampling below K-shell          1
Enable sampling of quantum entanglement            0
X-section factor for integral approach             0.8
Min kinetic energy for tables                      1 eV 
Max kinetic energy for tables                      1 GeV
Number of bins per decade of a table               20
Verbose level                                      1
Verbose level for worker thread                    0
Bremsstrahlung energy threshold above which 
  primary e+- is added to the list of secondary    100 TeV
Bremsstrahlung energy threshold above which primary
  muon/hadron is added to the list of secondary    100 TeV
Positron annihilation at rest model                AllisonPositronium
Enable 3 gamma annihilation on fly                 0
Lowest triplet kinetic energy                      1 MeV
Enable sampling of gamma linear polarisation       0
5D gamma conversion model type                     0
5D gamma conversion model on isolated ion          0
Use Ricardo-Gerardo pair production model          0
Livermore data directory                           epics_2017
=======================================================================
======                 Ionisation Parameters                   ========
=======================================================================
Step function for e+-                              (0.2, 0.01 mm)
Step function for muons/hadrons                    (0.1, 0.05 mm)
Step function for light ions                       (0.1, 0.02 mm)
Step function for general ions                     (0.1, 0.001 mm)
Lowest e+e- kinetic energy                         0 eV 
Lowest muon/hadron kinetic energy                  1 keV
Use ICRU90 data                                    1
Fluctuations of dE/dx are enabled                  1
Type of fluctuation model for leptons and hadrons  Universal
Use built-in Birks satuaration                     0
Build CSDA range enabled                           0
Use cut as a final range enabled                   0
Enable angular generator interface                 1
Max kinetic energy for CSDA tables                 1 GeV
Max kinetic energy for NIEL computation            0 eV 
Linear loss limit                                  0.01
Read data from file for e+e- pair production by mu 0
=======================================================================
======                 Multiple Scattering Parameters          ========
=======================================================================
Type of msc step limit algorithm for e+-           2
Type of msc step limit algorithm for muons/hadrons 0
Msc lateral displacement for e+- enabled           1
Msc lateral displacement for muons and hadrons     0
Urban msc model lateral displacement alg96         1
Range factor for msc step limit for e+-            0.08
Range factor for msc step limit for muons/hadrons  0.2
Geometry factor for msc step limitation of e+-     2.5
Safety factor for msc step limit for e+-           0.6
Skin parameter for msc step limitation of e+-      3
Lambda limit for msc step limit for e+-            1 mm
Use Mott correction for e- scattering              1
Factor used for dynamic computation of angular 
  limit between single and multiple scattering     1
Fixed angular limit between single 
  and multiple scattering                          3.1416 rad
Upper energy limit for e+- multiple scattering     100 MeV
Type of electron single scattering model           0
Type of nuclear form-factor                        1
Screening factor                                   1
=======================================================================
======                 Atomic Deexcitation Parameters          ========
=======================================================================
Fluorescence enabled                               1
Directory in G4LEDATA for fluorescence data files  fluor
Auger electron cascade enabled                     1
PIXE atomic de-excitation enabled                  0
De-excitation module ignores cuts                  1
Type of PIXE cross section for hadrons             Empirical
Type of PIXE cross section for e+-                 Livermore
=======================================================================
======                 DNA Physics Parameters                  ========
=======================================================================
Use fast sampling in DNA models                    1
Use Stationary option in DNA models                0
Use DNA with multiple scattering of e-             0
Use DNA e- solvation model type                    11003
=======================================================================
Loaded cross section files for Michaud_ELSEPA_HIGH Elastic model
Michaud_ELSEPA_HIGH Elastic model is initialized 
Energy range: 200 eV - 10 MeV
Loaded cross section files for Michaud_ELSEPA_LOW Elastic model
Michaud_ELSEPA_LOW Elastic model is initialized 
Energy range: 2 eV - 0.0002 MeV
[DEBUG] eTdummyVec.size() = 155
[DEBUG] eVecm[0].size() = 0
[DEBUG] eVecm[1.7].size() = 181
[DEBUG] eVecm[1.75394].size() = 181
[DEBUG] eVecm[1.8096].size() = 181
[DEBUG] eVecm[1.86701].size() = 181
[DEBUG] eVecm[200].size() = 181

e-_G4DNAElastic_ICE:  for e- SubType=51 BuildTable=0
      ===== EM models for the G4Region  DefaultRegionForTheWorld ======
DNAMichaud_ELSEPA_LOW_ElasticModel : Emin=    0 eV  Emax=  200 eV 
DNAMichaud_ELSEPA_HIGH_ElasticModel : Emin=  200 eV  Emax=   10 MeV

e-_G4DNAVib_ICE:  for e- SubType=54 BuildTable=0
      ===== EM models for the G4Region  DefaultRegionForTheWorld ======
DNAMichaudExcitationModel : Emin=    0 eV  Emax=  100 eV 

e-_G4DNAAttachment_ICE:  for e- SubType=55 BuildTable=0
      ===== EM models for the G4Region  DefaultRegionForTheWorld ======
DNAMichaudAttachmentModel : Emin=    0 eV  Emax=   13 eV 

e-_G4DNAExcitation_ICE:  for e- SubType=52 BuildTable=0
      ===== EM models for the G4Region  DefaultRegionForTheWorld ======
DNAEmfietzoglou_iceExcitationModel : Emin=    0 eV  Emax=   10 MeV

e-_G4DNAIonisation_ICE:  for e- SubType=53 BuildTable=0
      ===== EM models for the G4Region  DefaultRegionForTheWorld ======
DNAEmfietzoglou_iceIonisationModel : Emin=    0 eV  Emax=   10 MeV  deltaBorn
        MollerBhabha : Emin=   10 MeV Emax=    1 GeV

msc:  for e-  SubType= 10
      ===== EM models for the G4Region  DefaultRegionForTheWorld ======
            UrbanMsc : Emin=    0 eV  Emax=    1 GeV Nbins=40  10 MeV -   1 GeV
          StepLim=SafetyPlus Rfact=0.08 Gfact=2.5 Sfact=0.6 DispFlag:1 Skin=3 Llim=1 mm

eBrem:  for e-  XStype:3  SubType=3
      dE/dx and range tables from 10 MeV to 1 GeV in 180 bins
      Lambda tables from threshold to 1 GeV, 20 bins/decade, spline: 1
      LPM flag: 1 for E > 1 GeV,  VertexHighEnergyTh(GeV)= 100000
      ===== EM models for the G4Region  DefaultRegionForTheWorld ======
             eBremSB : Emin=    0 eV  Emax=    1 GeV  ModifiedTsai

CoulombScat:  for e- XStype:1 SubType=1 BuildTable=1
      Lambda table from threshold  to 1 GeV, 20 bins/decade, spline: 0
      ThetaMin(p) < Theta(degree) < 180, pLimit(GeV^1)= 0.139531
      ===== EM models for the G4Region  DefaultRegionForTheWorld ======
        WentzelVIUni : Emin=    0 eV  Emax=    1 GeV
          StepLim=SafetyPlus Rfact=0.08 Gfact=2.5 Sfact=0.6 DispFlag:1 Skin=3 Llim=1 mm

=========================================================================
--> G4TaskRunManager::CreateAndStartWorkers() --> Initializing workers...
=========================================================================

G4WT1 > ##### Create analysis manager   0xbc8d57600
G4WT1 > Accumulable registered as "accumulable_0"
G4WT1 > Accumulable registered as "accumulable_1"
G4WT1 > Accumulable registered as "accumulable_2"
G4WT1 > Accumulable registered as "accumulable_3"
G4WT6 > ##### Create analysis manager   0xbc8d57c00
G4WT6 > Accumulable registered as "accumulable_0"
G4WT6 > Accumulable registered as "accumulable_1"
G4WT6 > Accumulable registered as "accumulable_2"
G4WT6 > Accumulable registered as "accumulable_3"
G4WT9 > ##### Create analysis manager   0xbc7d04180
G4WT9 > Accumulable registered as "accumulable_0"
G4WT9 > Accumulable registered as "accumulable_1"
G4WT9 > Accumulable registered as "accumulable_2"
G4WT9 > Accumulable registered as "accumulable_3"
G4WT7 > ##### Create analysis manager   0xbc7d04300
G4WT7 > Accumulable registered as "accumulable_0"
G4WT7 > Accumulable registered as "accumulable_1"
G4WT7 > Accumulable registered as "accumulable_2"
G4WT7 > Accumulable registered as "accumulable_3"
G4WT11 > ##### Create analysis manager   0xbc7d04600
G4WT11 > Accumulable registered as "accumulable_0"
G4WT11 > Accumulable registered as "accumulable_1"
G4WT11 > Accumulable registered as "accumulable_2"
G4WT11 > Accumulable registered as "accumulable_3"
G4WT9 > Using  analysis manager
G4WT1 > Using  analysis manager
G4WT11 > Using  analysis manager
G4WT5 > ##### Create analysis manager   0xbc7d05080
G4WT5 > Accumulable registered as "accumulable_0"
G4WT5 > Accumulable registered as "accumulable_1"
G4WT5 > Accumulable registered as "accumulable_2"
G4WT5 > Accumulable registered as "accumulable_3"
G4WT5 > Using  analysis manager
G4WT8 > ##### Create analysis manager   0xbc7d05b00
G4WT8 > Accumulable registered as "accumulable_0"
G4WT8 > Accumulable registered as "accumulable_1"
G4WT8 > Accumulable registered as "accumulable_2"
G4WT8 > Accumulable registered as "accumulable_3"
G4WT4 > ##### Create analysis manager   0xbc7d05c80
G4WT4 > Accumulable registered as "accumulable_0"
G4WT4 > Accumulable registered as "accumulable_1"
G4WT4 > Accumulable registered as "accumulable_2"
G4WT4 > Accumulable registered as "accumulable_3"
G4WT2 > ##### Create analysis manager   0xbc8d57780
G4WT2 > Accumulable registered as "accumulable_0"
G4WT2 > Accumulable registered as "accumulable_1"
G4WT2 > Accumulable registered as "accumulable_2"
G4WT2 > Accumulable registered as "accumulable_3"
G4WT8 > Using  analysis manager
G4WT4 > Using  analysis manager
G4WT3 > ##### Create analysis manager   0xbc7d06400
G4WT3 > Accumulable registered as "accumulable_0"
G4WT3 > Accumulable registered as "accumulable_1"
G4WT2 > Using  analysis manager
G4WT10 > ##### Create analysis manager   0xbc7d04480
G4WT10 > Accumulable registered as "accumulable_0"
G4WT10 > Accumulable registered as "accumulable_1"
G4WT10 > Accumulable registered as "accumulable_2"
G4WT10 > Accumulable registered as "accumulable_3"
G4WT10 > Using  analysis manager
G4WT7 > Using  analysis manager
G4WT0 > ##### Create analysis manager   0xbc7d07180
G4WT0 > Accumulable registered as "accumulable_0"
G4WT0 > Accumulable registered as "accumulable_1"
G4WT0 > Accumulable registered as "accumulable_2"
G4WT0 > Accumulable registered as "accumulable_3"
G4WT0 > Using  analysis manager
G4WT3 > Accumulable registered as "accumulable_2"
G4WT3 > Accumulable registered as "accumulable_3"
G4WT6 > Using  analysis manager
G4WT3 > Using  analysis manager
DNA logging mode: minimal
... set ntuple merging row mode : row-wise - done
... create file : dna_ice_am_rho0p5_E00026_0p00344920819MeV.root - done
... open analysis file : dna_ice_am_rho0p5_E00026_0p00344920819MeV.root - done
... open main analysis file : dna_ice_am_rho0p5_E00026_0p00344920819MeV.root - done

==========================================================================================
--> G4TaskRunManager::CreateAndStartWorkers() --> Creating 32 tasks with 31 events/task...
==========================================================================================

G4WT11 > DNA logging mode: minimal
G4WT11 > ... set ntuple merging row mode : row-wise - done
G4WT7 > DNA logging mode: minimal
G4WT7 > ... set ntuple merging row mode : row-wise - done
G4WT1 > DNA logging mode: minimal
G4WT1 > ... set ntuple merging row mode : row-wise - done
G4WT8 > DNA logging mode: minimal
G4WT8 > ... set ntuple merging row mode : row-wise - done
G4WT5 > DNA logging mode: minimal
G4WT5 > ... set ntuple merging row mode : row-wise - done
G4WT0 > DNA logging mode: minimal
G4WT0 > ... set ntuple merging row mode : row-wise - done
G4WT6 > DNA logging mode: minimal
G4WT6 > ... set ntuple merging row mode : row-wise - done
G4WT10 > DNA logging mode: minimal
G4WT10 > ... set ntuple merging row mode : row-wise - done
G4WT3 > DNA logging mode: minimal
G4WT3 > ... set ntuple merging row mode : row-wise - done
G4WT2 > DNA logging mode: minimal
G4WT2 > ... set ntuple merging row mode : row-wise - done
G4WT9 > DNA logging mode: minimal
G4WT9 > ... set ntuple merging row mode : row-wise - done
G4WT4 > DNA logging mode: minimal
G4WT4 > ... set ntuple merging row mode : row-wise - done
... write file : dna_ice_am_rho0p5_E00026_0p00344920819MeV.root - done
... close file : dna_ice_am_rho0p5_E00026_0p00344920819MeV.root - done

 Nb of ionisations = 61.943 +- 56.692

 w = 55.684 eV  +- 50.963 eV 
[energy 27] E=0.00347180483 MeV -> root/dna_ice_am_rho0p5_E00027_0p00347180483MeV.root

**************************************************************
 Geant4 version Name: geant4-11-03-patch-02 [MT]   (25-April-2025)
  << in Multi-threaded mode >> 
                       Copyright : Geant4 Collaboration
                      References : NIM A 506 (2003), 250-303
                                 : IEEE-TNS 53 (2006), 270-278
                                 : NIM A 835 (2016), 186-225
                             WWW : http://geant4.org/
**************************************************************

Using physics list: ice (phase: amorphous)
##### Create analysis manager   0x7bc995500
Accumulable registered as "accumulable_0"
Accumulable registered as "accumulable_1"
Accumulable registered as "accumulable_2"
Accumulable registered as "accumulable_3"
Using  analysis manager
RunAction: log mode set to minimal
-> Density of water_modified material (g/cm3)=0.5

***** Table : Nb of materials = 5 *****

 Material:   G4_ICE H_2O   density:  1.000 g/cm3   RadL:  36.083 cm   Nucl.Int.Length:  75.375 cm 
                       Imean:  78.000 eV   temperature: 293.15 K  pressure:   1.00 atm

   --->  Element: H (H)   Z =  1.0   N =     1   A =  1.008 g/mole
         --->  Isotope:    H1   Z =  1   N =   1   A =   1.01 g/mole   abundance: 99.989 %
         --->  Isotope:    H2   Z =  1   N =   2   A =   2.01 g/mole   abundance:  0.011 %
          ElmMassFraction:  11.19 %  ElmAbundance  66.67 % 

   --->  Element: O (O)   Z =  8.0   N =    16   A = 15.999 g/mole
         --->  Isotope:   O16   Z =  8   N =  16   A =  15.99 g/mole   abundance: 99.757 %
         --->  Isotope:   O17   Z =  8   N =  17   A =  17.00 g/mole   abundance:  0.038 %
         --->  Isotope:   O18   Z =  8   N =  18   A =  18.00 g/mole   abundance:  0.205 %
          ElmMassFraction:  88.81 %  ElmAbundance  33.33 % 


 Material: G4_Galactic    density:  0.000 mg/cm3  RadL: 204310098.490 pc   Nucl.Int.Length: 3240.779 pc 
                       Imean:  21.800 eV   temperature:   2.73 K  pressure:   0.00 atm

   --->  Element: H (H)   Z =  1.0   N =     1   A =  1.008 g/mole
         --->  Isotope:    H1   Z =  1   N =   1   A =   1.01 g/mole   abundance: 99.989 %
         --->  Isotope:    H2   Z =  1   N =   2   A =   2.01 g/mole   abundance:  0.011 %
          ElmMassFraction: 100.00 %  ElmAbundance 100.00 % 


 Material: G4_WATER H_2O   density:  1.000 g/cm3   RadL:  36.083 cm   Nucl.Int.Length:  75.375 cm 
                       Imean:  78.000 eV   temperature: 293.15 K  pressure:   1.00 atm

   --->  Element: H (H)   Z =  1.0   N =     1   A =  1.008 g/mole
         --->  Isotope:    H1   Z =  1   N =   1   A =   1.01 g/mole   abundance: 99.989 %
         --->  Isotope:    H2   Z =  1   N =   2   A =   2.01 g/mole   abundance:  0.011 %
          ElmMassFraction:  11.19 %  ElmAbundance  66.67 % 

   --->  Element: O (O)   Z =  8.0   N =    16   A = 15.999 g/mole
         --->  Isotope:   O16   Z =  8   N =  16   A =  15.99 g/mole   abundance: 99.757 %
         --->  Isotope:   O17   Z =  8   N =  17   A =  17.00 g/mole   abundance:  0.038 %
         --->  Isotope:   O18   Z =  8   N =  18   A =  18.00 g/mole   abundance:  0.205 %
          ElmMassFraction:  88.81 %  ElmAbundance  33.33 % 


 Material: G4_WATER_ICE_USER H_2O   density: 500.000 mg/cm3  RadL:  72.166 cm   Nucl.Int.Length:   1.507 m  
                       Imean:  78.000 eV   temperature: 293.15 K  pressure:   1.00 atm

   --->  Element: H (H)   Z =  1.0   N =     1   A =  1.008 g/mole
         --->  Isotope:    H1   Z =  1   N =   1   A =   1.01 g/mole   abundance: 99.989 %
         --->  Isotope:    H2   Z =  1   N =   2   A =   2.01 g/mole   abundance:  0.011 %
          ElmMassFraction:  11.19 %  ElmAbundance  66.67 % 

   --->  Element: O (O)   Z =  8.0   N =    16   A = 15.999 g/mole
         --->  Isotope:   O16   Z =  8   N =  16   A =  15.99 g/mole   abundance: 99.757 %
         --->  Isotope:   O17   Z =  8   N =  17   A =  17.00 g/mole   abundance:  0.038 %
         --->  Isotope:   O18   Z =  8   N =  18   A =  18.00 g/mole   abundance:  0.205 %
          ElmMassFraction:  88.81 %  ElmAbundance  33.33 % 


 Material: G4_WATER_ICE_AMORPHOUS H_2O   density: 940.000 mg/cm3  RadL:  38.386 cm   Nucl.Int.Length:  80.186 cm 
                       Imean:  78.000 eV   temperature: 293.15 K  pressure:   1.00 atm

   --->  Element: H (H)   Z =  1.0   N =     1   A =  1.008 g/mole
         --->  Isotope:    H1   Z =  1   N =   1   A =   1.01 g/mole   abundance: 99.989 %
         --->  Isotope:    H2   Z =  1   N =   2   A =   2.01 g/mole   abundance:  0.011 %
          ElmMassFraction:  11.19 %  ElmAbundance  66.67 % 

   --->  Element: O (O)   Z =  8.0   N =    16   A = 15.999 g/mole
         --->  Isotope:   O16   Z =  8   N =  16   A =  15.99 g/mole   abundance: 99.757 %
         --->  Isotope:   O17   Z =  8   N =  17   A =  17.00 g/mole   abundance:  0.038 %
         --->  Isotope:   O18   Z =  8   N =  18   A =  18.00 g/mole   abundance:  0.205 %
          ElmMassFraction:  88.81 %  ElmAbundance  33.33 % 



Michaud_ELSEPA_LOW Elastic model is constructed 
Energy range: 2 eV - 0.0002 MeV
Michaud_ELSEPA_HIGH Elastic model is constructed 
Energy range: 200 eV - 10 MeV
=======================================================================
======                 Electromagnetic Physics Parameters      ========
=======================================================================
LPM effect enabled                                 1
Enable creation and use of sampling tables         0
Apply cuts on all EM processes                     0
Use combined TransportationWithMsc                 Disabled
Use general process                                0
Enable linear polarisation for gamma               0
Enable photoeffect sampling below K-shell          1
Enable sampling of quantum entanglement            0
X-section factor for integral approach             0.8
Min kinetic energy for tables                      1 eV 
Max kinetic energy for tables                      1 GeV
Number of bins per decade of a table               20
Verbose level                                      1
Verbose level for worker thread                    0
Bremsstrahlung energy threshold above which 
  primary e+- is added to the list of secondary    100 TeV
Bremsstrahlung energy threshold above which primary
  muon/hadron is added to the list of secondary    100 TeV
Positron annihilation at rest model                AllisonPositronium
Enable 3 gamma annihilation on fly                 0
Lowest triplet kinetic energy                      1 MeV
Enable sampling of gamma linear polarisation       0
5D gamma conversion model type                     0
5D gamma conversion model on isolated ion          0
Use Ricardo-Gerardo pair production model          0
Livermore data directory                           epics_2017
=======================================================================
======                 Ionisation Parameters                   ========
=======================================================================
Step function for e+-                              (0.2, 0.01 mm)
Step function for muons/hadrons                    (0.1, 0.05 mm)
Step function for light ions                       (0.1, 0.02 mm)
Step function for general ions                     (0.1, 0.001 mm)
Lowest e+e- kinetic energy                         0 eV 
Lowest muon/hadron kinetic energy                  1 keV
Use ICRU90 data                                    1
Fluctuations of dE/dx are enabled                  1
Type of fluctuation model for leptons and hadrons  Universal
Use built-in Birks satuaration                     0
Build CSDA range enabled                           0
Use cut as a final range enabled                   0
Enable angular generator interface                 1
Max kinetic energy for CSDA tables                 1 GeV
Max kinetic energy for NIEL computation            0 eV 
Linear loss limit                                  0.01
Read data from file for e+e- pair production by mu 0
=======================================================================
======                 Multiple Scattering Parameters          ========
=======================================================================
Type of msc step limit algorithm for e+-           2
Type of msc step limit algorithm for muons/hadrons 0
Msc lateral displacement for e+- enabled           1
Msc lateral displacement for muons and hadrons     0
Urban msc model lateral displacement alg96         1
Range factor for msc step limit for e+-            0.08
Range factor for msc step limit for muons/hadrons  0.2
Geometry factor for msc step limitation of e+-     2.5
Safety factor for msc step limit for e+-           0.6
Skin parameter for msc step limitation of e+-      3
Lambda limit for msc step limit for e+-            1 mm
Use Mott correction for e- scattering              1
Factor used for dynamic computation of angular 
  limit between single and multiple scattering     1
Fixed angular limit between single 
  and multiple scattering                          3.1416 rad
Upper energy limit for e+- multiple scattering     100 MeV
Type of electron single scattering model           0
Type of nuclear form-factor                        1
Screening factor                                   1
=======================================================================
======                 Atomic Deexcitation Parameters          ========
=======================================================================
Fluorescence enabled                               1
Directory in G4LEDATA for fluorescence data files  fluor
Auger electron cascade enabled                     1
PIXE atomic de-excitation enabled                  0
De-excitation module ignores cuts                  1
Type of PIXE cross section for hadrons             Empirical
Type of PIXE cross section for e+-                 Livermore
=======================================================================
======                 DNA Physics Parameters                  ========
=======================================================================
Use fast sampling in DNA models                    1
Use Stationary option in DNA models                0
Use DNA with multiple scattering of e-             0
Use DNA e- solvation model type                    11003
=======================================================================
Loaded cross section files for Michaud_ELSEPA_HIGH Elastic model
Michaud_ELSEPA_HIGH Elastic model is initialized 
Energy range: 200 eV - 10 MeV
Loaded cross section files for Michaud_ELSEPA_LOW Elastic model
Michaud_ELSEPA_LOW Elastic model is initialized 
Energy range: 2 eV - 0.0002 MeV
[DEBUG] eTdummyVec.size() = 155
[DEBUG] eVecm[0].size() = 0
[DEBUG] eVecm[1.7].size() = 181
[DEBUG] eVecm[1.75394].size() = 181
[DEBUG] eVecm[1.8096].size() = 181
[DEBUG] eVecm[1.86701].size() = 181
[DEBUG] eVecm[200].size() = 181

e-_G4DNAElastic_ICE:  for e- SubType=51 BuildTable=0
      ===== EM models for the G4Region  DefaultRegionForTheWorld ======
DNAMichaud_ELSEPA_LOW_ElasticModel : Emin=    0 eV  Emax=  200 eV 
DNAMichaud_ELSEPA_HIGH_ElasticModel : Emin=  200 eV  Emax=   10 MeV

e-_G4DNAVib_ICE:  for e- SubType=54 BuildTable=0
      ===== EM models for the G4Region  DefaultRegionForTheWorld ======
DNAMichaudExcitationModel : Emin=    0 eV  Emax=  100 eV 

e-_G4DNAAttachment_ICE:  for e- SubType=55 BuildTable=0
      ===== EM models for the G4Region  DefaultRegionForTheWorld ======
DNAMichaudAttachmentModel : Emin=    0 eV  Emax=   13 eV 

e-_G4DNAExcitation_ICE:  for e- SubType=52 BuildTable=0
      ===== EM models for the G4Region  DefaultRegionForTheWorld ======
DNAEmfietzoglou_iceExcitationModel : Emin=    0 eV  Emax=   10 MeV

e-_G4DNAIonisation_ICE:  for e- SubType=53 BuildTable=0
      ===== EM models for the G4Region  DefaultRegionForTheWorld ======
DNAEmfietzoglou_iceIonisationModel : Emin=    0 eV  Emax=   10 MeV  deltaBorn
        MollerBhabha : Emin=   10 MeV Emax=    1 GeV

msc:  for e-  SubType= 10
      ===== EM models for the G4Region  DefaultRegionForTheWorld ======
            UrbanMsc : Emin=    0 eV  Emax=    1 GeV Nbins=40  10 MeV -   1 GeV
          StepLim=SafetyPlus Rfact=0.08 Gfact=2.5 Sfact=0.6 DispFlag:1 Skin=3 Llim=1 mm

eBrem:  for e-  XStype:3  SubType=3
      dE/dx and range tables from 10 MeV to 1 GeV in 180 bins
      Lambda tables from threshold to 1 GeV, 20 bins/decade, spline: 1
      LPM flag: 1 for E > 1 GeV,  VertexHighEnergyTh(GeV)= 100000
      ===== EM models for the G4Region  DefaultRegionForTheWorld ======
             eBremSB : Emin=    0 eV  Emax=    1 GeV  ModifiedTsai

CoulombScat:  for e- XStype:1 SubType=1 BuildTable=1
      Lambda table from threshold  to 1 GeV, 20 bins/decade, spline: 0
      ThetaMin(p) < Theta(degree) < 180, pLimit(GeV^1)= 0.139531
      ===== EM models for the G4Region  DefaultRegionForTheWorld ======
        WentzelVIUni : Emin=    0 eV  Emax=    1 GeV
          StepLim=SafetyPlus Rfact=0.08 Gfact=2.5 Sfact=0.6 DispFlag:1 Skin=3 Llim=1 mm

=========================================================================
--> G4TaskRunManager::CreateAndStartWorkers() --> Initializing workers...
=========================================================================

G4WT0 > ##### Create analysis manager   0x7bc995f80
G4WT0 > Accumulable registered as "accumulable_0"
G4WT0 > Accumulable registered as "accumulable_1"
G4WT0 > Accumulable registered as "accumulable_2"
G4WT0 > Accumulable registered as "accumulable_3"
G4WT0 > Using  analysis manager
G4WT2 > ##### Create analysis manager   0x7bc996880
G4WT2 > Accumulable registered as "accumulable_0"
G4WT2 > Accumulable registered as "accumulable_1"
G4WT2 > Accumulable registered as "accumulable_2"
G4WT2 > Accumulable registered as "accumulable_3"
G4WT2 > Using  analysis manager
G4WT5 > ##### Create analysis manager   0x7bc997180
G4WT5 > Accumulable registered as "accumulable_0"
G4WT5 > Accumulable registered as "accumulable_1"
G4WT5 > Accumulable registered as "accumulable_2"
G4WT5 > Accumulable registered as "accumulable_3"
G4WT5 > Using  analysis manager
G4WT6 > ##### Create analysis manager   0x7bc997780
G4WT6 > Accumulable registered as "accumulable_0"
G4WT6 > Accumulable registered as "accumulable_1"
G4WT6 > Accumulable registered as "accumulable_2"
G4WT6 > Accumulable registered as "accumulable_3"
G4WT6 > Using  analysis manager
G4WT7 > ##### Create analysis manager   0x7bc114480
G4WT7 > Accumulable registered as "accumulable_0"
G4WT7 > Accumulable registered as "accumulable_1"
G4WT7 > Accumulable registered as "accumulable_2"
G4WT7 > Accumulable registered as "accumulable_3"
G4WT8 > ##### Create analysis manager   0x7bc114a80
G4WT8 > Accumulable registered as "accumulable_0"
G4WT8 > Accumulable registered as "accumulable_1"
G4WT8 > Accumulable registered as "accumulable_2"
G4WT8 > Accumulable registered as "accumulable_3"
G4WT7 > Using  analysis manager
G4WT8 > Using  analysis manager
G4WT9 > ##### Create analysis manager   0x7bc115680
G4WT9 > Accumulable registered as "accumulable_0"
G4WT9 > Accumulable registered as "accumulable_1"
G4WT9 > Accumulable registered as "accumulable_2"
G4WT9 > Accumulable registered as "accumulable_3"
G4WT9 > Using  analysis manager
G4WT10 > ##### Create analysis manager   0x7bc115f80
G4WT10 > Accumulable registered as "accumulable_0"
G4WT10 > Accumulable registered as "accumulable_1"
G4WT10 > Accumulable registered as "accumulable_2"
G4WT10 > Accumulable registered as "accumulable_3"
G4WT10 > Using  analysis manager
G4WT3 > ##### Create analysis manager   0x7bc116880
G4WT3 > Accumulable registered as "accumulable_0"
G4WT3 > Accumulable registered as "accumulable_1"
G4WT3 > Accumulable registered as "accumulable_2"
G4WT3 > Accumulable registered as "accumulable_3"
G4WT1 > ##### Create analysis manager   0x7bc116e80
G4WT1 > Accumulable registered as "accumulable_0"
G4WT1 > Accumulable registered as "accumulable_1"
G4WT1 > Accumulable registered as "accumulable_2"
G4WT1 > Accumulable registered as "accumulable_3"
G4WT3 > Using  analysis manager
G4WT4 > ##### Create analysis manager   0x7bc117780
G4WT4 > Accumulable registered as "accumulable_0"
G4WT1 > Using  analysis manager
G4WT4 > Accumulable registered as "accumulable_1"
G4WT4 > Accumulable registered as "accumulable_2"
G4WT4 > Accumulable registered as "accumulable_3"
G4WT4 > Using  analysis manager
G4WT11 > ##### Create analysis manager   0x7bb9c8480
G4WT11 > Accumulable registered as "accumulable_0"
G4WT11 > Accumulable registered as "accumulable_1"
G4WT11 > Accumulable registered as "accumulable_2"
G4WT11 > Accumulable registered as "accumulable_3"
G4WT11 > Using  analysis manager
DNA logging mode: minimal
... set ntuple merging row mode : row-wise - done
... create file : dna_ice_am_rho0p5_E00027_0p00347180483MeV.root - done
... open analysis file : dna_ice_am_rho0p5_E00027_0p00347180483MeV.root - done
... open main analysis file : dna_ice_am_rho0p5_E00027_0p00347180483MeV.root - done

==========================================================================================
--> G4TaskRunManager::CreateAndStartWorkers() --> Creating 32 tasks with 31 events/task...
==========================================================================================

G4WT4 > DNA logging mode: minimal
G4WT4 > ... set ntuple merging row mode : row-wise - done
G4WT10 > DNA logging mode: minimal
G4WT10 > ... set ntuple merging row mode : row-wise - done
G4WT6 > DNA logging mode: minimal
G4WT6 > ... set ntuple merging row mode : row-wise - done
G4WT11 > DNA logging mode: minimal
G4WT11 > ... set ntuple merging row mode : row-wise - done
G4WT8 > DNA logging mode: minimal
G4WT8 > ... set ntuple merging row mode : row-wise - done
G4WT9 > DNA logging mode: minimal
G4WT9 > ... set ntuple merging row mode : row-wise - done
G4WT1 > DNA logging mode: minimal
G4WT1 > ... set ntuple merging row mode : row-wise - done
G4WT0 > DNA logging mode: minimal
G4WT0 > ... set ntuple merging row mode : row-wise - done
G4WT3 > DNA logging mode: minimal
G4WT3 > ... set ntuple merging row mode : row-wise - done
G4WT5 > DNA logging mode: minimal
G4WT5 > ... set ntuple merging row mode : row-wise - done
G4WT2 > DNA logging mode: minimal
G4WT2 > ... set ntuple merging row mode : row-wise - done
G4WT7 > DNA logging mode: minimal
G4WT7 > ... set ntuple merging row mode : row-wise - done
... write file : dna_ice_am_rho0p5_E00027_0p00347180483MeV.root - done
... close file : dna_ice_am_rho0p5_E00027_0p00347180483MeV.root - done

 Nb of ionisations = 63.441 +- 56.909

 w = 54.725 eV  +- 49.091 eV 
[energy 28] E=0.00349454952 MeV -> root/dna_ice_am_rho0p5_E00028_0p00349454952MeV.root

**************************************************************
 Geant4 version Name: geant4-11-03-patch-02 [MT]   (25-April-2025)
  << in Multi-threaded mode >> 
                       Copyright : Geant4 Collaboration
                      References : NIM A 506 (2003), 250-303
                                 : IEEE-TNS 53 (2006), 270-278
                                 : NIM A 835 (2016), 186-225
                             WWW : http://geant4.org/
**************************************************************

Using physics list: ice (phase: amorphous)
##### Create analysis manager   0x94ad10c00
Accumulable registered as "accumulable_0"
Accumulable registered as "accumulable_1"
Accumulable registered as "accumulable_2"
Accumulable registered as "accumulable_3"
Using  analysis manager
RunAction: log mode set to minimal
-> Density of water_modified material (g/cm3)=0.5

***** Table : Nb of materials = 5 *****

 Material:   G4_ICE H_2O   density:  1.000 g/cm3   RadL:  36.083 cm   Nucl.Int.Length:  75.375 cm 
                       Imean:  78.000 eV   temperature: 293.15 K  pressure:   1.00 atm

   --->  Element: H (H)   Z =  1.0   N =     1   A =  1.008 g/mole
         --->  Isotope:    H1   Z =  1   N =   1   A =   1.01 g/mole   abundance: 99.989 %
         --->  Isotope:    H2   Z =  1   N =   2   A =   2.01 g/mole   abundance:  0.011 %
          ElmMassFraction:  11.19 %  ElmAbundance  66.67 % 

   --->  Element: O (O)   Z =  8.0   N =    16   A = 15.999 g/mole
         --->  Isotope:   O16   Z =  8   N =  16   A =  15.99 g/mole   abundance: 99.757 %
         --->  Isotope:   O17   Z =  8   N =  17   A =  17.00 g/mole   abundance:  0.038 %
         --->  Isotope:   O18   Z =  8   N =  18   A =  18.00 g/mole   abundance:  0.205 %
          ElmMassFraction:  88.81 %  ElmAbundance  33.33 % 


 Material: G4_Galactic    density:  0.000 mg/cm3  RadL: 204310098.490 pc   Nucl.Int.Length: 3240.779 pc 
                       Imean:  21.800 eV   temperature:   2.73 K  pressure:   0.00 atm

   --->  Element: H (H)   Z =  1.0   N =     1   A =  1.008 g/mole
         --->  Isotope:    H1   Z =  1   N =   1   A =   1.01 g/mole   abundance: 99.989 %
         --->  Isotope:    H2   Z =  1   N =   2   A =   2.01 g/mole   abundance:  0.011 %
          ElmMassFraction: 100.00 %  ElmAbundance 100.00 % 


 Material: G4_WATER H_2O   density:  1.000 g/cm3   RadL:  36.083 cm   Nucl.Int.Length:  75.375 cm 
                       Imean:  78.000 eV   temperature: 293.15 K  pressure:   1.00 atm

   --->  Element: H (H)   Z =  1.0   N =     1   A =  1.008 g/mole
         --->  Isotope:    H1   Z =  1   N =   1   A =   1.01 g/mole   abundance: 99.989 %
         --->  Isotope:    H2   Z =  1   N =   2   A =   2.01 g/mole   abundance:  0.011 %
          ElmMassFraction:  11.19 %  ElmAbundance  66.67 % 

   --->  Element: O (O)   Z =  8.0   N =    16   A = 15.999 g/mole
         --->  Isotope:   O16   Z =  8   N =  16   A =  15.99 g/mole   abundance: 99.757 %
         --->  Isotope:   O17   Z =  8   N =  17   A =  17.00 g/mole   abundance:  0.038 %
         --->  Isotope:   O18   Z =  8   N =  18   A =  18.00 g/mole   abundance:  0.205 %
          ElmMassFraction:  88.81 %  ElmAbundance  33.33 % 


 Material: G4_WATER_ICE_USER H_2O   density: 500.000 mg/cm3  RadL:  72.166 cm   Nucl.Int.Length:   1.507 m  
                       Imean:  78.000 eV   temperature: 293.15 K  pressure:   1.00 atm

   --->  Element: H (H)   Z =  1.0   N =     1   A =  1.008 g/mole
         --->  Isotope:    H1   Z =  1   N =   1   A =   1.01 g/mole   abundance: 99.989 %
         --->  Isotope:    H2   Z =  1   N =   2   A =   2.01 g/mole   abundance:  0.011 %
          ElmMassFraction:  11.19 %  ElmAbundance  66.67 % 

   --->  Element: O (O)   Z =  8.0   N =    16   A = 15.999 g/mole
         --->  Isotope:   O16   Z =  8   N =  16   A =  15.99 g/mole   abundance: 99.757 %
         --->  Isotope:   O17   Z =  8   N =  17   A =  17.00 g/mole   abundance:  0.038 %
         --->  Isotope:   O18   Z =  8   N =  18   A =  18.00 g/mole   abundance:  0.205 %
          ElmMassFraction:  88.81 %  ElmAbundance  33.33 % 


 Material: G4_WATER_ICE_AMORPHOUS H_2O   density: 940.000 mg/cm3  RadL:  38.386 cm   Nucl.Int.Length:  80.186 cm 
                       Imean:  78.000 eV   temperature: 293.15 K  pressure:   1.00 atm

   --->  Element: H (H)   Z =  1.0   N =     1   A =  1.008 g/mole
         --->  Isotope:    H1   Z =  1   N =   1   A =   1.01 g/mole   abundance: 99.989 %
         --->  Isotope:    H2   Z =  1   N =   2   A =   2.01 g/mole   abundance:  0.011 %
          ElmMassFraction:  11.19 %  ElmAbundance  66.67 % 

   --->  Element: O (O)   Z =  8.0   N =    16   A = 15.999 g/mole
         --->  Isotope:   O16   Z =  8   N =  16   A =  15.99 g/mole   abundance: 99.757 %
         --->  Isotope:   O17   Z =  8   N =  17   A =  17.00 g/mole   abundance:  0.038 %
         --->  Isotope:   O18   Z =  8   N =  18   A =  18.00 g/mole   abundance:  0.205 %
          ElmMassFraction:  88.81 %  ElmAbundance  33.33 % 



Michaud_ELSEPA_LOW Elastic model is constructed 
Energy range: 2 eV - 0.0002 MeV
Michaud_ELSEPA_HIGH Elastic model is constructed 
Energy range: 200 eV - 10 MeV
=======================================================================
======                 Electromagnetic Physics Parameters      ========
=======================================================================
LPM effect enabled                                 1
Enable creation and use of sampling tables         0
Apply cuts on all EM processes                     0
Use combined TransportationWithMsc                 Disabled
Use general process                                0
Enable linear polarisation for gamma               0
Enable photoeffect sampling below K-shell          1
Enable sampling of quantum entanglement            0
X-section factor for integral approach             0.8
Min kinetic energy for tables                      1 eV 
Max kinetic energy for tables                      1 GeV
Number of bins per decade of a table               20
Verbose level                                      1
Verbose level for worker thread                    0
Bremsstrahlung energy threshold above which 
  primary e+- is added to the list of secondary    100 TeV
Bremsstrahlung energy threshold above which primary
  muon/hadron is added to the list of secondary    100 TeV
Positron annihilation at rest model                AllisonPositronium
Enable 3 gamma annihilation on fly                 0
Lowest triplet kinetic energy                      1 MeV
Enable sampling of gamma linear polarisation       0
5D gamma conversion model type                     0
5D gamma conversion model on isolated ion          0
Use Ricardo-Gerardo pair production model          0
Livermore data directory                           epics_2017
=======================================================================
======                 Ionisation Parameters                   ========
=======================================================================
Step function for e+-                              (0.2, 0.01 mm)
Step function for muons/hadrons                    (0.1, 0.05 mm)
Step function for light ions                       (0.1, 0.02 mm)
Step function for general ions                     (0.1, 0.001 mm)
Lowest e+e- kinetic energy                         0 eV 
Lowest muon/hadron kinetic energy                  1 keV
Use ICRU90 data                                    1
Fluctuations of dE/dx are enabled                  1
Type of fluctuation model for leptons and hadrons  Universal
Use built-in Birks satuaration                     0
Build CSDA range enabled                           0
Use cut as a final range enabled                   0
Enable angular generator interface                 1
Max kinetic energy for CSDA tables                 1 GeV
Max kinetic energy for NIEL computation            0 eV 
Linear loss limit                                  0.01
Read data from file for e+e- pair production by mu 0
=======================================================================
======                 Multiple Scattering Parameters          ========
=======================================================================
Type of msc step limit algorithm for e+-           2
Type of msc step limit algorithm for muons/hadrons 0
Msc lateral displacement for e+- enabled           1
Msc lateral displacement for muons and hadrons     0
Urban msc model lateral displacement alg96         1
Range factor for msc step limit for e+-            0.08
Range factor for msc step limit for muons/hadrons  0.2
Geometry factor for msc step limitation of e+-     2.5
Safety factor for msc step limit for e+-           0.6
Skin parameter for msc step limitation of e+-      3
Lambda limit for msc step limit for e+-            1 mm
Use Mott correction for e- scattering              1
Factor used for dynamic computation of angular 
  limit between single and multiple scattering     1
Fixed angular limit between single 
  and multiple scattering                          3.1416 rad
Upper energy limit for e+- multiple scattering     100 MeV
Type of electron single scattering model           0
Type of nuclear form-factor                        1
Screening factor                                   1
=======================================================================
======                 Atomic Deexcitation Parameters          ========
=======================================================================
Fluorescence enabled                               1
Directory in G4LEDATA for fluorescence data files  fluor
Auger electron cascade enabled                     1
PIXE atomic de-excitation enabled                  0
De-excitation module ignores cuts                  1
Type of PIXE cross section for hadrons             Empirical
Type of PIXE cross section for e+-                 Livermore
=======================================================================
======                 DNA Physics Parameters                  ========
=======================================================================
Use fast sampling in DNA models                    1
Use Stationary option in DNA models                0
Use DNA with multiple scattering of e-             0
Use DNA e- solvation model type                    11003
=======================================================================
Loaded cross section files for Michaud_ELSEPA_HIGH Elastic model
Michaud_ELSEPA_HIGH Elastic model is initialized 
Energy range: 200 eV - 10 MeV
Loaded cross section files for Michaud_ELSEPA_LOW Elastic model
Michaud_ELSEPA_LOW Elastic model is initialized 
Energy range: 2 eV - 0.0002 MeV
[DEBUG] eTdummyVec.size() = 155
[DEBUG] eVecm[0].size() = 0
[DEBUG] eVecm[1.7].size() = 181
[DEBUG] eVecm[1.75394].size() = 181
[DEBUG] eVecm[1.8096].size() = 181
[DEBUG] eVecm[1.86701].size() = 181
[DEBUG] eVecm[200].size() = 181

e-_G4DNAElastic_ICE:  for e- SubType=51 BuildTable=0
      ===== EM models for the G4Region  DefaultRegionForTheWorld ======
DNAMichaud_ELSEPA_LOW_ElasticModel : Emin=    0 eV  Emax=  200 eV 
DNAMichaud_ELSEPA_HIGH_ElasticModel : Emin=  200 eV  Emax=   10 MeV

e-_G4DNAVib_ICE:  for e- SubType=54 BuildTable=0
      ===== EM models for the G4Region  DefaultRegionForTheWorld ======
DNAMichaudExcitationModel : Emin=    0 eV  Emax=  100 eV 

e-_G4DNAAttachment_ICE:  for e- SubType=55 BuildTable=0
      ===== EM models for the G4Region  DefaultRegionForTheWorld ======
DNAMichaudAttachmentModel : Emin=    0 eV  Emax=   13 eV 

e-_G4DNAExcitation_ICE:  for e- SubType=52 BuildTable=0
      ===== EM models for the G4Region  DefaultRegionForTheWorld ======
DNAEmfietzoglou_iceExcitationModel : Emin=    0 eV  Emax=   10 MeV

e-_G4DNAIonisation_ICE:  for e- SubType=53 BuildTable=0
      ===== EM models for the G4Region  DefaultRegionForTheWorld ======
DNAEmfietzoglou_iceIonisationModel : Emin=    0 eV  Emax=   10 MeV  deltaBorn
        MollerBhabha : Emin=   10 MeV Emax=    1 GeV

msc:  for e-  SubType= 10
      ===== EM models for the G4Region  DefaultRegionForTheWorld ======
            UrbanMsc : Emin=    0 eV  Emax=    1 GeV Nbins=40  10 MeV -   1 GeV
          StepLim=SafetyPlus Rfact=0.08 Gfact=2.5 Sfact=0.6 DispFlag:1 Skin=3 Llim=1 mm

eBrem:  for e-  XStype:3  SubType=3
      dE/dx and range tables from 10 MeV to 1 GeV in 180 bins
      Lambda tables from threshold to 1 GeV, 20 bins/decade, spline: 1
      LPM flag: 1 for E > 1 GeV,  VertexHighEnergyTh(GeV)= 100000
      ===== EM models for the G4Region  DefaultRegionForTheWorld ======
             eBremSB : Emin=    0 eV  Emax=    1 GeV  ModifiedTsai

CoulombScat:  for e- XStype:1 SubType=1 BuildTable=1
      Lambda table from threshold  to 1 GeV, 20 bins/decade, spline: 0
      ThetaMin(p) < Theta(degree) < 180, pLimit(GeV^1)= 0.139531
      ===== EM models for the G4Region  DefaultRegionForTheWorld ======
        WentzelVIUni : Emin=    0 eV  Emax=    1 GeV
          StepLim=SafetyPlus Rfact=0.08 Gfact=2.5 Sfact=0.6 DispFlag:1 Skin=3 Llim=1 mm

=========================================================================
--> G4TaskRunManager::CreateAndStartWorkers() --> Initializing workers...
=========================================================================

G4WT0 > ##### Create analysis manager   0x94ad12100
G4WT0 > Accumulable registered as "accumulable_0"
G4WT0 > Accumulable registered as "accumulable_1"
G4WT0 > Accumulable registered as "accumulable_2"
G4WT0 > Accumulable registered as "accumulable_3"
G4WT0 > Using  analysis manager
G4WT1 > ##### Create analysis manager   0x94ad12b80
G4WT1 > Accumulable registered as "accumulable_0"
G4WT1 > Accumulable registered as "accumulable_1"
G4WT1 > Accumulable registered as "accumulable_2"
G4WT1 > Accumulable registered as "accumulable_3"
G4WT1 > Using  analysis manager
G4WT8 > ##### Create analysis manager   0x94ad13900
G4WT8 > Accumulable registered as "accumulable_0"
G4WT8 > Accumulable registered as "accumulable_1"
G4WT2 > ##### Create analysis manager   0x94ad13a80
G4WT2 > Accumulable registered as "accumulable_0"
G4WT2 > Accumulable registered as "accumulable_1"
G4WT2 > Accumulable registered as "accumulable_2"
G4WT2 > Accumulable registered as "accumulable_3"
G4WT2 > Using  analysis manager
G4WT8 > Accumulable registered as "accumulable_2"
G4WT8 > Accumulable registered as "accumulable_3"
G4WT4 > ##### Create analysis manager   0x94749c600
G4WT4 > Accumulable registered as "accumulable_0"
G4WT4 > Accumulable registered as "accumulable_1"
G4WT4 > Accumulable registered as "accumulable_2"
G4WT4 > Accumulable registered as "accumulable_3"
G4WT4 > Using  analysis manager
G4WT8 > Using  analysis manager
G4WT6 > ##### Create analysis manager   0x94749d680
G4WT6 > Accumulable registered as "accumulable_0"
G4WT6 > Accumulable registered as "accumulable_1"
G4WT6 > Accumulable registered as "accumulable_2"
G4WT6 > Accumulable registered as "accumulable_3"
G4WT6 > Using  analysis manager
G4WT7 > ##### Create analysis manager   0x94749e100
G4WT7 > Accumulable registered as "accumulable_0"
G4WT7 > Accumulable registered as "accumulable_1"
G4WT7 > Accumulable registered as "accumulable_2"
G4WT7 > Accumulable registered as "accumulable_3"
G4WT7 > Using  analysis manager
G4WT9 > ##### Create analysis manager   0x94749eb80
G4WT9 > Accumulable registered as "accumulable_0"
G4WT9 > Accumulable registered as "accumulable_1"
G4WT9 > Accumulable registered as "accumulable_2"
G4WT9 > Accumulable registered as "accumulable_3"
G4WT9 > Using  analysis manager
G4WT5 > ##### Create analysis manager   0x94749f600
G4WT5 > Accumulable registered as "accumulable_0"
G4WT5 > Accumulable registered as "accumulable_1"
G4WT5 > Accumulable registered as "accumulable_2"
G4WT5 > Accumulable registered as "accumulable_3"
G4WT5 > Using  analysis manager
G4WT11 > ##### Create analysis manager   0x94750c180
G4WT11 > Accumulable registered as "accumulable_0"
G4WT11 > Accumulable registered as "accumulable_1"
G4WT11 > Accumulable registered as "accumulable_2"
G4WT11 > Accumulable registered as "accumulable_3"
G4WT10 > ##### Create analysis manager   0x94750ca80
G4WT10 > Accumulable registered as "accumulable_0"
G4WT10 > Accumulable registered as "accumulable_1"
G4WT10 > Accumulable registered as "accumulable_2"
G4WT10 > Accumulable registered as "accumulable_3"
G4WT10 > Using  analysis manager
G4WT11 > Using  analysis manager
G4WT3 > ##### Create analysis manager   0x94750cc00
G4WT3 > Accumulable registered as "accumulable_0"
G4WT3 > Accumulable registered as "accumulable_1"
G4WT3 > Accumulable registered as "accumulable_2"
G4WT3 > Accumulable registered as "accumulable_3"
G4WT3 > Using  analysis manager
DNA logging mode: minimal
... set ntuple merging row mode : row-wise - done
... create file : dna_ice_am_rho0p5_E00028_0p00349454952MeV.root - done
... open analysis file : dna_ice_am_rho0p5_E00028_0p00349454952MeV.root - done
... open main analysis file : dna_ice_am_rho0p5_E00028_0p00349454952MeV.root - done

==========================================================================================
--> G4TaskRunManager::CreateAndStartWorkers() --> Creating 32 tasks with 31 events/task...
==========================================================================================

G4WT3 > DNA logging mode: minimal
G4WT3 > ... set ntuple merging row mode : row-wise - done
G4WT2 > DNA logging mode: minimal
G4WT2 > ... set ntuple merging row mode : row-wise - done
G4WT10 > DNA logging mode: minimal
G4WT10 > ... set ntuple merging row mode : row-wise - done
G4WT7 > DNA logging mode: minimal
G4WT7 > ... set ntuple merging row mode : row-wise - done
G4WT8 > DNA logging mode: minimal
G4WT8 > ... set ntuple merging row mode : row-wise - done
G4WT0 > DNA logging mode: minimal
G4WT0 > ... set ntuple merging row mode : row-wise - done
G4WT4 > DNA logging mode: minimal
G4WT4 > ... set ntuple merging row mode : row-wise - done
G4WT5 > DNA logging mode: minimal
G4WT5 > ... set ntuple merging row mode : row-wise - done
G4WT11 > DNA logging mode: minimal
G4WT11 > ... set ntuple merging row mode : row-wise - done
G4WT6 > DNA logging mode: minimal
G4WT6 > ... set ntuple merging row mode : row-wise - done
G4WT1 > DNA logging mode: minimal
G4WT1 > ... set ntuple merging row mode : row-wise - done
G4WT9 > DNA logging mode: minimal
G4WT9 > ... set ntuple merging row mode : row-wise - done
... write file : dna_ice_am_rho0p5_E00028_0p00349454952MeV.root - done
... close file : dna_ice_am_rho0p5_E00028_0p00349454952MeV.root - done

 Nb of ionisations = 64.278 +- 57.332

 w = 54.366 eV  +- 48.491 eV 
[energy 29] SKIP existing root/dna_ice_am_rho0p5_E00029_0p0035174432MeV.root
[energy 30] E=0.00354048687 MeV -> root/dna_ice_am_rho0p5_E00030_0p00354048687MeV.root

**************************************************************
 Geant4 version Name: geant4-11-03-patch-02 [MT]   (25-April-2025)
  << in Multi-threaded mode >> 
                       Copyright : Geant4 Collaboration
                      References : NIM A 506 (2003), 250-303
                                 : IEEE-TNS 53 (2006), 270-278
                                 : NIM A 835 (2016), 186-225
                             WWW : http://geant4.org/
**************************************************************

Using physics list: ice (phase: amorphous)
##### Create analysis manager   0xa8acfcf00
Accumulable registered as "accumulable_0"
Accumulable registered as "accumulable_1"
Accumulable registered as "accumulable_2"
Accumulable registered as "accumulable_3"
Using  analysis manager
RunAction: log mode set to minimal
-> Density of water_modified material (g/cm3)=0.5

***** Table : Nb of materials = 5 *****

 Material:   G4_ICE H_2O   density:  1.000 g/cm3   RadL:  36.083 cm   Nucl.Int.Length:  75.375 cm 
                       Imean:  78.000 eV   temperature: 293.15 K  pressure:   1.00 atm

   --->  Element: H (H)   Z =  1.0   N =     1   A =  1.008 g/mole
         --->  Isotope:    H1   Z =  1   N =   1   A =   1.01 g/mole   abundance: 99.989 %
         --->  Isotope:    H2   Z =  1   N =   2   A =   2.01 g/mole   abundance:  0.011 %
          ElmMassFraction:  11.19 %  ElmAbundance  66.67 % 

   --->  Element: O (O)   Z =  8.0   N =    16   A = 15.999 g/mole
         --->  Isotope:   O16   Z =  8   N =  16   A =  15.99 g/mole   abundance: 99.757 %
         --->  Isotope:   O17   Z =  8   N =  17   A =  17.00 g/mole   abundance:  0.038 %
         --->  Isotope:   O18   Z =  8   N =  18   A =  18.00 g/mole   abundance:  0.205 %
          ElmMassFraction:  88.81 %  ElmAbundance  33.33 % 


 Material: G4_Galactic    density:  0.000 mg/cm3  RadL: 204310098.490 pc   Nucl.Int.Length: 3240.779 pc 
                       Imean:  21.800 eV   temperature:   2.73 K  pressure:   0.00 atm

   --->  Element: H (H)   Z =  1.0   N =     1   A =  1.008 g/mole
         --->  Isotope:    H1   Z =  1   N =   1   A =   1.01 g/mole   abundance: 99.989 %
         --->  Isotope:    H2   Z =  1   N =   2   A =   2.01 g/mole   abundance:  0.011 %
          ElmMassFraction: 100.00 %  ElmAbundance 100.00 % 


 Material: G4_WATER H_2O   density:  1.000 g/cm3   RadL:  36.083 cm   Nucl.Int.Length:  75.375 cm 
                       Imean:  78.000 eV   temperature: 293.15 K  pressure:   1.00 atm

   --->  Element: H (H)   Z =  1.0   N =     1   A =  1.008 g/mole
         --->  Isotope:    H1   Z =  1   N =   1   A =   1.01 g/mole   abundance: 99.989 %
         --->  Isotope:    H2   Z =  1   N =   2   A =   2.01 g/mole   abundance:  0.011 %
          ElmMassFraction:  11.19 %  ElmAbundance  66.67 % 

   --->  Element: O (O)   Z =  8.0   N =    16   A = 15.999 g/mole
         --->  Isotope:   O16   Z =  8   N =  16   A =  15.99 g/mole   abundance: 99.757 %
         --->  Isotope:   O17   Z =  8   N =  17   A =  17.00 g/mole   abundance:  0.038 %
         --->  Isotope:   O18   Z =  8   N =  18   A =  18.00 g/mole   abundance:  0.205 %
          ElmMassFraction:  88.81 %  ElmAbundance  33.33 % 


 Material: G4_WATER_ICE_USER H_2O   density: 500.000 mg/cm3  RadL:  72.166 cm   Nucl.Int.Length:   1.507 m  
                       Imean:  78.000 eV   temperature: 293.15 K  pressure:   1.00 atm

   --->  Element: H (H)   Z =  1.0   N =     1   A =  1.008 g/mole
         --->  Isotope:    H1   Z =  1   N =   1   A =   1.01 g/mole   abundance: 99.989 %
         --->  Isotope:    H2   Z =  1   N =   2   A =   2.01 g/mole   abundance:  0.011 %
          ElmMassFraction:  11.19 %  ElmAbundance  66.67 % 

   --->  Element: O (O)   Z =  8.0   N =    16   A = 15.999 g/mole
         --->  Isotope:   O16   Z =  8   N =  16   A =  15.99 g/mole   abundance: 99.757 %
         --->  Isotope:   O17   Z =  8   N =  17   A =  17.00 g/mole   abundance:  0.038 %
         --->  Isotope:   O18   Z =  8   N =  18   A =  18.00 g/mole   abundance:  0.205 %
          ElmMassFraction:  88.81 %  ElmAbundance  33.33 % 


 Material: G4_WATER_ICE_AMORPHOUS H_2O   density: 940.000 mg/cm3  RadL:  38.386 cm   Nucl.Int.Length:  80.186 cm 
                       Imean:  78.000 eV   temperature: 293.15 K  pressure:   1.00 atm

   --->  Element: H (H)   Z =  1.0   N =     1   A =  1.008 g/mole
         --->  Isotope:    H1   Z =  1   N =   1   A =   1.01 g/mole   abundance: 99.989 %
         --->  Isotope:    H2   Z =  1   N =   2   A =   2.01 g/mole   abundance:  0.011 %
          ElmMassFraction:  11.19 %  ElmAbundance  66.67 % 

   --->  Element: O (O)   Z =  8.0   N =    16   A = 15.999 g/mole
         --->  Isotope:   O16   Z =  8   N =  16   A =  15.99 g/mole   abundance: 99.757 %
         --->  Isotope:   O17   Z =  8   N =  17   A =  17.00 g/mole   abundance:  0.038 %
         --->  Isotope:   O18   Z =  8   N =  18   A =  18.00 g/mole   abundance:  0.205 %
          ElmMassFraction:  88.81 %  ElmAbundance  33.33 % 



Michaud_ELSEPA_LOW Elastic model is constructed 
Energy range: 2 eV - 0.0002 MeV
Michaud_ELSEPA_HIGH Elastic model is constructed 
Energy range: 200 eV - 10 MeV
=======================================================================
======                 Electromagnetic Physics Parameters      ========
=======================================================================
LPM effect enabled                                 1
Enable creation and use of sampling tables         0
Apply cuts on all EM processes                     0
Use combined TransportationWithMsc                 Disabled
Use general process                                0
Enable linear polarisation for gamma               0
Enable photoeffect sampling below K-shell          1
Enable sampling of quantum entanglement            0
X-section factor for integral approach             0.8
Min kinetic energy for tables                      1 eV 
Max kinetic energy for tables                      1 GeV
Number of bins per decade of a table               20
Verbose level                                      1
Verbose level for worker thread                    0
Bremsstrahlung energy threshold above which 
  primary e+- is added to the list of secondary    100 TeV
Bremsstrahlung energy threshold above which primary
  muon/hadron is added to the list of secondary    100 TeV
Positron annihilation at rest model                AllisonPositronium
Enable 3 gamma annihilation on fly                 0
Lowest triplet kinetic energy                      1 MeV
Enable sampling of gamma linear polarisation       0
5D gamma conversion model type                     0
5D gamma conversion model on isolated ion          0
Use Ricardo-Gerardo pair production model          0
Livermore data directory                           epics_2017
=======================================================================
======                 Ionisation Parameters                   ========
=======================================================================
Step function for e+-                              (0.2, 0.01 mm)
Step function for muons/hadrons                    (0.1, 0.05 mm)
Step function for light ions                       (0.1, 0.02 mm)
Step function for general ions                     (0.1, 0.001 mm)
Lowest e+e- kinetic energy                         0 eV 
Lowest muon/hadron kinetic energy                  1 keV
Use ICRU90 data                                    1
Fluctuations of dE/dx are enabled                  1
Type of fluctuation model for leptons and hadrons  Universal
Use built-in Birks satuaration                     0
Build CSDA range enabled                           0
Use cut as a final range enabled                   0
Enable angular generator interface                 1
Max kinetic energy for CSDA tables                 1 GeV
Max kinetic energy for NIEL computation            0 eV 
Linear loss limit                                  0.01
Read data from file for e+e- pair production by mu 0
=======================================================================
======                 Multiple Scattering Parameters          ========
=======================================================================
Type of msc step limit algorithm for e+-           2
Type of msc step limit algorithm for muons/hadrons 0
Msc lateral displacement for e+- enabled           1
Msc lateral displacement for muons and hadrons     0
Urban msc model lateral displacement alg96         1
Range factor for msc step limit for e+-            0.08
Range factor for msc step limit for muons/hadrons  0.2
Geometry factor for msc step limitation of e+-     2.5
Safety factor for msc step limit for e+-           0.6
Skin parameter for msc step limitation of e+-      3
Lambda limit for msc step limit for e+-            1 mm
Use Mott correction for e- scattering              1
Factor used for dynamic computation of angular 
  limit between single and multiple scattering     1
Fixed angular limit between single 
  and multiple scattering                          3.1416 rad
Upper energy limit for e+- multiple scattering     100 MeV
Type of electron single scattering model           0
Type of nuclear form-factor                        1
Screening factor                                   1
=======================================================================
======                 Atomic Deexcitation Parameters          ========
=======================================================================
Fluorescence enabled                               1
Directory in G4LEDATA for fluorescence data files  fluor
Auger electron cascade enabled                     1
PIXE atomic de-excitation enabled                  0
De-excitation module ignores cuts                  1
Type of PIXE cross section for hadrons             Empirical
Type of PIXE cross section for e+-                 Livermore
=======================================================================
======                 DNA Physics Parameters                  ========
=======================================================================
Use fast sampling in DNA models                    1
Use Stationary option in DNA models                0
Use DNA with multiple scattering of e-             0
Use DNA e- solvation model type                    11003
=======================================================================
Loaded cross section files for Michaud_ELSEPA_HIGH Elastic model
Michaud_ELSEPA_HIGH Elastic model is initialized 
Energy range: 200 eV - 10 MeV
Loaded cross section files for Michaud_ELSEPA_LOW Elastic model
Michaud_ELSEPA_LOW Elastic model is initialized 
Energy range: 2 eV - 0.0002 MeV
[DEBUG] eTdummyVec.size() = 155
[DEBUG] eVecm[0].size() = 0
[DEBUG] eVecm[1.7].size() = 181
[DEBUG] eVecm[1.75394].size() = 181
[DEBUG] eVecm[1.8096].size() = 181
[DEBUG] eVecm[1.86701].size() = 181
[DEBUG] eVecm[200].size() = 181

e-_G4DNAElastic_ICE:  for e- SubType=51 BuildTable=0
      ===== EM models for the G4Region  DefaultRegionForTheWorld ======
DNAMichaud_ELSEPA_LOW_ElasticModel : Emin=    0 eV  Emax=  200 eV 
DNAMichaud_ELSEPA_HIGH_ElasticModel : Emin=  200 eV  Emax=   10 MeV

e-_G4DNAVib_ICE:  for e- SubType=54 BuildTable=0
      ===== EM models for the G4Region  DefaultRegionForTheWorld ======
DNAMichaudExcitationModel : Emin=    0 eV  Emax=  100 eV 

e-_G4DNAAttachment_ICE:  for e- SubType=55 BuildTable=0
      ===== EM models for the G4Region  DefaultRegionForTheWorld ======
DNAMichaudAttachmentModel : Emin=    0 eV  Emax=   13 eV 

e-_G4DNAExcitation_ICE:  for e- SubType=52 BuildTable=0
      ===== EM models for the G4Region  DefaultRegionForTheWorld ======
DNAEmfietzoglou_iceExcitationModel : Emin=    0 eV  Emax=   10 MeV

e-_G4DNAIonisation_ICE:  for e- SubType=53 BuildTable=0
      ===== EM models for the G4Region  DefaultRegionForTheWorld ======
DNAEmfietzoglou_iceIonisationModel : Emin=    0 eV  Emax=   10 MeV  deltaBorn
        MollerBhabha : Emin=   10 MeV Emax=    1 GeV

msc:  for e-  SubType= 10
      ===== EM models for the G4Region  DefaultRegionForTheWorld ======
            UrbanMsc : Emin=    0 eV  Emax=    1 GeV Nbins=40  10 MeV -   1 GeV
          StepLim=SafetyPlus Rfact=0.08 Gfact=2.5 Sfact=0.6 DispFlag:1 Skin=3 Llim=1 mm

eBrem:  for e-  XStype:3  SubType=3
      dE/dx and range tables from 10 MeV to 1 GeV in 180 bins
      Lambda tables from threshold to 1 GeV, 20 bins/decade, spline: 1
      LPM flag: 1 for E > 1 GeV,  VertexHighEnergyTh(GeV)= 100000
      ===== EM models for the G4Region  DefaultRegionForTheWorld ======
             eBremSB : Emin=    0 eV  Emax=    1 GeV  ModifiedTsai

CoulombScat:  for e- XStype:1 SubType=1 BuildTable=1
      Lambda table from threshold  to 1 GeV, 20 bins/decade, spline: 0
      ThetaMin(p) < Theta(degree) < 180, pLimit(GeV^1)= 0.139531
      ===== EM models for the G4Region  DefaultRegionForTheWorld ======
        WentzelVIUni : Emin=    0 eV  Emax=    1 GeV
          StepLim=SafetyPlus Rfact=0.08 Gfact=2.5 Sfact=0.6 DispFlag:1 Skin=3 Llim=1 mm

=========================================================================
--> G4TaskRunManager::CreateAndStartWorkers() --> Initializing workers...
=========================================================================

G4WT11 > ##### Create analysis manager   0xa8acedf80
G4WT11 > Accumulable registered as "accumulable_0"
G4WT11 > Accumulable registered as "accumulable_1"
G4WT11 > Accumulable registered as "accumulable_2"
G4WT11 > Accumulable registered as "accumulable_3"
G4WT1 > ##### Create analysis manager   0xa8acee880
G4WT1 > Accumulable registered as "accumulable_0"
G4WT5 > ##### Create analysis manager   0xa8acef180
G4WT5 > Accumulable registered as "accumulable_0"
G4WT5 > Accumulable registered as "accumulable_1"
G4WT5 > Accumulable registered as "accumulable_2"
G4WT5 > Accumulable registered as "accumulable_3"
G4WT6 > ##### Create analysis manager   0xa8aceed00
G4WT6 > Accumulable registered as "accumulable_0"
G4WT6 > Accumulable registered as "accumulable_1"
G4WT6 > Accumulable registered as "accumulable_2"
G4WT6 > Accumulable registered as "accumulable_3"
G4WT0 > ##### Create analysis manager   0xa87aec780
G4WT0 > Accumulable registered as "accumulable_0"
G4WT0 > Accumulable registered as "accumulable_1"
G4WT0 > Accumulable registered as "accumulable_2"
G4WT0 > Accumulable registered as "accumulable_3"
G4WT9 > ##### Create analysis manager   0xa87aed200
G4WT9 > Accumulable registered as "accumulable_0"
G4WT9 > Accumulable registered as "accumulable_1"
G4WT2 > ##### Create analysis manager   0xa87aec480
G4WT9 > Accumulable registered as "accumulable_2"
G4WT8 > ##### Create analysis manager   0xa87aec180
G4WT1 > Accumulable registered as "accumulable_1"
G4WT10 > ##### Create analysis manager   0xa87aed680
G4WT4 > ##### Create analysis manager   0xa87aed980
G4WT2 > Accumulable registered as "accumulable_0"
G4WT2 > Accumulable registered as "accumulable_1"
G4WT8 > Accumulable registered as "accumulable_0"
G4WT8 > Accumulable registered as "accumulable_1"
G4WT8 > Accumulable registered as "accumulable_2"
G4WT8 > Accumulable registered as "accumulable_3"
G4WT11 > Using  analysis manager
G4WT6 > Using  analysis manager
G4WT4 > Accumulable registered as "accumulable_0"
G4WT4 > Accumulable registered as "accumulable_1"
G4WT4 > Accumulable registered as "accumulable_2"
G4WT4 > Accumulable registered as "accumulable_3"
G4WT7 > ##### Create analysis manager   0xa87aee280
G4WT7 > Accumulable registered as "accumulable_0"
G4WT7 > Accumulable registered as "accumulable_1"
G4WT7 > Accumulable registered as "accumulable_2"
G4WT7 > Accumulable registered as "accumulable_3"
G4WT0 > Using  analysis manager
G4WT1 > Accumulable registered as "accumulable_2"
G4WT1 > Accumulable registered as "accumulable_3"
G4WT5 > Using  analysis manager
G4WT2 > Accumulable registered as "accumulable_2"
G4WT2 > Accumulable registered as "accumulable_3"
G4WT9 > Accumulable registered as "accumulable_3"
G4WT3 > ##### Create analysis manager   0xa87aedc80
G4WT3 > Accumulable registered as "accumulable_0"
G4WT3 > Accumulable registered as "accumulable_1"
G4WT3 > Accumulable registered as "accumulable_2"
G4WT3 > Accumulable registered as "accumulable_3"
G4WT8 > Using  analysis manager
G4WT7 > Using  analysis manager
G4WT2 > Using  analysis manager
G4WT9 > Using  analysis manager
G4WT10 > Accumulable registered as "accumulable_0"
G4WT10 > Accumulable registered as "accumulable_1"
G4WT10 > Accumulable registered as "accumulable_2"
G4WT10 > Accumulable registered as "accumulable_3"
G4WT3 > Using  analysis manager
G4WT4 > Using  analysis manager
G4WT1 > Using  analysis manager
G4WT10 > Using  analysis manager
DNA logging mode: minimal
... set ntuple merging row mode : row-wise - done
... create file : dna_ice_am_rho0p5_E00030_0p00354048687MeV.root - done
... open analysis file : dna_ice_am_rho0p5_E00030_0p00354048687MeV.root - done
... open main analysis file : dna_ice_am_rho0p5_E00030_0p00354048687MeV.root - done

==========================================================================================
--> G4TaskRunManager::CreateAndStartWorkers() --> Creating 32 tasks with 31 events/task...
==========================================================================================

G4WT10 > DNA logging mode: minimal
G4WT10 > ... set ntuple merging row mode : row-wise - done
G4WT2 > DNA logging mode: minimal
G4WT2 > ... set ntuple merging row mode : row-wise - done
G4WT8 > DNA logging mode: minimal
G4WT8 > ... set ntuple merging row mode : row-wise - done
G4WT6 > DNA logging mode: minimal
G4WT6 > ... set ntuple merging row mode : row-wise - done
G4WT11 > DNA logging mode: minimal
G4WT11 > ... set ntuple merging row mode : row-wise - done
G4WT0 > DNA logging mode: minimal
G4WT0 > ... set ntuple merging row mode : row-wise - done
G4WT5 > DNA logging mode: minimal
G4WT5 > ... set ntuple merging row mode : row-wise - done
G4WT7 > DNA logging mode: minimal
G4WT7 > ... set ntuple merging row mode : row-wise - done
G4WT3 > DNA logging mode: minimal
G4WT3 > ... set ntuple merging row mode : row-wise - done
G4WT9 > DNA logging mode: minimal
G4WT9 > ... set ntuple merging row mode : row-wise - done
G4WT1 > DNA logging mode: minimal
G4WT1 > ... set ntuple merging row mode : row-wise - done
G4WT4 > DNA logging mode: minimal
G4WT4 > ... set ntuple merging row mode : row-wise - done
... write file : dna_ice_am_rho0p5_E00030_0p00354048687MeV.root - done
... close file : dna_ice_am_rho0p5_E00030_0p00354048687MeV.root - done

 Nb of ionisations = 66.408 +- 58.811

 w = 53.314 eV  +- 47.215 eV 
[energy 31] SKIP existing root/dna_ice_am_rho0p5_E00031_0p0035636815MeV.root
[energy 32] E=0.00358702809 MeV -> root/dna_ice_am_rho0p5_E00032_0p00358702809MeV.root

**************************************************************
 Geant4 version Name: geant4-11-03-patch-02 [MT]   (25-April-2025)
  << in Multi-threaded mode >> 
                       Copyright : Geant4 Collaboration
                      References : NIM A 506 (2003), 250-303
                                 : IEEE-TNS 53 (2006), 270-278
                                 : NIM A 835 (2016), 186-225
                             WWW : http://geant4.org/
**************************************************************

Using physics list: ice (phase: amorphous)
##### Create analysis manager   0x906d4d380
Accumulable registered as "accumulable_0"
Accumulable registered as "accumulable_1"
Accumulable registered as "accumulable_2"
Accumulable registered as "accumulable_3"
Using  analysis manager
RunAction: log mode set to minimal
-> Density of water_modified material (g/cm3)=0.5

***** Table : Nb of materials = 5 *****

 Material:   G4_ICE H_2O   density:  1.000 g/cm3   RadL:  36.083 cm   Nucl.Int.Length:  75.375 cm 
                       Imean:  78.000 eV   temperature: 293.15 K  pressure:   1.00 atm

   --->  Element: H (H)   Z =  1.0   N =     1   A =  1.008 g/mole
         --->  Isotope:    H1   Z =  1   N =   1   A =   1.01 g/mole   abundance: 99.989 %
         --->  Isotope:    H2   Z =  1   N =   2   A =   2.01 g/mole   abundance:  0.011 %
          ElmMassFraction:  11.19 %  ElmAbundance  66.67 % 

   --->  Element: O (O)   Z =  8.0   N =    16   A = 15.999 g/mole
         --->  Isotope:   O16   Z =  8   N =  16   A =  15.99 g/mole   abundance: 99.757 %
         --->  Isotope:   O17   Z =  8   N =  17   A =  17.00 g/mole   abundance:  0.038 %
         --->  Isotope:   O18   Z =  8   N =  18   A =  18.00 g/mole   abundance:  0.205 %
          ElmMassFraction:  88.81 %  ElmAbundance  33.33 % 


 Material: G4_Galactic    density:  0.000 mg/cm3  RadL: 204310098.490 pc   Nucl.Int.Length: 3240.779 pc 
                       Imean:  21.800 eV   temperature:   2.73 K  pressure:   0.00 atm

   --->  Element: H (H)   Z =  1.0   N =     1   A =  1.008 g/mole
         --->  Isotope:    H1   Z =  1   N =   1   A =   1.01 g/mole   abundance: 99.989 %
         --->  Isotope:    H2   Z =  1   N =   2   A =   2.01 g/mole   abundance:  0.011 %
          ElmMassFraction: 100.00 %  ElmAbundance 100.00 % 


 Material: G4_WATER H_2O   density:  1.000 g/cm3   RadL:  36.083 cm   Nucl.Int.Length:  75.375 cm 
                       Imean:  78.000 eV   temperature: 293.15 K  pressure:   1.00 atm

   --->  Element: H (H)   Z =  1.0   N =     1   A =  1.008 g/mole
         --->  Isotope:    H1   Z =  1   N =   1   A =   1.01 g/mole   abundance: 99.989 %
         --->  Isotope:    H2   Z =  1   N =   2   A =   2.01 g/mole   abundance:  0.011 %
          ElmMassFraction:  11.19 %  ElmAbundance  66.67 % 

   --->  Element: O (O)   Z =  8.0   N =    16   A = 15.999 g/mole
         --->  Isotope:   O16   Z =  8   N =  16   A =  15.99 g/mole   abundance: 99.757 %
         --->  Isotope:   O17   Z =  8   N =  17   A =  17.00 g/mole   abundance:  0.038 %
         --->  Isotope:   O18   Z =  8   N =  18   A =  18.00 g/mole   abundance:  0.205 %
          ElmMassFraction:  88.81 %  ElmAbundance  33.33 % 


 Material: G4_WATER_ICE_USER H_2O   density: 500.000 mg/cm3  RadL:  72.166 cm   Nucl.Int.Length:   1.507 m  
                       Imean:  78.000 eV   temperature: 293.15 K  pressure:   1.00 atm

   --->  Element: H (H)   Z =  1.0   N =     1   A =  1.008 g/mole
         --->  Isotope:    H1   Z =  1   N =   1   A =   1.01 g/mole   abundance: 99.989 %
         --->  Isotope:    H2   Z =  1   N =   2   A =   2.01 g/mole   abundance:  0.011 %
          ElmMassFraction:  11.19 %  ElmAbundance  66.67 % 

   --->  Element: O (O)   Z =  8.0   N =    16   A = 15.999 g/mole
         --->  Isotope:   O16   Z =  8   N =  16   A =  15.99 g/mole   abundance: 99.757 %
         --->  Isotope:   O17   Z =  8   N =  17   A =  17.00 g/mole   abundance:  0.038 %
         --->  Isotope:   O18   Z =  8   N =  18   A =  18.00 g/mole   abundance:  0.205 %
          ElmMassFraction:  88.81 %  ElmAbundance  33.33 % 


 Material: G4_WATER_ICE_AMORPHOUS H_2O   density: 940.000 mg/cm3  RadL:  38.386 cm   Nucl.Int.Length:  80.186 cm 
                       Imean:  78.000 eV   temperature: 293.15 K  pressure:   1.00 atm

   --->  Element: H (H)   Z =  1.0   N =     1   A =  1.008 g/mole
         --->  Isotope:    H1   Z =  1   N =   1   A =   1.01 g/mole   abundance: 99.989 %
         --->  Isotope:    H2   Z =  1   N =   2   A =   2.01 g/mole   abundance:  0.011 %
          ElmMassFraction:  11.19 %  ElmAbundance  66.67 % 

   --->  Element: O (O)   Z =  8.0   N =    16   A = 15.999 g/mole
         --->  Isotope:   O16   Z =  8   N =  16   A =  15.99 g/mole   abundance: 99.757 %
         --->  Isotope:   O17   Z =  8   N =  17   A =  17.00 g/mole   abundance:  0.038 %
         --->  Isotope:   O18   Z =  8   N =  18   A =  18.00 g/mole   abundance:  0.205 %
          ElmMassFraction:  88.81 %  ElmAbundance  33.33 % 



Michaud_ELSEPA_LOW Elastic model is constructed 
Energy range: 2 eV - 0.0002 MeV
Michaud_ELSEPA_HIGH Elastic model is constructed 
Energy range: 200 eV - 10 MeV
=======================================================================
======                 Electromagnetic Physics Parameters      ========
=======================================================================
LPM effect enabled                                 1
Enable creation and use of sampling tables         0
Apply cuts on all EM processes                     0
Use combined TransportationWithMsc                 Disabled
Use general process                                0
Enable linear polarisation for gamma               0
Enable photoeffect sampling below K-shell          1
Enable sampling of quantum entanglement            0
X-section factor for integral approach             0.8
Min kinetic energy for tables                      1 eV 
Max kinetic energy for tables                      1 GeV
Number of bins per decade of a table               20
Verbose level                                      1
Verbose level for worker thread                    0
Bremsstrahlung energy threshold above which 
  primary e+- is added to the list of secondary    100 TeV
Bremsstrahlung energy threshold above which primary
  muon/hadron is added to the list of secondary    100 TeV
Positron annihilation at rest model                AllisonPositronium
Enable 3 gamma annihilation on fly                 0
Lowest triplet kinetic energy                      1 MeV
Enable sampling of gamma linear polarisation       0
5D gamma conversion model type                     0
5D gamma conversion model on isolated ion          0
Use Ricardo-Gerardo pair production model          0
Livermore data directory                           epics_2017
=======================================================================
======                 Ionisation Parameters                   ========
=======================================================================
Step function for e+-                              (0.2, 0.01 mm)
Step function for muons/hadrons                    (0.1, 0.05 mm)
Step function for light ions                       (0.1, 0.02 mm)
Step function for general ions                     (0.1, 0.001 mm)
Lowest e+e- kinetic energy                         0 eV 
Lowest muon/hadron kinetic energy                  1 keV
Use ICRU90 data                                    1
Fluctuations of dE/dx are enabled                  1
Type of fluctuation model for leptons and hadrons  Universal
Use built-in Birks satuaration                     0
Build CSDA range enabled                           0
Use cut as a final range enabled                   0
Enable angular generator interface                 1
Max kinetic energy for CSDA tables                 1 GeV
Max kinetic energy for NIEL computation            0 eV 
Linear loss limit                                  0.01
Read data from file for e+e- pair production by mu 0
=======================================================================
======                 Multiple Scattering Parameters          ========
=======================================================================
Type of msc step limit algorithm for e+-           2
Type of msc step limit algorithm for muons/hadrons 0
Msc lateral displacement for e+- enabled           1
Msc lateral displacement for muons and hadrons     0
Urban msc model lateral displacement alg96         1
Range factor for msc step limit for e+-            0.08
Range factor for msc step limit for muons/hadrons  0.2
Geometry factor for msc step limitation of e+-     2.5
Safety factor for msc step limit for e+-           0.6
Skin parameter for msc step limitation of e+-      3
Lambda limit for msc step limit for e+-            1 mm
Use Mott correction for e- scattering              1
Factor used for dynamic computation of angular 
  limit between single and multiple scattering     1
Fixed angular limit between single 
  and multiple scattering                          3.1416 rad
Upper energy limit for e+- multiple scattering     100 MeV
Type of electron single scattering model           0
Type of nuclear form-factor                        1
Screening factor                                   1
=======================================================================
======                 Atomic Deexcitation Parameters          ========
=======================================================================
Fluorescence enabled                               1
Directory in G4LEDATA for fluorescence data files  fluor
Auger electron cascade enabled                     1
PIXE atomic de-excitation enabled                  0
De-excitation module ignores cuts                  1
Type of PIXE cross section for hadrons             Empirical
Type of PIXE cross section for e+-                 Livermore
=======================================================================
======                 DNA Physics Parameters                  ========
=======================================================================
Use fast sampling in DNA models                    1
Use Stationary option in DNA models                0
Use DNA with multiple scattering of e-             0
Use DNA e- solvation model type                    11003
=======================================================================
Loaded cross section files for Michaud_ELSEPA_HIGH Elastic model
Michaud_ELSEPA_HIGH Elastic model is initialized 
Energy range: 200 eV - 10 MeV
Loaded cross section files for Michaud_ELSEPA_LOW Elastic model
Michaud_ELSEPA_LOW Elastic model is initialized 
Energy range: 2 eV - 0.0002 MeV
[DEBUG] eTdummyVec.size() = 155
[DEBUG] eVecm[0].size() = 0
[DEBUG] eVecm[1.7].size() = 181
[DEBUG] eVecm[1.75394].size() = 181
[DEBUG] eVecm[1.8096].size() = 181
[DEBUG] eVecm[1.86701].size() = 181
[DEBUG] eVecm[200].size() = 181

e-_G4DNAElastic_ICE:  for e- SubType=51 BuildTable=0
      ===== EM models for the G4Region  DefaultRegionForTheWorld ======
DNAMichaud_ELSEPA_LOW_ElasticModel : Emin=    0 eV  Emax=  200 eV 
DNAMichaud_ELSEPA_HIGH_ElasticModel : Emin=  200 eV  Emax=   10 MeV

e-_G4DNAVib_ICE:  for e- SubType=54 BuildTable=0
      ===== EM models for the G4Region  DefaultRegionForTheWorld ======
DNAMichaudExcitationModel : Emin=    0 eV  Emax=  100 eV 

e-_G4DNAAttachment_ICE:  for e- SubType=55 BuildTable=0
      ===== EM models for the G4Region  DefaultRegionForTheWorld ======
DNAMichaudAttachmentModel : Emin=    0 eV  Emax=   13 eV 

e-_G4DNAExcitation_ICE:  for e- SubType=52 BuildTable=0
      ===== EM models for the G4Region  DefaultRegionForTheWorld ======
DNAEmfietzoglou_iceExcitationModel : Emin=    0 eV  Emax=   10 MeV

e-_G4DNAIonisation_ICE:  for e- SubType=53 BuildTable=0
      ===== EM models for the G4Region  DefaultRegionForTheWorld ======
DNAEmfietzoglou_iceIonisationModel : Emin=    0 eV  Emax=   10 MeV  deltaBorn
        MollerBhabha : Emin=   10 MeV Emax=    1 GeV

msc:  for e-  SubType= 10
      ===== EM models for the G4Region  DefaultRegionForTheWorld ======
            UrbanMsc : Emin=    0 eV  Emax=    1 GeV Nbins=40  10 MeV -   1 GeV
          StepLim=SafetyPlus Rfact=0.08 Gfact=2.5 Sfact=0.6 DispFlag:1 Skin=3 Llim=1 mm

eBrem:  for e-  XStype:3  SubType=3
      dE/dx and range tables from 10 MeV to 1 GeV in 180 bins
      Lambda tables from threshold to 1 GeV, 20 bins/decade, spline: 1
      LPM flag: 1 for E > 1 GeV,  VertexHighEnergyTh(GeV)= 100000
      ===== EM models for the G4Region  DefaultRegionForTheWorld ======
             eBremSB : Emin=    0 eV  Emax=    1 GeV  ModifiedTsai

CoulombScat:  for e- XStype:1 SubType=1 BuildTable=1
      Lambda table from threshold  to 1 GeV, 20 bins/decade, spline: 0
      ThetaMin(p) < Theta(degree) < 180, pLimit(GeV^1)= 0.139531
      ===== EM models for the G4Region  DefaultRegionForTheWorld ======
        WentzelVIUni : Emin=    0 eV  Emax=    1 GeV
          StepLim=SafetyPlus Rfact=0.08 Gfact=2.5 Sfact=0.6 DispFlag:1 Skin=3 Llim=1 mm

=========================================================================
--> G4TaskRunManager::CreateAndStartWorkers() --> Initializing workers...
=========================================================================

G4WT0 > ##### Create analysis manager   0x906d7ca80
G4WT0 > Accumulable registered as "accumulable_0"
G4WT0 > Accumulable registered as "accumulable_1"
G4WT0 > Accumulable registered as "accumulable_2"
G4WT0 > Accumulable registered as "accumulable_3"
G4WT0 > Using  analysis manager
G4WT1 > ##### Create analysis manager   0x906d7cf00
G4WT1 > Accumulable registered as "accumulable_0"
G4WT1 > Accumulable registered as "accumulable_1"
G4WT1 > Accumulable registered as "accumulable_2"
G4WT1 > Accumulable registered as "accumulable_3"
G4WT3 > ##### Create analysis manager   0x906d7d500
G4WT3 > Accumulable registered as "accumulable_0"
G4WT3 > Accumulable registered as "accumulable_1"
G4WT3 > Accumulable registered as "accumulable_2"
G4WT3 > Accumulable registered as "accumulable_3"
G4WT3 > Using  analysis manager
G4WT4 > ##### Create analysis manager   0x906d7d980
G4WT4 > Accumulable registered as "accumulable_0"
G4WT4 > Accumulable registered as "accumulable_1"
G4WT4 > Accumulable registered as "accumulable_2"
G4WT4 > Accumulable registered as "accumulable_3"
G4WT4 > Using  analysis manager
G4WT2 > ##### Create analysis manager   0x906d7de00
G4WT2 > Accumulable registered as "accumulable_0"
G4WT2 > Accumulable registered as "accumulable_1"
G4WT2 > Accumulable registered as "accumulable_2"
G4WT2 > Accumulable registered as "accumulable_3"
G4WT2 > Using  analysis manager
G4WT1 > Using  analysis manager
G4WT5 > ##### Create analysis manager   0x906d7e100
G4WT5 > Accumulable registered as "accumulable_0"
G4WT5 > Accumulable registered as "accumulable_1"
G4WT5 > Accumulable registered as "accumulable_2"
G4WT5 > Accumulable registered as "accumulable_3"
G4WT5 > Using  analysis manager
G4WT7 > ##### Create analysis manager   0x906d7e700
G4WT7 > Accumulable registered as "accumulable_0"
G4WT7 > Accumulable registered as "accumulable_1"
G4WT7 > Accumulable registered as "accumulable_2"
G4WT7 > Accumulable registered as "accumulable_3"
G4WT9 > ##### Create analysis manager   0x906d7eb80
G4WT9 > Accumulable registered as "accumulable_0"
G4WT9 > Accumulable registered as "accumulable_1"
G4WT9 > Accumulable registered as "accumulable_2"
G4WT9 > Accumulable registered as "accumulable_3"
G4WT7 > Using  analysis manager
G4WT11 > ##### Create analysis manager   0x906d7f000
G4WT11 > Accumulable registered as "accumulable_0"
G4WT11 > Accumulable registered as "accumulable_1"
G4WT11 > Accumulable registered as "accumulable_2"
G4WT11 > Accumulable registered as "accumulable_3"
G4WT11 > Using  analysis manager
G4WT9 > Using  analysis manager
G4WT10 > ##### Create analysis manager   0x906d7f480
G4WT6 > ##### Create analysis manager   0x906d7f780
G4WT6 > Accumulable registered as "accumulable_0"
G4WT10 > Accumulable registered as "accumulable_0"
G4WT6 > Accumulable registered as "accumulable_1"
G4WT6 > Accumulable registered as "accumulable_2"
G4WT6 > Accumulable registered as "accumulable_3"
G4WT6 > Using  analysis manager
G4WT10 > Accumulable registered as "accumulable_1"
G4WT10 > Accumulable registered as "accumulable_2"
G4WT10 > Accumulable registered as "accumulable_3"
G4WT10 > Using  analysis manager
G4WT8 > ##### Create analysis manager   0x906d7fc00
G4WT8 > Accumulable registered as "accumulable_0"
G4WT8 > Accumulable registered as "accumulable_1"
G4WT8 > Accumulable registered as "accumulable_2"
G4WT8 > Accumulable registered as "accumulable_3"
G4WT8 > Using  analysis manager
DNA logging mode: minimal
... set ntuple merging row mode : row-wise - done
... create file : dna_ice_am_rho0p5_E00032_0p00358702809MeV.root - done
... open analysis file : dna_ice_am_rho0p5_E00032_0p00358702809MeV.root - done
... open main analysis file : dna_ice_am_rho0p5_E00032_0p00358702809MeV.root - done

==========================================================================================
--> G4TaskRunManager::CreateAndStartWorkers() --> Creating 32 tasks with 31 events/task...
==========================================================================================

G4WT10 > DNA logging mode: minimal
G4WT10 > ... set ntuple merging row mode : row-wise - done
G4WT9 > DNA logging mode: minimal
G4WT9 > ... set ntuple merging row mode : row-wise - done
G4WT2 > DNA logging mode: minimal
G4WT2 > ... set ntuple merging row mode : row-wise - done
G4WT3 > DNA logging mode: minimal
G4WT3 > ... set ntuple merging row mode : row-wise - done
G4WT1 > DNA logging mode: minimal
G4WT1 > ... set ntuple merging row mode : row-wise - done
G4WT4 > DNA logging mode: minimal
G4WT4 > ... set ntuple merging row mode : row-wise - done
G4WT5 > DNA logging mode: minimal
G4WT5 > ... set ntuple merging row mode : row-wise - done
G4WT11 > DNA logging mode: minimal
G4WT11 > ... set ntuple merging row mode : row-wise - done
G4WT8 > DNA logging mode: minimal
G4WT8 > ... set ntuple merging row mode : row-wise - done
G4WT7 > DNA logging mode: minimal
G4WT7 > ... set ntuple merging row mode : row-wise - done
G4WT0 > DNA logging mode: minimal
G4WT0 > ... set ntuple merging row mode : row-wise - done
G4WT6 > DNA logging mode: minimal
G4WT6 > ... set ntuple merging row mode : row-wise - done
... write file : dna_ice_am_rho0p5_E00032_0p00358702809MeV.root - done
... close file : dna_ice_am_rho0p5_E00032_0p00358702809MeV.root - done

 Nb of ionisations = 61.271 +- 57.697

 w = 58.544 eV  +- 55.129 eV 
[energy 33] E=0.00361052763 MeV -> root/dna_ice_am_rho0p5_E00033_0p00361052763MeV.root

**************************************************************
 Geant4 version Name: geant4-11-03-patch-02 [MT]   (25-April-2025)
  << in Multi-threaded mode >> 
                       Copyright : Geant4 Collaboration
                      References : NIM A 506 (2003), 250-303
                                 : IEEE-TNS 53 (2006), 270-278
                                 : NIM A 835 (2016), 186-225
                             WWW : http://geant4.org/
**************************************************************

Using physics list: ice (phase: amorphous)
##### Create analysis manager   0xa86e54d80
Accumulable registered as "accumulable_0"
Accumulable registered as "accumulable_1"
Accumulable registered as "accumulable_2"
Accumulable registered as "accumulable_3"
Using  analysis manager
RunAction: log mode set to minimal
-> Density of water_modified material (g/cm3)=0.5

***** Table : Nb of materials = 5 *****

 Material:   G4_ICE H_2O   density:  1.000 g/cm3   RadL:  36.083 cm   Nucl.Int.Length:  75.375 cm 
                       Imean:  78.000 eV   temperature: 293.15 K  pressure:   1.00 atm

   --->  Element: H (H)   Z =  1.0   N =     1   A =  1.008 g/mole
         --->  Isotope:    H1   Z =  1   N =   1   A =   1.01 g/mole   abundance: 99.989 %
         --->  Isotope:    H2   Z =  1   N =   2   A =   2.01 g/mole   abundance:  0.011 %
          ElmMassFraction:  11.19 %  ElmAbundance  66.67 % 

   --->  Element: O (O)   Z =  8.0   N =    16   A = 15.999 g/mole
         --->  Isotope:   O16   Z =  8   N =  16   A =  15.99 g/mole   abundance: 99.757 %
         --->  Isotope:   O17   Z =  8   N =  17   A =  17.00 g/mole   abundance:  0.038 %
         --->  Isotope:   O18   Z =  8   N =  18   A =  18.00 g/mole   abundance:  0.205 %
          ElmMassFraction:  88.81 %  ElmAbundance  33.33 % 


 Material: G4_Galactic    density:  0.000 mg/cm3  RadL: 204310098.490 pc   Nucl.Int.Length: 3240.779 pc 
                       Imean:  21.800 eV   temperature:   2.73 K  pressure:   0.00 atm

   --->  Element: H (H)   Z =  1.0   N =     1   A =  1.008 g/mole
         --->  Isotope:    H1   Z =  1   N =   1   A =   1.01 g/mole   abundance: 99.989 %
         --->  Isotope:    H2   Z =  1   N =   2   A =   2.01 g/mole   abundance:  0.011 %
          ElmMassFraction: 100.00 %  ElmAbundance 100.00 % 


 Material: G4_WATER H_2O   density:  1.000 g/cm3   RadL:  36.083 cm   Nucl.Int.Length:  75.375 cm 
                       Imean:  78.000 eV   temperature: 293.15 K  pressure:   1.00 atm

   --->  Element: H (H)   Z =  1.0   N =     1   A =  1.008 g/mole
         --->  Isotope:    H1   Z =  1   N =   1   A =   1.01 g/mole   abundance: 99.989 %
         --->  Isotope:    H2   Z =  1   N =   2   A =   2.01 g/mole   abundance:  0.011 %
          ElmMassFraction:  11.19 %  ElmAbundance  66.67 % 

   --->  Element: O (O)   Z =  8.0   N =    16   A = 15.999 g/mole
         --->  Isotope:   O16   Z =  8   N =  16   A =  15.99 g/mole   abundance: 99.757 %
         --->  Isotope:   O17   Z =  8   N =  17   A =  17.00 g/mole   abundance:  0.038 %
         --->  Isotope:   O18   Z =  8   N =  18   A =  18.00 g/mole   abundance:  0.205 %
          ElmMassFraction:  88.81 %  ElmAbundance  33.33 % 


 Material: G4_WATER_ICE_USER H_2O   density: 500.000 mg/cm3  RadL:  72.166 cm   Nucl.Int.Length:   1.507 m  
                       Imean:  78.000 eV   temperature: 293.15 K  pressure:   1.00 atm

   --->  Element: H (H)   Z =  1.0   N =     1   A =  1.008 g/mole
         --->  Isotope:    H1   Z =  1   N =   1   A =   1.01 g/mole   abundance: 99.989 %
         --->  Isotope:    H2   Z =  1   N =   2   A =   2.01 g/mole   abundance:  0.011 %
          ElmMassFraction:  11.19 %  ElmAbundance  66.67 % 

   --->  Element: O (O)   Z =  8.0   N =    16   A = 15.999 g/mole
         --->  Isotope:   O16   Z =  8   N =  16   A =  15.99 g/mole   abundance: 99.757 %
         --->  Isotope:   O17   Z =  8   N =  17   A =  17.00 g/mole   abundance:  0.038 %
         --->  Isotope:   O18   Z =  8   N =  18   A =  18.00 g/mole   abundance:  0.205 %
          ElmMassFraction:  88.81 %  ElmAbundance  33.33 % 


 Material: G4_WATER_ICE_AMORPHOUS H_2O   density: 940.000 mg/cm3  RadL:  38.386 cm   Nucl.Int.Length:  80.186 cm 
                       Imean:  78.000 eV   temperature: 293.15 K  pressure:   1.00 atm

   --->  Element: H (H)   Z =  1.0   N =     1   A =  1.008 g/mole
         --->  Isotope:    H1   Z =  1   N =   1   A =   1.01 g/mole   abundance: 99.989 %
         --->  Isotope:    H2   Z =  1   N =   2   A =   2.01 g/mole   abundance:  0.011 %
          ElmMassFraction:  11.19 %  ElmAbundance  66.67 % 

   --->  Element: O (O)   Z =  8.0   N =    16   A = 15.999 g/mole
         --->  Isotope:   O16   Z =  8   N =  16   A =  15.99 g/mole   abundance: 99.757 %
         --->  Isotope:   O17   Z =  8   N =  17   A =  17.00 g/mole   abundance:  0.038 %
         --->  Isotope:   O18   Z =  8   N =  18   A =  18.00 g/mole   abundance:  0.205 %
          ElmMassFraction:  88.81 %  ElmAbundance  33.33 % 



Michaud_ELSEPA_LOW Elastic model is constructed 
Energy range: 2 eV - 0.0002 MeV
Michaud_ELSEPA_HIGH Elastic model is constructed 
Energy range: 200 eV - 10 MeV
=======================================================================
======                 Electromagnetic Physics Parameters      ========
=======================================================================
LPM effect enabled                                 1
Enable creation and use of sampling tables         0
Apply cuts on all EM processes                     0
Use combined TransportationWithMsc                 Disabled
Use general process                                0
Enable linear polarisation for gamma               0
Enable photoeffect sampling below K-shell          1
Enable sampling of quantum entanglement            0
X-section factor for integral approach             0.8
Min kinetic energy for tables                      1 eV 
Max kinetic energy for tables                      1 GeV
Number of bins per decade of a table               20
Verbose level                                      1
Verbose level for worker thread                    0
Bremsstrahlung energy threshold above which 
  primary e+- is added to the list of secondary    100 TeV
Bremsstrahlung energy threshold above which primary
  muon/hadron is added to the list of secondary    100 TeV
Positron annihilation at rest model                AllisonPositronium
Enable 3 gamma annihilation on fly                 0
Lowest triplet kinetic energy                      1 MeV
Enable sampling of gamma linear polarisation       0
5D gamma conversion model type                     0
5D gamma conversion model on isolated ion          0
Use Ricardo-Gerardo pair production model          0
Livermore data directory                           epics_2017
=======================================================================
======                 Ionisation Parameters                   ========
=======================================================================
Step function for e+-                              (0.2, 0.01 mm)
Step function for muons/hadrons                    (0.1, 0.05 mm)
Step function for light ions                       (0.1, 0.02 mm)
Step function for general ions                     (0.1, 0.001 mm)
Lowest e+e- kinetic energy                         0 eV 
Lowest muon/hadron kinetic energy                  1 keV
Use ICRU90 data                                    1
Fluctuations of dE/dx are enabled                  1
Type of fluctuation model for leptons and hadrons  Universal
Use built-in Birks satuaration                     0
Build CSDA range enabled                           0
Use cut as a final range enabled                   0
Enable angular generator interface                 1
Max kinetic energy for CSDA tables                 1 GeV
Max kinetic energy for NIEL computation            0 eV 
Linear loss limit                                  0.01
Read data from file for e+e- pair production by mu 0
=======================================================================
======                 Multiple Scattering Parameters          ========
=======================================================================
Type of msc step limit algorithm for e+-           2
Type of msc step limit algorithm for muons/hadrons 0
Msc lateral displacement for e+- enabled           1
Msc lateral displacement for muons and hadrons     0
Urban msc model lateral displacement alg96         1
Range factor for msc step limit for e+-            0.08
Range factor for msc step limit for muons/hadrons  0.2
Geometry factor for msc step limitation of e+-     2.5
Safety factor for msc step limit for e+-           0.6
Skin parameter for msc step limitation of e+-      3
Lambda limit for msc step limit for e+-            1 mm
Use Mott correction for e- scattering              1
Factor used for dynamic computation of angular 
  limit between single and multiple scattering     1
Fixed angular limit between single 
  and multiple scattering                          3.1416 rad
Upper energy limit for e+- multiple scattering     100 MeV
Type of electron single scattering model           0
Type of nuclear form-factor                        1
Screening factor                                   1
=======================================================================
======                 Atomic Deexcitation Parameters          ========
=======================================================================
Fluorescence enabled                               1
Directory in G4LEDATA for fluorescence data files  fluor
Auger electron cascade enabled                     1
PIXE atomic de-excitation enabled                  0
De-excitation module ignores cuts                  1
Type of PIXE cross section for hadrons             Empirical
Type of PIXE cross section for e+-                 Livermore
=======================================================================
======                 DNA Physics Parameters                  ========
=======================================================================
Use fast sampling in DNA models                    1
Use Stationary option in DNA models                0
Use DNA with multiple scattering of e-             0
Use DNA e- solvation model type                    11003
=======================================================================
Loaded cross section files for Michaud_ELSEPA_HIGH Elastic model
Michaud_ELSEPA_HIGH Elastic model is initialized 
Energy range: 200 eV - 10 MeV
Loaded cross section files for Michaud_ELSEPA_LOW Elastic model
Michaud_ELSEPA_LOW Elastic model is initialized 
Energy range: 2 eV - 0.0002 MeV
[DEBUG] eTdummyVec.size() = 155
[DEBUG] eVecm[0].size() = 0
[DEBUG] eVecm[1.7].size() = 181
[DEBUG] eVecm[1.75394].size() = 181
[DEBUG] eVecm[1.8096].size() = 181
[DEBUG] eVecm[1.86701].size() = 181
[DEBUG] eVecm[200].size() = 181

e-_G4DNAElastic_ICE:  for e- SubType=51 BuildTable=0
      ===== EM models for the G4Region  DefaultRegionForTheWorld ======
DNAMichaud_ELSEPA_LOW_ElasticModel : Emin=    0 eV  Emax=  200 eV 
DNAMichaud_ELSEPA_HIGH_ElasticModel : Emin=  200 eV  Emax=   10 MeV

e-_G4DNAVib_ICE:  for e- SubType=54 BuildTable=0
      ===== EM models for the G4Region  DefaultRegionForTheWorld ======
DNAMichaudExcitationModel : Emin=    0 eV  Emax=  100 eV 

e-_G4DNAAttachment_ICE:  for e- SubType=55 BuildTable=0
      ===== EM models for the G4Region  DefaultRegionForTheWorld ======
DNAMichaudAttachmentModel : Emin=    0 eV  Emax=   13 eV 

e-_G4DNAExcitation_ICE:  for e- SubType=52 BuildTable=0
      ===== EM models for the G4Region  DefaultRegionForTheWorld ======
DNAEmfietzoglou_iceExcitationModel : Emin=    0 eV  Emax=   10 MeV

e-_G4DNAIonisation_ICE:  for e- SubType=53 BuildTable=0
      ===== EM models for the G4Region  DefaultRegionForTheWorld ======
DNAEmfietzoglou_iceIonisationModel : Emin=    0 eV  Emax=   10 MeV  deltaBorn
        MollerBhabha : Emin=   10 MeV Emax=    1 GeV

msc:  for e-  SubType= 10
      ===== EM models for the G4Region  DefaultRegionForTheWorld ======
            UrbanMsc : Emin=    0 eV  Emax=    1 GeV Nbins=40  10 MeV -   1 GeV
          StepLim=SafetyPlus Rfact=0.08 Gfact=2.5 Sfact=0.6 DispFlag:1 Skin=3 Llim=1 mm

eBrem:  for e-  XStype:3  SubType=3
      dE/dx and range tables from 10 MeV to 1 GeV in 180 bins
      Lambda tables from threshold to 1 GeV, 20 bins/decade, spline: 1
      LPM flag: 1 for E > 1 GeV,  VertexHighEnergyTh(GeV)= 100000
      ===== EM models for the G4Region  DefaultRegionForTheWorld ======
             eBremSB : Emin=    0 eV  Emax=    1 GeV  ModifiedTsai

CoulombScat:  for e- XStype:1 SubType=1 BuildTable=1
      Lambda table from threshold  to 1 GeV, 20 bins/decade, spline: 0
      ThetaMin(p) < Theta(degree) < 180, pLimit(GeV^1)= 0.139531
      ===== EM models for the G4Region  DefaultRegionForTheWorld ======
        WentzelVIUni : Emin=    0 eV  Emax=    1 GeV
          StepLim=SafetyPlus Rfact=0.08 Gfact=2.5 Sfact=0.6 DispFlag:1 Skin=3 Llim=1 mm

=========================================================================
--> G4TaskRunManager::CreateAndStartWorkers() --> Initializing workers...
=========================================================================

G4WT0 > ##### Create analysis manager   0xa86e21980
G4WT0 > Accumulable registered as "accumulable_0"
G4WT0 > Accumulable registered as "accumulable_1"
G4WT0 > Accumulable registered as "accumulable_2"
G4WT0 > Accumulable registered as "accumulable_3"
G4WT6 > ##### Create analysis manager   0xa86e21f80
G4WT6 > Accumulable registered as "accumulable_0"
G4WT6 > Accumulable registered as "accumulable_1"
G4WT6 > Accumulable registered as "accumulable_2"
G4WT6 > Accumulable registered as "accumulable_3"
G4WT9 > ##### Create analysis manager   0xa86e22880
G4WT9 > Accumulable registered as "accumulable_0"
G4WT9 > Accumulable registered as "accumulable_1"
G4WT9 > Accumulable registered as "accumulable_2"
G4WT9 > Accumulable registered as "accumulable_3"
G4WT10 > ##### Create analysis manager   0xa86e22b80
G4WT10 > Accumulable registered as "accumulable_0"
G4WT10 > Accumulable registered as "accumulable_1"
G4WT10 > Accumulable registered as "accumulable_2"
G4WT10 > Accumulable registered as "accumulable_3"
G4WT6 > Using  analysis manager
G4WT9 > Using  analysis manager
G4WT10 > Using  analysis manager
G4WT0 > Using  analysis manager
G4WT5 > ##### Create analysis manager   0xa86e23180
G4WT5 > Accumulable registered as "accumulable_0"
G4WT5 > Accumulable registered as "accumulable_1"
G4WT5 > Accumulable registered as "accumulable_2"
G4WT5 > Accumulable registered as "accumulable_3"
G4WT5 > Using  analysis manager
G4WT2 > ##### Create analysis manager   0xa86e23780
G4WT2 > Accumulable registered as "accumulable_0"
G4WT2 > Accumulable registered as "accumulable_1"
G4WT2 > Accumulable registered as "accumulable_2"
G4WT2 > Accumulable registered as "accumulable_3"
G4WT2 > Using  analysis manager
G4WT1 > ##### Create analysis manager   0xa86e23d80
G4WT1 > Accumulable registered as "accumulable_0"
G4WT1 > Accumulable registered as "accumulable_1"
G4WT1 > Accumulable registered as "accumulable_2"
G4WT1 > Accumulable registered as "accumulable_3"
G4WT1 > Using  analysis manager
G4WT4 > ##### Create analysis manager   0xa8547c480
G4WT4 > Accumulable registered as "accumulable_0"
G4WT4 > Accumulable registered as "accumulable_1"
G4WT4 > Accumulable registered as "accumulable_2"
G4WT4 > Accumulable registered as "accumulable_3"
G4WT4 > Using  analysis manager
G4WT7 > ##### Create analysis manager   0xa8547cd80
G4WT7 > Accumulable registered as "accumulable_0"
G4WT7 > Accumulable registered as "accumulable_1"
G4WT7 > Accumulable registered as "accumulable_2"
G4WT7 > Accumulable registered as "accumulable_3"
G4WT3 > ##### Create analysis manager   0xa8547d080
G4WT3 > Accumulable registered as "accumulable_0"
G4WT3 > Accumulable registered as "accumulable_1"
G4WT3 > Accumulable registered as "accumulable_2"
G4WT3 > Accumulable registered as "accumulable_3"
G4WT7 > Using  analysis manager
G4WT11 > ##### Create analysis manager   0xa8547d680
G4WT11 > Accumulable registered as "accumulable_0"
G4WT11 > Accumulable registered as "accumulable_1"
G4WT11 > Accumulable registered as "accumulable_2"
G4WT11 > Accumulable registered as "accumulable_3"
G4WT3 > Using  analysis manager
G4WT8 > ##### Create analysis manager   0xa8547dc80
G4WT8 > Accumulable registered as "accumulable_0"
G4WT8 > Accumulable registered as "accumulable_1"
G4WT8 > Accumulable registered as "accumulable_2"
G4WT8 > Accumulable registered as "accumulable_3"
G4WT8 > Using  analysis manager
G4WT11 > Using  analysis manager
DNA logging mode: minimal
... set ntuple merging row mode : row-wise - done
... create file : dna_ice_am_rho0p5_E00033_0p00361052763MeV.root - done
... open analysis file : dna_ice_am_rho0p5_E00033_0p00361052763MeV.root - done
... open main analysis file : dna_ice_am_rho0p5_E00033_0p00361052763MeV.root - done

==========================================================================================
--> G4TaskRunManager::CreateAndStartWorkers() --> Creating 32 tasks with 31 events/task...
==========================================================================================

G4WT10 > DNA logging mode: minimal
G4WT10 > ... set ntuple merging row mode : row-wise - done
G4WT2 > DNA logging mode: minimal
G4WT2 > ... set ntuple merging row mode : row-wise - done
G4WT3 > DNA logging mode: minimal
G4WT3 > ... set ntuple merging row mode : row-wise - done
G4WT11 > DNA logging mode: minimal
G4WT11 > ... set ntuple merging row mode : row-wise - done
G4WT6 > DNA logging mode: minimal
G4WT6 > ... set ntuple merging row mode : row-wise - done
G4WT5 > DNA logging mode: minimal
G4WT5 > ... set ntuple merging row mode : row-wise - done
G4WT1 > DNA logging mode: minimal
G4WT1 > ... set ntuple merging row mode : row-wise - done
G4WT4 > DNA logging mode: minimal
G4WT4 > ... set ntuple merging row mode : row-wise - done
G4WT7 > DNA logging mode: minimal
G4WT7 > ... set ntuple merging row mode : row-wise - done
G4WT0 > DNA logging mode: minimal
G4WT0 > ... set ntuple merging row mode : row-wise - done
G4WT8 > DNA logging mode: minimal
G4WT8 > ... set ntuple merging row mode : row-wise - done
G4WT9 > DNA logging mode: minimal
G4WT9 > ... set ntuple merging row mode : row-wise - done
... write file : dna_ice_am_rho0p5_E00033_0p00361052763MeV.root - done
... close file : dna_ice_am_rho0p5_E00033_0p00361052763MeV.root - done

 Nb of ionisations = 63.841 +- 58.521

 w = 56.555 eV  +- 51.842 eV 
[energy 34] SKIP existing root/dna_ice_am_rho0p5_E00034_0p00363418112MeV.root
[energy 35] E=0.00365798957 MeV -> root/dna_ice_am_rho0p5_E00035_0p00365798957MeV.root

**************************************************************
 Geant4 version Name: geant4-11-03-patch-02 [MT]   (25-April-2025)
  << in Multi-threaded mode >> 
                       Copyright : Geant4 Collaboration
                      References : NIM A 506 (2003), 250-303
                                 : IEEE-TNS 53 (2006), 270-278
                                 : NIM A 835 (2016), 186-225
                             WWW : http://geant4.org/
**************************************************************

Using physics list: ice (phase: amorphous)
##### Create analysis manager   0xc50e1d680
Accumulable registered as "accumulable_0"
Accumulable registered as "accumulable_1"
Accumulable registered as "accumulable_2"
Accumulable registered as "accumulable_3"
Using  analysis manager
RunAction: log mode set to minimal
-> Density of water_modified material (g/cm3)=0.5

***** Table : Nb of materials = 5 *****

 Material:   G4_ICE H_2O   density:  1.000 g/cm3   RadL:  36.083 cm   Nucl.Int.Length:  75.375 cm 
                       Imean:  78.000 eV   temperature: 293.15 K  pressure:   1.00 atm

   --->  Element: H (H)   Z =  1.0   N =     1   A =  1.008 g/mole
         --->  Isotope:    H1   Z =  1   N =   1   A =   1.01 g/mole   abundance: 99.989 %
         --->  Isotope:    H2   Z =  1   N =   2   A =   2.01 g/mole   abundance:  0.011 %
          ElmMassFraction:  11.19 %  ElmAbundance  66.67 % 

   --->  Element: O (O)   Z =  8.0   N =    16   A = 15.999 g/mole
         --->  Isotope:   O16   Z =  8   N =  16   A =  15.99 g/mole   abundance: 99.757 %
         --->  Isotope:   O17   Z =  8   N =  17   A =  17.00 g/mole   abundance:  0.038 %
         --->  Isotope:   O18   Z =  8   N =  18   A =  18.00 g/mole   abundance:  0.205 %
          ElmMassFraction:  88.81 %  ElmAbundance  33.33 % 


 Material: G4_Galactic    density:  0.000 mg/cm3  RadL: 204310098.490 pc   Nucl.Int.Length: 3240.779 pc 
                       Imean:  21.800 eV   temperature:   2.73 K  pressure:   0.00 atm

   --->  Element: H (H)   Z =  1.0   N =     1   A =  1.008 g/mole
         --->  Isotope:    H1   Z =  1   N =   1   A =   1.01 g/mole   abundance: 99.989 %
         --->  Isotope:    H2   Z =  1   N =   2   A =   2.01 g/mole   abundance:  0.011 %
          ElmMassFraction: 100.00 %  ElmAbundance 100.00 % 


 Material: G4_WATER H_2O   density:  1.000 g/cm3   RadL:  36.083 cm   Nucl.Int.Length:  75.375 cm 
                       Imean:  78.000 eV   temperature: 293.15 K  pressure:   1.00 atm

   --->  Element: H (H)   Z =  1.0   N =     1   A =  1.008 g/mole
         --->  Isotope:    H1   Z =  1   N =   1   A =   1.01 g/mole   abundance: 99.989 %
         --->  Isotope:    H2   Z =  1   N =   2   A =   2.01 g/mole   abundance:  0.011 %
          ElmMassFraction:  11.19 %  ElmAbundance  66.67 % 

   --->  Element: O (O)   Z =  8.0   N =    16   A = 15.999 g/mole
         --->  Isotope:   O16   Z =  8   N =  16   A =  15.99 g/mole   abundance: 99.757 %
         --->  Isotope:   O17   Z =  8   N =  17   A =  17.00 g/mole   abundance:  0.038 %
         --->  Isotope:   O18   Z =  8   N =  18   A =  18.00 g/mole   abundance:  0.205 %
          ElmMassFraction:  88.81 %  ElmAbundance  33.33 % 


 Material: G4_WATER_ICE_USER H_2O   density: 500.000 mg/cm3  RadL:  72.166 cm   Nucl.Int.Length:   1.507 m  
                       Imean:  78.000 eV   temperature: 293.15 K  pressure:   1.00 atm

   --->  Element: H (H)   Z =  1.0   N =     1   A =  1.008 g/mole
         --->  Isotope:    H1   Z =  1   N =   1   A =   1.01 g/mole   abundance: 99.989 %
         --->  Isotope:    H2   Z =  1   N =   2   A =   2.01 g/mole   abundance:  0.011 %
          ElmMassFraction:  11.19 %  ElmAbundance  66.67 % 

   --->  Element: O (O)   Z =  8.0   N =    16   A = 15.999 g/mole
         --->  Isotope:   O16   Z =  8   N =  16   A =  15.99 g/mole   abundance: 99.757 %
         --->  Isotope:   O17   Z =  8   N =  17   A =  17.00 g/mole   abundance:  0.038 %
         --->  Isotope:   O18   Z =  8   N =  18   A =  18.00 g/mole   abundance:  0.205 %
          ElmMassFraction:  88.81 %  ElmAbundance  33.33 % 


 Material: G4_WATER_ICE_AMORPHOUS H_2O   density: 940.000 mg/cm3  RadL:  38.386 cm   Nucl.Int.Length:  80.186 cm 
                       Imean:  78.000 eV   temperature: 293.15 K  pressure:   1.00 atm

   --->  Element: H (H)   Z =  1.0   N =     1   A =  1.008 g/mole
         --->  Isotope:    H1   Z =  1   N =   1   A =   1.01 g/mole   abundance: 99.989 %
         --->  Isotope:    H2   Z =  1   N =   2   A =   2.01 g/mole   abundance:  0.011 %
          ElmMassFraction:  11.19 %  ElmAbundance  66.67 % 

   --->  Element: O (O)   Z =  8.0   N =    16   A = 15.999 g/mole
         --->  Isotope:   O16   Z =  8   N =  16   A =  15.99 g/mole   abundance: 99.757 %
         --->  Isotope:   O17   Z =  8   N =  17   A =  17.00 g/mole   abundance:  0.038 %
         --->  Isotope:   O18   Z =  8   N =  18   A =  18.00 g/mole   abundance:  0.205 %
          ElmMassFraction:  88.81 %  ElmAbundance  33.33 % 



Michaud_ELSEPA_LOW Elastic model is constructed 
Energy range: 2 eV - 0.0002 MeV
Michaud_ELSEPA_HIGH Elastic model is constructed 
Energy range: 200 eV - 10 MeV
=======================================================================
======                 Electromagnetic Physics Parameters      ========
=======================================================================
LPM effect enabled                                 1
Enable creation and use of sampling tables         0
Apply cuts on all EM processes                     0
Use combined TransportationWithMsc                 Disabled
Use general process                                0
Enable linear polarisation for gamma               0
Enable photoeffect sampling below K-shell          1
Enable sampling of quantum entanglement            0
X-section factor for integral approach             0.8
Min kinetic energy for tables                      1 eV 
Max kinetic energy for tables                      1 GeV
Number of bins per decade of a table               20
Verbose level                                      1
Verbose level for worker thread                    0
Bremsstrahlung energy threshold above which 
  primary e+- is added to the list of secondary    100 TeV
Bremsstrahlung energy threshold above which primary
  muon/hadron is added to the list of secondary    100 TeV
Positron annihilation at rest model                AllisonPositronium
Enable 3 gamma annihilation on fly                 0
Lowest triplet kinetic energy                      1 MeV
Enable sampling of gamma linear polarisation       0
5D gamma conversion model type                     0
5D gamma conversion model on isolated ion          0
Use Ricardo-Gerardo pair production model          0
Livermore data directory                           epics_2017
=======================================================================
======                 Ionisation Parameters                   ========
=======================================================================
Step function for e+-                              (0.2, 0.01 mm)
Step function for muons/hadrons                    (0.1, 0.05 mm)
Step function for light ions                       (0.1, 0.02 mm)
Step function for general ions                     (0.1, 0.001 mm)
Lowest e+e- kinetic energy                         0 eV 
Lowest muon/hadron kinetic energy                  1 keV
Use ICRU90 data                                    1
Fluctuations of dE/dx are enabled                  1
Type of fluctuation model for leptons and hadrons  Universal
Use built-in Birks satuaration                     0
Build CSDA range enabled                           0
Use cut as a final range enabled                   0
Enable angular generator interface                 1
Max kinetic energy for CSDA tables                 1 GeV
Max kinetic energy for NIEL computation            0 eV 
Linear loss limit                                  0.01
Read data from file for e+e- pair production by mu 0
=======================================================================
======                 Multiple Scattering Parameters          ========
=======================================================================
Type of msc step limit algorithm for e+-           2
Type of msc step limit algorithm for muons/hadrons 0
Msc lateral displacement for e+- enabled           1
Msc lateral displacement for muons and hadrons     0
Urban msc model lateral displacement alg96         1
Range factor for msc step limit for e+-            0.08
Range factor for msc step limit for muons/hadrons  0.2
Geometry factor for msc step limitation of e+-     2.5
Safety factor for msc step limit for e+-           0.6
Skin parameter for msc step limitation of e+-      3
Lambda limit for msc step limit for e+-            1 mm
Use Mott correction for e- scattering              1
Factor used for dynamic computation of angular 
  limit between single and multiple scattering     1
Fixed angular limit between single 
  and multiple scattering                          3.1416 rad
Upper energy limit for e+- multiple scattering     100 MeV
Type of electron single scattering model           0
Type of nuclear form-factor                        1
Screening factor                                   1
=======================================================================
======                 Atomic Deexcitation Parameters          ========
=======================================================================
Fluorescence enabled                               1
Directory in G4LEDATA for fluorescence data files  fluor
Auger electron cascade enabled                     1
PIXE atomic de-excitation enabled                  0
De-excitation module ignores cuts                  1
Type of PIXE cross section for hadrons             Empirical
Type of PIXE cross section for e+-                 Livermore
=======================================================================
======                 DNA Physics Parameters                  ========
=======================================================================
Use fast sampling in DNA models                    1
Use Stationary option in DNA models                0
Use DNA with multiple scattering of e-             0
Use DNA e- solvation model type                    11003
=======================================================================
Loaded cross section files for Michaud_ELSEPA_HIGH Elastic model
Michaud_ELSEPA_HIGH Elastic model is initialized 
Energy range: 200 eV - 10 MeV
Loaded cross section files for Michaud_ELSEPA_LOW Elastic model
Michaud_ELSEPA_LOW Elastic model is initialized 
Energy range: 2 eV - 0.0002 MeV
[DEBUG] eTdummyVec.size() = 155
[DEBUG] eVecm[0].size() = 0
[DEBUG] eVecm[1.7].size() = 181
[DEBUG] eVecm[1.75394].size() = 181
[DEBUG] eVecm[1.8096].size() = 181
[DEBUG] eVecm[1.86701].size() = 181
[DEBUG] eVecm[200].size() = 181

e-_G4DNAElastic_ICE:  for e- SubType=51 BuildTable=0
      ===== EM models for the G4Region  DefaultRegionForTheWorld ======
DNAMichaud_ELSEPA_LOW_ElasticModel : Emin=    0 eV  Emax=  200 eV 
DNAMichaud_ELSEPA_HIGH_ElasticModel : Emin=  200 eV  Emax=   10 MeV

e-_G4DNAVib_ICE:  for e- SubType=54 BuildTable=0
      ===== EM models for the G4Region  DefaultRegionForTheWorld ======
DNAMichaudExcitationModel : Emin=    0 eV  Emax=  100 eV 

e-_G4DNAAttachment_ICE:  for e- SubType=55 BuildTable=0
      ===== EM models for the G4Region  DefaultRegionForTheWorld ======
DNAMichaudAttachmentModel : Emin=    0 eV  Emax=   13 eV 

e-_G4DNAExcitation_ICE:  for e- SubType=52 BuildTable=0
      ===== EM models for the G4Region  DefaultRegionForTheWorld ======
DNAEmfietzoglou_iceExcitationModel : Emin=    0 eV  Emax=   10 MeV

e-_G4DNAIonisation_ICE:  for e- SubType=53 BuildTable=0
      ===== EM models for the G4Region  DefaultRegionForTheWorld ======
DNAEmfietzoglou_iceIonisationModel : Emin=    0 eV  Emax=   10 MeV  deltaBorn
        MollerBhabha : Emin=   10 MeV Emax=    1 GeV

msc:  for e-  SubType= 10
      ===== EM models for the G4Region  DefaultRegionForTheWorld ======
            UrbanMsc : Emin=    0 eV  Emax=    1 GeV Nbins=40  10 MeV -   1 GeV
          StepLim=SafetyPlus Rfact=0.08 Gfact=2.5 Sfact=0.6 DispFlag:1 Skin=3 Llim=1 mm

eBrem:  for e-  XStype:3  SubType=3
      dE/dx and range tables from 10 MeV to 1 GeV in 180 bins
      Lambda tables from threshold to 1 GeV, 20 bins/decade, spline: 1
      LPM flag: 1 for E > 1 GeV,  VertexHighEnergyTh(GeV)= 100000
      ===== EM models for the G4Region  DefaultRegionForTheWorld ======
             eBremSB : Emin=    0 eV  Emax=    1 GeV  ModifiedTsai

CoulombScat:  for e- XStype:1 SubType=1 BuildTable=1
      Lambda table from threshold  to 1 GeV, 20 bins/decade, spline: 0
      ThetaMin(p) < Theta(degree) < 180, pLimit(GeV^1)= 0.139531
      ===== EM models for the G4Region  DefaultRegionForTheWorld ======
        WentzelVIUni : Emin=    0 eV  Emax=    1 GeV
          StepLim=SafetyPlus Rfact=0.08 Gfact=2.5 Sfact=0.6 DispFlag:1 Skin=3 Llim=1 mm

=========================================================================
--> G4TaskRunManager::CreateAndStartWorkers() --> Initializing workers...
=========================================================================

G4WT2 > ##### Create analysis manager   0xc50e5d800
G4WT2 > Accumulable registered as "accumulable_0"
G4WT2 > Accumulable registered as "accumulable_1"
G4WT2 > Accumulable registered as "accumulable_2"
G4WT2 > Accumulable registered as "accumulable_3"
G4WT2 > Using  analysis manager
G4WT0 > ##### Create analysis manager   0xc50e5f180
G4WT0 > Accumulable registered as "accumulable_0"
G4WT0 > Accumulable registered as "accumulable_1"
G4WT0 > Accumulable registered as "accumulable_2"
G4WT0 > Accumulable registered as "accumulable_3"
G4WT0 > Using  analysis manager
G4WT1 > ##### Create analysis manager   0xc50e5f600
G4WT1 > Accumulable registered as "accumulable_0"
G4WT1 > Accumulable registered as "accumulable_1"
G4WT1 > Accumulable registered as "accumulable_2"
G4WT1 > Accumulable registered as "accumulable_3"
G4WT1 > Using  analysis manager
G4WT3 > ##### Create analysis manager   0xc50e5f900
G4WT3 > Accumulable registered as "accumulable_0"
G4WT3 > Accumulable registered as "accumulable_1"
G4WT3 > Accumulable registered as "accumulable_2"
G4WT3 > Accumulable registered as "accumulable_3"
G4WT3 > Using  analysis manager
G4WT4 > ##### Create analysis manager   0xc4fcf0000
G4WT4 > Accumulable registered as "accumulable_0"
G4WT4 > Accumulable registered as "accumulable_1"
G4WT4 > Accumulable registered as "accumulable_2"
G4WT4 > Accumulable registered as "accumulable_3"
G4WT4 > Using  analysis manager
G4WT5 > ##### Create analysis manager   0xc4fcf0300
G4WT5 > Accumulable registered as "accumulable_0"
G4WT5 > Accumulable registered as "accumulable_1"
G4WT5 > Accumulable registered as "accumulable_2"
G4WT5 > Accumulable registered as "accumulable_3"
G4WT5 > Using  analysis manager
G4WT7 > ##### Create analysis manager   0xc4fcf0780
G4WT7 > Accumulable registered as "accumulable_0"
G4WT7 > Accumulable registered as "accumulable_1"
G4WT7 > Accumulable registered as "accumulable_2"
G4WT7 > Accumulable registered as "accumulable_3"
G4WT7 > Using  analysis manager
G4WT9 > ##### Create analysis manager   0xc4fcf1080
G4WT9 > Accumulable registered as "accumulable_0"
G4WT9 > Accumulable registered as "accumulable_1"
G4WT9 > Accumulable registered as "accumulable_2"
G4WT9 > Accumulable registered as "accumulable_3"
G4WT9 > Using  analysis manager
G4WT11 > ##### Create analysis manager   0xc4fcf1680
G4WT11 > Accumulable registered as "accumulable_0"
G4WT11 > Accumulable registered as "accumulable_1"
G4WT11 > Accumulable registered as "accumulable_2"
G4WT11 > Accumulable registered as "accumulable_3"
G4WT11 > Using  analysis manager
G4WT8 > ##### Create analysis manager   0xc4fcf1980
G4WT8 > Accumulable registered as "accumulable_0"
G4WT8 > Accumulable registered as "accumulable_1"
G4WT8 > Accumulable registered as "accumulable_2"
G4WT8 > Accumulable registered as "accumulable_3"
G4WT8 > Using  analysis manager
G4WT10 > ##### Create analysis manager   0xc4fcf1200
G4WT10 > Accumulable registered as "accumulable_0"
G4WT10 > Accumulable registered as "accumulable_1"
G4WT10 > Accumulable registered as "accumulable_2"
G4WT10 > Accumulable registered as "accumulable_3"
G4WT10 > Using  analysis manager
G4WT6 > ##### Create analysis manager   0xc4fcf1f80
G4WT6 > Accumulable registered as "accumulable_0"
G4WT6 > Accumulable registered as "accumulable_1"
G4WT6 > Accumulable registered as "accumulable_2"
G4WT6 > Accumulable registered as "accumulable_3"
G4WT6 > Using  analysis manager
DNA logging mode: minimal
... set ntuple merging row mode : row-wise - done
... create file : dna_ice_am_rho0p5_E00035_0p00365798957MeV.root - done
... open analysis file : dna_ice_am_rho0p5_E00035_0p00365798957MeV.root - done
... open main analysis file : dna_ice_am_rho0p5_E00035_0p00365798957MeV.root - done

==========================================================================================
--> G4TaskRunManager::CreateAndStartWorkers() --> Creating 32 tasks with 31 events/task...
==========================================================================================

G4WT1 > DNA logging mode: minimal
G4WT1 > ... set ntuple merging row mode : row-wise - done
G4WT11 > DNA logging mode: minimal
G4WT11 > ... set ntuple merging row mode : row-wise - done
G4WT3 > DNA logging mode: minimal
G4WT3 > ... set ntuple merging row mode : row-wise - done
G4WT7 > DNA logging mode: minimal
G4WT7 > ... set ntuple merging row mode : row-wise - done
G4WT2 > DNA logging mode: minimal
G4WT2 > ... set ntuple merging row mode : row-wise - done
G4WT4 > DNA logging mode: minimal
G4WT4 > ... set ntuple merging row mode : row-wise - done
G4WT10 > DNA logging mode: minimal
G4WT10 > ... set ntuple merging row mode : row-wise - done
G4WT6 > DNA logging mode: minimal
G4WT6 > ... set ntuple merging row mode : row-wise - done
G4WT8 > DNA logging mode: minimal
G4WT8 > ... set ntuple merging row mode : row-wise - done
G4WT9 > DNA logging mode: minimal
G4WT9 > ... set ntuple merging row mode : row-wise - done
G4WT0 > DNA logging mode: minimal
G4WT0 > ... set ntuple merging row mode : row-wise - done
G4WT5 > DNA logging mode: minimal
G4WT5 > ... set ntuple merging row mode : row-wise - done
... write file : dna_ice_am_rho0p5_E00035_0p00365798957MeV.root - done
... close file : dna_ice_am_rho0p5_E00035_0p00365798957MeV.root - done

 Nb of ionisations = 62.905 +- 59.250

 w = 58.151 eV  +- 54.772 eV 
[energy 36] SKIP existing root/dna_ice_am_rho0p5_E00036_0p00368195399MeV.root
[energy 37] E=0.00370607541 MeV -> root/dna_ice_am_rho0p5_E00037_0p00370607541MeV.root

**************************************************************
 Geant4 version Name: geant4-11-03-patch-02 [MT]   (25-April-2025)
  << in Multi-threaded mode >> 
                       Copyright : Geant4 Collaboration
                      References : NIM A 506 (2003), 250-303
                                 : IEEE-TNS 53 (2006), 270-278
                                 : NIM A 835 (2016), 186-225
                             WWW : http://geant4.org/
**************************************************************

Using physics list: ice (phase: amorphous)
##### Create analysis manager   0x83852cf00
Accumulable registered as "accumulable_0"
Accumulable registered as "accumulable_1"
Accumulable registered as "accumulable_2"
Accumulable registered as "accumulable_3"
Using  analysis manager
RunAction: log mode set to minimal
-> Density of water_modified material (g/cm3)=0.5

***** Table : Nb of materials = 5 *****

 Material:   G4_ICE H_2O   density:  1.000 g/cm3   RadL:  36.083 cm   Nucl.Int.Length:  75.375 cm 
                       Imean:  78.000 eV   temperature: 293.15 K  pressure:   1.00 atm

   --->  Element: H (H)   Z =  1.0   N =     1   A =  1.008 g/mole
         --->  Isotope:    H1   Z =  1   N =   1   A =   1.01 g/mole   abundance: 99.989 %
         --->  Isotope:    H2   Z =  1   N =   2   A =   2.01 g/mole   abundance:  0.011 %
          ElmMassFraction:  11.19 %  ElmAbundance  66.67 % 

   --->  Element: O (O)   Z =  8.0   N =    16   A = 15.999 g/mole
         --->  Isotope:   O16   Z =  8   N =  16   A =  15.99 g/mole   abundance: 99.757 %
         --->  Isotope:   O17   Z =  8   N =  17   A =  17.00 g/mole   abundance:  0.038 %
         --->  Isotope:   O18   Z =  8   N =  18   A =  18.00 g/mole   abundance:  0.205 %
          ElmMassFraction:  88.81 %  ElmAbundance  33.33 % 


 Material: G4_Galactic    density:  0.000 mg/cm3  RadL: 204310098.490 pc   Nucl.Int.Length: 3240.779 pc 
                       Imean:  21.800 eV   temperature:   2.73 K  pressure:   0.00 atm

   --->  Element: H (H)   Z =  1.0   N =     1   A =  1.008 g/mole
         --->  Isotope:    H1   Z =  1   N =   1   A =   1.01 g/mole   abundance: 99.989 %
         --->  Isotope:    H2   Z =  1   N =   2   A =   2.01 g/mole   abundance:  0.011 %
          ElmMassFraction: 100.00 %  ElmAbundance 100.00 % 


 Material: G4_WATER H_2O   density:  1.000 g/cm3   RadL:  36.083 cm   Nucl.Int.Length:  75.375 cm 
                       Imean:  78.000 eV   temperature: 293.15 K  pressure:   1.00 atm

   --->  Element: H (H)   Z =  1.0   N =     1   A =  1.008 g/mole
         --->  Isotope:    H1   Z =  1   N =   1   A =   1.01 g/mole   abundance: 99.989 %
         --->  Isotope:    H2   Z =  1   N =   2   A =   2.01 g/mole   abundance:  0.011 %
          ElmMassFraction:  11.19 %  ElmAbundance  66.67 % 

   --->  Element: O (O)   Z =  8.0   N =    16   A = 15.999 g/mole
         --->  Isotope:   O16   Z =  8   N =  16   A =  15.99 g/mole   abundance: 99.757 %
         --->  Isotope:   O17   Z =  8   N =  17   A =  17.00 g/mole   abundance:  0.038 %
         --->  Isotope:   O18   Z =  8   N =  18   A =  18.00 g/mole   abundance:  0.205 %
          ElmMassFraction:  88.81 %  ElmAbundance  33.33 % 


 Material: G4_WATER_ICE_USER H_2O   density: 500.000 mg/cm3  RadL:  72.166 cm   Nucl.Int.Length:   1.507 m  
                       Imean:  78.000 eV   temperature: 293.15 K  pressure:   1.00 atm

   --->  Element: H (H)   Z =  1.0   N =     1   A =  1.008 g/mole
         --->  Isotope:    H1   Z =  1   N =   1   A =   1.01 g/mole   abundance: 99.989 %
         --->  Isotope:    H2   Z =  1   N =   2   A =   2.01 g/mole   abundance:  0.011 %
          ElmMassFraction:  11.19 %  ElmAbundance  66.67 % 

   --->  Element: O (O)   Z =  8.0   N =    16   A = 15.999 g/mole
         --->  Isotope:   O16   Z =  8   N =  16   A =  15.99 g/mole   abundance: 99.757 %
         --->  Isotope:   O17   Z =  8   N =  17   A =  17.00 g/mole   abundance:  0.038 %
         --->  Isotope:   O18   Z =  8   N =  18   A =  18.00 g/mole   abundance:  0.205 %
          ElmMassFraction:  88.81 %  ElmAbundance  33.33 % 


 Material: G4_WATER_ICE_AMORPHOUS H_2O   density: 940.000 mg/cm3  RadL:  38.386 cm   Nucl.Int.Length:  80.186 cm 
                       Imean:  78.000 eV   temperature: 293.15 K  pressure:   1.00 atm

   --->  Element: H (H)   Z =  1.0   N =     1   A =  1.008 g/mole
         --->  Isotope:    H1   Z =  1   N =   1   A =   1.01 g/mole   abundance: 99.989 %
         --->  Isotope:    H2   Z =  1   N =   2   A =   2.01 g/mole   abundance:  0.011 %
          ElmMassFraction:  11.19 %  ElmAbundance  66.67 % 

   --->  Element: O (O)   Z =  8.0   N =    16   A = 15.999 g/mole
         --->  Isotope:   O16   Z =  8   N =  16   A =  15.99 g/mole   abundance: 99.757 %
         --->  Isotope:   O17   Z =  8   N =  17   A =  17.00 g/mole   abundance:  0.038 %
         --->  Isotope:   O18   Z =  8   N =  18   A =  18.00 g/mole   abundance:  0.205 %
          ElmMassFraction:  88.81 %  ElmAbundance  33.33 % 



Michaud_ELSEPA_LOW Elastic model is constructed 
Energy range: 2 eV - 0.0002 MeV
Michaud_ELSEPA_HIGH Elastic model is constructed 
Energy range: 200 eV - 10 MeV
=======================================================================
======                 Electromagnetic Physics Parameters      ========
=======================================================================
LPM effect enabled                                 1
Enable creation and use of sampling tables         0
Apply cuts on all EM processes                     0
Use combined TransportationWithMsc                 Disabled
Use general process                                0
Enable linear polarisation for gamma               0
Enable photoeffect sampling below K-shell          1
Enable sampling of quantum entanglement            0
X-section factor for integral approach             0.8
Min kinetic energy for tables                      1 eV 
Max kinetic energy for tables                      1 GeV
Number of bins per decade of a table               20
Verbose level                                      1
Verbose level for worker thread                    0
Bremsstrahlung energy threshold above which 
  primary e+- is added to the list of secondary    100 TeV
Bremsstrahlung energy threshold above which primary
  muon/hadron is added to the list of secondary    100 TeV
Positron annihilation at rest model                AllisonPositronium
Enable 3 gamma annihilation on fly                 0
Lowest triplet kinetic energy                      1 MeV
Enable sampling of gamma linear polarisation       0
5D gamma conversion model type                     0
5D gamma conversion model on isolated ion          0
Use Ricardo-Gerardo pair production model          0
Livermore data directory                           epics_2017
=======================================================================
======                 Ionisation Parameters                   ========
=======================================================================
Step function for e+-                              (0.2, 0.01 mm)
Step function for muons/hadrons                    (0.1, 0.05 mm)
Step function for light ions                       (0.1, 0.02 mm)
Step function for general ions                     (0.1, 0.001 mm)
Lowest e+e- kinetic energy                         0 eV 
Lowest muon/hadron kinetic energy                  1 keV
Use ICRU90 data                                    1
Fluctuations of dE/dx are enabled                  1
Type of fluctuation model for leptons and hadrons  Universal
Use built-in Birks satuaration                     0
Build CSDA range enabled                           0
Use cut as a final range enabled                   0
Enable angular generator interface                 1
Max kinetic energy for CSDA tables                 1 GeV
Max kinetic energy for NIEL computation            0 eV 
Linear loss limit                                  0.01
Read data from file for e+e- pair production by mu 0
=======================================================================
======                 Multiple Scattering Parameters          ========
=======================================================================
Type of msc step limit algorithm for e+-           2
Type of msc step limit algorithm for muons/hadrons 0
Msc lateral displacement for e+- enabled           1
Msc lateral displacement for muons and hadrons     0
Urban msc model lateral displacement alg96         1
Range factor for msc step limit for e+-            0.08
Range factor for msc step limit for muons/hadrons  0.2
Geometry factor for msc step limitation of e+-     2.5
Safety factor for msc step limit for e+-           0.6
Skin parameter for msc step limitation of e+-      3
Lambda limit for msc step limit for e+-            1 mm
Use Mott correction for e- scattering              1
Factor used for dynamic computation of angular 
  limit between single and multiple scattering     1
Fixed angular limit between single 
  and multiple scattering                          3.1416 rad
Upper energy limit for e+- multiple scattering     100 MeV
Type of electron single scattering model           0
Type of nuclear form-factor                        1
Screening factor                                   1
=======================================================================
======                 Atomic Deexcitation Parameters          ========
=======================================================================
Fluorescence enabled                               1
Directory in G4LEDATA for fluorescence data files  fluor
Auger electron cascade enabled                     1
PIXE atomic de-excitation enabled                  0
De-excitation module ignores cuts                  1
Type of PIXE cross section for hadrons             Empirical
Type of PIXE cross section for e+-                 Livermore
=======================================================================
======                 DNA Physics Parameters                  ========
=======================================================================
Use fast sampling in DNA models                    1
Use Stationary option in DNA models                0
Use DNA with multiple scattering of e-             0
Use DNA e- solvation model type                    11003
=======================================================================
Loaded cross section files for Michaud_ELSEPA_HIGH Elastic model
Michaud_ELSEPA_HIGH Elastic model is initialized 
Energy range: 200 eV - 10 MeV
Loaded cross section files for Michaud_ELSEPA_LOW Elastic model
Michaud_ELSEPA_LOW Elastic model is initialized 
Energy range: 2 eV - 0.0002 MeV
[DEBUG] eTdummyVec.size() = 155
[DEBUG] eVecm[0].size() = 0
[DEBUG] eVecm[1.7].size() = 181
[DEBUG] eVecm[1.75394].size() = 181
[DEBUG] eVecm[1.8096].size() = 181
[DEBUG] eVecm[1.86701].size() = 181
[DEBUG] eVecm[200].size() = 181

e-_G4DNAElastic_ICE:  for e- SubType=51 BuildTable=0
      ===== EM models for the G4Region  DefaultRegionForTheWorld ======
DNAMichaud_ELSEPA_LOW_ElasticModel : Emin=    0 eV  Emax=  200 eV 
DNAMichaud_ELSEPA_HIGH_ElasticModel : Emin=  200 eV  Emax=   10 MeV

e-_G4DNAVib_ICE:  for e- SubType=54 BuildTable=0
      ===== EM models for the G4Region  DefaultRegionForTheWorld ======
DNAMichaudExcitationModel : Emin=    0 eV  Emax=  100 eV 

e-_G4DNAAttachment_ICE:  for e- SubType=55 BuildTable=0
      ===== EM models for the G4Region  DefaultRegionForTheWorld ======
DNAMichaudAttachmentModel : Emin=    0 eV  Emax=   13 eV 

e-_G4DNAExcitation_ICE:  for e- SubType=52 BuildTable=0
      ===== EM models for the G4Region  DefaultRegionForTheWorld ======
DNAEmfietzoglou_iceExcitationModel : Emin=    0 eV  Emax=   10 MeV

e-_G4DNAIonisation_ICE:  for e- SubType=53 BuildTable=0
      ===== EM models for the G4Region  DefaultRegionForTheWorld ======
DNAEmfietzoglou_iceIonisationModel : Emin=    0 eV  Emax=   10 MeV  deltaBorn
        MollerBhabha : Emin=   10 MeV Emax=    1 GeV

msc:  for e-  SubType= 10
      ===== EM models for the G4Region  DefaultRegionForTheWorld ======
            UrbanMsc : Emin=    0 eV  Emax=    1 GeV Nbins=40  10 MeV -   1 GeV
          StepLim=SafetyPlus Rfact=0.08 Gfact=2.5 Sfact=0.6 DispFlag:1 Skin=3 Llim=1 mm

eBrem:  for e-  XStype:3  SubType=3
      dE/dx and range tables from 10 MeV to 1 GeV in 180 bins
      Lambda tables from threshold to 1 GeV, 20 bins/decade, spline: 1
      LPM flag: 1 for E > 1 GeV,  VertexHighEnergyTh(GeV)= 100000
      ===== EM models for the G4Region  DefaultRegionForTheWorld ======
             eBremSB : Emin=    0 eV  Emax=    1 GeV  ModifiedTsai

CoulombScat:  for e- XStype:1 SubType=1 BuildTable=1
      Lambda table from threshold  to 1 GeV, 20 bins/decade, spline: 0
      ThetaMin(p) < Theta(degree) < 180, pLimit(GeV^1)= 0.139531
      ===== EM models for the G4Region  DefaultRegionForTheWorld ======
        WentzelVIUni : Emin=    0 eV  Emax=    1 GeV
          StepLim=SafetyPlus Rfact=0.08 Gfact=2.5 Sfact=0.6 DispFlag:1 Skin=3 Llim=1 mm

=========================================================================
--> G4TaskRunManager::CreateAndStartWorkers() --> Initializing workers...
=========================================================================

G4WT0 > ##### Create analysis manager   0x8384f6880
G4WT0 > Accumulable registered as "accumulable_0"
G4WT0 > Accumulable registered as "accumulable_1"
G4WT0 > Accumulable registered as "accumulable_2"
G4WT0 > Accumulable registered as "accumulable_3"
G4WT0 > Using  analysis manager
G4WT10 > ##### Create analysis manager   0x8384f7480
G4WT10 > Accumulable registered as "accumulable_0"
G4WT10 > Accumulable registered as "accumulable_1"
G4WT10 > Accumulable registered as "accumulable_2"
G4WT10 > Accumulable registered as "accumulable_3"
G4WT10 > Using  analysis manager
G4WT11 > ##### Create analysis manager   0x838118300
G4WT11 > Accumulable registered as "accumulable_0"
G4WT11 > Accumulable registered as "accumulable_1"
G4WT1 > ##### Create analysis manager   0x838118600
G4WT1 > Accumulable registered as "accumulable_0"
G4WT1 > Accumulable registered as "accumulable_1"
G4WT1 > Accumulable registered as "accumulable_2"
G4WT1 > Accumulable registered as "accumulable_3"
G4WT11 > Accumulable registered as "accumulable_2"
G4WT11 > Accumulable registered as "accumulable_3"
G4WT1 > Using  analysis manager
G4WT5 > ##### Create analysis manager   0x838119200
G4WT11 > Using  analysis manager
G4WT7 > ##### Create analysis manager   0x838119c80
G4WT7 > Accumulable registered as "accumulable_0"
G4WT7 > Accumulable registered as "accumulable_1"
G4WT7 > Accumulable registered as "accumulable_2"
G4WT7 > Accumulable registered as "accumulable_3"
G4WT9 > ##### Create analysis manager   0x83811a580
G4WT9 > Accumulable registered as "accumulable_0"
G4WT9 > Accumulable registered as "accumulable_1"
G4WT9 > Accumulable registered as "accumulable_2"
G4WT9 > Accumulable registered as "accumulable_3"
G4WT6 > ##### Create analysis manager   0x83811ab80
G4WT6 > Accumulable registered as "accumulable_0"
G4WT6 > Accumulable registered as "accumulable_1"
G4WT7 > Using  analysis manager
G4WT5 > Accumulable registered as "accumulable_0"
G4WT5 > Accumulable registered as "accumulable_1"
G4WT5 > Accumulable registered as "accumulable_2"
G4WT5 > Accumulable registered as "accumulable_3"
G4WT3 > ##### Create analysis manager   0x83811b600
G4WT3 > Accumulable registered as "accumulable_0"
G4WT3 > Accumulable registered as "accumulable_1"
G4WT3 > Accumulable registered as "accumulable_2"
G4WT3 > Accumulable registered as "accumulable_3"
G4WT6 > Accumulable registered as "accumulable_2"
G4WT6 > Accumulable registered as "accumulable_3"
G4WT5 > Using  analysis manager
G4WT9 > Using  analysis manager
G4WT2 > ##### Create analysis manager   0x838198000
G4WT2 > Accumulable registered as "accumulable_0"
G4WT2 > Accumulable registered as "accumulable_1"
G4WT3 > Using  analysis manager
G4WT2 > Accumulable registered as "accumulable_2"
G4WT2 > Accumulable registered as "accumulable_3"
G4WT6 > Using  analysis manager
G4WT8 > ##### Create analysis manager   0x838199200
G4WT8 > Accumulable registered as "accumulable_0"
G4WT8 > Accumulable registered as "accumulable_1"
G4WT8 > Accumulable registered as "accumulable_2"
G4WT8 > Accumulable registered as "accumulable_3"
G4WT4 > ##### Create analysis manager   0x838199800
G4WT4 > Accumulable registered as "accumulable_0"
G4WT4 > Accumulable registered as "accumulable_1"
G4WT4 > Accumulable registered as "accumulable_2"
G4WT4 > Accumulable registered as "accumulable_3"
G4WT2 > Using  analysis manager
G4WT8 > Using  analysis manager
G4WT4 > Using  analysis manager
DNA logging mode: minimal
... set ntuple merging row mode : row-wise - done
... create file : dna_ice_am_rho0p5_E00037_0p00370607541MeV.root - done
... open analysis file : dna_ice_am_rho0p5_E00037_0p00370607541MeV.root - done
... open main analysis file : dna_ice_am_rho0p5_E00037_0p00370607541MeV.root - done

==========================================================================================
--> G4TaskRunManager::CreateAndStartWorkers() --> Creating 32 tasks with 31 events/task...
==========================================================================================

G4WT1 > DNA logging mode: minimal
G4WT1 > ... set ntuple merging row mode : row-wise - done
G4WT3 > DNA logging mode: minimal
G4WT3 > ... set ntuple merging row mode : row-wise - done
G4WT0 > DNA logging mode: minimal
G4WT0 > ... set ntuple merging row mode : row-wise - done
G4WT11 > DNA logging mode: minimal
G4WT11 > ... set ntuple merging row mode : row-wise - done
G4WT10 > DNA logging mode: minimal
G4WT10 > ... set ntuple merging row mode : row-wise - done
G4WT8 > DNA logging mode: minimal
G4WT8 > ... set ntuple merging row mode : row-wise - done
G4WT2 > DNA logging mode: minimal
G4WT2 > ... set ntuple merging row mode : row-wise - done
G4WT7 > DNA logging mode: minimal
G4WT7 > ... set ntuple merging row mode : row-wise - done
G4WT5 > DNA logging mode: minimal
G4WT5 > ... set ntuple merging row mode : row-wise - done
G4WT4 > DNA logging mode: minimal
G4WT4 > ... set ntuple merging row mode : row-wise - done
G4WT9 > DNA logging mode: minimal
G4WT9 > ... set ntuple merging row mode : row-wise - done
G4WT6 > DNA logging mode: minimal
G4WT6 > ... set ntuple merging row mode : row-wise - done
... write file : dna_ice_am_rho0p5_E00037_0p00370607541MeV.root - done
... close file : dna_ice_am_rho0p5_E00037_0p00370607541MeV.root - done

 Nb of ionisations = 66.398 +- 61.005

 w = 55.816 eV  +- 51.282 eV 
[energy 38] SKIP existing root/dna_ice_am_rho0p5_E00038_0p00373035486MeV.root
[energy 39] E=0.00375479337 MeV -> root/dna_ice_am_rho0p5_E00039_0p00375479337MeV.root

**************************************************************
 Geant4 version Name: geant4-11-03-patch-02 [MT]   (25-April-2025)
  << in Multi-threaded mode >> 
                       Copyright : Geant4 Collaboration
                      References : NIM A 506 (2003), 250-303
                                 : IEEE-TNS 53 (2006), 270-278
                                 : NIM A 835 (2016), 186-225
                             WWW : http://geant4.org/
**************************************************************

Using physics list: ice (phase: amorphous)
##### Create analysis manager   0x852dfc600
Accumulable registered as "accumulable_0"
Accumulable registered as "accumulable_1"
Accumulable registered as "accumulable_2"
Accumulable registered as "accumulable_3"
Using  analysis manager
RunAction: log mode set to minimal
-> Density of water_modified material (g/cm3)=0.5

***** Table : Nb of materials = 5 *****

 Material:   G4_ICE H_2O   density:  1.000 g/cm3   RadL:  36.083 cm   Nucl.Int.Length:  75.375 cm 
                       Imean:  78.000 eV   temperature: 293.15 K  pressure:   1.00 atm

   --->  Element: H (H)   Z =  1.0   N =     1   A =  1.008 g/mole
         --->  Isotope:    H1   Z =  1   N =   1   A =   1.01 g/mole   abundance: 99.989 %
         --->  Isotope:    H2   Z =  1   N =   2   A =   2.01 g/mole   abundance:  0.011 %
          ElmMassFraction:  11.19 %  ElmAbundance  66.67 % 

   --->  Element: O (O)   Z =  8.0   N =    16   A = 15.999 g/mole
         --->  Isotope:   O16   Z =  8   N =  16   A =  15.99 g/mole   abundance: 99.757 %
         --->  Isotope:   O17   Z =  8   N =  17   A =  17.00 g/mole   abundance:  0.038 %
         --->  Isotope:   O18   Z =  8   N =  18   A =  18.00 g/mole   abundance:  0.205 %
          ElmMassFraction:  88.81 %  ElmAbundance  33.33 % 


 Material: G4_Galactic    density:  0.000 mg/cm3  RadL: 204310098.490 pc   Nucl.Int.Length: 3240.779 pc 
                       Imean:  21.800 eV   temperature:   2.73 K  pressure:   0.00 atm

   --->  Element: H (H)   Z =  1.0   N =     1   A =  1.008 g/mole
         --->  Isotope:    H1   Z =  1   N =   1   A =   1.01 g/mole   abundance: 99.989 %
         --->  Isotope:    H2   Z =  1   N =   2   A =   2.01 g/mole   abundance:  0.011 %
          ElmMassFraction: 100.00 %  ElmAbundance 100.00 % 


 Material: G4_WATER H_2O   density:  1.000 g/cm3   RadL:  36.083 cm   Nucl.Int.Length:  75.375 cm 
                       Imean:  78.000 eV   temperature: 293.15 K  pressure:   1.00 atm

   --->  Element: H (H)   Z =  1.0   N =     1   A =  1.008 g/mole
         --->  Isotope:    H1   Z =  1   N =   1   A =   1.01 g/mole   abundance: 99.989 %
         --->  Isotope:    H2   Z =  1   N =   2   A =   2.01 g/mole   abundance:  0.011 %
          ElmMassFraction:  11.19 %  ElmAbundance  66.67 % 

   --->  Element: O (O)   Z =  8.0   N =    16   A = 15.999 g/mole
         --->  Isotope:   O16   Z =  8   N =  16   A =  15.99 g/mole   abundance: 99.757 %
         --->  Isotope:   O17   Z =  8   N =  17   A =  17.00 g/mole   abundance:  0.038 %
         --->  Isotope:   O18   Z =  8   N =  18   A =  18.00 g/mole   abundance:  0.205 %
          ElmMassFraction:  88.81 %  ElmAbundance  33.33 % 


 Material: G4_WATER_ICE_USER H_2O   density: 500.000 mg/cm3  RadL:  72.166 cm   Nucl.Int.Length:   1.507 m  
                       Imean:  78.000 eV   temperature: 293.15 K  pressure:   1.00 atm

   --->  Element: H (H)   Z =  1.0   N =     1   A =  1.008 g/mole
         --->  Isotope:    H1   Z =  1   N =   1   A =   1.01 g/mole   abundance: 99.989 %
         --->  Isotope:    H2   Z =  1   N =   2   A =   2.01 g/mole   abundance:  0.011 %
          ElmMassFraction:  11.19 %  ElmAbundance  66.67 % 

   --->  Element: O (O)   Z =  8.0   N =    16   A = 15.999 g/mole
         --->  Isotope:   O16   Z =  8   N =  16   A =  15.99 g/mole   abundance: 99.757 %
         --->  Isotope:   O17   Z =  8   N =  17   A =  17.00 g/mole   abundance:  0.038 %
         --->  Isotope:   O18   Z =  8   N =  18   A =  18.00 g/mole   abundance:  0.205 %
          ElmMassFraction:  88.81 %  ElmAbundance  33.33 % 


 Material: G4_WATER_ICE_AMORPHOUS H_2O   density: 940.000 mg/cm3  RadL:  38.386 cm   Nucl.Int.Length:  80.186 cm 
                       Imean:  78.000 eV   temperature: 293.15 K  pressure:   1.00 atm

   --->  Element: H (H)   Z =  1.0   N =     1   A =  1.008 g/mole
         --->  Isotope:    H1   Z =  1   N =   1   A =   1.01 g/mole   abundance: 99.989 %
         --->  Isotope:    H2   Z =  1   N =   2   A =   2.01 g/mole   abundance:  0.011 %
          ElmMassFraction:  11.19 %  ElmAbundance  66.67 % 

   --->  Element: O (O)   Z =  8.0   N =    16   A = 15.999 g/mole
         --->  Isotope:   O16   Z =  8   N =  16   A =  15.99 g/mole   abundance: 99.757 %
         --->  Isotope:   O17   Z =  8   N =  17   A =  17.00 g/mole   abundance:  0.038 %
         --->  Isotope:   O18   Z =  8   N =  18   A =  18.00 g/mole   abundance:  0.205 %
          ElmMassFraction:  88.81 %  ElmAbundance  33.33 % 



Michaud_ELSEPA_LOW Elastic model is constructed 
Energy range: 2 eV - 0.0002 MeV
Michaud_ELSEPA_HIGH Elastic model is constructed 
Energy range: 200 eV - 10 MeV
=======================================================================
======                 Electromagnetic Physics Parameters      ========
=======================================================================
LPM effect enabled                                 1
Enable creation and use of sampling tables         0
Apply cuts on all EM processes                     0
Use combined TransportationWithMsc                 Disabled
Use general process                                0
Enable linear polarisation for gamma               0
Enable photoeffect sampling below K-shell          1
Enable sampling of quantum entanglement            0
X-section factor for integral approach             0.8
Min kinetic energy for tables                      1 eV 
Max kinetic energy for tables                      1 GeV
Number of bins per decade of a table               20
Verbose level                                      1
Verbose level for worker thread                    0
Bremsstrahlung energy threshold above which 
  primary e+- is added to the list of secondary    100 TeV
Bremsstrahlung energy threshold above which primary
  muon/hadron is added to the list of secondary    100 TeV
Positron annihilation at rest model                AllisonPositronium
Enable 3 gamma annihilation on fly                 0
Lowest triplet kinetic energy                      1 MeV
Enable sampling of gamma linear polarisation       0
5D gamma conversion model type                     0
5D gamma conversion model on isolated ion          0
Use Ricardo-Gerardo pair production model          0
Livermore data directory                           epics_2017
=======================================================================
======                 Ionisation Parameters                   ========
=======================================================================
Step function for e+-                              (0.2, 0.01 mm)
Step function for muons/hadrons                    (0.1, 0.05 mm)
Step function for light ions                       (0.1, 0.02 mm)
Step function for general ions                     (0.1, 0.001 mm)
Lowest e+e- kinetic energy                         0 eV 
Lowest muon/hadron kinetic energy                  1 keV
Use ICRU90 data                                    1
Fluctuations of dE/dx are enabled                  1
Type of fluctuation model for leptons and hadrons  Universal
Use built-in Birks satuaration                     0
Build CSDA range enabled                           0
Use cut as a final range enabled                   0
Enable angular generator interface                 1
Max kinetic energy for CSDA tables                 1 GeV
Max kinetic energy for NIEL computation            0 eV 
Linear loss limit                                  0.01
Read data from file for e+e- pair production by mu 0
=======================================================================
======                 Multiple Scattering Parameters          ========
=======================================================================
Type of msc step limit algorithm for e+-           2
Type of msc step limit algorithm for muons/hadrons 0
Msc lateral displacement for e+- enabled           1
Msc lateral displacement for muons and hadrons     0
Urban msc model lateral displacement alg96         1
Range factor for msc step limit for e+-            0.08
Range factor for msc step limit for muons/hadrons  0.2
Geometry factor for msc step limitation of e+-     2.5
Safety factor for msc step limit for e+-           0.6
Skin parameter for msc step limitation of e+-      3
Lambda limit for msc step limit for e+-            1 mm
Use Mott correction for e- scattering              1
Factor used for dynamic computation of angular 
  limit between single and multiple scattering     1
Fixed angular limit between single 
  and multiple scattering                          3.1416 rad
Upper energy limit for e+- multiple scattering     100 MeV
Type of electron single scattering model           0
Type of nuclear form-factor                        1
Screening factor                                   1
=======================================================================
======                 Atomic Deexcitation Parameters          ========
=======================================================================
Fluorescence enabled                               1
Directory in G4LEDATA for fluorescence data files  fluor
Auger electron cascade enabled                     1
PIXE atomic de-excitation enabled                  0
De-excitation module ignores cuts                  1
Type of PIXE cross section for hadrons             Empirical
Type of PIXE cross section for e+-                 Livermore
=======================================================================
======                 DNA Physics Parameters                  ========
=======================================================================
Use fast sampling in DNA models                    1
Use Stationary option in DNA models                0
Use DNA with multiple scattering of e-             0
Use DNA e- solvation model type                    11003
=======================================================================
Loaded cross section files for Michaud_ELSEPA_HIGH Elastic model
Michaud_ELSEPA_HIGH Elastic model is initialized 
Energy range: 200 eV - 10 MeV
Loaded cross section files for Michaud_ELSEPA_LOW Elastic model
Michaud_ELSEPA_LOW Elastic model is initialized 
Energy range: 2 eV - 0.0002 MeV
[DEBUG] eTdummyVec.size() = 155
[DEBUG] eVecm[0].size() = 0
[DEBUG] eVecm[1.7].size() = 181
[DEBUG] eVecm[1.75394].size() = 181
[DEBUG] eVecm[1.8096].size() = 181
[DEBUG] eVecm[1.86701].size() = 181
[DEBUG] eVecm[200].size() = 181

e-_G4DNAElastic_ICE:  for e- SubType=51 BuildTable=0
      ===== EM models for the G4Region  DefaultRegionForTheWorld ======
DNAMichaud_ELSEPA_LOW_ElasticModel : Emin=    0 eV  Emax=  200 eV 
DNAMichaud_ELSEPA_HIGH_ElasticModel : Emin=  200 eV  Emax=   10 MeV

e-_G4DNAVib_ICE:  for e- SubType=54 BuildTable=0
      ===== EM models for the G4Region  DefaultRegionForTheWorld ======
DNAMichaudExcitationModel : Emin=    0 eV  Emax=  100 eV 

e-_G4DNAAttachment_ICE:  for e- SubType=55 BuildTable=0
      ===== EM models for the G4Region  DefaultRegionForTheWorld ======
DNAMichaudAttachmentModel : Emin=    0 eV  Emax=   13 eV 

e-_G4DNAExcitation_ICE:  for e- SubType=52 BuildTable=0
      ===== EM models for the G4Region  DefaultRegionForTheWorld ======
DNAEmfietzoglou_iceExcitationModel : Emin=    0 eV  Emax=   10 MeV

e-_G4DNAIonisation_ICE:  for e- SubType=53 BuildTable=0
      ===== EM models for the G4Region  DefaultRegionForTheWorld ======
DNAEmfietzoglou_iceIonisationModel : Emin=    0 eV  Emax=   10 MeV  deltaBorn
        MollerBhabha : Emin=   10 MeV Emax=    1 GeV

msc:  for e-  SubType= 10
      ===== EM models for the G4Region  DefaultRegionForTheWorld ======
            UrbanMsc : Emin=    0 eV  Emax=    1 GeV Nbins=40  10 MeV -   1 GeV
          StepLim=SafetyPlus Rfact=0.08 Gfact=2.5 Sfact=0.6 DispFlag:1 Skin=3 Llim=1 mm

eBrem:  for e-  XStype:3  SubType=3
      dE/dx and range tables from 10 MeV to 1 GeV in 180 bins
      Lambda tables from threshold to 1 GeV, 20 bins/decade, spline: 1
      LPM flag: 1 for E > 1 GeV,  VertexHighEnergyTh(GeV)= 100000
      ===== EM models for the G4Region  DefaultRegionForTheWorld ======
             eBremSB : Emin=    0 eV  Emax=    1 GeV  ModifiedTsai

CoulombScat:  for e- XStype:1 SubType=1 BuildTable=1
      Lambda table from threshold  to 1 GeV, 20 bins/decade, spline: 0
      ThetaMin(p) < Theta(degree) < 180, pLimit(GeV^1)= 0.139531
      ===== EM models for the G4Region  DefaultRegionForTheWorld ======
        WentzelVIUni : Emin=    0 eV  Emax=    1 GeV
          StepLim=SafetyPlus Rfact=0.08 Gfact=2.5 Sfact=0.6 DispFlag:1 Skin=3 Llim=1 mm

=========================================================================
--> G4TaskRunManager::CreateAndStartWorkers() --> Initializing workers...
=========================================================================

G4WT2 > ##### Create analysis manager   0x852e06880
G4WT2 > Accumulable registered as "accumulable_0"
G4WT2 > Accumulable registered as "accumulable_1"
G4WT2 > Accumulable registered as "accumulable_2"
G4WT2 > Accumulable registered as "accumulable_3"
G4WT6 > ##### Create analysis manager   0x852e07000
G4WT6 > Accumulable registered as "accumulable_0"
G4WT6 > Accumulable registered as "accumulable_1"
G4WT6 > Accumulable registered as "accumulable_2"
G4WT6 > Accumulable registered as "accumulable_3"
G4WT2 > Using  analysis manager
G4WT5 > ##### Create analysis manager   0x852e07480
G4WT5 > Accumulable registered as "accumulable_0"
G4WT5 > Accumulable registered as "accumulable_1"
G4WT5 > Accumulable registered as "accumulable_2"
G4WT0 > ##### Create analysis manager   0x852e07780
G4WT0 > Accumulable registered as "accumulable_0"
G4WT0 > Accumulable registered as "accumulable_1"
G4WT0 > Accumulable registered as "accumulable_2"
G4WT0 > Accumulable registered as "accumulable_3"
G4WT7 > ##### Create analysis manager   0x852e07900
G4WT8 > ##### Create analysis manager   0x852e07a80
G4WT8 > Accumulable registered as "accumulable_0"
G4WT5 > Accumulable registered as "accumulable_3"
G4WT8 > Accumulable registered as "accumulable_1"
G4WT8 > Accumulable registered as "accumulable_2"
G4WT8 > Accumulable registered as "accumulable_3"
G4WT6 > Using  analysis manager
G4WT9 > ##### Create analysis manager   0x84f154180
G4WT9 > Accumulable registered as "accumulable_0"
G4WT9 > Accumulable registered as "accumulable_1"
G4WT9 > Accumulable registered as "accumulable_2"
G4WT9 > Accumulable registered as "accumulable_3"
G4WT4 > ##### Create analysis manager   0x84f154480
G4WT4 > Accumulable registered as "accumulable_0"
G4WT4 > Accumulable registered as "accumulable_1"
G4WT4 > Accumulable registered as "accumulable_2"
G4WT4 > Accumulable registered as "accumulable_3"
G4WT1 > ##### Create analysis manager   0x84f154600
G4WT1 > Accumulable registered as "accumulable_0"
G4WT1 > Accumulable registered as "accumulable_1"
G4WT1 > Accumulable registered as "accumulable_2"
G4WT1 > Accumulable registered as "accumulable_3"
G4WT11 > ##### Create analysis manager   0x84f154780
G4WT11 > Accumulable registered as "accumulable_0"
G4WT11 > Accumulable registered as "accumulable_1"
G4WT11 > Accumulable registered as "accumulable_2"
G4WT11 > Accumulable registered as "accumulable_3"
G4WT0 > Using  analysis manager
G4WT7 > Accumulable registered as "accumulable_0"
G4WT10 > ##### Create analysis manager   0x84f154300
G4WT5 > Using  analysis manager
G4WT7 > Accumulable registered as "accumulable_1"
G4WT7 > Accumulable registered as "accumulable_2"
G4WT7 > Accumulable registered as "accumulable_3"
G4WT8 > Using  analysis manager
G4WT3 > ##### Create analysis manager   0x852e07600
G4WT3 > Accumulable registered as "accumulable_0"
G4WT3 > Accumulable registered as "accumulable_1"
G4WT3 > Accumulable registered as "accumulable_2"
G4WT3 > Accumulable registered as "accumulable_3"
G4WT1 > Using  analysis manager
G4WT10 > Accumulable registered as "accumulable_0"
G4WT10 > Accumulable registered as "accumulable_1"
G4WT10 > Accumulable registered as "accumulable_2"
G4WT10 > Accumulable registered as "accumulable_3"
G4WT4 > Using  analysis manager
G4WT9 > Using  analysis manager
G4WT11 > Using  analysis manager
G4WT3 > Using  analysis manager
G4WT7 > Using  analysis manager
G4WT10 > Using  analysis manager
DNA logging mode: minimal
... set ntuple merging row mode : row-wise - done
... create file : dna_ice_am_rho0p5_E00039_0p00375479337MeV.root - done
... open analysis file : dna_ice_am_rho0p5_E00039_0p00375479337MeV.root - done
... open main analysis file : dna_ice_am_rho0p5_E00039_0p00375479337MeV.root - done

==========================================================================================
--> G4TaskRunManager::CreateAndStartWorkers() --> Creating 32 tasks with 31 events/task...
==========================================================================================

G4WT10 > DNA logging mode: minimal
G4WT10 > ... set ntuple merging row mode : row-wise - done
G4WT5 > DNA logging mode: minimal
G4WT5 > ... set ntuple merging row mode : row-wise - done
G4WT7 > DNA logging mode: minimal
G4WT6 > DNA logging mode: minimal
G4WT6 > ... set ntuple merging row mode : row-wise - done
G4WT7 > ... set ntuple merging row mode : row-wise - done
G4WT0 > DNA logging mode: minimal
G4WT0 > ... set ntuple merging row mode : row-wise - done
G4WT2 > DNA logging mode: minimal
G4WT2 > ... set ntuple merging row mode : row-wise - done
G4WT3 > DNA logging mode: minimal
G4WT3 > ... set ntuple merging row mode : row-wise - done
G4WT8 > DNA logging mode: minimal
G4WT8 > ... set ntuple merging row mode : row-wise - done
G4WT11 > DNA logging mode: minimal
G4WT11 > ... set ntuple merging row mode : row-wise - done
G4WT4 > DNA logging mode: minimal
G4WT4 > ... set ntuple merging row mode : row-wise - done
G4WT9 > DNA logging mode: minimal
G4WT9 > ... set ntuple merging row mode : row-wise - done
G4WT1 > DNA logging mode: minimal
G4WT1 > ... set ntuple merging row mode : row-wise - done
... write file : dna_ice_am_rho0p5_E00039_0p00375479337MeV.root - done
... close file : dna_ice_am_rho0p5_E00039_0p00375479337MeV.root - done

 Nb of ionisations = 68.795 +- 61.340

 w = 54.579 eV  +- 48.665 eV 
[energy 40] SKIP existing root/dna_ice_am_rho0p5_E00040_0p00377939198MeV.root
[energy 41] E=0.00380415174 MeV -> root/dna_ice_am_rho0p5_E00041_0p00380415174MeV.root

**************************************************************
 Geant4 version Name: geant4-11-03-patch-02 [MT]   (25-April-2025)
  << in Multi-threaded mode >> 
                       Copyright : Geant4 Collaboration
                      References : NIM A 506 (2003), 250-303
                                 : IEEE-TNS 53 (2006), 270-278
                                 : NIM A 835 (2016), 186-225
                             WWW : http://geant4.org/
**************************************************************

Using physics list: ice (phase: amorphous)
##### Create analysis manager   0x9acd90000
Accumulable registered as "accumulable_0"
Accumulable registered as "accumulable_1"
Accumulable registered as "accumulable_2"
Accumulable registered as "accumulable_3"
Using  analysis manager
RunAction: log mode set to minimal
-> Density of water_modified material (g/cm3)=0.5

***** Table : Nb of materials = 5 *****

 Material:   G4_ICE H_2O   density:  1.000 g/cm3   RadL:  36.083 cm   Nucl.Int.Length:  75.375 cm 
                       Imean:  78.000 eV   temperature: 293.15 K  pressure:   1.00 atm

   --->  Element: H (H)   Z =  1.0   N =     1   A =  1.008 g/mole
         --->  Isotope:    H1   Z =  1   N =   1   A =   1.01 g/mole   abundance: 99.989 %
         --->  Isotope:    H2   Z =  1   N =   2   A =   2.01 g/mole   abundance:  0.011 %
          ElmMassFraction:  11.19 %  ElmAbundance  66.67 % 

   --->  Element: O (O)   Z =  8.0   N =    16   A = 15.999 g/mole
         --->  Isotope:   O16   Z =  8   N =  16   A =  15.99 g/mole   abundance: 99.757 %
         --->  Isotope:   O17   Z =  8   N =  17   A =  17.00 g/mole   abundance:  0.038 %
         --->  Isotope:   O18   Z =  8   N =  18   A =  18.00 g/mole   abundance:  0.205 %
          ElmMassFraction:  88.81 %  ElmAbundance  33.33 % 


 Material: G4_Galactic    density:  0.000 mg/cm3  RadL: 204310098.490 pc   Nucl.Int.Length: 3240.779 pc 
                       Imean:  21.800 eV   temperature:   2.73 K  pressure:   0.00 atm

   --->  Element: H (H)   Z =  1.0   N =     1   A =  1.008 g/mole
         --->  Isotope:    H1   Z =  1   N =   1   A =   1.01 g/mole   abundance: 99.989 %
         --->  Isotope:    H2   Z =  1   N =   2   A =   2.01 g/mole   abundance:  0.011 %
          ElmMassFraction: 100.00 %  ElmAbundance 100.00 % 


 Material: G4_WATER H_2O   density:  1.000 g/cm3   RadL:  36.083 cm   Nucl.Int.Length:  75.375 cm 
                       Imean:  78.000 eV   temperature: 293.15 K  pressure:   1.00 atm

   --->  Element: H (H)   Z =  1.0   N =     1   A =  1.008 g/mole
         --->  Isotope:    H1   Z =  1   N =   1   A =   1.01 g/mole   abundance: 99.989 %
         --->  Isotope:    H2   Z =  1   N =   2   A =   2.01 g/mole   abundance:  0.011 %
          ElmMassFraction:  11.19 %  ElmAbundance  66.67 % 

   --->  Element: O (O)   Z =  8.0   N =    16   A = 15.999 g/mole
         --->  Isotope:   O16   Z =  8   N =  16   A =  15.99 g/mole   abundance: 99.757 %
         --->  Isotope:   O17   Z =  8   N =  17   A =  17.00 g/mole   abundance:  0.038 %
         --->  Isotope:   O18   Z =  8   N =  18   A =  18.00 g/mole   abundance:  0.205 %
          ElmMassFraction:  88.81 %  ElmAbundance  33.33 % 


 Material: G4_WATER_ICE_USER H_2O   density: 500.000 mg/cm3  RadL:  72.166 cm   Nucl.Int.Length:   1.507 m  
                       Imean:  78.000 eV   temperature: 293.15 K  pressure:   1.00 atm

   --->  Element: H (H)   Z =  1.0   N =     1   A =  1.008 g/mole
         --->  Isotope:    H1   Z =  1   N =   1   A =   1.01 g/mole   abundance: 99.989 %
         --->  Isotope:    H2   Z =  1   N =   2   A =   2.01 g/mole   abundance:  0.011 %
          ElmMassFraction:  11.19 %  ElmAbundance  66.67 % 

   --->  Element: O (O)   Z =  8.0   N =    16   A = 15.999 g/mole
         --->  Isotope:   O16   Z =  8   N =  16   A =  15.99 g/mole   abundance: 99.757 %
         --->  Isotope:   O17   Z =  8   N =  17   A =  17.00 g/mole   abundance:  0.038 %
         --->  Isotope:   O18   Z =  8   N =  18   A =  18.00 g/mole   abundance:  0.205 %
          ElmMassFraction:  88.81 %  ElmAbundance  33.33 % 


 Material: G4_WATER_ICE_AMORPHOUS H_2O   density: 940.000 mg/cm3  RadL:  38.386 cm   Nucl.Int.Length:  80.186 cm 
                       Imean:  78.000 eV   temperature: 293.15 K  pressure:   1.00 atm

   --->  Element: H (H)   Z =  1.0   N =     1   A =  1.008 g/mole
         --->  Isotope:    H1   Z =  1   N =   1   A =   1.01 g/mole   abundance: 99.989 %
         --->  Isotope:    H2   Z =  1   N =   2   A =   2.01 g/mole   abundance:  0.011 %
          ElmMassFraction:  11.19 %  ElmAbundance  66.67 % 

   --->  Element: O (O)   Z =  8.0   N =    16   A = 15.999 g/mole
         --->  Isotope:   O16   Z =  8   N =  16   A =  15.99 g/mole   abundance: 99.757 %
         --->  Isotope:   O17   Z =  8   N =  17   A =  17.00 g/mole   abundance:  0.038 %
         --->  Isotope:   O18   Z =  8   N =  18   A =  18.00 g/mole   abundance:  0.205 %
          ElmMassFraction:  88.81 %  ElmAbundance  33.33 % 



Michaud_ELSEPA_LOW Elastic model is constructed 
Energy range: 2 eV - 0.0002 MeV
Michaud_ELSEPA_HIGH Elastic model is constructed 
Energy range: 200 eV - 10 MeV
=======================================================================
======                 Electromagnetic Physics Parameters      ========
=======================================================================
LPM effect enabled                                 1
Enable creation and use of sampling tables         0
Apply cuts on all EM processes                     0
Use combined TransportationWithMsc                 Disabled
Use general process                                0
Enable linear polarisation for gamma               0
Enable photoeffect sampling below K-shell          1
Enable sampling of quantum entanglement            0
X-section factor for integral approach             0.8
Min kinetic energy for tables                      1 eV 
Max kinetic energy for tables                      1 GeV
Number of bins per decade of a table               20
Verbose level                                      1
Verbose level for worker thread                    0
Bremsstrahlung energy threshold above which 
  primary e+- is added to the list of secondary    100 TeV
Bremsstrahlung energy threshold above which primary
  muon/hadron is added to the list of secondary    100 TeV
Positron annihilation at rest model                AllisonPositronium
Enable 3 gamma annihilation on fly                 0
Lowest triplet kinetic energy                      1 MeV
Enable sampling of gamma linear polarisation       0
5D gamma conversion model type                     0
5D gamma conversion model on isolated ion          0
Use Ricardo-Gerardo pair production model          0
Livermore data directory                           epics_2017
=======================================================================
======                 Ionisation Parameters                   ========
=======================================================================
Step function for e+-                              (0.2, 0.01 mm)
Step function for muons/hadrons                    (0.1, 0.05 mm)
Step function for light ions                       (0.1, 0.02 mm)
Step function for general ions                     (0.1, 0.001 mm)
Lowest e+e- kinetic energy                         0 eV 
Lowest muon/hadron kinetic energy                  1 keV
Use ICRU90 data                                    1
Fluctuations of dE/dx are enabled                  1
Type of fluctuation model for leptons and hadrons  Universal
Use built-in Birks satuaration                     0
Build CSDA range enabled                           0
Use cut as a final range enabled                   0
Enable angular generator interface                 1
Max kinetic energy for CSDA tables                 1 GeV
Max kinetic energy for NIEL computation            0 eV 
Linear loss limit                                  0.01
Read data from file for e+e- pair production by mu 0
=======================================================================
======                 Multiple Scattering Parameters          ========
=======================================================================
Type of msc step limit algorithm for e+-           2
Type of msc step limit algorithm for muons/hadrons 0
Msc lateral displacement for e+- enabled           1
Msc lateral displacement for muons and hadrons     0
Urban msc model lateral displacement alg96         1
Range factor for msc step limit for e+-            0.08
Range factor for msc step limit for muons/hadrons  0.2
Geometry factor for msc step limitation of e+-     2.5
Safety factor for msc step limit for e+-           0.6
Skin parameter for msc step limitation of e+-      3
Lambda limit for msc step limit for e+-            1 mm
Use Mott correction for e- scattering              1
Factor used for dynamic computation of angular 
  limit between single and multiple scattering     1
Fixed angular limit between single 
  and multiple scattering                          3.1416 rad
Upper energy limit for e+- multiple scattering     100 MeV
Type of electron single scattering model           0
Type of nuclear form-factor                        1
Screening factor                                   1
=======================================================================
======                 Atomic Deexcitation Parameters          ========
=======================================================================
Fluorescence enabled                               1
Directory in G4LEDATA for fluorescence data files  fluor
Auger electron cascade enabled                     1
PIXE atomic de-excitation enabled                  0
De-excitation module ignores cuts                  1
Type of PIXE cross section for hadrons             Empirical
Type of PIXE cross section for e+-                 Livermore
=======================================================================
======                 DNA Physics Parameters                  ========
=======================================================================
Use fast sampling in DNA models                    1
Use Stationary option in DNA models                0
Use DNA with multiple scattering of e-             0
Use DNA e- solvation model type                    11003
=======================================================================
Loaded cross section files for Michaud_ELSEPA_HIGH Elastic model
Michaud_ELSEPA_HIGH Elastic model is initialized 
Energy range: 200 eV - 10 MeV
Loaded cross section files for Michaud_ELSEPA_LOW Elastic model
Michaud_ELSEPA_LOW Elastic model is initialized 
Energy range: 2 eV - 0.0002 MeV
[DEBUG] eTdummyVec.size() = 155
[DEBUG] eVecm[0].size() = 0
[DEBUG] eVecm[1.7].size() = 181
[DEBUG] eVecm[1.75394].size() = 181
[DEBUG] eVecm[1.8096].size() = 181
[DEBUG] eVecm[1.86701].size() = 181
[DEBUG] eVecm[200].size() = 181

e-_G4DNAElastic_ICE:  for e- SubType=51 BuildTable=0
      ===== EM models for the G4Region  DefaultRegionForTheWorld ======
DNAMichaud_ELSEPA_LOW_ElasticModel : Emin=    0 eV  Emax=  200 eV 
DNAMichaud_ELSEPA_HIGH_ElasticModel : Emin=  200 eV  Emax=   10 MeV

e-_G4DNAVib_ICE:  for e- SubType=54 BuildTable=0
      ===== EM models for the G4Region  DefaultRegionForTheWorld ======
DNAMichaudExcitationModel : Emin=    0 eV  Emax=  100 eV 

e-_G4DNAAttachment_ICE:  for e- SubType=55 BuildTable=0
      ===== EM models for the G4Region  DefaultRegionForTheWorld ======
DNAMichaudAttachmentModel : Emin=    0 eV  Emax=   13 eV 

e-_G4DNAExcitation_ICE:  for e- SubType=52 BuildTable=0
      ===== EM models for the G4Region  DefaultRegionForTheWorld ======
DNAEmfietzoglou_iceExcitationModel : Emin=    0 eV  Emax=   10 MeV

e-_G4DNAIonisation_ICE:  for e- SubType=53 BuildTable=0
      ===== EM models for the G4Region  DefaultRegionForTheWorld ======
DNAEmfietzoglou_iceIonisationModel : Emin=    0 eV  Emax=   10 MeV  deltaBorn
        MollerBhabha : Emin=   10 MeV Emax=    1 GeV

msc:  for e-  SubType= 10
      ===== EM models for the G4Region  DefaultRegionForTheWorld ======
            UrbanMsc : Emin=    0 eV  Emax=    1 GeV Nbins=40  10 MeV -   1 GeV
          StepLim=SafetyPlus Rfact=0.08 Gfact=2.5 Sfact=0.6 DispFlag:1 Skin=3 Llim=1 mm

eBrem:  for e-  XStype:3  SubType=3
      dE/dx and range tables from 10 MeV to 1 GeV in 180 bins
      Lambda tables from threshold to 1 GeV, 20 bins/decade, spline: 1
      LPM flag: 1 for E > 1 GeV,  VertexHighEnergyTh(GeV)= 100000
      ===== EM models for the G4Region  DefaultRegionForTheWorld ======
             eBremSB : Emin=    0 eV  Emax=    1 GeV  ModifiedTsai

CoulombScat:  for e- XStype:1 SubType=1 BuildTable=1
      Lambda table from threshold  to 1 GeV, 20 bins/decade, spline: 0
      ThetaMin(p) < Theta(degree) < 180, pLimit(GeV^1)= 0.139531
      ===== EM models for the G4Region  DefaultRegionForTheWorld ======
        WentzelVIUni : Emin=    0 eV  Emax=    1 GeV
          StepLim=SafetyPlus Rfact=0.08 Gfact=2.5 Sfact=0.6 DispFlag:1 Skin=3 Llim=1 mm

=========================================================================
--> G4TaskRunManager::CreateAndStartWorkers() --> Initializing workers...
=========================================================================

G4WT5 > ##### Create analysis manager   0x9acd92a00
G4WT10 > ##### Create analysis manager   0x9acd92b80
G4WT10 > Accumulable registered as "accumulable_0"
G4WT10 > Accumulable registered as "accumulable_1"
G4WT10 > Accumulable registered as "accumulable_2"
G4WT10 > Accumulable registered as "accumulable_3"
G4WT5 > Accumulable registered as "accumulable_0"
G4WT9 > ##### Create analysis manager   0x9acd92e80
G4WT9 > Accumulable registered as "accumulable_0"
G4WT9 > Accumulable registered as "accumulable_1"
G4WT9 > Accumulable registered as "accumulable_2"
G4WT9 > Accumulable registered as "accumulable_3"
G4WT11 > ##### Create analysis manager   0x9acd93000
G4WT11 > Accumulable registered as "accumulable_0"
G4WT11 > Accumulable registered as "accumulable_1"
G4WT11 > Accumulable registered as "accumulable_2"
G4WT11 > Accumulable registered as "accumulable_3"
G4WT0 > ##### Create analysis manager   0x9acd92d00
G4WT5 > Accumulable registered as "accumulable_1"
G4WT5 > Accumulable registered as "accumulable_2"
G4WT5 > Accumulable registered as "accumulable_3"
G4WT6 > ##### Create analysis manager   0x9acd93480
G4WT6 > Accumulable registered as "accumulable_0"
G4WT6 > Accumulable registered as "accumulable_1"
G4WT6 > Accumulable registered as "accumulable_2"
G4WT6 > Accumulable registered as "accumulable_3"
G4WT7 > ##### Create analysis manager   0x9acd93600
G4WT7 > Accumulable registered as "accumulable_0"
G4WT7 > Accumulable registered as "accumulable_1"
G4WT7 > Accumulable registered as "accumulable_2"
G4WT2 > ##### Create analysis manager   0x9acd93780
G4WT2 > Accumulable registered as "accumulable_0"
G4WT2 > Accumulable registered as "accumulable_1"
G4WT2 > Accumulable registered as "accumulable_2"
G4WT2 > Accumulable registered as "accumulable_3"
G4WT11 > Using  analysis manager
G4WT4 > ##### Create analysis manager   0x9acd93300
G4WT4 > Accumulable registered as "accumulable_0"
G4WT10 > Using  analysis manager
G4WT8 > ##### Create analysis manager   0x9acd93900
G4WT8 > Accumulable registered as "accumulable_0"
G4WT8 > Accumulable registered as "accumulable_1"
G4WT8 > Accumulable registered as "accumulable_2"
G4WT9 > Using  analysis manager
G4WT7 > Accumulable registered as "accumulable_3"
G4WT4 > Accumulable registered as "accumulable_1"
G4WT4 > Accumulable registered as "accumulable_2"
G4WT0 > Accumulable registered as "accumulable_0"
G4WT0 > Accumulable registered as "accumulable_1"
G4WT0 > Accumulable registered as "accumulable_2"
G4WT0 > Accumulable registered as "accumulable_3"
G4WT5 > Using  analysis manager
G4WT6 > Using  analysis manager
G4WT3 > ##### Create analysis manager   0x9acd93180
G4WT3 > Accumulable registered as "accumulable_0"
G4WT3 > Accumulable registered as "accumulable_1"
G4WT4 > Accumulable registered as "accumulable_3"
G4WT3 > Accumulable registered as "accumulable_2"
G4WT3 > Accumulable registered as "accumulable_3"
G4WT8 > Accumulable registered as "accumulable_3"
G4WT4 > Using  analysis manager
G4WT3 > Using  analysis manager
G4WT2 > Using  analysis manager
G4WT1 > ##### Create analysis manager   0x9acd93a80
G4WT1 > Accumulable registered as "accumulable_0"
G4WT1 > Accumulable registered as "accumulable_1"
G4WT8 > Using  analysis manager
G4WT1 > Accumulable registered as "accumulable_2"
G4WT1 > Accumulable registered as "accumulable_3"
G4WT7 > Using  analysis manager
G4WT0 > Using  analysis manager
G4WT1 > Using  analysis manager
DNA logging mode: minimal
... set ntuple merging row mode : row-wise - done
... create file : dna_ice_am_rho0p5_E00041_0p00380415174MeV.root - done
... open analysis file : dna_ice_am_rho0p5_E00041_0p00380415174MeV.root - done
... open main analysis file : dna_ice_am_rho0p5_E00041_0p00380415174MeV.root - done

==========================================================================================
--> G4TaskRunManager::CreateAndStartWorkers() --> Creating 32 tasks with 31 events/task...
==========================================================================================

G4WT1 > DNA logging mode: minimal
G4WT1 > ... set ntuple merging row mode : row-wise - done
G4WT6 > DNA logging mode: minimal
G4WT6 > ... set ntuple merging row mode : row-wise - done
G4WT0 > DNA logging mode: minimal
G4WT0 > ... set ntuple merging row mode : row-wise - done
G4WT9 > DNA logging mode: minimal
G4WT9 > ... set ntuple merging row mode : row-wise - done
G4WT11 > DNA logging mode: minimal
G4WT11 > ... set ntuple merging row mode : row-wise - done
G4WT2 > DNA logging mode: minimal
G4WT2 > ... set ntuple merging row mode : row-wise - done
G4WT5 > DNA logging mode: minimal
G4WT5 > ... set ntuple merging row mode : row-wise - done
G4WT8 > DNA logging mode: minimal
G4WT8 > ... set ntuple merging row mode : row-wise - done
G4WT4 > DNA logging mode: minimal
G4WT4 > ... set ntuple merging row mode : row-wise - done
G4WT7 > DNA logging mode: minimal
G4WT7 > ... set ntuple merging row mode : row-wise - done
G4WT10 > DNA logging mode: minimal
G4WT10 > ... set ntuple merging row mode : row-wise - done
G4WT3 > DNA logging mode: minimal
G4WT3 > ... set ntuple merging row mode : row-wise - done
... write file : dna_ice_am_rho0p5_E00041_0p00380415174MeV.root - done
... close file : dna_ice_am_rho0p5_E00041_0p00380415174MeV.root - done

 Nb of ionisations = 59.682 +- 59.507

 w = 63.740 eV  +- 63.553 eV 
[energy 42] E=0.00382907371 MeV -> root/dna_ice_am_rho0p5_E00042_0p00382907371MeV.root
./run_per_energy.sh: line 45: /Users/yoffegid/Dropbox (Weizmann Institute)/Eureka Science/Code/geant4_projects/dnaphysics-ice/europa_energy_library/../build/dnaphysics: No such file or directory
                                                                                                                                                                                                                                                                                                                                                                                                                                                                                                                                                                                                                                                                                                                                                                                                                                                                                                                                                                                                                                                                                                                                                                                                                                                                                                                                                                                                                                                                                                                                                                                                                                                                                                                                                                                                                                                                                                                                                                                                                                                                                                                                                                                                                                                                                                                                                                                                                                                                                                                                                                                                                                                                                                                                                                                                                                                                                                                                                                                                                                                                                                                                                                                                                                                                                                                                                                                                                                                                                                                                                                                                                                                                                                                                                                                                                                                                                                                                                                                                                                                                                                                                                                                                                                                                                                                                                                                                                                                                                                                                                                                                                                                                                                                                                                                                                                                                                                                                                                                                                                                                                                                                                                                                                                                                                                                                                                                                                                                                                                                                                                                                                                                                                                                                                                                                                                                                                                                                                                                                                                                                                                                                                                                                                                                                                                                                                                                                                                                                                                                                                                                                                                                                                                                                                                                                                                                                                                                                                                                                                                                                                                                                                                                                                                                                                                                                                                                                                                                                                                                                                                                                                                                                                                                                                                                                                                                                                                                                                                                                                                                                                                                                                                                                                                                                                                                                                                                                                                                                                                                                                                                                                                                                                                                                                                                                                                                                                                                                                                                                                                                                                                                                                                                                                                                                                                                                                                                                                                                                                                                                                                                                                                                                                                                                                                                                                                                                                                                                                                                                                                                                                                                                                                                                                                                                                                                                                                                                                                                                                                                                                                                                                                                                                                                                                                                                                                                                                                                                                                                                                                                                                                                                                                                                                                                                                                                                                                                                                                                                                                                                                                                                                                                                                                                                                                                                                                                                                                                                                                                                                                                                                                                                                                                                                                                                                                                                                                                                                                                                                                                                                                                                                                                                                                                                                                                                                                                                                                                                                                                                                                                                                                                                                                                                                                                                                                                                                                                                                                                                                                                                                                                                                                                                                                                                                                                                                                                                                                                                                                                                                                                                                                                                                                                                                                                                                                                                                                                                                                                                                                                                                                                                                                                                                                                                                                                                                                                                                                                                                                                                                                                                                                                                                                                                                                                                                                                                                                                                                                                                                                                                                                                                                                                                                                                                                                                                                                                                                                                                                                                                                                                                                                                                                                                                                                                                                                                                                                                                                                                                                                                                                                                                                                                                                                                                                                                                                                                                                                                                                                                                                                                                                                                                                                                                                                                                                                                                                                                                                                                                                                                                                                                                                                                                                                                                                                                                                                                                                                                                                                                                                                                                                                                                                                                                                                                                                                                                                                                                                                                                                                                                                                                                                                                                                                                                                                                                                                                                                                                                                                                                                                                                                                                                                                                                                                                                                                                                                                                                                                                                                                                                                                                                                                                                                                                                                                                                                                                                                                                                                                                                                                                                                                                                                                                                                                                                                                                                                                                                                                                                                                                                                                                                                                                                                                                                                                                                                                                                                                                                                                                                                                                                                                                                                                                                                                                                                                                                                                                                                                                                                                                                                                                                                                                                                                                                                                                                                                                                                                                                                                                                                                                                                                                                                                                                                                                                                                                                                                                                                                                                                                                                                                                                                                                                                                                                                                                                                                                                                                                                                                                                                                                                                                                                                                                                                                                                                                                                                                                                                                                                                                                                                                                                                                                                                                                                                                                                                                                                                                                                                                                                                                                                                                                                                                                                                                                                                                                                                                                                                                                                                                                                                                                                                                                                                                                                                                                                                                                                                                                                                                                                                                                                                                                                                                                                                                                                                                                                                                                                                                                                                                                                                                                                                                                                                                                                                                                                                                                                                                                                                                                                                                                                                                                                                                                                                                                                                                                                                                                                                                                                                                                                                                                                                                                                                                                                                                                                                                                                                                                                                                                                                                                                                                                                                                                                                                                                                                                                                                                                                                                                                                                                                                                                                                                                                                                                                                                                                                                                                                                                                                                                                                                                                                                                                                                                                                                                                                                                                                                                                                                                                                                                                                                                                                                                                                                                                                                                                                                                                                                                                                                                                                                                                                                                                                                                                                                                                                                                                                                                                                                                                                                                                                                                                                                                                                                                                                                                                                                                                                                                                                                                                                                                                                                                                                                                                                                                                                                                                                                                                                                                                                                                                                                                                                                                                                                                                                                                                                                                                                                                                                                                                                                                                                                                                                                                                                                                                                                                                                                                                                                                                                                                                                                                                                                                                                                                                                                                                                                                                                                                                                                                                                                                                                                                                                                                                                                                                                                                                                                                                                                                                                                                                                                                                                                                                                                                                                                                                                                                                                                                                                                                                                                                                                                                                                                                                                                                                                                                                                                                                                                                                                                                                                                                                                                                                                                                                                                                                                                                                                                                                                                                                                                                                                                                                                                                                                                                                                                                                                                                                                                                                                                                                                                                                                                                                                                                                                                                                                                                                                                                                                                                                                                                                                                                                                                                                                                                                                                                                                                                                                                                                                                                                                                                                                                                                                                                                                                                                                                                                                                                                                                                                                                                                                                                                                                                                                                                                                                                                                                                                                                                                                                                                                                                                                                                                                                                                                                                                                                                                                                                                                                                                                                                                                                                                                                                                                                                                                                                                                                                                                                                                                                                                                                                                                                                                                                                                                                                                                                                                                                                                                                                                                                                                                                                                                                                                                                                                                                                                                                                                                                                                                                                                                                                                                                                                                                                                                                                                                                                                                                                                                                                                                                                                                                                                                                                                                                                                                                                                                                                                                                                                                                                                                                                                                                                                                                                                                                                                                                                                                                                                                                                                                                                                                                                                                                                                                                                                                                                                                                                                                                                                                                                                                                                                                                                                                                                                                                                                                                                                                                                                                                                                                                                                                                                                                                                                                                                                                                                                                                                                                                                                                                                                                                                                                                                                                                                                                                                                                                                                                                                                                                                                                                                                                                                                                                                                                                                                                                                                                                                                                                                                                                                                                                                                                                                                                                                                                                                                                                                                                                                                                                                                                                                                                                                                                                                                                                                                                                                                                                                                                                                                                                                                                                                                                                                                                                                                                                                                                                                                                                                                                                                                                                                                                                                                                                                                                                                                                                                                                                                                                                                                                                                                                                                                                                                                                                                                                                                                                                                                                                                                                                                                                                                                                                                                                                                                                                                                                                                                                                                                                                                                                                                                                                                                                                                                                                                                                                                                                                                                                                                                                                                                                                                                                                                                                                                                                                                                                                                                                                                                                                                                                                                                                                                                                                                                                                                                                                                                                                                                                                                                                                                                                                                                                                                                                                                                                                                                                                                                                                                                                                                                                                                                                                                                                                                                                                                                                                                                                                                                                                                                                                                                                                                                                                                                                                                                                                                                                                                                                                                                                                                                                                                                                                                                                                                                                                                                                                                                                                                                                                                                                                                                                                                                                                                                                                                                                                                                                                                                                                                                                                                                                                                                                                                                                                                                                                                                                                                                                                                                                                                                                                                                                                                                                                                                                                                                                                                                                                                                                                                                                                                                                                                                                                                                                                                                                                                                                                                                                                                                                                                                                                                                                                                                                                                                                                                                                                                                                                                                                                                                                                                                                                                                                                                                                                                                                                                                                                                                                                                                                                                                                                                                                                                                                                                                                                                                                                                                                                                                                                                                                                                                                                                                                                                                                                                                                                                                                                                                                                                                                                                                                                                                                                                                                                                                                                                                                                                                                                                                                                                                                                                                                                                                                                                                                                                                                                                                                                                                                                                                                                                                                                                                                                                                                                                                                                                                                                                                                                                                                                                                                                                                                                                                                                                                                                                                                                                                                                                                                                                                                                                                                                                                                                                                                                                                                                                                                                                                                                                                                                                                                                                                                                                                                                                                                                                                                                                                                                                                                                                                                                                                                                                                                                                                                                                                                                                                                                                                                                                                                                                                                                                                                                                                                                                                                                                                                                                                                                                                                                                                                                                                                                                                                                                                                                                                                                                                                                                                                                                                                                                                                                                                                                                                                                                                                                                                                                                                                                                                                                                                                                                                                                                                                                                                                                                                                                                                                                                                                                                                                                                                                                                                                                                                                                                                                                                                                                                                                                                                                                                                                                                                                                                                                                                                                                                                                                                                                                                                                                                                                                                                                                                                                                                                                                                                                                                                                                                                                                                                                                                                                                                                                                                                                                                                                                                                                                                                                                                                                                                                                                                                                                                                                                                                                                                                                                                                                                                                                                                                                                                                                                                                                                                                                                                                                                                                                                                                                                                                                                                                                                                                                                                                                                                                                                                                                                                                                                                                                                                                                                                                                                                                                                                                                                                                                                                                                                                                                                                                                                                                                                                                                                                                                                                                                                                                                                                                                                                                                                                                                                                                                                                                                                                                                                                                                                                                                                                                                                                                                                                                                                                                                                                                                                                                                                                                                                                                                                                                                                                                                                                                                                                                                                                                                                                                                                                                                                                                                                                                                                                                                                                                                                                                                                                                                                                                                                                                                                                                                                                                                                                                                                                                                                                                                                                                                                                                                                                                                                                                                                                                                                                                                                                                                                                                                                                                                                                                                                                                                                                                                                                                                                                                                                                                                                                                                                                                                                                                                                                                                                                                                                                                                                                                                                                                                                                                                                                                                                                                                                                                                                                                                                                                                                                                                                                                                                                                                                                                                                                                                                                                                                                                                                                                                                                                                                                                                                                                                                                                                                                                                                                                                                                                                                                                                                                                                                                                                                                                                                                                                                                                                                                                                                                                                                                                                                                                                                                                                                                                                                                                                                                                                                                                                                                                                                                                                                                                                                                                                                                                                                                                                                                                                                                                                                                                                                                                                                                                                                                                                                                                                                                                                                                                                                                                                                                                                                                                                                                                                                                                                                                                                                                                                                                                                                                                                                                                                                                                                                                                                                                                                                                                                                                                                                                                                                                                                                                                                                                                                                                                                                                                                                                                                                                                                                                                                                                                                                                                                                                                                                                                                                                                                                                                                                                                                                                                                                                                                                                                                                                                                                                                                                                                                                                                                                                                                                                                                                                                                                                                                                                                                                                                                                                                                                                                                                                                                                                                                                                                                                                                                                                                                                                                                                                                                                                                                                                                                                                                                                                                                                                                                                                                                                                                                                                                                                                                                                                                                                                                                                                                                                                                                                                                                                                                                                                                                                                                                                                                                                                                                                                                                                                                                                                                                                                                                                                                                                                                                                                                                                                                                                                                                                                                                                                                                                                                                                                                                                                                                                                                                                                                                                                                                                                                                                                                                                                                                                                                                                                                                                                                                                                                                                                                                                                                                                                                                                                                                                                                                                                                                                                                                                                                                                                                                                                                                                                                                                                                                                                                                                                                                                                                                                                                                                                                                                                                                                                                                                                                                                                                                                                                                                                                                                                                                                                                                                                                                                                                                                                                                                                                                                                                                                                                                                                                                                                                                                                                                                                                                                                                                                                                                                                                                                                                                                                                                                                                                                                                                                                                                                                                                                                                                                                                                                                                                                                                                                                                                                                                                                                                                                                                                                                                                                                                                                                                                                                                                                                                                                                                                                                                                                                                                                                                                                                                                                                                                                                                                                                                                                                                                                                                                                                                                                                                                                                                                                                                                                                                                                                                                                                                                                                                                                                                                                                                                                                                                                                                                                                                                                                                                                                                                                                                                                                                                                                                                                                                                                                                                                                                                                                                                                                                                                                                                                                                                                                                                                                                                                                                                                                                                                                                                                                                                                                                                                                                                                                                                                                                                                                                                                                                                                                                                                                                                                                                                                                                                                                                                                                                                                                                                                                                                                                                                                                                                                                                                                                                                                                                                                                                                                                                                                                                                                                                                                                                                                                                                                                                                                                                                                                                                                                                                                                                                                                                                                                                                                                                                                                                                                                                                                                                                                                                                                                                                                                                                                                                                                                                                                                                                                                                                                                                                                                                                                                                                                                                                                                                                                                                                                                                                                                                                                                                                                                                                                                                                                                                                                                                                                                                                                                                                                                                                                                                                                                                                                                                                                                                                                                                                                                                                                                                                                                                                                                                                                                                                                                                                                                                                                                                                                                                                                                                                                                                                                                                                                                                                                                                                                                                                                                                                                                                                                                                                                                                                                                                                                                                                                                                                                                                                                                                                                                                                                                                                                                                                                                                                                                                                                                                                                                                                                                                                                                                                                                                                                                                                                                                                                                                                                                                                                                                                                                                                                                                                                                                                                                                                                                                                                                                                                                                                                                                                                                                                                                                                                                                                                                                                                                                                                                                                                                                                                                                                                                                                                                                                                                                                                                                                                                                                                                                                                                                                                                                                                                                                                                                                                                                                                                                                                                                                                                                                                                                                                                                                                                                                                                                                                                                                                                                                                                                                                                                                                                                                                                                                                                                                                                                                                                                                                                                                                                                                                                                                                                                                                                                                                                                                                                                                                                                                                                                                                                                                                                                                                                                                                                                                                                                                                                                                                                                                                                                                                                                                                                                                                                                                                                                                                                                                                                                                                                                                                                                                                                                                                                                                                                                                                                                                                                                                                                                                                                                                                                                                                                                                                                                                                                                                                                                                                                                                                                                                                                                                                                                                                                                                                                                                                                                                                                                                                                                                                                                                                                                                                                                                                                                                                                                                                                                                                                                                                                                                                                                                                                                                                                                                                                                                                                                                                                                                                                                                                                                                                                                                                                                                                                                                                                                                                                                                                                                                                                                                                                                                                                                                                                                                                                                                                                                                                                                                                                                                                                                                                                                                                                                                                                                                                                                                                                                                                                                                                                                                                                                                                                                                                                                                                                                                                                                                                                                                                                                                                                                                                                                                                                                                                                                                                                                                                                                                                                                                                                                                                                                                                                                                                                                                                                                                                                                                                                                                                                                                                                                                                                                                                                                                                                                                                                                                                                                                                                                                                                                                                                                                                                                                                                                                                                                                                                                                                                                                                                                                                                                                                                                                                                                                                                                                                                                                                                                                                                                                                                                                                                                                                                                                                                                                                                                                                                                                                                                                                                                                                                                                                                                                                                                                                                                                                                                                                                                                                                                                                                                                                                                                                                                                                                                                                                                                                                                                                                                                                                                                                                                                                                                                                                                                                                                                                                                                                                                                                                                                                                                                                                                                                                                                                                                                                                                                                                                                                                                                                                                                                                                                                                                                                                                                                                                                                                                                                                                                                                                                                                                                                                                                                                                                                                                                                                                                                                                                                                                                                                                                                                                                                                                                                                                                                                                                                                                                                                                                                                                                                                                                                                                                                                                                                                                                                                                                                                                                                                                                                                                                                                                                                                                                                                                                                                                                                                                                                                                                                                                                                                                                                                                                                                                                                                                                                                                                                                                                                                                                                                                                                                                                                                                                                                                                                                                                                                                                                                                                                                                                                                                                                                                                                                                                                                                                                                                                                                                                                                                                                                                                                                                                                                                                                                                                                                                                                                                                                                                                                                                                                                                                                                                                                                                                                                                                                                                                                                                                                                                                                                                                                                                                                                                                                                                                                                                                                                                                                                                                                                                                                                                                                                                                                                                                                                                                                                                                                                                                                                                                                                                                                                                                                                                                                                                                                                                                                                                                                                                                                                                                                                                                                                                                                                                                                                                                                                                                                                                                                                                                                                                                                                                                                                                                                                                                                                                                                                                                                                                                                                                                                                                                                                                                                                                                                                                                                                                                                                                                                                                                                                                                                                                                                                                                                                                                                                                                                                                                                                                                                                                                                                                                                                                                                                                                                                                                                                                                                                                                                                                                                                                                                                                                                                                                                                                                                                                                                                                                                                                                                                                                                                                                                                                                                                                                                                                                                                                                                                                                                                                                                                                                                                                                                                                                                                                                                                                                                                                                                                                                                                                                                                                                                                                                                                                                                                                                                                                                                                                                                                                                                                                                                                                                                                                                                                                                                                                                                                                                                                                                                                                                                                                                                                                                                                                                                                                                                                                                                                                                                                                                                                                                                                                                                                                                                                                                                                                                                                                                                                                                                                                                                                                                                                                                                                                                                                                                                                                                                                                                                                                                                                                                                                                                                                                                                                                                                                                                                                                                                                                                                                                                                                                                                                                                                                                                                                                                                                                                                                                                                                                                                                                                                                                                                                                                                                                                                                                                                                                                                                                                                                                                                                                                                                                                                                                                                                                                                                                                                                                                                                                                                                                                                                                                                                                                                                                                                                                                                                                                                                                                                                                                                                                                                                                                                                                                                                                                                                                                                                                                                                                                                                                                                                                                                                                                                                                                                                                                                                                                                                                                                                                                                                                                                                                                                                                                                                                                                                                                                                                                                                                                                                                                                                                                                                                                                                                                                                                                                                                                                                                                                                                                                                                                                                                                                                                                                                                                                                                                                                                                                                                                                                                                                                                                                                                                                                                                                                                                                                                                                                                                                                                                                                                                                                                                                                                                                                                                                                                                                                                                                                                                                                                                                                                                                                                                                                                                                                                                                                                                                                                                                                                                                                                                                                                                                                                                                                                                                                                                                                                                                                                                                                                                                                                                                                                                                                                                                                                                                                                                                                                                                                                                                                                                                                                                                                                                                                                                                                                                                                                                                                                                                                                                                                                                                                                                                                                                                                                                                                                                                                                                                                                                                                                                                                                                                                                                                                                                                                                                                                                                                                                                                                                                                                                                                                                                                                                                                                                                                                                                                                                                                                                                                                                                                                                                                                                                                                                                                                                                                                                                                                                                                                                                                                                                                                                                                                                                                                                                                                                                                                                                                                                                                                                                                                                                                                                                                                                                                                                                                                                                                                                                                                                                                                                                                                                                                                                                                                                                                                                                                                                                                                                                                                                                                                                                                                                                                                                                                                                                                                                                                                                                                                                                                                                                                                                                                                                                                                                                                                                                                                                                                                                                                                                                                                                                                                                                                                                                                                                                                                                                                                                                                                                                                                                                                                                                                                                                                                                                                                                                                                                                                                                                                                                                                                                                                                                                                                                                                                                                                                                                                                                                                                                                                                                                                                                                                                                                                                                                                                                                                                                                                                                                                                                                                                                                                                                                                                                                                                                                                                                                                                                                                                                                                                                                                                                                                                                                                                                                                                                                                                                                                                                                                                                                                                                                                                                                                                                                                                                                                                                                                                                                                                                                                                                                                                                                                                                                                                                                                                                                                                                                                                                                                                                                                                                                                                                                                                                                                                                                                                                                                                                                                                                                                                                                                                                                                                                                                                                                                                                                                                                                                                                                                                                                                                                                                                                                                                                                                                                                                                                                                                                                                                                                                                                                                                                                                                                                                                                                                                                                                                                                                                                                                                                                                                                                                                                                                                                                                                                                                                                                                                                                                                                                                                                                                                                                                                                                                                                                                                                                                                                                                                                                                                                                                                                                                                                                                                                                                                                                                                                                                                                                                                                                                                                                                                                                                                                                                                                                                                                                                                                                                                                                                                                                                                                                                                                                                                                                                                                                                                                                                                                                                                                                                                                                                                                                                                                                                                                                                                                                                                                                                                                                                                                                                                                                                                                                                                                                                                                                                                                                                                                                                                                                                                                                                                                                                                                                                                                                                                                                                                                                                                                                                                                                                                                                                                                                                                                                                                                                                                                                                                                                                                                                                                                                                                                                                                                                                                                                                                                                                                                                                                                                                                                                                                                                                                                                                                                                                                                                                                                                                                                                                                                                                                                                                                                                                                                                                                                                                                                                                                                                                                                                                                                                                                                                                                                                                                                                                                                                                                                                                                                                                                                                                                                                                                                                                                                                                                                                                                                                                                                                                                                                                                                                                                                                                                                                                                                                                                                                                                                                                                                                                                                                                                                                                                                                                                                                                                                                                                                                                                                                                                                                                                                                                                                                                                                                                                                                                                                                                                                                                                                                                                                                                                                                                                                                                                                                                                                                                                                                                                                                                                                                                                                                                                                                                                                                                                                                                                                                                                                                                                                                                                                                                                                                                                                                                                                                                                                                                                                                                                                                                                                                                                                                                                                                                                                                                                                                                                                                                                                                                                                                                                                                                                                                                                                                                                                                                                                                                                                                                                                                                                                                                                                                                                                                                                                                                                                                                                                                                                                                                                                                                                                                                                                                                                                                                                                                                                                                                                                                                                                                                                                                                                                                                                                                                                                                                                                                                                                                                                                                                                                                                                                                                                                                                                                                                                                                                                                                                                                                                                                                                                                                                                                                                                                                                                                                                                                                                                                                                                                                                                                                                                                                                                                                                                                                                                                                                                                                                                                                                                                                                                                                                                                                                                                                                                                                                                                                                                                                                                                                                                                                                                                                                                                                                                                                                                                                                                                                                                                                                                                                                                                                                                                                                                                                                                                                                                                                                                                                                                                                                                                                                                                                                                                                                                                                                                                                                                                                                                                                                                                                                                                                                                                                                                                                                                                                                                                                                                                                                                                                                                                                                                                                                                                                                                                                                                                                                                                                                                                                                                                                                                                                                                                                                                                                                                                                                                                                                                                                                                                                                                                                                                                                                                                                                                                                                                                                                                                                                                                                                                                                                                                                                                                                                                                                                                                                                                                                                                                                                                                                                                                                                                                                                                                                                                                                                                                                                                                                                                                                                                                                                                                                                                                                                                                                                                                                                                                                                                                                                                                                                                                                                                                                                                                                                                                                                                                                                                                                                                                                                                                                                                                                                                                                                                                                                                                                                                                                                                                                                                                                                                                                                                                                                                                                                                                                                                                                                                                                                                                                                                                                                                                                                                                                                                                                                                                                                                                                                                                                                                                                                                                                                                                                                                                                                                                                                                                                                                                                                                                                                                                                                                                                                                                                                                                                                                                                                                                                                                                                                                                                                                                                                                                                                                                                                                                                                                                                                                                                                                                                                                                                                                                                                                                                                                                                                                                                                                                                                                                                                                                                                                                                                                                                                                                                                                                                                                                                                                                                                                                                                                                                                                                                                                                                                                                                                                                                                                                                                                                                                                                                                                                                                                                                                                                                                                                                                                                                                                                                                                                                                                                                                                                                                                                                                                                                                                                                                                                                                                                                                                                                                                                                                                                                                                                                                                                                                                                                                                                                                                                                                                                                                                                                                                                                                                                                                                                                                                                                                                                                                                                                                                                                                                                                                                                                                                                                                                                                                                                                                                                                                                                                                                                                                                                                                                                                                                                                                                                                                                                                                                                                                                                                                                                                                                                                                                                                                                                                                                                                                                                                                                                                                                                                                                                                                                                                                                                                                                                                                                                                                                                                                                                                                                                                                                                                                                                                                                                                                                                                                                                                                                                                                                                                                                                                                                                                                                                                                                                                                                                                                                                                                                                                                                                                                                                                                                                                                                                                                                                                                                                                                                                                                                                                                                                                                                                                                                                                                                                                                                                                                                                                                                                                                                                                                                                                                                                                                                                                                                                                                                                                                                                                                                                                                                                                                                                                                                                                                                                                                                                                                                                                                                                                                                                                                                                                                                                                                                                                                                                                                                                                                                                                                                                                                                                                                                                                                                                                                                                                                                                                                                                                                                                                                                                                                                                                                                                                                                                                                                                                                                                                                                                                                                                                                                                                                                                                                                                                                                                                                                                                                                                                                                                                                                                                                                                                                                                                                                                                                                                                                                                                                                                                                                                                                                                                                                                                                                                                                                                                                                                                                                                                                                                                                                                                                                                                                                                                                                                                                                                                                                                                                                                                                                                                                                                                                                                                                                                                                                                                                                                                                                                                                                                                                                                                                                                                                                                                                                                                                                                                                                                                                                                                                                                                                                                                                                                                                                                                                                                                                                                                                                                                                                                                                                                                                                                                                                                                                                                                                                                                                                                                                                                                                                                                                                                                                                                                                                                                                                                                                                                                                                                                                                                                                                                                                                                                                                                                                                                                                                                                                                                                                                                                                                                                                                                                                                                                                                                                                                                                                                                                                                                                                                                                                                                                                                                                                                                                                                                                                                                                                                                                                                                                                                                                                                                                                                                                                                                                                                                                                                                                                                                                                                                                                                                                                                                                                                                                                                                                                                                                                                                                                                                                                                                                                                                                                                                                                                                                                                                                                                                                                                                                                                                                                                                                                                                                                                                                                                                                                                                                                                                                                                                                                                                                                                                                                                                                                                                                                                                                                                                                                                                                                                                                                                                                                                                                                                                                                                                                                                                                                                                                                                                                                                                                                                                                                                                                                                                                                                                                                                                                                                                                                                                                                                                                                                                                                                                                                                                                                                                                                                                                                                                                                                                                                                                                                                                                                                                                                                                                                                                                                                                                                                                                                                                                                                                                                                                                                                                                                                                                                                                                                                                                                                                                                                                                                                                                                                                                                                                                                                                                                                                                                                                                                                                                                                                                                                                                                                                                                                                                                                                                                                                                                                                                                                                                                                                                                                                                                                                                                                                                                                                                                                                                                                                                                                                                                                                                                                                                                                                                                                                                                                                                                                                                                                                                                                                                                                                                                                                                                                                                                                                                                                                                                                                                                                                                                                                                                                                                                                                                                                                                                                                                                                                                                                                                                                                                                                                                                                                                                                                                                                                                                                                                                                                                                                                                                                                                                                                                                                                                                                                                                                                                                                                                                                                                                                                                                                                                                                                                                                                                                                                                                                                                                                                                                                                                                                                                                                                                                                                                                                                                                                                                                                                                                                                                                                                                                                                                                                                                                                                                                                                                                                                                                                                                                                                                                                                                                                                                                                                                                                                                                                                                                                                                                                                                                                                                                                                                                                                                                                                                                                                                                                                                                                                                                                                                                                                                                                                                                                                                                                                                                                                                                                                                                                                                                                                                                                                                                                                                                                                                                                                                                                                                                                                                                                                                                                                                                                                                                                                                                                                                                                                                                                                                                                                                                                                                                                                                                                                                                                                                                                                                                                                                                                                                                                                                                                                                                                                                                                                                                                                                                                                                                                                                                                                                                                                                                                                                                                                                                                                                                                                                                                                                                                                                                                                                                                                                                                                                                                                                                                                                                                                                                                                                                                                                                                                                                                                                                                                                                                                                                                                                                                                                                                                                                                                                                                                                                                                                                                                                                                                                                                                                                                                                                                                                                                                                                                                                                                                                                                                                                                                                                                                                                                                                                                                                                                                                                                                                                                                                                                                                                                                                                                                                                                                                                                                                                                                                                                                                                                                                                                                                                                                                                                                                                                                                                                                                                                                                                                                                                                                                                                                                                                                                                                                                                                                                                                                                                                                                                                                                                                                                                                                                                                                                                                                                                                                                                                                                                                                                                                                                                                                                                                                                                                                                                                                                                                                                                                                                                                                                                                                                                                                                                                                                                                                                                                                                                                                                                                                                                                                                                                                                                                                                                                                                                                                                                                                                                                                                                                                                                                                                                                                                                                                                                                                                                                                                                                                                                                                                                                                                                                                                                                                                                                                                                                                                                                                                                                                                                                                                                                                                                                                                                                                                                                                                                                                                                                                                                                                                                                                                                                                                                                                                                                                                                                                                                                                                                                                                                                                                                                                                                                                                                                                                                                                                                                                                                                                                                                                                                                                                                                                                                                                                                                                                                                                                                                                                                                                                                                                                                                                                                                                                                                                                                                                                                                                                                                                                                                                                                                                                                                                                                                                                                                                                                                                                                                                                                                                                                                                                                                                                                                                                                                                                                                                                                                                                                                                                                                                                                                                                                                                                                                                                                                                                                                                                                                                                                                                                                                                                                                                                                                                                                                                                                                                                                                                                                                                                                                                                                                                                                                                                                                                                                                                                                                                                                                                                                                                                                                                                                                                                                                                                                                                                                                                                                                                                                                                                                                                                                                                                                                                                                                                                                                                                                                                                                                                                                                                                                                                                                                                                                                                                                                                                                                                                                                                                                                                                                                                                                                                                                                                                                                                                                                                                                                                                                                                                                                                                                                                                                                                                                                                                                                                                                                                                                                                                                                                                                                                                                                                                                                                                                                                                                                                                                                                                                                                                                                                                                                                                                                                                                                                                                                                                                                                                                                                                                                                                                                                                                                                                                                                                                                                                                                                                                                                                                                                                                                                                                                                                                                                                                                                                                                                                                                                                                                                                                                                                                                                                                                                                                                                                                                                                                                                                                                                                                                                                                                                                                                                                                                                                                                                                                                                                                                                                                                                                                                                                                                                                                                                                                                                                                                                                                                                                                                                                                                                                                                                                                                                                                                                                                                                                                                                                                                                                                                                                                                                                                                                                                                                                                                                                                                                                                                                                                                                                                                                                                                                                                                                                                                                                                                                                                                                                                                                                                                                                                                                                                                                                                                                                                                                                                                                                                                                                                                                                                                                                                                                                                                                                                                                                                                                                                                                                                                                                                                                                                                                                                                                                                                                                                                                                                                                                                                                                                                                                                                                                                                                                                                                                                                                                                                                                                                                                                                                                                                                                                                                                                                                                                                                                                                                                                                                                                                                                                                                                                                                                                                                                                                                                                                                                                                                                                                                                                                                                                                                                                                                                                                                                                                                                                                                                                                                                                                                                                                                                                                                                                                                                                                                                                                                                                                                                                                                                                                                                                                                                                                                                                                                                                                                                                                                                                                                                                                                                                                                                                                                                                                                                                                                                                                                                                                                                                                                                                                                                                                                                                                                                                                                                                                                                                                                                                                                                                                                                                                                                                                                                                                                                                                                                                                                                                                                                                                                                                                                                                                                                                                                                                                                                                                                                                                                                                                                                                                                                                                                                                                                                                                                                                                                                                                                                                                                                                                                                                                                                                                                                                                                                                                                                                                                                                                                                                                                                                                                                                                                                                                                                                                                                                                                                                                                                                                                                                                                                                                                                                                                                                                                                                                                                                                                                                                                                                                                                                                                                                                                                                                                                                                                                                                                                                                                                                                                                                                                                                                                                                                                                                                                                                                                                                                                                                                                                                                                                                                                                                                                                                                                                                                                                                                                                                                                                                                                                                                                                                                                                                                                                                                                                                                                                                                                                                                                                                                                                                                                                                                                                                                                                                                                                                                                                                                                                                                                                                                                                                                                                                                                                                                                                                                                                                                                                                                                                                                                                                                                                                                                                                                                                                                                                                                                                                                                                                                                                                                                                                                                                                                                                                                                                                                                                                                                                                                                                                                                                                                                                                                                                                                                                                                                                                                                                                                                                                                                                                                                                                                                                                                                                                                                                                                                                                                                                                                                                                                                                                                                                                                                                                                                                                                                                                                                                                                                                                                                                                                                                                                                                                                                                                                                                                                                                                                                                                                                                                                                                                                                                                                                                                                                                                                                                                                                                                                                                                                                                                                                                                                                                                                                                                                                                                                                                                                                                                                                                                                                                                                                                                                                                                                                                                                                                                                                                                                                                                                                                                                                                                                                                                                                                                                                                                                                                                                                                                                                                                                                                                                                                                                                                                                                                                                                                                                                                                                                                                                                                                                                                                                                                                                                                                                                                                                                                                                                                                                                                                                                                                                                                                                                                                                                                                                                                                                                                                                                                                                                                                                                                                                                                                                                                                                                                                                                                                                                                                                                                                                                                                                                                                                                                                                                                                                                                                                                                                                                                                                                                                                                                                                                                                                                                                                                                                                                                                                                                                                                                                                                                                                                                                                                                                                                                                                                                                                                                                                                                                                                                                                                                                                                                                                                                                                                                                                                                                                                                                                                                                                                                                                                                                                                                                                                                                                                                                                                                                                                                                                                                                                                                                                                                                                                                                                                                                                                                                                                                                                                                                                                                                                                                                                                                                                                                                                                                                                                                                                                                                                                                                                                                                                                                                                                                                                                                                                                                                                                                                                                                                                                                                                                                                                                                                                                                                                                                                                                                                                                                                                                                                                                                                                                                                                                                                                                                                                                                                                                                                                                                                                                                                                                                                                                                                                                                                                                                                                                                                                                                                                                                                                                                                                                                                                                                                                                                                                                                                                                                                                                                                                                                                                                                                                                                                                                                                                                                                                                                                                                                                                                                                                                                                                                                                                                                                                                                                                                                                                                                                                                                                                                                                                                                                                                                                                                                                                                                                                                                                                                                                                                                                                                                                                                                                                                                                                                                                                                                                                                                                                                                                                                                                                                                                                                                                                                                                                                                                                                                                                                                                                                                                                                                                                                                                                                                                                                                                                                                                                                                                                                                                                                                                                                                                                                                                                                                                                                                                                                                                                                                                                                                                                                                                                                                                                                                                                                                                                                                                                                                                                                                                                                                                                                                                                                                                                                                                                                                                                                                                                                                                                                                                                                                                                                                                                                                                                                                                                                                                                                                                                                                                                                                                                                                                                                                                                                                                                                                                                                                                                                                                                                                                                                                                                                                                                                                                                                                                                                                                                                                                                                                                                                                                                                                                                                                                                                                                                                                                                                                                                                                                                                                                                                                                                                                                                                                                                                                                                                                                                                                                                                                                                                                                                                                                                                                                                                                                                                                                                                                                                                                                                                                                                                                                                                                                                                                                                                                                                                                                                                                                                                                                                                                                                                                                                                                                                                                                                                                                                                                                                                                                                                                                                                                                                                                                                                                                                                                                                                                                                                                                                                                                                                                                                                                                                                                                                                                                                                                                                                                                                                                                                                                                                                                                                                                                                                                                                                                                                                                                                                                                                                                                                                                                                                                                                                                                                                                                                                                                                                                                                                                                                                                                                                                                                                                                                                                                                                                                                                                                                                                                                                                                                                                                                                                                                                                                                                                                                                                                                                                                                                                                                                                                                                                                                                                                                                                                                                                                                                                                                                                                                                                                                                                                                                                                                                                                                                                                                                                                                                                                                                                                                                                                                                                                                                                                                                                                                                                                                                                                                                                                                                                                                                                                                                                                                                                                                                                                                                                                                                                                                                                                                                                                                                                                                                                                                                                                                                                                                                                                                                                                                                                                                                                                                                                                                                                                                                                                                                                                                                                                                                                                                                                                                                                                                                                                                                                                                                                                                                                                                                                                                                                                                                                                                                                                                                                                                                                                                                                                                                                                                                                                                                                                                                                                                                                                                                                                                                                                                                                                                                                                                                                                                                                                                                                                                                                                                                                                                                                                                                                                                                                                                                                                                                                                                                                                                                                                                                                                                                                                                                                                                                                                                                                                                                                                                                                                                                                                                                                                                                                                                                                                                                                                                                                                                                                                                                                                                                                                                                                                                                                                                                                                                                                                                                                                                                                                                                                                                                                                                                                                                                                                                                                                                                                                                                                                                                                                                                                                                                                                                                                                                                                                                                                                                                                                                                                                                                                                                                                                                                                                                                                                                                                                                                                                                                                                                                                                                                                                                                                                                                                                                                                                                                                                                                                                                                                                                                                                                                                                                                                                                                                                                                                                                                                                                                                                                                                                                                                                                                                                                                                                                                                                                                                                                                                                                                                                                                                                                                                                                                                                                                                                                                                                                                                                                                                                                                                                                                                                                                                                                                                                                                                                                                                                                                                                                                                                                                                                                                                                                                                                                                                                                                                                                                                                                                                                                                                                                                                                                                                                                                                                                                                                                                                                                                                                                                                                                                                                                                                                                                                                                                                                                                                                                                                                                                                                                                                                                                                                                                                                                                                                                                                                                                                                                                                                                                                                                                                                                                                                                                                                                                                                                                                                                                                                                                                                                                                                                                                                                                                                                                                                                                                                                                                                                                                                                                                                                                                                                                                                                                                                                                                                                                                                                                                                                                                                                                                                                                                                                                                                                                                                                                                                                                                                                                                                                                                                                                                                                                                                                                                                                                                                                                                                                                                                                                                                                                                                                                                                                                                                                                                                                                                                                                                                                                                                                                                                                                                                                                                                                                                                                                                                                                                                                                                                                                                                                                                                                                                                                                                                                                                                                                                                                                                                                                                                                                                                                                                                                                                                                                                                                                                                                                                                                                                                                                                                                                                                                                                                                                                                                                                                                                                                                                                                                                                                                                                                                                                                                                                                                                                                                                                                                                                                                                                                                                                                                                                                                                                                                                                                                                                                                                                                                                                                                                                                                                                                                                                                                                                                                                                                                                                                                                                                                                                                                                                                                                                                                                                                                                                                                                                                                                                                                                                                                                                                                                                                                                                                                                                                                                                                                                                                                                                                                                                                                                                                                                                                                                                                                                                                                                                                                                                                                                                                                                                                                                                                                                                                                                                                                                                                                                                                                                                                                                                                                                                                                                                                                                                                                                                                                                                                                                                                                                                                                                                                                                                                                                                                                                                                                                                                                                                                                                                                                                                                                                                                                                                                                                                                                                                                                                                                                                                                                                                                                                                                                                                                                                                                                                                                                                                                                                                                                                                                                                                                                                                                                                                                                                                                                                                                                                                                                                                                                                                                                                                                                                                                                                                                                                                                                                                                                                                                                                                                                                                                                                                                                                                                                                                                                                                                                                                                                                                                                                                                                                                                                                                                                                                                                                                                                                                                                                                                                                                                                                                                                                                                                                                                                                                                                                                                                                                                                                                                                                                                                                                                                                                                                                                                                                                                                                                                                                                                                                                                                                                                                                                                                                                                                                                                                                                                                                                                                                                                                                                                      ... write file : dna_ice_am_rho0p5_E00024_0p00340445516MeV.root - done
... close file : dna_ice_am_rho0p5_E00024_0p00340445516MeV.root - done

 Nb of ionisations = 60.229 +- 56.456

 w = 56.525 eV  +- 52.984 eV 
[energy 25] E=0.00342675862 MeV -> root/dna_ice_am_rho0p5_E00025_0p00342675862MeV.root

**************************************************************
 Geant4 version Name: geant4-11-03-patch-02 [MT]   (25-April-2025)
  << in Multi-threaded mode >> 
                       Copyright : Geant4 Collaboration
                      References : NIM A 506 (2003), 250-303
                                 : IEEE-TNS 53 (2006), 270-278
                                 : NIM A 835 (2016), 186-225
                             WWW : http://geant4.org/
**************************************************************

Using physics list: ice (phase: amorphous)
##### Create analysis manager   0xae8de8d80
Accumulable registered as "accumulable_0"
Accumulable registered as "accumulable_1"
Accumulable registered as "accumulable_2"
Accumulable registered as "accumulable_3"
Using  analysis manager
RunAction: log mode set to minimal
-> Density of water_modified material (g/cm3)=0.5

***** Table : Nb of materials = 5 *****

 Material:   G4_ICE H_2O   density:  1.000 g/cm3   RadL:  36.083 cm   Nucl.Int.Length:  75.375 cm 
                       Imean:  78.000 eV   temperature: 293.15 K  pressure:   1.00 atm

   --->  Element: H (H)   Z =  1.0   N =     1   A =  1.008 g/mole
         --->  Isotope:    H1   Z =  1   N =   1   A =   1.01 g/mole   abundance: 99.989 %
         --->  Isotope:    H2   Z =  1   N =   2   A =   2.01 g/mole   abundance:  0.011 %
          ElmMassFraction:  11.19 %  ElmAbundance  66.67 % 

   --->  Element: O (O)   Z =  8.0   N =    16   A = 15.999 g/mole
         --->  Isotope:   O16   Z =  8   N =  16   A =  15.99 g/mole   abundance: 99.757 %
         --->  Isotope:   O17   Z =  8   N =  17   A =  17.00 g/mole   abundance:  0.038 %
         --->  Isotope:   O18   Z =  8   N =  18   A =  18.00 g/mole   abundance:  0.205 %
          ElmMassFraction:  88.81 %  ElmAbundance  33.33 % 


 Material: G4_Galactic    density:  0.000 mg/cm3  RadL: 204310098.490 pc   Nucl.Int.Length: 3240.779 pc 
                       Imean:  21.800 eV   temperature:   2.73 K  pressure:   0.00 atm

   --->  Element: H (H)   Z =  1.0   N =     1   A =  1.008 g/mole
         --->  Isotope:    H1   Z =  1   N =   1   A =   1.01 g/mole   abundance: 99.989 %
         --->  Isotope:    H2   Z =  1   N =   2   A =   2.01 g/mole   abundance:  0.011 %
          ElmMassFraction: 100.00 %  ElmAbundance 100.00 % 


 Material: G4_WATER H_2O   density:  1.000 g/cm3   RadL:  36.083 cm   Nucl.Int.Length:  75.375 cm 
                       Imean:  78.000 eV   temperature: 293.15 K  pressure:   1.00 atm

   --->  Element: H (H)   Z =  1.0   N =     1   A =  1.008 g/mole
         --->  Isotope:    H1   Z =  1   N =   1   A =   1.01 g/mole   abundance: 99.989 %
         --->  Isotope:    H2   Z =  1   N =   2   A =   2.01 g/mole   abundance:  0.011 %
          ElmMassFraction:  11.19 %  ElmAbundance  66.67 % 

   --->  Element: O (O)   Z =  8.0   N =    16   A = 15.999 g/mole
         --->  Isotope:   O16   Z =  8   N =  16   A =  15.99 g/mole   abundance: 99.757 %
         --->  Isotope:   O17   Z =  8   N =  17   A =  17.00 g/mole   abundance:  0.038 %
         --->  Isotope:   O18   Z =  8   N =  18   A =  18.00 g/mole   abundance:  0.205 %
          ElmMassFraction:  88.81 %  ElmAbundance  33.33 % 


 Material: G4_WATER_ICE_USER H_2O   density: 500.000 mg/cm3  RadL:  72.166 cm   Nucl.Int.Length:   1.507 m  
                       Imean:  78.000 eV   temperature: 293.15 K  pressure:   1.00 atm

   --->  Element: H (H)   Z =  1.0   N =     1   A =  1.008 g/mole
         --->  Isotope:    H1   Z =  1   N =   1   A =   1.01 g/mole   abundance: 99.989 %
         --->  Isotope:    H2   Z =  1   N =   2   A =   2.01 g/mole   abundance:  0.011 %
          ElmMassFraction:  11.19 %  ElmAbundance  66.67 % 

   --->  Element: O (O)   Z =  8.0   N =    16   A = 15.999 g/mole
         --->  Isotope:   O16   Z =  8   N =  16   A =  15.99 g/mole   abundance: 99.757 %
         --->  Isotope:   O17   Z =  8   N =  17   A =  17.00 g/mole   abundance:  0.038 %
         --->  Isotope:   O18   Z =  8   N =  18   A =  18.00 g/mole   abundance:  0.205 %
          ElmMassFraction:  88.81 %  ElmAbundance  33.33 % 


 Material: G4_WATER_ICE_AMORPHOUS H_2O   density: 940.000 mg/cm3  RadL:  38.386 cm   Nucl.Int.Length:  80.186 cm 
                       Imean:  78.000 eV   temperature: 293.15 K  pressure:   1.00 atm

   --->  Element: H (H)   Z =  1.0   N =     1   A =  1.008 g/mole
         --->  Isotope:    H1   Z =  1   N =   1   A =   1.01 g/mole   abundance: 99.989 %
         --->  Isotope:    H2   Z =  1   N =   2   A =   2.01 g/mole   abundance:  0.011 %
          ElmMassFraction:  11.19 %  ElmAbundance  66.67 % 

   --->  Element: O (O)   Z =  8.0   N =    16   A = 15.999 g/mole
         --->  Isotope:   O16   Z =  8   N =  16   A =  15.99 g/mole   abundance: 99.757 %
         --->  Isotope:   O17   Z =  8   N =  17   A =  17.00 g/mole   abundance:  0.038 %
         --->  Isotope:   O18   Z =  8   N =  18   A =  18.00 g/mole   abundance:  0.205 %
          ElmMassFraction:  88.81 %  ElmAbundance  33.33 % 



Michaud_ELSEPA_LOW Elastic model is constructed 
Energy range: 2 eV - 0.0002 MeV
Michaud_ELSEPA_HIGH Elastic model is constructed 
Energy range: 200 eV - 10 MeV
=======================================================================
======                 Electromagnetic Physics Parameters      ========
=======================================================================
LPM effect enabled                                 1
Enable creation and use of sampling tables         0
Apply cuts on all EM processes                     0
Use combined TransportationWithMsc                 Disabled
Use general process                                0
Enable linear polarisation for gamma               0
Enable photoeffect sampling below K-shell          1
Enable sampling of quantum entanglement            0
X-section factor for integral approach             0.8
Min kinetic energy for tables                      1 eV 
Max kinetic energy for tables                      1 GeV
Number of bins per decade of a table               20
Verbose level                                      1
Verbose level for worker thread                    0
Bremsstrahlung energy threshold above which 
  primary e+- is added to the list of secondary    100 TeV
Bremsstrahlung energy threshold above which primary
  muon/hadron is added to the list of secondary    100 TeV
Positron annihilation at rest model                AllisonPositronium
Enable 3 gamma annihilation on fly                 0
Lowest triplet kinetic energy                      1 MeV
Enable sampling of gamma linear polarisation       0
5D gamma conversion model type                     0
5D gamma conversion model on isolated ion          0
Use Ricardo-Gerardo pair production model          0
Livermore data directory                           epics_2017
=======================================================================
======                 Ionisation Parameters                   ========
=======================================================================
Step function for e+-                              (0.2, 0.01 mm)
Step function for muons/hadrons                    (0.1, 0.05 mm)
Step function for light ions                       (0.1, 0.02 mm)
Step function for general ions                     (0.1, 0.001 mm)
Lowest e+e- kinetic energy                         0 eV 
Lowest muon/hadron kinetic energy                  1 keV
Use ICRU90 data                                    1
Fluctuations of dE/dx are enabled                  1
Type of fluctuation model for leptons and hadrons  Universal
Use built-in Birks satuaration                     0
Build CSDA range enabled                           0
Use cut as a final range enabled                   0
Enable angular generator interface                 1
Max kinetic energy for CSDA tables                 1 GeV
Max kinetic energy for NIEL computation            0 eV 
Linear loss limit                                  0.01
Read data from file for e+e- pair production by mu 0
=======================================================================
======                 Multiple Scattering Parameters          ========
=======================================================================
Type of msc step limit algorithm for e+-           2
Type of msc step limit algorithm for muons/hadrons 0
Msc lateral displacement for e+- enabled           1
Msc lateral displacement for muons and hadrons     0
Urban msc model lateral displacement alg96         1
Range factor for msc step limit for e+-            0.08
Range factor for msc step limit for muons/hadrons  0.2
Geometry factor for msc step limitation of e+-     2.5
Safety factor for msc step limit for e+-           0.6
Skin parameter for msc step limitation of e+-      3
Lambda limit for msc step limit for e+-            1 mm
Use Mott correction for e- scattering              1
Factor used for dynamic computation of angular 
  limit between single and multiple scattering     1
Fixed angular limit between single 
  and multiple scattering                          3.1416 rad
Upper energy limit for e+- multiple scattering     100 MeV
Type of electron single scattering model           0
Type of nuclear form-factor                        1
Screening factor                                   1
=======================================================================
======                 Atomic Deexcitation Parameters          ========
=======================================================================
Fluorescence enabled                               1
Directory in G4LEDATA for fluorescence data files  fluor
Auger electron cascade enabled                     1
PIXE atomic de-excitation enabled                  0
De-excitation module ignores cuts                  1
Type of PIXE cross section for hadrons             Empirical
Type of PIXE cross section for e+-                 Livermore
=======================================================================
======                 DNA Physics Parameters                  ========
=======================================================================
Use fast sampling in DNA models                    1
Use Stationary option in DNA models                0
Use DNA with multiple scattering of e-             0
Use DNA e- solvation model type                    11003
=======================================================================
Loaded cross section files for Michaud_ELSEPA_HIGH Elastic model
Michaud_ELSEPA_HIGH Elastic model is initialized 
Energy range: 200 eV - 10 MeV
Loaded cross section files for Michaud_ELSEPA_LOW Elastic model
Michaud_ELSEPA_LOW Elastic model is initialized 
Energy range: 2 eV - 0.0002 MeV
[DEBUG] eTdummyVec.size() = 155
[DEBUG] eVecm[0].size() = 0
[DEBUG] eVecm[1.7].size() = 181
[DEBUG] eVecm[1.75394].size() = 181
[DEBUG] eVecm[1.8096].size() = 181
[DEBUG] eVecm[1.86701].size() = 181
[DEBUG] eVecm[200].size() = 181

e-_G4DNAElastic_ICE:  for e- SubType=51 BuildTable=0
      ===== EM models for the G4Region  DefaultRegionForTheWorld ======
DNAMichaud_ELSEPA_LOW_ElasticModel : Emin=    0 eV  Emax=  200 eV 
DNAMichaud_ELSEPA_HIGH_ElasticModel : Emin=  200 eV  Emax=   10 MeV

e-_G4DNAVib_ICE:  for e- SubType=54 BuildTable=0
      ===== EM models for the G4Region  DefaultRegionForTheWorld ======
DNAMichaudExcitationModel : Emin=    0 eV  Emax=  100 eV 

e-_G4DNAAttachment_ICE:  for e- SubType=55 BuildTable=0
      ===== EM models for the G4Region  DefaultRegionForTheWorld ======
DNAMichaudAttachmentModel : Emin=    0 eV  Emax=   13 eV 

e-_G4DNAExcitation_ICE:  for e- SubType=52 BuildTable=0
      ===== EM models for the G4Region  DefaultRegionForTheWorld ======
DNAEmfietzoglou_iceExcitationModel : Emin=    0 eV  Emax=   10 MeV

e-_G4DNAIonisation_ICE:  for e- SubType=53 BuildTable=0
      ===== EM models for the G4Region  DefaultRegionForTheWorld ======
DNAEmfietzoglou_iceIonisationModel : Emin=    0 eV  Emax=   10 MeV  deltaBorn
        MollerBhabha : Emin=   10 MeV Emax=    1 GeV

msc:  for e-  SubType= 10
      ===== EM models for the G4Region  DefaultRegionForTheWorld ======
            UrbanMsc : Emin=    0 eV  Emax=    1 GeV Nbins=40  10 MeV -   1 GeV
          StepLim=SafetyPlus Rfact=0.08 Gfact=2.5 Sfact=0.6 DispFlag:1 Skin=3 Llim=1 mm

eBrem:  for e-  XStype:3  SubType=3
      dE/dx and range tables from 10 MeV to 1 GeV in 180 bins
      Lambda tables from threshold to 1 GeV, 20 bins/decade, spline: 1
      LPM flag: 1 for E > 1 GeV,  VertexHighEnergyTh(GeV)= 100000
      ===== EM models for the G4Region  DefaultRegionForTheWorld ======
             eBremSB : Emin=    0 eV  Emax=    1 GeV  ModifiedTsai

CoulombScat:  for e- XStype:1 SubType=1 BuildTable=1
      Lambda table from threshold  to 1 GeV, 20 bins/decade, spline: 0
      ThetaMin(p) < Theta(degree) < 180, pLimit(GeV^1)= 0.139531
      ===== EM models for the G4Region  DefaultRegionForTheWorld ======
        WentzelVIUni : Emin=    0 eV  Emax=    1 GeV
          StepLim=SafetyPlus Rfact=0.08 Gfact=2.5 Sfact=0.6 DispFlag:1 Skin=3 Llim=1 mm

=========================================================================
--> G4TaskRunManager::CreateAndStartWorkers() --> Initializing workers...
=========================================================================

G4WT0 > ##### Create analysis manager   0xae8de9080
G4WT0 > Accumulable registered as "accumulable_0"
G4WT0 > Accumulable registered as "accumulable_1"
G4WT0 > Accumulable registered as "accumulable_2"
G4WT0 > Accumulable registered as "accumulable_3"
G4WT6 > ##### Create analysis manager   0xae8de9680
G4WT6 > Accumulable registered as "accumulable_0"
G4WT6 > Accumulable registered as "accumulable_1"
G4WT6 > Accumulable registered as "accumulable_2"
G4WT6 > Accumulable registered as "accumulable_3"
G4WT5 > ##### Create analysis manager   0xae8de9800
G4WT5 > Accumulable registered as "accumulable_0"
G4WT5 > Accumulable registered as "accumulable_1"
G4WT5 > Accumulable registered as "accumulable_2"
G4WT5 > Accumulable registered as "accumulable_3"
G4WT10 > ##### Create analysis manager   0xae8de9980
G4WT10 > Accumulable registered as "accumulable_0"
G4WT10 > Accumulable registered as "accumulable_1"
G4WT10 > Accumulable registered as "accumulable_2"
G4WT10 > Accumulable registered as "accumulable_3"
G4WT6 > Using  analysis manager
G4WT0 > Using  analysis manager
G4WT2 > ##### Create analysis manager   0xae8de9500
G4WT2 > Accumulable registered as "accumulable_0"
G4WT2 > Accumulable registered as "accumulable_1"
G4WT2 > Accumulable registered as "accumulable_2"
G4WT2 > Accumulable registered as "accumulable_3"
G4WT4 > ##### Create analysis manager   0xae8de9e00
G4WT4 > Accumulable registered as "accumulable_0"
G4WT4 > Accumulable registered as "accumulable_1"
G4WT4 > Accumulable registered as "accumulable_2"
G4WT4 > Accumulable registered as "accumulable_3"
G4WT5 > Using  analysis manager
G4WT10 > Using  analysis manager
G4WT2 > Using  analysis manager
G4WT3 > ##### Create analysis manager   0xae8dea880
G4WT3 > Accumulable registered as "accumulable_0"
G4WT3 > Accumulable registered as "accumulable_1"
G4WT3 > Accumulable registered as "accumulable_2"
G4WT3 > Accumulable registered as "accumulable_3"
G4WT9 > ##### Create analysis manager   0xae8dead00
G4WT9 > Accumulable registered as "accumulable_0"
G4WT9 > Accumulable registered as "accumulable_1"
G4WT9 > Accumulable registered as "accumulable_2"
G4WT9 > Accumulable registered as "accumulable_3"
G4WT11 > ##### Create analysis manager   0xae8deae80
G4WT8 > ##### Create analysis manager   0xae8deb000
G4WT8 > Accumulable registered as "accumulable_0"
G4WT8 > Accumulable registered as "accumulable_1"
G4WT8 > Accumulable registered as "accumulable_2"
G4WT8 > Accumulable registered as "accumulable_3"
G4WT7 > ##### Create analysis manager   0xae8deb180
G4WT7 > Accumulable registered as "accumulable_0"
G4WT7 > Accumulable registered as "accumulable_1"
G4WT7 > Accumulable registered as "accumulable_2"
G4WT7 > Accumulable registered as "accumulable_3"
G4WT4 > Using  analysis manager
G4WT11 > Accumulable registered as "accumulable_0"
G4WT11 > Accumulable registered as "accumulable_1"
G4WT11 > Accumulable registered as "accumulable_2"
G4WT11 > Accumulable registered as "accumulable_3"
G4WT1 > ##### Create analysis manager   0xae8deb600
G4WT1 > Accumulable registered as "accumulable_0"
G4WT1 > Accumulable registered as "accumulable_1"
G4WT1 > Accumulable registered as "accumulable_2"
G4WT1 > Accumulable registered as "accumulable_3"
G4WT8 > Using  analysis manager
G4WT9 > Using  analysis manager
G4WT3 > Using  analysis manager
G4WT11 > Using  analysis manager
G4WT1 > Using  analysis manager
G4WT7 > Using  analysis manager
DNA logging mode: minimal
... set ntuple merging row mode : row-wise - done
... create file : dna_ice_am_rho0p5_E00025_0p00342675862MeV.root - done
... open analysis file : dna_ice_am_rho0p5_E00025_0p00342675862MeV.root - done
... open main analysis file : dna_ice_am_rho0p5_E00025_0p00342675862MeV.root - done

==========================================================================================
--> G4TaskRunManager::CreateAndStartWorkers() --> Creating 32 tasks with 31 events/task...
==========================================================================================

G4WT3 > DNA logging mode: minimal
G4WT3 > ... set ntuple merging row mode : row-wise - done
G4WT6 > DNA logging mode: minimal
G4WT6 > ... set ntuple merging row mode : row-wise - done
G4WT2 > DNA logging mode: minimal
G4WT2 > ... set ntuple merging row mode : row-wise - done
G4WT4 > DNA logging mode: minimal
G4WT4 > ... set ntuple merging row mode : row-wise - done
G4WT8 > DNA logging mode: minimal
G4WT8 > ... set ntuple merging row mode : row-wise - done
G4WT11 > DNA logging mode: minimal
G4WT11 > ... set ntuple merging row mode : row-wise - done
G4WT0 > DNA logging mode: minimal
G4WT0 > ... set ntuple merging row mode : row-wise - done
G4WT10 > DNA logging mode: minimal
G4WT10 > ... set ntuple merging row mode : row-wise - done
G4WT1 > DNA logging mode: minimal
G4WT1 > ... set ntuple merging row mode : row-wise - done
G4WT9 > DNA logging mode: minimal
G4WT9 > ... set ntuple merging row mode : row-wise - done
G4WT7 > DNA logging mode: minimal
G4WT7 > ... set ntuple merging row mode : row-wise - done
G4WT5 > DNA logging mode: minimal
G4WT5 > ... set ntuple merging row mode : row-wise - done
... write file : dna_ice_am_rho0p5_E00025_0p00342675862MeV.root - done
... close file : dna_ice_am_rho0p5_E00025_0p00342675862MeV.root - done

 Nb of ionisations = 60.877 +- 55.829

 w = 56.290 eV  +- 51.622 eV 
[energy 26] E=0.00344920819 MeV -> root/dna_ice_am_rho0p5_E00026_0p00344920819MeV.root

**************************************************************
 Geant4 version Name: geant4-11-03-patch-02 [MT]   (25-April-2025)
  << in Multi-threaded mode >> 
                       Copyright : Geant4 Collaboration
                      References : NIM A 506 (2003), 250-303
                                 : IEEE-TNS 53 (2006), 270-278
                                 : NIM A 835 (2016), 186-225
                             WWW : http://geant4.org/
**************************************************************

Using physics list: ice (phase: amorphous)
##### Create analysis manager   0x8d213d380
Accumulable registered as "accumulable_0"
Accumulable registered as "accumulable_1"
Accumulable registered as "accumulable_2"
Accumulable registered as "accumulable_3"
Using  analysis manager
RunAction: log mode set to minimal
-> Density of water_modified material (g/cm3)=0.5

***** Table : Nb of materials = 5 *****

 Material:   G4_ICE H_2O   density:  1.000 g/cm3   RadL:  36.083 cm   Nucl.Int.Length:  75.375 cm 
                       Imean:  78.000 eV   temperature: 293.15 K  pressure:   1.00 atm

   --->  Element: H (H)   Z =  1.0   N =     1   A =  1.008 g/mole
         --->  Isotope:    H1   Z =  1   N =   1   A =   1.01 g/mole   abundance: 99.989 %
         --->  Isotope:    H2   Z =  1   N =   2   A =   2.01 g/mole   abundance:  0.011 %
          ElmMassFraction:  11.19 %  ElmAbundance  66.67 % 

   --->  Element: O (O)   Z =  8.0   N =    16   A = 15.999 g/mole
         --->  Isotope:   O16   Z =  8   N =  16   A =  15.99 g/mole   abundance: 99.757 %
         --->  Isotope:   O17   Z =  8   N =  17   A =  17.00 g/mole   abundance:  0.038 %
         --->  Isotope:   O18   Z =  8   N =  18   A =  18.00 g/mole   abundance:  0.205 %
          ElmMassFraction:  88.81 %  ElmAbundance  33.33 % 


 Material: G4_Galactic    density:  0.000 mg/cm3  RadL: 204310098.490 pc   Nucl.Int.Length: 3240.779 pc 
                       Imean:  21.800 eV   temperature:   2.73 K  pressure:   0.00 atm

   --->  Element: H (H)   Z =  1.0   N =     1   A =  1.008 g/mole
         --->  Isotope:    H1   Z =  1   N =   1   A =   1.01 g/mole   abundance: 99.989 %
         --->  Isotope:    H2   Z =  1   N =   2   A =   2.01 g/mole   abundance:  0.011 %
          ElmMassFraction: 100.00 %  ElmAbundance 100.00 % 


 Material: G4_WATER H_2O   density:  1.000 g/cm3   RadL:  36.083 cm   Nucl.Int.Length:  75.375 cm 
                       Imean:  78.000 eV   temperature: 293.15 K  pressure:   1.00 atm

   --->  Element: H (H)   Z =  1.0   N =     1   A =  1.008 g/mole
         --->  Isotope:    H1   Z =  1   N =   1   A =   1.01 g/mole   abundance: 99.989 %
         --->  Isotope:    H2   Z =  1   N =   2   A =   2.01 g/mole   abundance:  0.011 %
          ElmMassFraction:  11.19 %  ElmAbundance  66.67 % 

   --->  Element: O (O)   Z =  8.0   N =    16   A = 15.999 g/mole
         --->  Isotope:   O16   Z =  8   N =  16   A =  15.99 g/mole   abundance: 99.757 %
         --->  Isotope:   O17   Z =  8   N =  17   A =  17.00 g/mole   abundance:  0.038 %
         --->  Isotope:   O18   Z =  8   N =  18   A =  18.00 g/mole   abundance:  0.205 %
          ElmMassFraction:  88.81 %  ElmAbundance  33.33 % 


 Material: G4_WATER_ICE_USER H_2O   density: 500.000 mg/cm3  RadL:  72.166 cm   Nucl.Int.Length:   1.507 m  
                       Imean:  78.000 eV   temperature: 293.15 K  pressure:   1.00 atm

   --->  Element: H (H)   Z =  1.0   N =     1   A =  1.008 g/mole
         --->  Isotope:    H1   Z =  1   N =   1   A =   1.01 g/mole   abundance: 99.989 %
         --->  Isotope:    H2   Z =  1   N =   2   A =   2.01 g/mole   abundance:  0.011 %
          ElmMassFraction:  11.19 %  ElmAbundance  66.67 % 

   --->  Element: O (O)   Z =  8.0   N =    16   A = 15.999 g/mole
         --->  Isotope:   O16   Z =  8   N =  16   A =  15.99 g/mole   abundance: 99.757 %
         --->  Isotope:   O17   Z =  8   N =  17   A =  17.00 g/mole   abundance:  0.038 %
         --->  Isotope:   O18   Z =  8   N =  18   A =  18.00 g/mole   abundance:  0.205 %
          ElmMassFraction:  88.81 %  ElmAbundance  33.33 % 


 Material: G4_WATER_ICE_AMORPHOUS H_2O   density: 940.000 mg/cm3  RadL:  38.386 cm   Nucl.Int.Length:  80.186 cm 
                       Imean:  78.000 eV   temperature: 293.15 K  pressure:   1.00 atm

   --->  Element: H (H)   Z =  1.0   N =     1   A =  1.008 g/mole
         --->  Isotope:    H1   Z =  1   N =   1   A =   1.01 g/mole   abundance: 99.989 %
         --->  Isotope:    H2   Z =  1   N =   2   A =   2.01 g/mole   abundance:  0.011 %
          ElmMassFraction:  11.19 %  ElmAbundance  66.67 % 

   --->  Element: O (O)   Z =  8.0   N =    16   A = 15.999 g/mole
         --->  Isotope:   O16   Z =  8   N =  16   A =  15.99 g/mole   abundance: 99.757 %
         --->  Isotope:   O17   Z =  8   N =  17   A =  17.00 g/mole   abundance:  0.038 %
         --->  Isotope:   O18   Z =  8   N =  18   A =  18.00 g/mole   abundance:  0.205 %
          ElmMassFraction:  88.81 %  ElmAbundance  33.33 % 



Michaud_ELSEPA_LOW Elastic model is constructed 
Energy range: 2 eV - 0.0002 MeV
Michaud_ELSEPA_HIGH Elastic model is constructed 
Energy range: 200 eV - 10 MeV
=======================================================================
======                 Electromagnetic Physics Parameters      ========
=======================================================================
LPM effect enabled                                 1
Enable creation and use of sampling tables         0
Apply cuts on all EM processes                     0
Use combined TransportationWithMsc                 Disabled
Use general process                                0
Enable linear polarisation for gamma               0
Enable photoeffect sampling below K-shell          1
Enable sampling of quantum entanglement            0
X-section factor for integral approach             0.8
Min kinetic energy for tables                      1 eV 
Max kinetic energy for tables                      1 GeV
Number of bins per decade of a table               20
Verbose level                                      1
Verbose level for worker thread                    0
Bremsstrahlung energy threshold above which 
  primary e+- is added to the list of secondary    100 TeV
Bremsstrahlung energy threshold above which primary
  muon/hadron is added to the list of secondary    100 TeV
Positron annihilation at rest model                AllisonPositronium
Enable 3 gamma annihilation on fly                 0
Lowest triplet kinetic energy                      1 MeV
Enable sampling of gamma linear polarisation       0
5D gamma conversion model type                     0
5D gamma conversion model on isolated ion          0
Use Ricardo-Gerardo pair production model          0
Livermore data directory                           epics_2017
=======================================================================
======                 Ionisation Parameters                   ========
=======================================================================
Step function for e+-                              (0.2, 0.01 mm)
Step function for muons/hadrons                    (0.1, 0.05 mm)
Step function for light ions                       (0.1, 0.02 mm)
Step function for general ions                     (0.1, 0.001 mm)
Lowest e+e- kinetic energy                         0 eV 
Lowest muon/hadron kinetic energy                  1 keV
Use ICRU90 data                                    1
Fluctuations of dE/dx are enabled                  1
Type of fluctuation model for leptons and hadrons  Universal
Use built-in Birks satuaration                     0
Build CSDA range enabled                           0
Use cut as a final range enabled                   0
Enable angular generator interface                 1
Max kinetic energy for CSDA tables                 1 GeV
Max kinetic energy for NIEL computation            0 eV 
Linear loss limit                                  0.01
Read data from file for e+e- pair production by mu 0
=======================================================================
======                 Multiple Scattering Parameters          ========
=======================================================================
Type of msc step limit algorithm for e+-           2
Type of msc step limit algorithm for muons/hadrons 0
Msc lateral displacement for e+- enabled           1
Msc lateral displacement for muons and hadrons     0
Urban msc model lateral displacement alg96         1
Range factor for msc step limit for e+-            0.08
Range factor for msc step limit for muons/hadrons  0.2
Geometry factor for msc step limitation of e+-     2.5
Safety factor for msc step limit for e+-           0.6
Skin parameter for msc step limitation of e+-      3
Lambda limit for msc step limit for e+-            1 mm
Use Mott correction for e- scattering              1
Factor used for dynamic computation of angular 
  limit between single and multiple scattering     1
Fixed angular limit between single 
  and multiple scattering                          3.1416 rad
Upper energy limit for e+- multiple scattering     100 MeV
Type of electron single scattering model           0
Type of nuclear form-factor                        1
Screening factor                                   1
=======================================================================
======                 Atomic Deexcitation Parameters          ========
=======================================================================
Fluorescence enabled                               1
Directory in G4LEDATA for fluorescence data files  fluor
Auger electron cascade enabled                     1
PIXE atomic de-excitation enabled                  0
De-excitation module ignores cuts                  1
Type of PIXE cross section for hadrons             Empirical
Type of PIXE cross section for e+-                 Livermore
=======================================================================
======                 DNA Physics Parameters                  ========
=======================================================================
Use fast sampling in DNA models                    1
Use Stationary option in DNA models                0
Use DNA with multiple scattering of e-             0
Use DNA e- solvation model type                    11003
=======================================================================
Loaded cross section files for Michaud_ELSEPA_HIGH Elastic model
Michaud_ELSEPA_HIGH Elastic model is initialized 
Energy range: 200 eV - 10 MeV
Loaded cross section files for Michaud_ELSEPA_LOW Elastic model
Michaud_ELSEPA_LOW Elastic model is initialized 
Energy range: 2 eV - 0.0002 MeV
[DEBUG] eTdummyVec.size() = 155
[DEBUG] eVecm[0].size() = 0
[DEBUG] eVecm[1.7].size() = 181
[DEBUG] eVecm[1.75394].size() = 181
[DEBUG] eVecm[1.8096].size() = 181
[DEBUG] eVecm[1.86701].size() = 181
[DEBUG] eVecm[200].size() = 181

e-_G4DNAElastic_ICE:  for e- SubType=51 BuildTable=0
      ===== EM models for the G4Region  DefaultRegionForTheWorld ======
DNAMichaud_ELSEPA_LOW_ElasticModel : Emin=    0 eV  Emax=  200 eV 
DNAMichaud_ELSEPA_HIGH_ElasticModel : Emin=  200 eV  Emax=   10 MeV

e-_G4DNAVib_ICE:  for e- SubType=54 BuildTable=0
      ===== EM models for the G4Region  DefaultRegionForTheWorld ======
DNAMichaudExcitationModel : Emin=    0 eV  Emax=  100 eV 

e-_G4DNAAttachment_ICE:  for e- SubType=55 BuildTable=0
      ===== EM models for the G4Region  DefaultRegionForTheWorld ======
DNAMichaudAttachmentModel : Emin=    0 eV  Emax=   13 eV 

e-_G4DNAExcitation_ICE:  for e- SubType=52 BuildTable=0
      ===== EM models for the G4Region  DefaultRegionForTheWorld ======
DNAEmfietzoglou_iceExcitationModel : Emin=    0 eV  Emax=   10 MeV

e-_G4DNAIonisation_ICE:  for e- SubType=53 BuildTable=0
      ===== EM models for the G4Region  DefaultRegionForTheWorld ======
DNAEmfietzoglou_iceIonisationModel : Emin=    0 eV  Emax=   10 MeV  deltaBorn
        MollerBhabha : Emin=   10 MeV Emax=    1 GeV

msc:  for e-  SubType= 10
      ===== EM models for the G4Region  DefaultRegionForTheWorld ======
            UrbanMsc : Emin=    0 eV  Emax=    1 GeV Nbins=40  10 MeV -   1 GeV
          StepLim=SafetyPlus Rfact=0.08 Gfact=2.5 Sfact=0.6 DispFlag:1 Skin=3 Llim=1 mm

eBrem:  for e-  XStype:3  SubType=3
      dE/dx and range tables from 10 MeV to 1 GeV in 180 bins
      Lambda tables from threshold to 1 GeV, 20 bins/decade, spline: 1
      LPM flag: 1 for E > 1 GeV,  VertexHighEnergyTh(GeV)= 100000
      ===== EM models for the G4Region  DefaultRegionForTheWorld ======
             eBremSB : Emin=    0 eV  Emax=    1 GeV  ModifiedTsai

CoulombScat:  for e- XStype:1 SubType=1 BuildTable=1
      Lambda table from threshold  to 1 GeV, 20 bins/decade, spline: 0
      ThetaMin(p) < Theta(degree) < 180, pLimit(GeV^1)= 0.139531
      ===== EM models for the G4Region  DefaultRegionForTheWorld ======
        WentzelVIUni : Emin=    0 eV  Emax=    1 GeV
          StepLim=SafetyPlus Rfact=0.08 Gfact=2.5 Sfact=0.6 DispFlag:1 Skin=3 Llim=1 mm

=========================================================================
--> G4TaskRunManager::CreateAndStartWorkers() --> Initializing workers...
=========================================================================

G4WT1 > ##### Create analysis manager   0x8d2170c00
G4WT1 > Accumulable registered as "accumulable_0"
G4WT1 > Accumulable registered as "accumulable_1"
G4WT1 > Accumulable registered as "accumulable_2"
G4WT1 > Accumulable registered as "accumulable_3"
G4WT5 > ##### Create analysis manager   0x8d2170d80
G4WT5 > Accumulable registered as "accumulable_0"
G4WT5 > Accumulable registered as "accumulable_1"
G4WT5 > Accumulable registered as "accumulable_2"
G4WT5 > Accumulable registered as "accumulable_3"
G4WT7 > ##### Create analysis manager   0x8d2170f00
G4WT7 > Accumulable registered as "accumulable_0"
G4WT7 > Accumulable registered as "accumulable_1"
G4WT7 > Accumulable registered as "accumulable_2"
G4WT7 > Accumulable registered as "accumulable_3"
G4WT3 > ##### Create analysis manager   0x8d2171080
G4WT3 > Accumulable registered as "accumulable_0"
G4WT3 > Accumulable registered as "accumulable_1"
G4WT3 > Accumulable registered as "accumulable_2"
G4WT3 > Accumulable registered as "accumulable_3"
G4WT4 > ##### Create analysis manager   0x8d2171200
G4WT4 > Accumulable registered as "accumulable_0"
G4WT10 > ##### Create analysis manager   0x8d2171380
G4WT10 > Accumulable registered as "accumulable_0"
G4WT10 > Accumulable registered as "accumulable_1"
G4WT10 > Accumulable registered as "accumulable_2"
G4WT10 > Accumulable registered as "accumulable_3"
G4WT5 > Using  analysis manager
G4WT9 > ##### Create analysis manager   0x8d2171500
G4WT11 > ##### Create analysis manager   0x8d2171800
G4WT11 > Accumulable registered as "accumulable_0"
G4WT11 > Accumulable registered as "accumulable_1"
G4WT11 > Accumulable registered as "accumulable_2"
G4WT11 > Accumulable registered as "accumulable_3"
G4WT3 > Using  analysis manager
G4WT9 > Accumulable registered as "accumulable_0"
G4WT9 > Accumulable registered as "accumulable_1"
G4WT8 > ##### Create analysis manager   0x8d2171680
G4WT8 > Accumulable registered as "accumulable_0"
G4WT8 > Accumulable registered as "accumulable_1"
G4WT8 > Accumulable registered as "accumulable_2"
G4WT4 > Accumulable registered as "accumulable_1"
G4WT7 > Using  analysis manager
G4WT8 > Accumulable registered as "accumulable_3"
G4WT6 > ##### Create analysis manager   0x8d2172100
G4WT6 > Accumulable registered as "accumulable_0"
G4WT6 > Accumulable registered as "accumulable_1"
G4WT6 > Accumulable registered as "accumulable_2"
G4WT6 > Accumulable registered as "accumulable_3"
G4WT0 > ##### Create analysis manager   0x8d2172400
G4WT0 > Accumulable registered as "accumulable_0"
G4WT0 > Accumulable registered as "accumulable_1"
G4WT0 > Accumulable registered as "accumulable_2"
G4WT0 > Accumulable registered as "accumulable_3"
G4WT1 > Using  analysis manager
G4WT4 > Accumulable registered as "accumulable_2"
G4WT4 > Accumulable registered as "accumulable_3"
G4WT2 > ##### Create analysis manager   0x8d2171f80
G4WT2 > Accumulable registered as "accumulable_0"
G4WT10 > Using  analysis manager
G4WT11 > Using  analysis manager
G4WT9 > Accumulable registered as "accumulable_2"
G4WT9 > Accumulable registered as "accumulable_3"
G4WT2 > Accumulable registered as "accumulable_1"
G4WT2 > Accumulable registered as "accumulable_2"
G4WT2 > Accumulable registered as "accumulable_3"
G4WT6 > Using  analysis manager
G4WT8 > Using  analysis manager
G4WT0 > Using  analysis manager
G4WT4 > Using  analysis manager
G4WT9 > Using  analysis manager
G4WT2 > Using  analysis manager
DNA logging mode: minimal
... set ntuple merging row mode : row-wise - done
... create file : dna_ice_am_rho0p5_E00026_0p00344920819MeV.root - done
... open analysis file : dna_ice_am_rho0p5_E00026_0p00344920819MeV.root - done
... open main analysis file : dna_ice_am_rho0p5_E00026_0p00344920819MeV.root - done

==========================================================================================
--> G4TaskRunManager::CreateAndStartWorkers() --> Creating 32 tasks with 31 events/task...
==========================================================================================

G4WT4 > DNA logging mode: minimal
G4WT4 > ... set ntuple merging row mode : row-wise - done
G4WT7 > DNA logging mode: minimal
G4WT7 > ... set ntuple merging row mode : row-wise - done
G4WT5 > DNA logging mode: minimal
G4WT5 > ... set ntuple merging row mode : row-wise - done
G4WT9 > DNA logging mode: minimal
G4WT9 > ... set ntuple merging row mode : row-wise - done
G4WT8 > DNA logging mode: minimal
G4WT8 > ... set ntuple merging row mode : row-wise - done
G4WT3 > DNA logging mode: minimal
G4WT3 > ... set ntuple merging row mode : row-wise - done
G4WT0 > DNA logging mode: minimal
G4WT0 > ... set ntuple merging row mode : row-wise - done
G4WT6 > DNA logging mode: minimal
G4WT6 > ... set ntuple merging row mode : row-wise - done
G4WT10 > DNA logging mode: minimal
G4WT10 > ... set ntuple merging row mode : row-wise - done
G4WT2 > DNA logging mode: minimal
G4WT2 > ... set ntuple merging row mode : row-wise - done
G4WT1 > DNA logging mode: minimal
G4WT1 > ... set ntuple merging row mode : row-wise - done
G4WT11 > DNA logging mode: minimal
G4WT11 > ... set ntuple merging row mode : row-wise - done
... write file : dna_ice_am_rho0p5_E00026_0p00344920819MeV.root - done
... close file : dna_ice_am_rho0p5_E00026_0p00344920819MeV.root - done

 Nb of ionisations = 63.556 +- 56.117

 w = 54.270 eV  +- 47.918 eV 
[energy 27] E=0.00347180483 MeV -> root/dna_ice_am_rho0p5_E00027_0p00347180483MeV.root

**************************************************************
 Geant4 version Name: geant4-11-03-patch-02 [MT]   (25-April-2025)
  << in Multi-threaded mode >> 
                       Copyright : Geant4 Collaboration
                      References : NIM A 506 (2003), 250-303
                                 : IEEE-TNS 53 (2006), 270-278
                                 : NIM A 835 (2016), 186-225
                             WWW : http://geant4.org/
**************************************************************

Using physics list: ice (phase: amorphous)
##### Create analysis manager   0x94413c300
Accumulable registered as "accumulable_0"
Accumulable registered as "accumulable_1"
Accumulable registered as "accumulable_2"
Accumulable registered as "accumulable_3"
Using  analysis manager
RunAction: log mode set to minimal
-> Density of water_modified material (g/cm3)=0.5

***** Table : Nb of materials = 5 *****

 Material:   G4_ICE H_2O   density:  1.000 g/cm3   RadL:  36.083 cm   Nucl.Int.Length:  75.375 cm 
                       Imean:  78.000 eV   temperature: 293.15 K  pressure:   1.00 atm

   --->  Element: H (H)   Z =  1.0   N =     1   A =  1.008 g/mole
         --->  Isotope:    H1   Z =  1   N =   1   A =   1.01 g/mole   abundance: 99.989 %
         --->  Isotope:    H2   Z =  1   N =   2   A =   2.01 g/mole   abundance:  0.011 %
          ElmMassFraction:  11.19 %  ElmAbundance  66.67 % 

   --->  Element: O (O)   Z =  8.0   N =    16   A = 15.999 g/mole
         --->  Isotope:   O16   Z =  8   N =  16   A =  15.99 g/mole   abundance: 99.757 %
         --->  Isotope:   O17   Z =  8   N =  17   A =  17.00 g/mole   abundance:  0.038 %
         --->  Isotope:   O18   Z =  8   N =  18   A =  18.00 g/mole   abundance:  0.205 %
          ElmMassFraction:  88.81 %  ElmAbundance  33.33 % 


 Material: G4_Galactic    density:  0.000 mg/cm3  RadL: 204310098.490 pc   Nucl.Int.Length: 3240.779 pc 
                       Imean:  21.800 eV   temperature:   2.73 K  pressure:   0.00 atm

   --->  Element: H (H)   Z =  1.0   N =     1   A =  1.008 g/mole
         --->  Isotope:    H1   Z =  1   N =   1   A =   1.01 g/mole   abundance: 99.989 %
         --->  Isotope:    H2   Z =  1   N =   2   A =   2.01 g/mole   abundance:  0.011 %
          ElmMassFraction: 100.00 %  ElmAbundance 100.00 % 


 Material: G4_WATER H_2O   density:  1.000 g/cm3   RadL:  36.083 cm   Nucl.Int.Length:  75.375 cm 
                       Imean:  78.000 eV   temperature: 293.15 K  pressure:   1.00 atm

   --->  Element: H (H)   Z =  1.0   N =     1   A =  1.008 g/mole
         --->  Isotope:    H1   Z =  1   N =   1   A =   1.01 g/mole   abundance: 99.989 %
         --->  Isotope:    H2   Z =  1   N =   2   A =   2.01 g/mole   abundance:  0.011 %
          ElmMassFraction:  11.19 %  ElmAbundance  66.67 % 

   --->  Element: O (O)   Z =  8.0   N =    16   A = 15.999 g/mole
         --->  Isotope:   O16   Z =  8   N =  16   A =  15.99 g/mole   abundance: 99.757 %
         --->  Isotope:   O17   Z =  8   N =  17   A =  17.00 g/mole   abundance:  0.038 %
         --->  Isotope:   O18   Z =  8   N =  18   A =  18.00 g/mole   abundance:  0.205 %
          ElmMassFraction:  88.81 %  ElmAbundance  33.33 % 


 Material: G4_WATER_ICE_USER H_2O   density: 500.000 mg/cm3  RadL:  72.166 cm   Nucl.Int.Length:   1.507 m  
                       Imean:  78.000 eV   temperature: 293.15 K  pressure:   1.00 atm

   --->  Element: H (H)   Z =  1.0   N =     1   A =  1.008 g/mole
         --->  Isotope:    H1   Z =  1   N =   1   A =   1.01 g/mole   abundance: 99.989 %
         --->  Isotope:    H2   Z =  1   N =   2   A =   2.01 g/mole   abundance:  0.011 %
          ElmMassFraction:  11.19 %  ElmAbundance  66.67 % 

   --->  Element: O (O)   Z =  8.0   N =    16   A = 15.999 g/mole
         --->  Isotope:   O16   Z =  8   N =  16   A =  15.99 g/mole   abundance: 99.757 %
         --->  Isotope:   O17   Z =  8   N =  17   A =  17.00 g/mole   abundance:  0.038 %
         --->  Isotope:   O18   Z =  8   N =  18   A =  18.00 g/mole   abundance:  0.205 %
          ElmMassFraction:  88.81 %  ElmAbundance  33.33 % 


 Material: G4_WATER_ICE_AMORPHOUS H_2O   density: 940.000 mg/cm3  RadL:  38.386 cm   Nucl.Int.Length:  80.186 cm 
                       Imean:  78.000 eV   temperature: 293.15 K  pressure:   1.00 atm

   --->  Element: H (H)   Z =  1.0   N =     1   A =  1.008 g/mole
         --->  Isotope:    H1   Z =  1   N =   1   A =   1.01 g/mole   abundance: 99.989 %
         --->  Isotope:    H2   Z =  1   N =   2   A =   2.01 g/mole   abundance:  0.011 %
          ElmMassFraction:  11.19 %  ElmAbundance  66.67 % 

   --->  Element: O (O)   Z =  8.0   N =    16   A = 15.999 g/mole
         --->  Isotope:   O16   Z =  8   N =  16   A =  15.99 g/mole   abundance: 99.757 %
         --->  Isotope:   O17   Z =  8   N =  17   A =  17.00 g/mole   abundance:  0.038 %
         --->  Isotope:   O18   Z =  8   N =  18   A =  18.00 g/mole   abundance:  0.205 %
          ElmMassFraction:  88.81 %  ElmAbundance  33.33 % 



Michaud_ELSEPA_LOW Elastic model is constructed 
Energy range: 2 eV - 0.0002 MeV
Michaud_ELSEPA_HIGH Elastic model is constructed 
Energy range: 200 eV - 10 MeV
=======================================================================
======                 Electromagnetic Physics Parameters      ========
=======================================================================
LPM effect enabled                                 1
Enable creation and use of sampling tables         0
Apply cuts on all EM processes                     0
Use combined TransportationWithMsc                 Disabled
Use general process                                0
Enable linear polarisation for gamma               0
Enable photoeffect sampling below K-shell          1
Enable sampling of quantum entanglement            0
X-section factor for integral approach             0.8
Min kinetic energy for tables                      1 eV 
Max kinetic energy for tables                      1 GeV
Number of bins per decade of a table               20
Verbose level                                      1
Verbose level for worker thread                    0
Bremsstrahlung energy threshold above which 
  primary e+- is added to the list of secondary    100 TeV
Bremsstrahlung energy threshold above which primary
  muon/hadron is added to the list of secondary    100 TeV
Positron annihilation at rest model                AllisonPositronium
Enable 3 gamma annihilation on fly                 0
Lowest triplet kinetic energy                      1 MeV
Enable sampling of gamma linear polarisation       0
5D gamma conversion model type                     0
5D gamma conversion model on isolated ion          0
Use Ricardo-Gerardo pair production model          0
Livermore data directory                           epics_2017
=======================================================================
======                 Ionisation Parameters                   ========
=======================================================================
Step function for e+-                              (0.2, 0.01 mm)
Step function for muons/hadrons                    (0.1, 0.05 mm)
Step function for light ions                       (0.1, 0.02 mm)
Step function for general ions                     (0.1, 0.001 mm)
Lowest e+e- kinetic energy                         0 eV 
Lowest muon/hadron kinetic energy                  1 keV
Use ICRU90 data                                    1
Fluctuations of dE/dx are enabled                  1
Type of fluctuation model for leptons and hadrons  Universal
Use built-in Birks satuaration                     0
Build CSDA range enabled                           0
Use cut as a final range enabled                   0
Enable angular generator interface                 1
Max kinetic energy for CSDA tables                 1 GeV
Max kinetic energy for NIEL computation            0 eV 
Linear loss limit                                  0.01
Read data from file for e+e- pair production by mu 0
=======================================================================
======                 Multiple Scattering Parameters          ========
=======================================================================
Type of msc step limit algorithm for e+-           2
Type of msc step limit algorithm for muons/hadrons 0
Msc lateral displacement for e+- enabled           1
Msc lateral displacement for muons and hadrons     0
Urban msc model lateral displacement alg96         1
Range factor for msc step limit for e+-            0.08
Range factor for msc step limit for muons/hadrons  0.2
Geometry factor for msc step limitation of e+-     2.5
Safety factor for msc step limit for e+-           0.6
Skin parameter for msc step limitation of e+-      3
Lambda limit for msc step limit for e+-            1 mm
Use Mott correction for e- scattering              1
Factor used for dynamic computation of angular 
  limit between single and multiple scattering     1
Fixed angular limit between single 
  and multiple scattering                          3.1416 rad
Upper energy limit for e+- multiple scattering     100 MeV
Type of electron single scattering model           0
Type of nuclear form-factor                        1
Screening factor                                   1
=======================================================================
======                 Atomic Deexcitation Parameters          ========
=======================================================================
Fluorescence enabled                               1
Directory in G4LEDATA for fluorescence data files  fluor
Auger electron cascade enabled                     1
PIXE atomic de-excitation enabled                  0
De-excitation module ignores cuts                  1
Type of PIXE cross section for hadrons             Empirical
Type of PIXE cross section for e+-                 Livermore
=======================================================================
======                 DNA Physics Parameters                  ========
=======================================================================
Use fast sampling in DNA models                    1
Use Stationary option in DNA models                0
Use DNA with multiple scattering of e-             0
Use DNA e- solvation model type                    11003
=======================================================================
Loaded cross section files for Michaud_ELSEPA_HIGH Elastic model
Michaud_ELSEPA_HIGH Elastic model is initialized 
Energy range: 200 eV - 10 MeV
Loaded cross section files for Michaud_ELSEPA_LOW Elastic model
Michaud_ELSEPA_LOW Elastic model is initialized 
Energy range: 2 eV - 0.0002 MeV
[DEBUG] eTdummyVec.size() = 155
[DEBUG] eVecm[0].size() = 0
[DEBUG] eVecm[1.7].size() = 181
[DEBUG] eVecm[1.75394].size() = 181
[DEBUG] eVecm[1.8096].size() = 181
[DEBUG] eVecm[1.86701].size() = 181
[DEBUG] eVecm[200].size() = 181

e-_G4DNAElastic_ICE:  for e- SubType=51 BuildTable=0
      ===== EM models for the G4Region  DefaultRegionForTheWorld ======
DNAMichaud_ELSEPA_LOW_ElasticModel : Emin=    0 eV  Emax=  200 eV 
DNAMichaud_ELSEPA_HIGH_ElasticModel : Emin=  200 eV  Emax=   10 MeV

e-_G4DNAVib_ICE:  for e- SubType=54 BuildTable=0
      ===== EM models for the G4Region  DefaultRegionForTheWorld ======
DNAMichaudExcitationModel : Emin=    0 eV  Emax=  100 eV 

e-_G4DNAAttachment_ICE:  for e- SubType=55 BuildTable=0
      ===== EM models for the G4Region  DefaultRegionForTheWorld ======
DNAMichaudAttachmentModel : Emin=    0 eV  Emax=   13 eV 

e-_G4DNAExcitation_ICE:  for e- SubType=52 BuildTable=0
      ===== EM models for the G4Region  DefaultRegionForTheWorld ======
DNAEmfietzoglou_iceExcitationModel : Emin=    0 eV  Emax=   10 MeV

e-_G4DNAIonisation_ICE:  for e- SubType=53 BuildTable=0
      ===== EM models for the G4Region  DefaultRegionForTheWorld ======
DNAEmfietzoglou_iceIonisationModel : Emin=    0 eV  Emax=   10 MeV  deltaBorn
        MollerBhabha : Emin=   10 MeV Emax=    1 GeV

msc:  for e-  SubType= 10
      ===== EM models for the G4Region  DefaultRegionForTheWorld ======
            UrbanMsc : Emin=    0 eV  Emax=    1 GeV Nbins=40  10 MeV -   1 GeV
          StepLim=SafetyPlus Rfact=0.08 Gfact=2.5 Sfact=0.6 DispFlag:1 Skin=3 Llim=1 mm

eBrem:  for e-  XStype:3  SubType=3
      dE/dx and range tables from 10 MeV to 1 GeV in 180 bins
      Lambda tables from threshold to 1 GeV, 20 bins/decade, spline: 1
      LPM flag: 1 for E > 1 GeV,  VertexHighEnergyTh(GeV)= 100000
      ===== EM models for the G4Region  DefaultRegionForTheWorld ======
             eBremSB : Emin=    0 eV  Emax=    1 GeV  ModifiedTsai

CoulombScat:  for e- XStype:1 SubType=1 BuildTable=1
      Lambda table from threshold  to 1 GeV, 20 bins/decade, spline: 0
      ThetaMin(p) < Theta(degree) < 180, pLimit(GeV^1)= 0.139531
      ===== EM models for the G4Region  DefaultRegionForTheWorld ======
        WentzelVIUni : Emin=    0 eV  Emax=    1 GeV
          StepLim=SafetyPlus Rfact=0.08 Gfact=2.5 Sfact=0.6 DispFlag:1 Skin=3 Llim=1 mm

=========================================================================
--> G4TaskRunManager::CreateAndStartWorkers() --> Initializing workers...
=========================================================================

G4WT11 > ##### Create analysis manager   0x944136400
G4WT11 > Accumulable registered as "accumulable_0"
G4WT11 > Accumulable registered as "accumulable_1"
G4WT11 > Accumulable registered as "accumulable_2"
G4WT11 > Accumulable registered as "accumulable_3"
G4WT5 > ##### Create analysis manager   0x944137180
G4WT2 > ##### Create analysis manager   0x944137300
G4WT2 > Accumulable registered as "accumulable_0"
G4WT2 > Accumulable registered as "accumulable_1"
G4WT2 > Accumulable registered as "accumulable_2"
G4WT2 > Accumulable registered as "accumulable_3"
G4WT3 > ##### Create analysis manager   0x944137480
G4WT3 > Accumulable registered as "accumulable_0"
G4WT3 > Accumulable registered as "accumulable_1"
G4WT3 > Accumulable registered as "accumulable_2"
G4WT3 > Accumulable registered as "accumulable_3"
G4WT6 > ##### Create analysis manager   0x944137600
G4WT6 > Accumulable registered as "accumulable_0"
G4WT6 > Accumulable registered as "accumulable_1"
G4WT6 > Accumulable registered as "accumulable_2"
G4WT6 > Accumulable registered as "accumulable_3"
G4WT7 > ##### Create analysis manager   0x944137900
G4WT7 > Accumulable registered as "accumulable_0"
G4WT7 > Accumulable registered as "accumulable_1"
G4WT7 > Accumulable registered as "accumulable_2"
G4WT7 > Accumulable registered as "accumulable_3"
G4WT3 > Using  analysis manager
G4WT7 > Using  analysis manager
G4WT5 > Accumulable registered as "accumulable_0"
G4WT5 > Accumulable registered as "accumulable_1"
G4WT5 > Accumulable registered as "accumulable_2"
G4WT5 > Accumulable registered as "accumulable_3"
G4WT8 > ##### Create analysis manager   0x9408e8300
G4WT8 > Accumulable registered as "accumulable_0"
G4WT8 > Accumulable registered as "accumulable_1"
G4WT8 > Accumulable registered as "accumulable_2"
G4WT8 > Accumulable registered as "accumulable_3"
G4WT6 > Using  analysis manager
G4WT11 > Using  analysis manager
G4WT5 > Using  analysis manager
G4WT9 > ##### Create analysis manager   0x9408e8180
G4WT9 > Accumulable registered as "accumulable_0"
G4WT9 > Accumulable registered as "accumulable_1"
G4WT9 > Accumulable registered as "accumulable_2"
G4WT9 > Accumulable registered as "accumulable_3"
G4WT2 > Using  analysis manager
G4WT1 > ##### Create analysis manager   0x9408e8f00
G4WT8 > Using  analysis manager
G4WT10 > ##### Create analysis manager   0x9408e9080
G4WT10 > Accumulable registered as "accumulable_0"
G4WT10 > Accumulable registered as "accumulable_1"
G4WT10 > Accumulable registered as "accumulable_2"
G4WT10 > Accumulable registered as "accumulable_3"
G4WT9 > Using  analysis manager
G4WT4 > ##### Create analysis manager   0x9408e9200
G4WT4 > Accumulable registered as "accumulable_0"
G4WT4 > Accumulable registered as "accumulable_1"
G4WT4 > Accumulable registered as "accumulable_2"
G4WT4 > Accumulable registered as "accumulable_3"
G4WT1 > Accumulable registered as "accumulable_0"
G4WT0 > ##### Create analysis manager   0x9408e9500
G4WT0 > Accumulable registered as "accumulable_0"
G4WT0 > Accumulable registered as "accumulable_1"
G4WT0 > Accumulable registered as "accumulable_2"
G4WT0 > Accumulable registered as "accumulable_3"
G4WT1 > Accumulable registered as "accumulable_1"
G4WT1 > Accumulable registered as "accumulable_2"
G4WT1 > Accumulable registered as "accumulable_3"
G4WT10 > Using  analysis manager
G4WT4 > Using  analysis manager
G4WT1 > Using  analysis manager
G4WT0 > Using  analysis manager
DNA logging mode: minimal
... set ntuple merging row mode : row-wise - done
... create file : dna_ice_am_rho0p5_E00027_0p00347180483MeV.root - done
... open analysis file : dna_ice_am_rho0p5_E00027_0p00347180483MeV.root - done
... open main analysis file : dna_ice_am_rho0p5_E00027_0p00347180483MeV.root - done

==========================================================================================
--> G4TaskRunManager::CreateAndStartWorkers() --> Creating 32 tasks with 31 events/task...
==========================================================================================

G4WT8 > DNA logging mode: minimal
G4WT8 > ... set ntuple merging row mode : row-wise - done
G4WT5 > DNA logging mode: minimal
G4WT5 > ... set ntuple merging row mode : row-wise - done
G4WT2 > DNA logging mode: minimal
G4WT2 > ... set ntuple merging row mode : row-wise - done
G4WT1 > DNA logging mode: minimal
G4WT1 > ... set ntuple merging row mode : row-wise - done
G4WT3 > DNA logging mode: minimal
G4WT3 > ... set ntuple merging row mode : row-wise - done
G4WT11 > DNA logging mode: minimal
G4WT11 > ... set ntuple merging row mode : row-wise - done
G4WT0 > DNA logging mode: minimal
G4WT0 > ... set ntuple merging row mode : row-wise - done
G4WT6 > DNA logging mode: minimal
G4WT6 > ... set ntuple merging row mode : row-wise - done
G4WT9 > DNA logging mode: minimal
G4WT9 > ... set ntuple merging row mode : row-wise - done
G4WT10 > DNA logging mode: minimal
G4WT10 > ... set ntuple merging row mode : row-wise - done
G4WT4 > DNA logging mode: minimal
G4WT4 > ... set ntuple merging row mode : row-wise - done
G4WT7 > DNA logging mode: minimal
G4WT7 > ... set ntuple merging row mode : row-wise - done
... write file : dna_ice_am_rho0p5_E00027_0p00347180483MeV.root - done
... close file : dna_ice_am_rho0p5_E00027_0p00347180483MeV.root - done

 Nb of ionisations = 61.647 +- 57.012

 w = 56.317 eV  +- 52.083 eV 
[energy 28] SKIP existing root/dna_ice_am_rho0p5_E00028_0p00349454952MeV.root
[energy 29] E=0.0035174432 MeV -> root/dna_ice_am_rho0p5_E00029_0p0035174432MeV.root

**************************************************************
 Geant4 version Name: geant4-11-03-patch-02 [MT]   (25-April-2025)
  << in Multi-threaded mode >> 
                       Copyright : Geant4 Collaboration
                      References : NIM A 506 (2003), 250-303
                                 : IEEE-TNS 53 (2006), 270-278
                                 : NIM A 835 (2016), 186-225
                             WWW : http://geant4.org/
**************************************************************

Using physics list: ice (phase: amorphous)
##### Create analysis manager   0xab613d200
Accumulable registered as "accumulable_0"
Accumulable registered as "accumulable_1"
Accumulable registered as "accumulable_2"
Accumulable registered as "accumulable_3"
Using  analysis manager
RunAction: log mode set to minimal
-> Density of water_modified material (g/cm3)=0.5

***** Table : Nb of materials = 5 *****

 Material:   G4_ICE H_2O   density:  1.000 g/cm3   RadL:  36.083 cm   Nucl.Int.Length:  75.375 cm 
                       Imean:  78.000 eV   temperature: 293.15 K  pressure:   1.00 atm

   --->  Element: H (H)   Z =  1.0   N =     1   A =  1.008 g/mole
         --->  Isotope:    H1   Z =  1   N =   1   A =   1.01 g/mole   abundance: 99.989 %
         --->  Isotope:    H2   Z =  1   N =   2   A =   2.01 g/mole   abundance:  0.011 %
          ElmMassFraction:  11.19 %  ElmAbundance  66.67 % 

   --->  Element: O (O)   Z =  8.0   N =    16   A = 15.999 g/mole
         --->  Isotope:   O16   Z =  8   N =  16   A =  15.99 g/mole   abundance: 99.757 %
         --->  Isotope:   O17   Z =  8   N =  17   A =  17.00 g/mole   abundance:  0.038 %
         --->  Isotope:   O18   Z =  8   N =  18   A =  18.00 g/mole   abundance:  0.205 %
          ElmMassFraction:  88.81 %  ElmAbundance  33.33 % 


 Material: G4_Galactic    density:  0.000 mg/cm3  RadL: 204310098.490 pc   Nucl.Int.Length: 3240.779 pc 
                       Imean:  21.800 eV   temperature:   2.73 K  pressure:   0.00 atm

   --->  Element: H (H)   Z =  1.0   N =     1   A =  1.008 g/mole
         --->  Isotope:    H1   Z =  1   N =   1   A =   1.01 g/mole   abundance: 99.989 %
         --->  Isotope:    H2   Z =  1   N =   2   A =   2.01 g/mole   abundance:  0.011 %
          ElmMassFraction: 100.00 %  ElmAbundance 100.00 % 


 Material: G4_WATER H_2O   density:  1.000 g/cm3   RadL:  36.083 cm   Nucl.Int.Length:  75.375 cm 
                       Imean:  78.000 eV   temperature: 293.15 K  pressure:   1.00 atm

   --->  Element: H (H)   Z =  1.0   N =     1   A =  1.008 g/mole
         --->  Isotope:    H1   Z =  1   N =   1   A =   1.01 g/mole   abundance: 99.989 %
         --->  Isotope:    H2   Z =  1   N =   2   A =   2.01 g/mole   abundance:  0.011 %
          ElmMassFraction:  11.19 %  ElmAbundance  66.67 % 

   --->  Element: O (O)   Z =  8.0   N =    16   A = 15.999 g/mole
         --->  Isotope:   O16   Z =  8   N =  16   A =  15.99 g/mole   abundance: 99.757 %
         --->  Isotope:   O17   Z =  8   N =  17   A =  17.00 g/mole   abundance:  0.038 %
         --->  Isotope:   O18   Z =  8   N =  18   A =  18.00 g/mole   abundance:  0.205 %
          ElmMassFraction:  88.81 %  ElmAbundance  33.33 % 


 Material: G4_WATER_ICE_USER H_2O   density: 500.000 mg/cm3  RadL:  72.166 cm   Nucl.Int.Length:   1.507 m  
                       Imean:  78.000 eV   temperature: 293.15 K  pressure:   1.00 atm

   --->  Element: H (H)   Z =  1.0   N =     1   A =  1.008 g/mole
         --->  Isotope:    H1   Z =  1   N =   1   A =   1.01 g/mole   abundance: 99.989 %
         --->  Isotope:    H2   Z =  1   N =   2   A =   2.01 g/mole   abundance:  0.011 %
          ElmMassFraction:  11.19 %  ElmAbundance  66.67 % 

   --->  Element: O (O)   Z =  8.0   N =    16   A = 15.999 g/mole
         --->  Isotope:   O16   Z =  8   N =  16   A =  15.99 g/mole   abundance: 99.757 %
         --->  Isotope:   O17   Z =  8   N =  17   A =  17.00 g/mole   abundance:  0.038 %
         --->  Isotope:   O18   Z =  8   N =  18   A =  18.00 g/mole   abundance:  0.205 %
          ElmMassFraction:  88.81 %  ElmAbundance  33.33 % 


 Material: G4_WATER_ICE_AMORPHOUS H_2O   density: 940.000 mg/cm3  RadL:  38.386 cm   Nucl.Int.Length:  80.186 cm 
                       Imean:  78.000 eV   temperature: 293.15 K  pressure:   1.00 atm

   --->  Element: H (H)   Z =  1.0   N =     1   A =  1.008 g/mole
         --->  Isotope:    H1   Z =  1   N =   1   A =   1.01 g/mole   abundance: 99.989 %
         --->  Isotope:    H2   Z =  1   N =   2   A =   2.01 g/mole   abundance:  0.011 %
          ElmMassFraction:  11.19 %  ElmAbundance  66.67 % 

   --->  Element: O (O)   Z =  8.0   N =    16   A = 15.999 g/mole
         --->  Isotope:   O16   Z =  8   N =  16   A =  15.99 g/mole   abundance: 99.757 %
         --->  Isotope:   O17   Z =  8   N =  17   A =  17.00 g/mole   abundance:  0.038 %
         --->  Isotope:   O18   Z =  8   N =  18   A =  18.00 g/mole   abundance:  0.205 %
          ElmMassFraction:  88.81 %  ElmAbundance  33.33 % 



Michaud_ELSEPA_LOW Elastic model is constructed 
Energy range: 2 eV - 0.0002 MeV
Michaud_ELSEPA_HIGH Elastic model is constructed 
Energy range: 200 eV - 10 MeV
=======================================================================
======                 Electromagnetic Physics Parameters      ========
=======================================================================
LPM effect enabled                                 1
Enable creation and use of sampling tables         0
Apply cuts on all EM processes                     0
Use combined TransportationWithMsc                 Disabled
Use general process                                0
Enable linear polarisation for gamma               0
Enable photoeffect sampling below K-shell          1
Enable sampling of quantum entanglement            0
X-section factor for integral approach             0.8
Min kinetic energy for tables                      1 eV 
Max kinetic energy for tables                      1 GeV
Number of bins per decade of a table               20
Verbose level                                      1
Verbose level for worker thread                    0
Bremsstrahlung energy threshold above which 
  primary e+- is added to the list of secondary    100 TeV
Bremsstrahlung energy threshold above which primary
  muon/hadron is added to the list of secondary    100 TeV
Positron annihilation at rest model                AllisonPositronium
Enable 3 gamma annihilation on fly                 0
Lowest triplet kinetic energy                      1 MeV
Enable sampling of gamma linear polarisation       0
5D gamma conversion model type                     0
5D gamma conversion model on isolated ion          0
Use Ricardo-Gerardo pair production model          0
Livermore data directory                           epics_2017
=======================================================================
======                 Ionisation Parameters                   ========
=======================================================================
Step function for e+-                              (0.2, 0.01 mm)
Step function for muons/hadrons                    (0.1, 0.05 mm)
Step function for light ions                       (0.1, 0.02 mm)
Step function for general ions                     (0.1, 0.001 mm)
Lowest e+e- kinetic energy                         0 eV 
Lowest muon/hadron kinetic energy                  1 keV
Use ICRU90 data                                    1
Fluctuations of dE/dx are enabled                  1
Type of fluctuation model for leptons and hadrons  Universal
Use built-in Birks satuaration                     0
Build CSDA range enabled                           0
Use cut as a final range enabled                   0
Enable angular generator interface                 1
Max kinetic energy for CSDA tables                 1 GeV
Max kinetic energy for NIEL computation            0 eV 
Linear loss limit                                  0.01
Read data from file for e+e- pair production by mu 0
=======================================================================
======                 Multiple Scattering Parameters          ========
=======================================================================
Type of msc step limit algorithm for e+-           2
Type of msc step limit algorithm for muons/hadrons 0
Msc lateral displacement for e+- enabled           1
Msc lateral displacement for muons and hadrons     0
Urban msc model lateral displacement alg96         1
Range factor for msc step limit for e+-            0.08
Range factor for msc step limit for muons/hadrons  0.2
Geometry factor for msc step limitation of e+-     2.5
Safety factor for msc step limit for e+-           0.6
Skin parameter for msc step limitation of e+-      3
Lambda limit for msc step limit for e+-            1 mm
Use Mott correction for e- scattering              1
Factor used for dynamic computation of angular 
  limit between single and multiple scattering     1
Fixed angular limit between single 
  and multiple scattering                          3.1416 rad
Upper energy limit for e+- multiple scattering     100 MeV
Type of electron single scattering model           0
Type of nuclear form-factor                        1
Screening factor                                   1
=======================================================================
======                 Atomic Deexcitation Parameters          ========
=======================================================================
Fluorescence enabled                               1
Directory in G4LEDATA for fluorescence data files  fluor
Auger electron cascade enabled                     1
PIXE atomic de-excitation enabled                  0
De-excitation module ignores cuts                  1
Type of PIXE cross section for hadrons             Empirical
Type of PIXE cross section for e+-                 Livermore
=======================================================================
======                 DNA Physics Parameters                  ========
=======================================================================
Use fast sampling in DNA models                    1
Use Stationary option in DNA models                0
Use DNA with multiple scattering of e-             0
Use DNA e- solvation model type                    11003
=======================================================================
Loaded cross section files for Michaud_ELSEPA_HIGH Elastic model
Michaud_ELSEPA_HIGH Elastic model is initialized 
Energy range: 200 eV - 10 MeV
Loaded cross section files for Michaud_ELSEPA_LOW Elastic model
Michaud_ELSEPA_LOW Elastic model is initialized 
Energy range: 2 eV - 0.0002 MeV
[DEBUG] eTdummyVec.size() = 155
[DEBUG] eVecm[0].size() = 0
[DEBUG] eVecm[1.7].size() = 181
[DEBUG] eVecm[1.75394].size() = 181
[DEBUG] eVecm[1.8096].size() = 181
[DEBUG] eVecm[1.86701].size() = 181
[DEBUG] eVecm[200].size() = 181

e-_G4DNAElastic_ICE:  for e- SubType=51 BuildTable=0
      ===== EM models for the G4Region  DefaultRegionForTheWorld ======
DNAMichaud_ELSEPA_LOW_ElasticModel : Emin=    0 eV  Emax=  200 eV 
DNAMichaud_ELSEPA_HIGH_ElasticModel : Emin=  200 eV  Emax=   10 MeV

e-_G4DNAVib_ICE:  for e- SubType=54 BuildTable=0
      ===== EM models for the G4Region  DefaultRegionForTheWorld ======
DNAMichaudExcitationModel : Emin=    0 eV  Emax=  100 eV 

e-_G4DNAAttachment_ICE:  for e- SubType=55 BuildTable=0
      ===== EM models for the G4Region  DefaultRegionForTheWorld ======
DNAMichaudAttachmentModel : Emin=    0 eV  Emax=   13 eV 

e-_G4DNAExcitation_ICE:  for e- SubType=52 BuildTable=0
      ===== EM models for the G4Region  DefaultRegionForTheWorld ======
DNAEmfietzoglou_iceExcitationModel : Emin=    0 eV  Emax=   10 MeV

e-_G4DNAIonisation_ICE:  for e- SubType=53 BuildTable=0
      ===== EM models for the G4Region  DefaultRegionForTheWorld ======
DNAEmfietzoglou_iceIonisationModel : Emin=    0 eV  Emax=   10 MeV  deltaBorn
        MollerBhabha : Emin=   10 MeV Emax=    1 GeV

msc:  for e-  SubType= 10
      ===== EM models for the G4Region  DefaultRegionForTheWorld ======
            UrbanMsc : Emin=    0 eV  Emax=    1 GeV Nbins=40  10 MeV -   1 GeV
          StepLim=SafetyPlus Rfact=0.08 Gfact=2.5 Sfact=0.6 DispFlag:1 Skin=3 Llim=1 mm

eBrem:  for e-  XStype:3  SubType=3
      dE/dx and range tables from 10 MeV to 1 GeV in 180 bins
      Lambda tables from threshold to 1 GeV, 20 bins/decade, spline: 1
      LPM flag: 1 for E > 1 GeV,  VertexHighEnergyTh(GeV)= 100000
      ===== EM models for the G4Region  DefaultRegionForTheWorld ======
             eBremSB : Emin=    0 eV  Emax=    1 GeV  ModifiedTsai

CoulombScat:  for e- XStype:1 SubType=1 BuildTable=1
      Lambda table from threshold  to 1 GeV, 20 bins/decade, spline: 0
      ThetaMin(p) < Theta(degree) < 180, pLimit(GeV^1)= 0.139531
      ===== EM models for the G4Region  DefaultRegionForTheWorld ======
        WentzelVIUni : Emin=    0 eV  Emax=    1 GeV
          StepLim=SafetyPlus Rfact=0.08 Gfact=2.5 Sfact=0.6 DispFlag:1 Skin=3 Llim=1 mm

=========================================================================
--> G4TaskRunManager::CreateAndStartWorkers() --> Initializing workers...
=========================================================================

G4WT2 > ##### Create analysis manager   0xab5af6a00
G4WT2 > Accumulable registered as "accumulable_0"
G4WT2 > Accumulable registered as "accumulable_1"
G4WT2 > Accumulable registered as "accumulable_2"
G4WT2 > Accumulable registered as "accumulable_3"
G4WT9 > ##### Create analysis manager   0xab5af7300
G4WT9 > Accumulable registered as "accumulable_0"
G4WT9 > Accumulable registered as "accumulable_1"
G4WT9 > Accumulable registered as "accumulable_2"
G4WT9 > Accumulable registered as "accumulable_3"
G4WT2 > Using  analysis manager
G4WT3 > ##### Create analysis manager   0xab5af7780
G4WT3 > Accumulable registered as "accumulable_0"
G4WT3 > Accumulable registered as "accumulable_1"
G4WT3 > Accumulable registered as "accumulable_2"
G4WT3 > Accumulable registered as "accumulable_3"
G4WT10 > ##### Create analysis manager   0xab5af7a80
G4WT10 > Accumulable registered as "accumulable_0"
G4WT10 > Accumulable registered as "accumulable_1"
G4WT10 > Accumulable registered as "accumulable_2"
G4WT10 > Accumulable registered as "accumulable_3"
G4WT9 > Using  analysis manager
G4WT11 > ##### Create analysis manager   0xab5550480
G4WT11 > Accumulable registered as "accumulable_0"
G4WT11 > Accumulable registered as "accumulable_1"
G4WT3 > Using  analysis manager
G4WT0 > ##### Create analysis manager   0xab5550600
G4WT5 > ##### Create analysis manager   0xab5550780
G4WT5 > Accumulable registered as "accumulable_0"
G4WT5 > Accumulable registered as "accumulable_1"
G4WT11 > Accumulable registered as "accumulable_2"
G4WT11 > Accumulable registered as "accumulable_3"
G4WT0 > Accumulable registered as "accumulable_0"
G4WT0 > Accumulable registered as "accumulable_1"
G4WT0 > Accumulable registered as "accumulable_2"
G4WT0 > Accumulable registered as "accumulable_3"
G4WT8 > ##### Create analysis manager   0xab5551200
G4WT8 > Accumulable registered as "accumulable_0"
G4WT8 > Accumulable registered as "accumulable_1"
G4WT8 > Accumulable registered as "accumulable_2"
G4WT8 > Accumulable registered as "accumulable_3"
G4WT7 > ##### Create analysis manager   0xab5550a80
G4WT4 > ##### Create analysis manager   0xab5551380
G4WT11 > Using  analysis manager
G4WT10 > Using  analysis manager
G4WT1 > ##### Create analysis manager   0xab5551b00
G4WT4 > Accumulable registered as "accumulable_0"
G4WT4 > Accumulable registered as "accumulable_1"
G4WT7 > Accumulable registered as "accumulable_0"
G4WT7 > Accumulable registered as "accumulable_1"
G4WT7 > Accumulable registered as "accumulable_2"
G4WT7 > Accumulable registered as "accumulable_3"
G4WT8 > Using  analysis manager
G4WT4 > Accumulable registered as "accumulable_2"
G4WT0 > Using  analysis manager
G4WT1 > Accumulable registered as "accumulable_0"
G4WT1 > Accumulable registered as "accumulable_1"
G4WT1 > Accumulable registered as "accumulable_2"
G4WT1 > Accumulable registered as "accumulable_3"
G4WT5 > Accumulable registered as "accumulable_2"
G4WT5 > Accumulable registered as "accumulable_3"
G4WT6 > ##### Create analysis manager   0xab5551080
G4WT6 > Accumulable registered as "accumulable_0"
G4WT6 > Accumulable registered as "accumulable_1"
G4WT6 > Accumulable registered as "accumulable_2"
G4WT6 > Accumulable registered as "accumulable_3"
G4WT5 > Using  analysis manager
G4WT4 > Accumulable registered as "accumulable_3"
G4WT1 > Using  analysis manager
G4WT7 > Using  analysis manager
G4WT6 > Using  analysis manager
G4WT4 > Using  analysis manager
DNA logging mode: minimal
... set ntuple merging row mode : row-wise - done
... create file : dna_ice_am_rho0p5_E00029_0p0035174432MeV.root - done
... open analysis file : dna_ice_am_rho0p5_E00029_0p0035174432MeV.root - done
... open main analysis file : dna_ice_am_rho0p5_E00029_0p0035174432MeV.root - done

==========================================================================================
--> G4TaskRunManager::CreateAndStartWorkers() --> Creating 32 tasks with 31 events/task...
==========================================================================================

G4WT7 > DNA logging mode: minimal
G4WT7 > ... set ntuple merging row mode : row-wise - done
G4WT3 > DNA logging mode: minimal
G4WT3 > ... set ntuple merging row mode : row-wise - done
G4WT6 > DNA logging mode: minimal
G4WT6 > ... set ntuple merging row mode : row-wise - done
G4WT0 > DNA logging mode: minimal
G4WT0 > ... set ntuple merging row mode : row-wise - done
G4WT4 > DNA logging mode: minimal
G4WT4 > ... set ntuple merging row mode : row-wise - done
G4WT1 > DNA logging mode: minimal
G4WT1 > ... set ntuple merging row mode : row-wise - done
G4WT5 > DNA logging mode: minimal
G4WT5 > ... set ntuple merging row mode : row-wise - done
G4WT2 > DNA logging mode: minimal
G4WT2 > ... set ntuple merging row mode : row-wise - done
G4WT11 > DNA logging mode: minimal
G4WT11 > ... set ntuple merging row mode : row-wise - done
G4WT9 > DNA logging mode: minimal
G4WT9 > ... set ntuple merging row mode : row-wise - done
G4WT10 > DNA logging mode: minimal
G4WT10 > ... set ntuple merging row mode : row-wise - done
G4WT8 > DNA logging mode: minimal
G4WT8 > ... set ntuple merging row mode : row-wise - done
... write file : dna_ice_am_rho0p5_E00029_0p0035174432MeV.root - done
... close file : dna_ice_am_rho0p5_E00029_0p0035174432MeV.root - done

 Nb of ionisations = 65.315 +- 58.448

 w = 53.853 eV  +- 48.192 eV 
[energy 30] SKIP existing root/dna_ice_am_rho0p5_E00030_0p00354048687MeV.root
[energy 31] E=0.0035636815 MeV -> root/dna_ice_am_rho0p5_E00031_0p0035636815MeV.root

**************************************************************
 Geant4 version Name: geant4-11-03-patch-02 [MT]   (25-April-2025)
  << in Multi-threaded mode >> 
                       Copyright : Geant4 Collaboration
                      References : NIM A 506 (2003), 250-303
                                 : IEEE-TNS 53 (2006), 270-278
                                 : NIM A 835 (2016), 186-225
                             WWW : http://geant4.org/
**************************************************************

Using physics list: ice (phase: amorphous)
##### Create analysis manager   0x7b2565380
Accumulable registered as "accumulable_0"
Accumulable registered as "accumulable_1"
Accumulable registered as "accumulable_2"
Accumulable registered as "accumulable_3"
Using  analysis manager
RunAction: log mode set to minimal
-> Density of water_modified material (g/cm3)=0.5

***** Table : Nb of materials = 5 *****

 Material:   G4_ICE H_2O   density:  1.000 g/cm3   RadL:  36.083 cm   Nucl.Int.Length:  75.375 cm 
                       Imean:  78.000 eV   temperature: 293.15 K  pressure:   1.00 atm

   --->  Element: H (H)   Z =  1.0   N =     1   A =  1.008 g/mole
         --->  Isotope:    H1   Z =  1   N =   1   A =   1.01 g/mole   abundance: 99.989 %
         --->  Isotope:    H2   Z =  1   N =   2   A =   2.01 g/mole   abundance:  0.011 %
          ElmMassFraction:  11.19 %  ElmAbundance  66.67 % 

   --->  Element: O (O)   Z =  8.0   N =    16   A = 15.999 g/mole
         --->  Isotope:   O16   Z =  8   N =  16   A =  15.99 g/mole   abundance: 99.757 %
         --->  Isotope:   O17   Z =  8   N =  17   A =  17.00 g/mole   abundance:  0.038 %
         --->  Isotope:   O18   Z =  8   N =  18   A =  18.00 g/mole   abundance:  0.205 %
          ElmMassFraction:  88.81 %  ElmAbundance  33.33 % 


 Material: G4_Galactic    density:  0.000 mg/cm3  RadL: 204310098.490 pc   Nucl.Int.Length: 3240.779 pc 
                       Imean:  21.800 eV   temperature:   2.73 K  pressure:   0.00 atm

   --->  Element: H (H)   Z =  1.0   N =     1   A =  1.008 g/mole
         --->  Isotope:    H1   Z =  1   N =   1   A =   1.01 g/mole   abundance: 99.989 %
         --->  Isotope:    H2   Z =  1   N =   2   A =   2.01 g/mole   abundance:  0.011 %
          ElmMassFraction: 100.00 %  ElmAbundance 100.00 % 


 Material: G4_WATER H_2O   density:  1.000 g/cm3   RadL:  36.083 cm   Nucl.Int.Length:  75.375 cm 
                       Imean:  78.000 eV   temperature: 293.15 K  pressure:   1.00 atm

   --->  Element: H (H)   Z =  1.0   N =     1   A =  1.008 g/mole
         --->  Isotope:    H1   Z =  1   N =   1   A =   1.01 g/mole   abundance: 99.989 %
         --->  Isotope:    H2   Z =  1   N =   2   A =   2.01 g/mole   abundance:  0.011 %
          ElmMassFraction:  11.19 %  ElmAbundance  66.67 % 

   --->  Element: O (O)   Z =  8.0   N =    16   A = 15.999 g/mole
         --->  Isotope:   O16   Z =  8   N =  16   A =  15.99 g/mole   abundance: 99.757 %
         --->  Isotope:   O17   Z =  8   N =  17   A =  17.00 g/mole   abundance:  0.038 %
         --->  Isotope:   O18   Z =  8   N =  18   A =  18.00 g/mole   abundance:  0.205 %
          ElmMassFraction:  88.81 %  ElmAbundance  33.33 % 


 Material: G4_WATER_ICE_USER H_2O   density: 500.000 mg/cm3  RadL:  72.166 cm   Nucl.Int.Length:   1.507 m  
                       Imean:  78.000 eV   temperature: 293.15 K  pressure:   1.00 atm

   --->  Element: H (H)   Z =  1.0   N =     1   A =  1.008 g/mole
         --->  Isotope:    H1   Z =  1   N =   1   A =   1.01 g/mole   abundance: 99.989 %
         --->  Isotope:    H2   Z =  1   N =   2   A =   2.01 g/mole   abundance:  0.011 %
          ElmMassFraction:  11.19 %  ElmAbundance  66.67 % 

   --->  Element: O (O)   Z =  8.0   N =    16   A = 15.999 g/mole
         --->  Isotope:   O16   Z =  8   N =  16   A =  15.99 g/mole   abundance: 99.757 %
         --->  Isotope:   O17   Z =  8   N =  17   A =  17.00 g/mole   abundance:  0.038 %
         --->  Isotope:   O18   Z =  8   N =  18   A =  18.00 g/mole   abundance:  0.205 %
          ElmMassFraction:  88.81 %  ElmAbundance  33.33 % 


 Material: G4_WATER_ICE_AMORPHOUS H_2O   density: 940.000 mg/cm3  RadL:  38.386 cm   Nucl.Int.Length:  80.186 cm 
                       Imean:  78.000 eV   temperature: 293.15 K  pressure:   1.00 atm

   --->  Element: H (H)   Z =  1.0   N =     1   A =  1.008 g/mole
         --->  Isotope:    H1   Z =  1   N =   1   A =   1.01 g/mole   abundance: 99.989 %
         --->  Isotope:    H2   Z =  1   N =   2   A =   2.01 g/mole   abundance:  0.011 %
          ElmMassFraction:  11.19 %  ElmAbundance  66.67 % 

   --->  Element: O (O)   Z =  8.0   N =    16   A = 15.999 g/mole
         --->  Isotope:   O16   Z =  8   N =  16   A =  15.99 g/mole   abundance: 99.757 %
         --->  Isotope:   O17   Z =  8   N =  17   A =  17.00 g/mole   abundance:  0.038 %
         --->  Isotope:   O18   Z =  8   N =  18   A =  18.00 g/mole   abundance:  0.205 %
          ElmMassFraction:  88.81 %  ElmAbundance  33.33 % 



Michaud_ELSEPA_LOW Elastic model is constructed 
Energy range: 2 eV - 0.0002 MeV
Michaud_ELSEPA_HIGH Elastic model is constructed 
Energy range: 200 eV - 10 MeV
=======================================================================
======                 Electromagnetic Physics Parameters      ========
=======================================================================
LPM effect enabled                                 1
Enable creation and use of sampling tables         0
Apply cuts on all EM processes                     0
Use combined TransportationWithMsc                 Disabled
Use general process                                0
Enable linear polarisation for gamma               0
Enable photoeffect sampling below K-shell          1
Enable sampling of quantum entanglement            0
X-section factor for integral approach             0.8
Min kinetic energy for tables                      1 eV 
Max kinetic energy for tables                      1 GeV
Number of bins per decade of a table               20
Verbose level                                      1
Verbose level for worker thread                    0
Bremsstrahlung energy threshold above which 
  primary e+- is added to the list of secondary    100 TeV
Bremsstrahlung energy threshold above which primary
  muon/hadron is added to the list of secondary    100 TeV
Positron annihilation at rest model                AllisonPositronium
Enable 3 gamma annihilation on fly                 0
Lowest triplet kinetic energy                      1 MeV
Enable sampling of gamma linear polarisation       0
5D gamma conversion model type                     0
5D gamma conversion model on isolated ion          0
Use Ricardo-Gerardo pair production model          0
Livermore data directory                           epics_2017
=======================================================================
======                 Ionisation Parameters                   ========
=======================================================================
Step function for e+-                              (0.2, 0.01 mm)
Step function for muons/hadrons                    (0.1, 0.05 mm)
Step function for light ions                       (0.1, 0.02 mm)
Step function for general ions                     (0.1, 0.001 mm)
Lowest e+e- kinetic energy                         0 eV 
Lowest muon/hadron kinetic energy                  1 keV
Use ICRU90 data                                    1
Fluctuations of dE/dx are enabled                  1
Type of fluctuation model for leptons and hadrons  Universal
Use built-in Birks satuaration                     0
Build CSDA range enabled                           0
Use cut as a final range enabled                   0
Enable angular generator interface                 1
Max kinetic energy for CSDA tables                 1 GeV
Max kinetic energy for NIEL computation            0 eV 
Linear loss limit                                  0.01
Read data from file for e+e- pair production by mu 0
=======================================================================
======                 Multiple Scattering Parameters          ========
=======================================================================
Type of msc step limit algorithm for e+-           2
Type of msc step limit algorithm for muons/hadrons 0
Msc lateral displacement for e+- enabled           1
Msc lateral displacement for muons and hadrons     0
Urban msc model lateral displacement alg96         1
Range factor for msc step limit for e+-            0.08
Range factor for msc step limit for muons/hadrons  0.2
Geometry factor for msc step limitation of e+-     2.5
Safety factor for msc step limit for e+-           0.6
Skin parameter for msc step limitation of e+-      3
Lambda limit for msc step limit for e+-            1 mm
Use Mott correction for e- scattering              1
Factor used for dynamic computation of angular 
  limit between single and multiple scattering     1
Fixed angular limit between single 
  and multiple scattering                          3.1416 rad
Upper energy limit for e+- multiple scattering     100 MeV
Type of electron single scattering model           0
Type of nuclear form-factor                        1
Screening factor                                   1
=======================================================================
======                 Atomic Deexcitation Parameters          ========
=======================================================================
Fluorescence enabled                               1
Directory in G4LEDATA for fluorescence data files  fluor
Auger electron cascade enabled                     1
PIXE atomic de-excitation enabled                  0
De-excitation module ignores cuts                  1
Type of PIXE cross section for hadrons             Empirical
Type of PIXE cross section for e+-                 Livermore
=======================================================================
======                 DNA Physics Parameters                  ========
=======================================================================
Use fast sampling in DNA models                    1
Use Stationary option in DNA models                0
Use DNA with multiple scattering of e-             0
Use DNA e- solvation model type                    11003
=======================================================================
Loaded cross section files for Michaud_ELSEPA_HIGH Elastic model
Michaud_ELSEPA_HIGH Elastic model is initialized 
Energy range: 200 eV - 10 MeV
Loaded cross section files for Michaud_ELSEPA_LOW Elastic model
Michaud_ELSEPA_LOW Elastic model is initialized 
Energy range: 2 eV - 0.0002 MeV
[DEBUG] eTdummyVec.size() = 155
[DEBUG] eVecm[0].size() = 0
[DEBUG] eVecm[1.7].size() = 181
[DEBUG] eVecm[1.75394].size() = 181
[DEBUG] eVecm[1.8096].size() = 181
[DEBUG] eVecm[1.86701].size() = 181
[DEBUG] eVecm[200].size() = 181

e-_G4DNAElastic_ICE:  for e- SubType=51 BuildTable=0
      ===== EM models for the G4Region  DefaultRegionForTheWorld ======
DNAMichaud_ELSEPA_LOW_ElasticModel : Emin=    0 eV  Emax=  200 eV 
DNAMichaud_ELSEPA_HIGH_ElasticModel : Emin=  200 eV  Emax=   10 MeV

e-_G4DNAVib_ICE:  for e- SubType=54 BuildTable=0
      ===== EM models for the G4Region  DefaultRegionForTheWorld ======
DNAMichaudExcitationModel : Emin=    0 eV  Emax=  100 eV 

e-_G4DNAAttachment_ICE:  for e- SubType=55 BuildTable=0
      ===== EM models for the G4Region  DefaultRegionForTheWorld ======
DNAMichaudAttachmentModel : Emin=    0 eV  Emax=   13 eV 

e-_G4DNAExcitation_ICE:  for e- SubType=52 BuildTable=0
      ===== EM models for the G4Region  DefaultRegionForTheWorld ======
DNAEmfietzoglou_iceExcitationModel : Emin=    0 eV  Emax=   10 MeV

e-_G4DNAIonisation_ICE:  for e- SubType=53 BuildTable=0
      ===== EM models for the G4Region  DefaultRegionForTheWorld ======
DNAEmfietzoglou_iceIonisationModel : Emin=    0 eV  Emax=   10 MeV  deltaBorn
        MollerBhabha : Emin=   10 MeV Emax=    1 GeV

msc:  for e-  SubType= 10
      ===== EM models for the G4Region  DefaultRegionForTheWorld ======
            UrbanMsc : Emin=    0 eV  Emax=    1 GeV Nbins=40  10 MeV -   1 GeV
          StepLim=SafetyPlus Rfact=0.08 Gfact=2.5 Sfact=0.6 DispFlag:1 Skin=3 Llim=1 mm

eBrem:  for e-  XStype:3  SubType=3
      dE/dx and range tables from 10 MeV to 1 GeV in 180 bins
      Lambda tables from threshold to 1 GeV, 20 bins/decade, spline: 1
      LPM flag: 1 for E > 1 GeV,  VertexHighEnergyTh(GeV)= 100000
      ===== EM models for the G4Region  DefaultRegionForTheWorld ======
             eBremSB : Emin=    0 eV  Emax=    1 GeV  ModifiedTsai

CoulombScat:  for e- XStype:1 SubType=1 BuildTable=1
      Lambda table from threshold  to 1 GeV, 20 bins/decade, spline: 0
      ThetaMin(p) < Theta(degree) < 180, pLimit(GeV^1)= 0.139531
      ===== EM models for the G4Region  DefaultRegionForTheWorld ======
        WentzelVIUni : Emin=    0 eV  Emax=    1 GeV
          StepLim=SafetyPlus Rfact=0.08 Gfact=2.5 Sfact=0.6 DispFlag:1 Skin=3 Llim=1 mm

=========================================================================
--> G4TaskRunManager::CreateAndStartWorkers() --> Initializing workers...
=========================================================================

G4WT3 > ##### Create analysis manager   0x7b2566880
G4WT3 > Accumulable registered as "accumulable_0"
G4WT3 > Accumulable registered as "accumulable_1"
G4WT3 > Accumulable registered as "accumulable_2"
G4WT3 > Accumulable registered as "accumulable_3"
G4WT0 > ##### Create analysis manager   0x7b2566e80
G4WT0 > Accumulable registered as "accumulable_0"
G4WT0 > Accumulable registered as "accumulable_1"
G4WT0 > Accumulable registered as "accumulable_2"
G4WT0 > Accumulable registered as "accumulable_3"
G4WT10 > ##### Create analysis manager   0x7b2567000
G4WT10 > Accumulable registered as "accumulable_0"
G4WT10 > Accumulable registered as "accumulable_1"
G4WT10 > Accumulable registered as "accumulable_2"
G4WT10 > Accumulable registered as "accumulable_3"
G4WT8 > ##### Create analysis manager   0x7b2567180
G4WT8 > Accumulable registered as "accumulable_0"
G4WT8 > Accumulable registered as "accumulable_1"
G4WT8 > Accumulable registered as "accumulable_2"
G4WT1 > ##### Create analysis manager   0x7b2567300
G4WT8 > Accumulable registered as "accumulable_3"
G4WT2 > ##### Create analysis manager   0x7b2567480
G4WT2 > Accumulable registered as "accumulable_0"
G4WT2 > Accumulable registered as "accumulable_1"
G4WT3 > Using  analysis manager
G4WT6 > ##### Create analysis manager   0x7b2567780
G4WT6 > Accumulable registered as "accumulable_0"
G4WT6 > Accumulable registered as "accumulable_1"
G4WT6 > Accumulable registered as "accumulable_2"
G4WT6 > Accumulable registered as "accumulable_3"
G4WT5 > ##### Create analysis manager   0x7b2566a00
G4WT5 > Accumulable registered as "accumulable_0"
G4WT5 > Accumulable registered as "accumulable_1"
G4WT5 > Accumulable registered as "accumulable_2"
G4WT5 > Accumulable registered as "accumulable_3"
G4WT10 > Using  analysis manager
G4WT8 > Using  analysis manager
G4WT7 > ##### Create analysis manager   0x7b0c04480
G4WT7 > Accumulable registered as "accumulable_0"
G4WT7 > Accumulable registered as "accumulable_1"
G4WT7 > Accumulable registered as "accumulable_2"
G4WT7 > Accumulable registered as "accumulable_3"
G4WT6 > Using  analysis manager
G4WT4 > ##### Create analysis manager   0x7b0c04600
G4WT4 > Accumulable registered as "accumulable_0"
G4WT4 > Accumulable registered as "accumulable_1"
G4WT4 > Accumulable registered as "accumulable_2"
G4WT4 > Accumulable registered as "accumulable_3"
G4WT2 > Accumulable registered as "accumulable_2"
G4WT2 > Accumulable registered as "accumulable_3"
G4WT5 > Using  analysis manager
G4WT0 > Using  analysis manager
G4WT9 > ##### Create analysis manager   0x7b0c05080
G4WT9 > Accumulable registered as "accumulable_0"
G4WT9 > Accumulable registered as "accumulable_1"
G4WT9 > Accumulable registered as "accumulable_2"
G4WT9 > Accumulable registered as "accumulable_3"
G4WT1 > Accumulable registered as "accumulable_0"
G4WT1 > Accumulable registered as "accumulable_1"
G4WT1 > Accumulable registered as "accumulable_2"
G4WT1 > Accumulable registered as "accumulable_3"
G4WT11 > ##### Create analysis manager   0x7b0c05500
G4WT11 > Accumulable registered as "accumulable_0"
G4WT11 > Accumulable registered as "accumulable_1"
G4WT11 > Accumulable registered as "accumulable_2"
G4WT11 > Accumulable registered as "accumulable_3"
G4WT2 > Using  analysis manager
G4WT7 > Using  analysis manager
G4WT4 > Using  analysis manager
G4WT9 > Using  analysis manager
G4WT1 > Using  analysis manager
G4WT11 > Using  analysis manager
DNA logging mode: minimal
... set ntuple merging row mode : row-wise - done
... create file : dna_ice_am_rho0p5_E00031_0p0035636815MeV.root - done
... open analysis file : dna_ice_am_rho0p5_E00031_0p0035636815MeV.root - done
... open main analysis file : dna_ice_am_rho0p5_E00031_0p0035636815MeV.root - done

==========================================================================================
--> G4TaskRunManager::CreateAndStartWorkers() --> Creating 32 tasks with 31 events/task...
==========================================================================================

G4WT6 > DNA logging mode: minimal
G4WT6 > ... set ntuple merging row mode : row-wise - done
G4WT9 > DNA logging mode: minimal
G4WT9 > ... set ntuple merging row mode : row-wise - done
G4WT11 > DNA logging mode: minimal
G4WT11 > ... set ntuple merging row mode : row-wise - done
G4WT4 > DNA logging mode: minimal
G4WT4 > ... set ntuple merging row mode : row-wise - done
G4WT10 > DNA logging mode: minimal
G4WT10 > ... set ntuple merging row mode : row-wise - done
G4WT1 > DNA logging mode: minimal
G4WT1 > ... set ntuple merging row mode : row-wise - done
G4WT2 > DNA logging mode: minimal
G4WT2 > ... set ntuple merging row mode : row-wise - done
G4WT3 > DNA logging mode: minimal
G4WT3 > ... set ntuple merging row mode : row-wise - done
G4WT8 > DNA logging mode: minimal
G4WT8 > ... set ntuple merging row mode : row-wise - done
G4WT7 > DNA logging mode: minimal
G4WT7 > ... set ntuple merging row mode : row-wise - done
G4WT5 > DNA logging mode: minimal
G4WT5 > ... set ntuple merging row mode : row-wise - done
G4WT0 > DNA logging mode: minimal
G4WT0 > ... set ntuple merging row mode : row-wise - done
... write file : dna_ice_am_rho0p5_E00031_0p0035636815MeV.root - done
... close file : dna_ice_am_rho0p5_E00031_0p0035636815MeV.root - done

 Nb of ionisations = 61.870 +- 58.499

 w = 57.599 eV  +- 54.461 eV 
[energy 32] E=0.00358702809 MeV -> root/dna_ice_am_rho0p5_E00032_0p00358702809MeV.root

**************************************************************
 Geant4 version Name: geant4-11-03-patch-02 [MT]   (25-April-2025)
  << in Multi-threaded mode >> 
                       Copyright : Geant4 Collaboration
                      References : NIM A 506 (2003), 250-303
                                 : IEEE-TNS 53 (2006), 270-278
                                 : NIM A 835 (2016), 186-225
                             WWW : http://geant4.org/
**************************************************************

Using physics list: ice (phase: amorphous)
##### Create analysis manager   0x8081e8180
Accumulable registered as "accumulable_0"
Accumulable registered as "accumulable_1"
Accumulable registered as "accumulable_2"
Accumulable registered as "accumulable_3"
Using  analysis manager
RunAction: log mode set to minimal
-> Density of water_modified material (g/cm3)=0.5

***** Table : Nb of materials = 5 *****

 Material:   G4_ICE H_2O   density:  1.000 g/cm3   RadL:  36.083 cm   Nucl.Int.Length:  75.375 cm 
                       Imean:  78.000 eV   temperature: 293.15 K  pressure:   1.00 atm

   --->  Element: H (H)   Z =  1.0   N =     1   A =  1.008 g/mole
         --->  Isotope:    H1   Z =  1   N =   1   A =   1.01 g/mole   abundance: 99.989 %
         --->  Isotope:    H2   Z =  1   N =   2   A =   2.01 g/mole   abundance:  0.011 %
          ElmMassFraction:  11.19 %  ElmAbundance  66.67 % 

   --->  Element: O (O)   Z =  8.0   N =    16   A = 15.999 g/mole
         --->  Isotope:   O16   Z =  8   N =  16   A =  15.99 g/mole   abundance: 99.757 %
         --->  Isotope:   O17   Z =  8   N =  17   A =  17.00 g/mole   abundance:  0.038 %
         --->  Isotope:   O18   Z =  8   N =  18   A =  18.00 g/mole   abundance:  0.205 %
          ElmMassFraction:  88.81 %  ElmAbundance  33.33 % 


 Material: G4_Galactic    density:  0.000 mg/cm3  RadL: 204310098.490 pc   Nucl.Int.Length: 3240.779 pc 
                       Imean:  21.800 eV   temperature:   2.73 K  pressure:   0.00 atm

   --->  Element: H (H)   Z =  1.0   N =     1   A =  1.008 g/mole
         --->  Isotope:    H1   Z =  1   N =   1   A =   1.01 g/mole   abundance: 99.989 %
         --->  Isotope:    H2   Z =  1   N =   2   A =   2.01 g/mole   abundance:  0.011 %
          ElmMassFraction: 100.00 %  ElmAbundance 100.00 % 


 Material: G4_WATER H_2O   density:  1.000 g/cm3   RadL:  36.083 cm   Nucl.Int.Length:  75.375 cm 
                       Imean:  78.000 eV   temperature: 293.15 K  pressure:   1.00 atm

   --->  Element: H (H)   Z =  1.0   N =     1   A =  1.008 g/mole
         --->  Isotope:    H1   Z =  1   N =   1   A =   1.01 g/mole   abundance: 99.989 %
         --->  Isotope:    H2   Z =  1   N =   2   A =   2.01 g/mole   abundance:  0.011 %
          ElmMassFraction:  11.19 %  ElmAbundance  66.67 % 

   --->  Element: O (O)   Z =  8.0   N =    16   A = 15.999 g/mole
         --->  Isotope:   O16   Z =  8   N =  16   A =  15.99 g/mole   abundance: 99.757 %
         --->  Isotope:   O17   Z =  8   N =  17   A =  17.00 g/mole   abundance:  0.038 %
         --->  Isotope:   O18   Z =  8   N =  18   A =  18.00 g/mole   abundance:  0.205 %
          ElmMassFraction:  88.81 %  ElmAbundance  33.33 % 


 Material: G4_WATER_ICE_USER H_2O   density: 500.000 mg/cm3  RadL:  72.166 cm   Nucl.Int.Length:   1.507 m  
                       Imean:  78.000 eV   temperature: 293.15 K  pressure:   1.00 atm

   --->  Element: H (H)   Z =  1.0   N =     1   A =  1.008 g/mole
         --->  Isotope:    H1   Z =  1   N =   1   A =   1.01 g/mole   abundance: 99.989 %
         --->  Isotope:    H2   Z =  1   N =   2   A =   2.01 g/mole   abundance:  0.011 %
          ElmMassFraction:  11.19 %  ElmAbundance  66.67 % 

   --->  Element: O (O)   Z =  8.0   N =    16   A = 15.999 g/mole
         --->  Isotope:   O16   Z =  8   N =  16   A =  15.99 g/mole   abundance: 99.757 %
         --->  Isotope:   O17   Z =  8   N =  17   A =  17.00 g/mole   abundance:  0.038 %
         --->  Isotope:   O18   Z =  8   N =  18   A =  18.00 g/mole   abundance:  0.205 %
          ElmMassFraction:  88.81 %  ElmAbundance  33.33 % 


 Material: G4_WATER_ICE_AMORPHOUS H_2O   density: 940.000 mg/cm3  RadL:  38.386 cm   Nucl.Int.Length:  80.186 cm 
                       Imean:  78.000 eV   temperature: 293.15 K  pressure:   1.00 atm

   --->  Element: H (H)   Z =  1.0   N =     1   A =  1.008 g/mole
         --->  Isotope:    H1   Z =  1   N =   1   A =   1.01 g/mole   abundance: 99.989 %
         --->  Isotope:    H2   Z =  1   N =   2   A =   2.01 g/mole   abundance:  0.011 %
          ElmMassFraction:  11.19 %  ElmAbundance  66.67 % 

   --->  Element: O (O)   Z =  8.0   N =    16   A = 15.999 g/mole
         --->  Isotope:   O16   Z =  8   N =  16   A =  15.99 g/mole   abundance: 99.757 %
         --->  Isotope:   O17   Z =  8   N =  17   A =  17.00 g/mole   abundance:  0.038 %
         --->  Isotope:   O18   Z =  8   N =  18   A =  18.00 g/mole   abundance:  0.205 %
          ElmMassFraction:  88.81 %  ElmAbundance  33.33 % 



Michaud_ELSEPA_LOW Elastic model is constructed 
Energy range: 2 eV - 0.0002 MeV
Michaud_ELSEPA_HIGH Elastic model is constructed 
Energy range: 200 eV - 10 MeV
=======================================================================
======                 Electromagnetic Physics Parameters      ========
=======================================================================
LPM effect enabled                                 1
Enable creation and use of sampling tables         0
Apply cuts on all EM processes                     0
Use combined TransportationWithMsc                 Disabled
Use general process                                0
Enable linear polarisation for gamma               0
Enable photoeffect sampling below K-shell          1
Enable sampling of quantum entanglement            0
X-section factor for integral approach             0.8
Min kinetic energy for tables                      1 eV 
Max kinetic energy for tables                      1 GeV
Number of bins per decade of a table               20
Verbose level                                      1
Verbose level for worker thread                    0
Bremsstrahlung energy threshold above which 
  primary e+- is added to the list of secondary    100 TeV
Bremsstrahlung energy threshold above which primary
  muon/hadron is added to the list of secondary    100 TeV
Positron annihilation at rest model                AllisonPositronium
Enable 3 gamma annihilation on fly                 0
Lowest triplet kinetic energy                      1 MeV
Enable sampling of gamma linear polarisation       0
5D gamma conversion model type                     0
5D gamma conversion model on isolated ion          0
Use Ricardo-Gerardo pair production model          0
Livermore data directory                           epics_2017
=======================================================================
======                 Ionisation Parameters                   ========
=======================================================================
Step function for e+-                              (0.2, 0.01 mm)
Step function for muons/hadrons                    (0.1, 0.05 mm)
Step function for light ions                       (0.1, 0.02 mm)
Step function for general ions                     (0.1, 0.001 mm)
Lowest e+e- kinetic energy                         0 eV 
Lowest muon/hadron kinetic energy                  1 keV
Use ICRU90 data                                    1
Fluctuations of dE/dx are enabled                  1
Type of fluctuation model for leptons and hadrons  Universal
Use built-in Birks satuaration                     0
Build CSDA range enabled                           0
Use cut as a final range enabled                   0
Enable angular generator interface                 1
Max kinetic energy for CSDA tables                 1 GeV
Max kinetic energy for NIEL computation            0 eV 
Linear loss limit                                  0.01
Read data from file for e+e- pair production by mu 0
=======================================================================
======                 Multiple Scattering Parameters          ========
=======================================================================
Type of msc step limit algorithm for e+-           2
Type of msc step limit algorithm for muons/hadrons 0
Msc lateral displacement for e+- enabled           1
Msc lateral displacement for muons and hadrons     0
Urban msc model lateral displacement alg96         1
Range factor for msc step limit for e+-            0.08
Range factor for msc step limit for muons/hadrons  0.2
Geometry factor for msc step limitation of e+-     2.5
Safety factor for msc step limit for e+-           0.6
Skin parameter for msc step limitation of e+-      3
Lambda limit for msc step limit for e+-            1 mm
Use Mott correction for e- scattering              1
Factor used for dynamic computation of angular 
  limit between single and multiple scattering     1
Fixed angular limit between single 
  and multiple scattering                          3.1416 rad
Upper energy limit for e+- multiple scattering     100 MeV
Type of electron single scattering model           0
Type of nuclear form-factor                        1
Screening factor                                   1
=======================================================================
======                 Atomic Deexcitation Parameters          ========
=======================================================================
Fluorescence enabled                               1
Directory in G4LEDATA for fluorescence data files  fluor
Auger electron cascade enabled                     1
PIXE atomic de-excitation enabled                  0
De-excitation module ignores cuts                  1
Type of PIXE cross section for hadrons             Empirical
Type of PIXE cross section for e+-                 Livermore
=======================================================================
======                 DNA Physics Parameters                  ========
=======================================================================
Use fast sampling in DNA models                    1
Use Stationary option in DNA models                0
Use DNA with multiple scattering of e-             0
Use DNA e- solvation model type                    11003
=======================================================================
Loaded cross section files for Michaud_ELSEPA_HIGH Elastic model
Michaud_ELSEPA_HIGH Elastic model is initialized 
Energy range: 200 eV - 10 MeV
Loaded cross section files for Michaud_ELSEPA_LOW Elastic model
Michaud_ELSEPA_LOW Elastic model is initialized 
Energy range: 2 eV - 0.0002 MeV
[DEBUG] eTdummyVec.size() = 155
[DEBUG] eVecm[0].size() = 0
[DEBUG] eVecm[1.7].size() = 181
[DEBUG] eVecm[1.75394].size() = 181
[DEBUG] eVecm[1.8096].size() = 181
[DEBUG] eVecm[1.86701].size() = 181
[DEBUG] eVecm[200].size() = 181

e-_G4DNAElastic_ICE:  for e- SubType=51 BuildTable=0
      ===== EM models for the G4Region  DefaultRegionForTheWorld ======
DNAMichaud_ELSEPA_LOW_ElasticModel : Emin=    0 eV  Emax=  200 eV 
DNAMichaud_ELSEPA_HIGH_ElasticModel : Emin=  200 eV  Emax=   10 MeV

e-_G4DNAVib_ICE:  for e- SubType=54 BuildTable=0
      ===== EM models for the G4Region  DefaultRegionForTheWorld ======
DNAMichaudExcitationModel : Emin=    0 eV  Emax=  100 eV 

e-_G4DNAAttachment_ICE:  for e- SubType=55 BuildTable=0
      ===== EM models for the G4Region  DefaultRegionForTheWorld ======
DNAMichaudAttachmentModel : Emin=    0 eV  Emax=   13 eV 

e-_G4DNAExcitation_ICE:  for e- SubType=52 BuildTable=0
      ===== EM models for the G4Region  DefaultRegionForTheWorld ======
DNAEmfietzoglou_iceExcitationModel : Emin=    0 eV  Emax=   10 MeV

e-_G4DNAIonisation_ICE:  for e- SubType=53 BuildTable=0
      ===== EM models for the G4Region  DefaultRegionForTheWorld ======
DNAEmfietzoglou_iceIonisationModel : Emin=    0 eV  Emax=   10 MeV  deltaBorn
        MollerBhabha : Emin=   10 MeV Emax=    1 GeV

msc:  for e-  SubType= 10
      ===== EM models for the G4Region  DefaultRegionForTheWorld ======
            UrbanMsc : Emin=    0 eV  Emax=    1 GeV Nbins=40  10 MeV -   1 GeV
          StepLim=SafetyPlus Rfact=0.08 Gfact=2.5 Sfact=0.6 DispFlag:1 Skin=3 Llim=1 mm

eBrem:  for e-  XStype:3  SubType=3
      dE/dx and range tables from 10 MeV to 1 GeV in 180 bins
      Lambda tables from threshold to 1 GeV, 20 bins/decade, spline: 1
      LPM flag: 1 for E > 1 GeV,  VertexHighEnergyTh(GeV)= 100000
      ===== EM models for the G4Region  DefaultRegionForTheWorld ======
             eBremSB : Emin=    0 eV  Emax=    1 GeV  ModifiedTsai

CoulombScat:  for e- XStype:1 SubType=1 BuildTable=1
      Lambda table from threshold  to 1 GeV, 20 bins/decade, spline: 0
      ThetaMin(p) < Theta(degree) < 180, pLimit(GeV^1)= 0.139531
      ===== EM models for the G4Region  DefaultRegionForTheWorld ======
        WentzelVIUni : Emin=    0 eV  Emax=    1 GeV
          StepLim=SafetyPlus Rfact=0.08 Gfact=2.5 Sfact=0.6 DispFlag:1 Skin=3 Llim=1 mm

=========================================================================
--> G4TaskRunManager::CreateAndStartWorkers() --> Initializing workers...
=========================================================================

G4WT3 > ##### Create analysis manager   0x8081e6700
G4WT3 > Accumulable registered as "accumulable_0"
G4WT3 > Accumulable registered as "accumulable_1"
G4WT3 > Accumulable registered as "accumulable_2"
G4WT3 > Accumulable registered as "accumulable_3"
G4WT9 > ##### Create analysis manager   0x8081e6a00
G4WT9 > Accumulable registered as "accumulable_0"
G4WT9 > Accumulable registered as "accumulable_1"
G4WT9 > Accumulable registered as "accumulable_2"
G4WT9 > Accumulable registered as "accumulable_3"
G4WT0 > ##### Create analysis manager   0x8081e6e80
G4WT2 > ##### Create analysis manager   0x8081e6880
G4WT2 > Accumulable registered as "accumulable_0"
G4WT2 > Accumulable registered as "accumulable_1"
G4WT2 > Accumulable registered as "accumulable_2"
G4WT2 > Accumulable registered as "accumulable_3"
G4WT4 > ##### Create analysis manager   0x8081e7180
G4WT11 > ##### Create analysis manager   0x8081e7300
G4WT11 > Accumulable registered as "accumulable_0"
G4WT11 > Accumulable registered as "accumulable_1"
G4WT1 > ##### Create analysis manager   0x8081e7480
G4WT1 > Accumulable registered as "accumulable_0"
G4WT3 > Using  analysis manager
G4WT10 > ##### Create analysis manager   0x8081e7a80
G4WT10 > Accumulable registered as "accumulable_0"
G4WT10 > Accumulable registered as "accumulable_1"
G4WT4 > Accumulable registered as "accumulable_0"
G4WT4 > Accumulable registered as "accumulable_1"
G4WT4 > Accumulable registered as "accumulable_2"
G4WT4 > Accumulable registered as "accumulable_3"
G4WT9 > Using  analysis manager
G4WT0 > Accumulable registered as "accumulable_0"
G4WT0 > Accumulable registered as "accumulable_1"
G4WT0 > Accumulable registered as "accumulable_2"
G4WT11 > Accumulable registered as "accumulable_2"
G4WT11 > Accumulable registered as "accumulable_3"
G4WT7 > ##### Create analysis manager   0x8081e7780
G4WT7 > Accumulable registered as "accumulable_0"
G4WT2 > Using  analysis manager
G4WT5 > ##### Create analysis manager   0x8081e7c00
G4WT5 > Accumulable registered as "accumulable_0"
G4WT5 > Accumulable registered as "accumulable_1"
G4WT5 > Accumulable registered as "accumulable_2"
G4WT5 > Accumulable registered as "accumulable_3"
G4WT4 > Using  analysis manager
G4WT10 > Accumulable registered as "accumulable_2"
G4WT10 > Accumulable registered as "accumulable_3"
G4WT6 > ##### Create analysis manager   0x8081e7000
G4WT6 > Accumulable registered as "accumulable_0"
G4WT6 > Accumulable registered as "accumulable_1"
G4WT6 > Accumulable registered as "accumulable_2"
G4WT6 > Accumulable registered as "accumulable_3"
G4WT5 > Using  analysis manager
G4WT7 > Accumulable registered as "accumulable_1"
G4WT7 > Accumulable registered as "accumulable_2"
G4WT7 > Accumulable registered as "accumulable_3"
G4WT11 > Using  analysis manager
G4WT8 > ##### Create analysis manager   0x8081e7900
G4WT8 > Accumulable registered as "accumulable_0"
G4WT8 > Accumulable registered as "accumulable_1"
G4WT8 > Accumulable registered as "accumulable_2"
G4WT8 > Accumulable registered as "accumulable_3"
G4WT7 > Using  analysis manager
G4WT0 > Accumulable registered as "accumulable_3"
G4WT6 > Using  analysis manager
G4WT1 > Accumulable registered as "accumulable_1"
G4WT1 > Accumulable registered as "accumulable_2"
G4WT1 > Accumulable registered as "accumulable_3"
G4WT8 > Using  analysis manager
G4WT10 > Using  analysis manager
G4WT0 > Using  analysis manager
G4WT1 > Using  analysis manager
DNA logging mode: minimal
... set ntuple merging row mode : row-wise - done
... create file : dna_ice_am_rho0p5_E00032_0p00358702809MeV.root - done
... open analysis file : dna_ice_am_rho0p5_E00032_0p00358702809MeV.root - done
... open main analysis file : dna_ice_am_rho0p5_E00032_0p00358702809MeV.root - done

==========================================================================================
--> G4TaskRunManager::CreateAndStartWorkers() --> Creating 32 tasks with 31 events/task...
==========================================================================================

G4WT9 > DNA logging mode: minimal
G4WT9 > ... set ntuple merging row mode : row-wise - done
G4WT5 > DNA logging mode: minimal
G4WT5 > ... set ntuple merging row mode : row-wise - done
G4WT11 > DNA logging mode: minimal
G4WT11 > ... set ntuple merging row mode : row-wise - done
G4WT2 > DNA logging mode: minimal
G4WT2 > ... set ntuple merging row mode : row-wise - done
G4WT0 > DNA logging mode: minimal
G4WT0 > ... set ntuple merging row mode : row-wise - done
G4WT8 > DNA logging mode: minimal
G4WT8 > ... set ntuple merging row mode : row-wise - done
G4WT4 > DNA logging mode: minimal
G4WT4 > ... set ntuple merging row mode : row-wise - done
G4WT10 > DNA logging mode: minimal
G4WT10 > ... set ntuple merging row mode : row-wise - done
G4WT1 > DNA logging mode: minimal
G4WT1 > ... set ntuple merging row mode : row-wise - done
G4WT3 > DNA logging mode: minimal
G4WT3 > ... set ntuple merging row mode : row-wise - done
G4WT7 > DNA logging mode: minimal
G4WT7 > ... set ntuple merging row mode : row-wise - done
G4WT6 > DNA logging mode: minimal
G4WT6 > ... set ntuple merging row mode : row-wise - done
... write file : dna_ice_am_rho0p5_E00032_0p00358702809MeV.root - done
... close file : dna_ice_am_rho0p5_E00032_0p00358702809MeV.root - done

 Nb of ionisations = 62.960 +- 58.885

 w = 56.973 eV  +- 53.286 eV 
[energy 33] SKIP existing root/dna_ice_am_rho0p5_E00033_0p00361052763MeV.root
[energy 34] E=0.00363418112 MeV -> root/dna_ice_am_rho0p5_E00034_0p00363418112MeV.root

**************************************************************
 Geant4 version Name: geant4-11-03-patch-02 [MT]   (25-April-2025)
  << in Multi-threaded mode >> 
                       Copyright : Geant4 Collaboration
                      References : NIM A 506 (2003), 250-303
                                 : IEEE-TNS 53 (2006), 270-278
                                 : NIM A 835 (2016), 186-225
                             WWW : http://geant4.org/
**************************************************************

Using physics list: ice (phase: amorphous)
##### Create analysis manager   0xb5ad9c600
Accumulable registered as "accumulable_0"
Accumulable registered as "accumulable_1"
Accumulable registered as "accumulable_2"
Accumulable registered as "accumulable_3"
Using  analysis manager
RunAction: log mode set to minimal
-> Density of water_modified material (g/cm3)=0.5

***** Table : Nb of materials = 5 *****

 Material:   G4_ICE H_2O   density:  1.000 g/cm3   RadL:  36.083 cm   Nucl.Int.Length:  75.375 cm 
                       Imean:  78.000 eV   temperature: 293.15 K  pressure:   1.00 atm

   --->  Element: H (H)   Z =  1.0   N =     1   A =  1.008 g/mole
         --->  Isotope:    H1   Z =  1   N =   1   A =   1.01 g/mole   abundance: 99.989 %
         --->  Isotope:    H2   Z =  1   N =   2   A =   2.01 g/mole   abundance:  0.011 %
          ElmMassFraction:  11.19 %  ElmAbundance  66.67 % 

   --->  Element: O (O)   Z =  8.0   N =    16   A = 15.999 g/mole
         --->  Isotope:   O16   Z =  8   N =  16   A =  15.99 g/mole   abundance: 99.757 %
         --->  Isotope:   O17   Z =  8   N =  17   A =  17.00 g/mole   abundance:  0.038 %
         --->  Isotope:   O18   Z =  8   N =  18   A =  18.00 g/mole   abundance:  0.205 %
          ElmMassFraction:  88.81 %  ElmAbundance  33.33 % 


 Material: G4_Galactic    density:  0.000 mg/cm3  RadL: 204310098.490 pc   Nucl.Int.Length: 3240.779 pc 
                       Imean:  21.800 eV   temperature:   2.73 K  pressure:   0.00 atm

   --->  Element: H (H)   Z =  1.0   N =     1   A =  1.008 g/mole
         --->  Isotope:    H1   Z =  1   N =   1   A =   1.01 g/mole   abundance: 99.989 %
         --->  Isotope:    H2   Z =  1   N =   2   A =   2.01 g/mole   abundance:  0.011 %
          ElmMassFraction: 100.00 %  ElmAbundance 100.00 % 


 Material: G4_WATER H_2O   density:  1.000 g/cm3   RadL:  36.083 cm   Nucl.Int.Length:  75.375 cm 
                       Imean:  78.000 eV   temperature: 293.15 K  pressure:   1.00 atm

   --->  Element: H (H)   Z =  1.0   N =     1   A =  1.008 g/mole
         --->  Isotope:    H1   Z =  1   N =   1   A =   1.01 g/mole   abundance: 99.989 %
         --->  Isotope:    H2   Z =  1   N =   2   A =   2.01 g/mole   abundance:  0.011 %
          ElmMassFraction:  11.19 %  ElmAbundance  66.67 % 

   --->  Element: O (O)   Z =  8.0   N =    16   A = 15.999 g/mole
         --->  Isotope:   O16   Z =  8   N =  16   A =  15.99 g/mole   abundance: 99.757 %
         --->  Isotope:   O17   Z =  8   N =  17   A =  17.00 g/mole   abundance:  0.038 %
         --->  Isotope:   O18   Z =  8   N =  18   A =  18.00 g/mole   abundance:  0.205 %
          ElmMassFraction:  88.81 %  ElmAbundance  33.33 % 


 Material: G4_WATER_ICE_USER H_2O   density: 500.000 mg/cm3  RadL:  72.166 cm   Nucl.Int.Length:   1.507 m  
                       Imean:  78.000 eV   temperature: 293.15 K  pressure:   1.00 atm

   --->  Element: H (H)   Z =  1.0   N =     1   A =  1.008 g/mole
         --->  Isotope:    H1   Z =  1   N =   1   A =   1.01 g/mole   abundance: 99.989 %
         --->  Isotope:    H2   Z =  1   N =   2   A =   2.01 g/mole   abundance:  0.011 %
          ElmMassFraction:  11.19 %  ElmAbundance  66.67 % 

   --->  Element: O (O)   Z =  8.0   N =    16   A = 15.999 g/mole
         --->  Isotope:   O16   Z =  8   N =  16   A =  15.99 g/mole   abundance: 99.757 %
         --->  Isotope:   O17   Z =  8   N =  17   A =  17.00 g/mole   abundance:  0.038 %
         --->  Isotope:   O18   Z =  8   N =  18   A =  18.00 g/mole   abundance:  0.205 %
          ElmMassFraction:  88.81 %  ElmAbundance  33.33 % 


 Material: G4_WATER_ICE_AMORPHOUS H_2O   density: 940.000 mg/cm3  RadL:  38.386 cm   Nucl.Int.Length:  80.186 cm 
                       Imean:  78.000 eV   temperature: 293.15 K  pressure:   1.00 atm

   --->  Element: H (H)   Z =  1.0   N =     1   A =  1.008 g/mole
         --->  Isotope:    H1   Z =  1   N =   1   A =   1.01 g/mole   abundance: 99.989 %
         --->  Isotope:    H2   Z =  1   N =   2   A =   2.01 g/mole   abundance:  0.011 %
          ElmMassFraction:  11.19 %  ElmAbundance  66.67 % 

   --->  Element: O (O)   Z =  8.0   N =    16   A = 15.999 g/mole
         --->  Isotope:   O16   Z =  8   N =  16   A =  15.99 g/mole   abundance: 99.757 %
         --->  Isotope:   O17   Z =  8   N =  17   A =  17.00 g/mole   abundance:  0.038 %
         --->  Isotope:   O18   Z =  8   N =  18   A =  18.00 g/mole   abundance:  0.205 %
          ElmMassFraction:  88.81 %  ElmAbundance  33.33 % 



Michaud_ELSEPA_LOW Elastic model is constructed 
Energy range: 2 eV - 0.0002 MeV
Michaud_ELSEPA_HIGH Elastic model is constructed 
Energy range: 200 eV - 10 MeV
=======================================================================
======                 Electromagnetic Physics Parameters      ========
=======================================================================
LPM effect enabled                                 1
Enable creation and use of sampling tables         0
Apply cuts on all EM processes                     0
Use combined TransportationWithMsc                 Disabled
Use general process                                0
Enable linear polarisation for gamma               0
Enable photoeffect sampling below K-shell          1
Enable sampling of quantum entanglement            0
X-section factor for integral approach             0.8
Min kinetic energy for tables                      1 eV 
Max kinetic energy for tables                      1 GeV
Number of bins per decade of a table               20
Verbose level                                      1
Verbose level for worker thread                    0
Bremsstrahlung energy threshold above which 
  primary e+- is added to the list of secondary    100 TeV
Bremsstrahlung energy threshold above which primary
  muon/hadron is added to the list of secondary    100 TeV
Positron annihilation at rest model                AllisonPositronium
Enable 3 gamma annihilation on fly                 0
Lowest triplet kinetic energy                      1 MeV
Enable sampling of gamma linear polarisation       0
5D gamma conversion model type                     0
5D gamma conversion model on isolated ion          0
Use Ricardo-Gerardo pair production model          0
Livermore data directory                           epics_2017
=======================================================================
======                 Ionisation Parameters                   ========
=======================================================================
Step function for e+-                              (0.2, 0.01 mm)
Step function for muons/hadrons                    (0.1, 0.05 mm)
Step function for light ions                       (0.1, 0.02 mm)
Step function for general ions                     (0.1, 0.001 mm)
Lowest e+e- kinetic energy                         0 eV 
Lowest muon/hadron kinetic energy                  1 keV
Use ICRU90 data                                    1
Fluctuations of dE/dx are enabled                  1
Type of fluctuation model for leptons and hadrons  Universal
Use built-in Birks satuaration                     0
Build CSDA range enabled                           0
Use cut as a final range enabled                   0
Enable angular generator interface                 1
Max kinetic energy for CSDA tables                 1 GeV
Max kinetic energy for NIEL computation            0 eV 
Linear loss limit                                  0.01
Read data from file for e+e- pair production by mu 0
=======================================================================
======                 Multiple Scattering Parameters          ========
=======================================================================
Type of msc step limit algorithm for e+-           2
Type of msc step limit algorithm for muons/hadrons 0
Msc lateral displacement for e+- enabled           1
Msc lateral displacement for muons and hadrons     0
Urban msc model lateral displacement alg96         1
Range factor for msc step limit for e+-            0.08
Range factor for msc step limit for muons/hadrons  0.2
Geometry factor for msc step limitation of e+-     2.5
Safety factor for msc step limit for e+-           0.6
Skin parameter for msc step limitation of e+-      3
Lambda limit for msc step limit for e+-            1 mm
Use Mott correction for e- scattering              1
Factor used for dynamic computation of angular 
  limit between single and multiple scattering     1
Fixed angular limit between single 
  and multiple scattering                          3.1416 rad
Upper energy limit for e+- multiple scattering     100 MeV
Type of electron single scattering model           0
Type of nuclear form-factor                        1
Screening factor                                   1
=======================================================================
======                 Atomic Deexcitation Parameters          ========
=======================================================================
Fluorescence enabled                               1
Directory in G4LEDATA for fluorescence data files  fluor
Auger electron cascade enabled                     1
PIXE atomic de-excitation enabled                  0
De-excitation module ignores cuts                  1
Type of PIXE cross section for hadrons             Empirical
Type of PIXE cross section for e+-                 Livermore
=======================================================================
======                 DNA Physics Parameters                  ========
=======================================================================
Use fast sampling in DNA models                    1
Use Stationary option in DNA models                0
Use DNA with multiple scattering of e-             0
Use DNA e- solvation model type                    11003
=======================================================================
Loaded cross section files for Michaud_ELSEPA_HIGH Elastic model
Michaud_ELSEPA_HIGH Elastic model is initialized 
Energy range: 200 eV - 10 MeV
Loaded cross section files for Michaud_ELSEPA_LOW Elastic model
Michaud_ELSEPA_LOW Elastic model is initialized 
Energy range: 2 eV - 0.0002 MeV
[DEBUG] eTdummyVec.size() = 155
[DEBUG] eVecm[0].size() = 0
[DEBUG] eVecm[1.7].size() = 181
[DEBUG] eVecm[1.75394].size() = 181
[DEBUG] eVecm[1.8096].size() = 181
[DEBUG] eVecm[1.86701].size() = 181
[DEBUG] eVecm[200].size() = 181

e-_G4DNAElastic_ICE:  for e- SubType=51 BuildTable=0
      ===== EM models for the G4Region  DefaultRegionForTheWorld ======
DNAMichaud_ELSEPA_LOW_ElasticModel : Emin=    0 eV  Emax=  200 eV 
DNAMichaud_ELSEPA_HIGH_ElasticModel : Emin=  200 eV  Emax=   10 MeV

e-_G4DNAVib_ICE:  for e- SubType=54 BuildTable=0
      ===== EM models for the G4Region  DefaultRegionForTheWorld ======
DNAMichaudExcitationModel : Emin=    0 eV  Emax=  100 eV 

e-_G4DNAAttachment_ICE:  for e- SubType=55 BuildTable=0
      ===== EM models for the G4Region  DefaultRegionForTheWorld ======
DNAMichaudAttachmentModel : Emin=    0 eV  Emax=   13 eV 

e-_G4DNAExcitation_ICE:  for e- SubType=52 BuildTable=0
      ===== EM models for the G4Region  DefaultRegionForTheWorld ======
DNAEmfietzoglou_iceExcitationModel : Emin=    0 eV  Emax=   10 MeV

e-_G4DNAIonisation_ICE:  for e- SubType=53 BuildTable=0
      ===== EM models for the G4Region  DefaultRegionForTheWorld ======
DNAEmfietzoglou_iceIonisationModel : Emin=    0 eV  Emax=   10 MeV  deltaBorn
        MollerBhabha : Emin=   10 MeV Emax=    1 GeV

msc:  for e-  SubType= 10
      ===== EM models for the G4Region  DefaultRegionForTheWorld ======
            UrbanMsc : Emin=    0 eV  Emax=    1 GeV Nbins=40  10 MeV -   1 GeV
          StepLim=SafetyPlus Rfact=0.08 Gfact=2.5 Sfact=0.6 DispFlag:1 Skin=3 Llim=1 mm

eBrem:  for e-  XStype:3  SubType=3
      dE/dx and range tables from 10 MeV to 1 GeV in 180 bins
      Lambda tables from threshold to 1 GeV, 20 bins/decade, spline: 1
      LPM flag: 1 for E > 1 GeV,  VertexHighEnergyTh(GeV)= 100000
      ===== EM models for the G4Region  DefaultRegionForTheWorld ======
             eBremSB : Emin=    0 eV  Emax=    1 GeV  ModifiedTsai

CoulombScat:  for e- XStype:1 SubType=1 BuildTable=1
      Lambda table from threshold  to 1 GeV, 20 bins/decade, spline: 0
      ThetaMin(p) < Theta(degree) < 180, pLimit(GeV^1)= 0.139531
      ===== EM models for the G4Region  DefaultRegionForTheWorld ======
        WentzelVIUni : Emin=    0 eV  Emax=    1 GeV
          StepLim=SafetyPlus Rfact=0.08 Gfact=2.5 Sfact=0.6 DispFlag:1 Skin=3 Llim=1 mm

=========================================================================
--> G4TaskRunManager::CreateAndStartWorkers() --> Initializing workers...
=========================================================================

G4WT1 > ##### Create analysis manager   0xb5ada3600
G4WT1 > Accumulable registered as "accumulable_0"
G4WT1 > Accumulable registered as "accumulable_1"
G4WT1 > Accumulable registered as "accumulable_2"
G4WT1 > Accumulable registered as "accumulable_3"
G4WT3 > ##### Create analysis manager   0xb5ada3a80
G4WT4 > ##### Create analysis manager   0xb5ada3c00
G4WT4 > Accumulable registered as "accumulable_0"
G4WT4 > Accumulable registered as "accumulable_1"
G4WT4 > Accumulable registered as "accumulable_2"
G4WT4 > Accumulable registered as "accumulable_3"
G4WT3 > Accumulable registered as "accumulable_0"
G4WT3 > Accumulable registered as "accumulable_1"
G4WT3 > Accumulable registered as "accumulable_2"
G4WT3 > Accumulable registered as "accumulable_3"
G4WT2 > ##### Create analysis manager   0xb5a5fc300
G4WT0 > ##### Create analysis manager   0xb5a5fc900
G4WT0 > Accumulable registered as "accumulable_0"
G4WT0 > Accumulable registered as "accumulable_1"
G4WT0 > Accumulable registered as "accumulable_2"
G4WT0 > Accumulable registered as "accumulable_3"
G4WT2 > Accumulable registered as "accumulable_0"
G4WT2 > Accumulable registered as "accumulable_1"
G4WT2 > Accumulable registered as "accumulable_2"
G4WT2 > Accumulable registered as "accumulable_3"
G4WT10 > ##### Create analysis manager   0xb5a5fcf00
G4WT10 > Accumulable registered as "accumulable_0"
G4WT5 > ##### Create analysis manager   0xb5a5fca80
G4WT11 > ##### Create analysis manager   0xb5a5fd380
G4WT11 > Accumulable registered as "accumulable_0"
G4WT11 > Accumulable registered as "accumulable_1"
G4WT11 > Accumulable registered as "accumulable_2"
G4WT11 > Accumulable registered as "accumulable_3"
G4WT5 > Accumulable registered as "accumulable_0"
G4WT5 > Accumulable registered as "accumulable_1"
G4WT8 > ##### Create analysis manager   0xb5a5fd500
G4WT10 > Accumulable registered as "accumulable_1"
G4WT9 > ##### Create analysis manager   0xb5a5fd080
G4WT9 > Accumulable registered as "accumulable_0"
G4WT9 > Accumulable registered as "accumulable_1"
G4WT9 > Accumulable registered as "accumulable_2"
G4WT5 > Accumulable registered as "accumulable_2"
G4WT5 > Accumulable registered as "accumulable_3"
G4WT0 > Using  analysis manager
G4WT4 > Using  analysis manager
G4WT6 > ##### Create analysis manager   0xb5a5fd800
G4WT6 > Accumulable registered as "accumulable_0"
G4WT6 > Accumulable registered as "accumulable_1"
G4WT3 > Using  analysis manager
G4WT9 > Accumulable registered as "accumulable_3"
G4WT10 > Accumulable registered as "accumulable_2"
G4WT10 > Accumulable registered as "accumulable_3"
G4WT2 > Using  analysis manager
G4WT7 > ##### Create analysis manager   0xb5a5fd980
G4WT8 > Accumulable registered as "accumulable_0"
G4WT8 > Accumulable registered as "accumulable_1"
G4WT8 > Accumulable registered as "accumulable_2"
G4WT11 > Using  analysis manager
G4WT7 > Accumulable registered as "accumulable_0"
G4WT6 > Accumulable registered as "accumulable_2"
G4WT6 > Accumulable registered as "accumulable_3"
G4WT8 > Accumulable registered as "accumulable_3"
G4WT7 > Accumulable registered as "accumulable_1"
G4WT1 > Using  analysis manager
G4WT7 > Accumulable registered as "accumulable_2"
G4WT7 > Accumulable registered as "accumulable_3"
G4WT5 > Using  analysis manager
G4WT9 > Using  analysis manager
G4WT10 > Using  analysis manager
G4WT6 > Using  analysis manager
G4WT8 > Using  analysis manager
G4WT7 > Using  analysis manager
DNA logging mode: minimal
... set ntuple merging row mode : row-wise - done
... create file : dna_ice_am_rho0p5_E00034_0p00363418112MeV.root - done
... open analysis file : dna_ice_am_rho0p5_E00034_0p00363418112MeV.root - done
... open main analysis file : dna_ice_am_rho0p5_E00034_0p00363418112MeV.root - done

==========================================================================================
--> G4TaskRunManager::CreateAndStartWorkers() --> Creating 32 tasks with 31 events/task...
==========================================================================================

G4WT7 > DNA logging mode: minimal
G4WT7 > ... set ntuple merging row mode : row-wise - done
G4WT4 > DNA logging mode: minimal
G4WT4 > ... set ntuple merging row mode : row-wise - done
G4WT3 > DNA logging mode: minimal
G4WT3 > ... set ntuple merging row mode : row-wise - done
G4WT6 > DNA logging mode: minimal
G4WT6 > ... set ntuple merging row mode : row-wise - done
G4WT1 > DNA logging mode: minimal
G4WT1 > ... set ntuple merging row mode : row-wise - done
G4WT5 > DNA logging mode: minimal
G4WT5 > ... set ntuple merging row mode : row-wise - done
G4WT10 > DNA logging mode: minimal
G4WT10 > ... set ntuple merging row mode : row-wise - done
G4WT0 > DNA logging mode: minimal
G4WT0 > ... set ntuple merging row mode : row-wise - done
G4WT8 > DNA logging mode: minimal
G4WT8 > ... set ntuple merging row mode : row-wise - done
G4WT11 > DNA logging mode: minimal
G4WT11 > ... set ntuple merging row mode : row-wise - done
G4WT2 > DNA logging mode: minimal
G4WT2 > ... set ntuple merging row mode : row-wise - done
G4WT9 > DNA logging mode: minimal
G4WT9 > ... set ntuple merging row mode : row-wise - done
... write file : dna_ice_am_rho0p5_E00034_0p00363418112MeV.root - done
... close file : dna_ice_am_rho0p5_E00034_0p00363418112MeV.root - done

 Nb of ionisations = 64.732 +- 58.995

 w = 56.142 eV  +- 51.166 eV 
[energy 35] SKIP existing root/dna_ice_am_rho0p5_E00035_0p00365798957MeV.root
[energy 36] E=0.00368195399 MeV -> root/dna_ice_am_rho0p5_E00036_0p00368195399MeV.root

**************************************************************
 Geant4 version Name: geant4-11-03-patch-02 [MT]   (25-April-2025)
  << in Multi-threaded mode >> 
                       Copyright : Geant4 Collaboration
                      References : NIM A 506 (2003), 250-303
                                 : IEEE-TNS 53 (2006), 270-278
                                 : NIM A 835 (2016), 186-225
                             WWW : http://geant4.org/
**************************************************************

Using physics list: ice (phase: amorphous)
##### Create analysis manager   0x926d55b00
Accumulable registered as "accumulable_0"
Accumulable registered as "accumulable_1"
Accumulable registered as "accumulable_2"
Accumulable registered as "accumulable_3"
Using  analysis manager
RunAction: log mode set to minimal
-> Density of water_modified material (g/cm3)=0.5

***** Table : Nb of materials = 5 *****

 Material:   G4_ICE H_2O   density:  1.000 g/cm3   RadL:  36.083 cm   Nucl.Int.Length:  75.375 cm 
                       Imean:  78.000 eV   temperature: 293.15 K  pressure:   1.00 atm

   --->  Element: H (H)   Z =  1.0   N =     1   A =  1.008 g/mole
         --->  Isotope:    H1   Z =  1   N =   1   A =   1.01 g/mole   abundance: 99.989 %
         --->  Isotope:    H2   Z =  1   N =   2   A =   2.01 g/mole   abundance:  0.011 %
          ElmMassFraction:  11.19 %  ElmAbundance  66.67 % 

   --->  Element: O (O)   Z =  8.0   N =    16   A = 15.999 g/mole
         --->  Isotope:   O16   Z =  8   N =  16   A =  15.99 g/mole   abundance: 99.757 %
         --->  Isotope:   O17   Z =  8   N =  17   A =  17.00 g/mole   abundance:  0.038 %
         --->  Isotope:   O18   Z =  8   N =  18   A =  18.00 g/mole   abundance:  0.205 %
          ElmMassFraction:  88.81 %  ElmAbundance  33.33 % 


 Material: G4_Galactic    density:  0.000 mg/cm3  RadL: 204310098.490 pc   Nucl.Int.Length: 3240.779 pc 
                       Imean:  21.800 eV   temperature:   2.73 K  pressure:   0.00 atm

   --->  Element: H (H)   Z =  1.0   N =     1   A =  1.008 g/mole
         --->  Isotope:    H1   Z =  1   N =   1   A =   1.01 g/mole   abundance: 99.989 %
         --->  Isotope:    H2   Z =  1   N =   2   A =   2.01 g/mole   abundance:  0.011 %
          ElmMassFraction: 100.00 %  ElmAbundance 100.00 % 


 Material: G4_WATER H_2O   density:  1.000 g/cm3   RadL:  36.083 cm   Nucl.Int.Length:  75.375 cm 
                       Imean:  78.000 eV   temperature: 293.15 K  pressure:   1.00 atm

   --->  Element: H (H)   Z =  1.0   N =     1   A =  1.008 g/mole
         --->  Isotope:    H1   Z =  1   N =   1   A =   1.01 g/mole   abundance: 99.989 %
         --->  Isotope:    H2   Z =  1   N =   2   A =   2.01 g/mole   abundance:  0.011 %
          ElmMassFraction:  11.19 %  ElmAbundance  66.67 % 

   --->  Element: O (O)   Z =  8.0   N =    16   A = 15.999 g/mole
         --->  Isotope:   O16   Z =  8   N =  16   A =  15.99 g/mole   abundance: 99.757 %
         --->  Isotope:   O17   Z =  8   N =  17   A =  17.00 g/mole   abundance:  0.038 %
         --->  Isotope:   O18   Z =  8   N =  18   A =  18.00 g/mole   abundance:  0.205 %
          ElmMassFraction:  88.81 %  ElmAbundance  33.33 % 


 Material: G4_WATER_ICE_USER H_2O   density: 500.000 mg/cm3  RadL:  72.166 cm   Nucl.Int.Length:   1.507 m  
                       Imean:  78.000 eV   temperature: 293.15 K  pressure:   1.00 atm

   --->  Element: H (H)   Z =  1.0   N =     1   A =  1.008 g/mole
         --->  Isotope:    H1   Z =  1   N =   1   A =   1.01 g/mole   abundance: 99.989 %
         --->  Isotope:    H2   Z =  1   N =   2   A =   2.01 g/mole   abundance:  0.011 %
          ElmMassFraction:  11.19 %  ElmAbundance  66.67 % 

   --->  Element: O (O)   Z =  8.0   N =    16   A = 15.999 g/mole
         --->  Isotope:   O16   Z =  8   N =  16   A =  15.99 g/mole   abundance: 99.757 %
         --->  Isotope:   O17   Z =  8   N =  17   A =  17.00 g/mole   abundance:  0.038 %
         --->  Isotope:   O18   Z =  8   N =  18   A =  18.00 g/mole   abundance:  0.205 %
          ElmMassFraction:  88.81 %  ElmAbundance  33.33 % 


 Material: G4_WATER_ICE_AMORPHOUS H_2O   density: 940.000 mg/cm3  RadL:  38.386 cm   Nucl.Int.Length:  80.186 cm 
                       Imean:  78.000 eV   temperature: 293.15 K  pressure:   1.00 atm

   --->  Element: H (H)   Z =  1.0   N =     1   A =  1.008 g/mole
         --->  Isotope:    H1   Z =  1   N =   1   A =   1.01 g/mole   abundance: 99.989 %
         --->  Isotope:    H2   Z =  1   N =   2   A =   2.01 g/mole   abundance:  0.011 %
          ElmMassFraction:  11.19 %  ElmAbundance  66.67 % 

   --->  Element: O (O)   Z =  8.0   N =    16   A = 15.999 g/mole
         --->  Isotope:   O16   Z =  8   N =  16   A =  15.99 g/mole   abundance: 99.757 %
         --->  Isotope:   O17   Z =  8   N =  17   A =  17.00 g/mole   abundance:  0.038 %
         --->  Isotope:   O18   Z =  8   N =  18   A =  18.00 g/mole   abundance:  0.205 %
          ElmMassFraction:  88.81 %  ElmAbundance  33.33 % 



Michaud_ELSEPA_LOW Elastic model is constructed 
Energy range: 2 eV - 0.0002 MeV
Michaud_ELSEPA_HIGH Elastic model is constructed 
Energy range: 200 eV - 10 MeV
=======================================================================
======                 Electromagnetic Physics Parameters      ========
=======================================================================
LPM effect enabled                                 1
Enable creation and use of sampling tables         0
Apply cuts on all EM processes                     0
Use combined TransportationWithMsc                 Disabled
Use general process                                0
Enable linear polarisation for gamma               0
Enable photoeffect sampling below K-shell          1
Enable sampling of quantum entanglement            0
X-section factor for integral approach             0.8
Min kinetic energy for tables                      1 eV 
Max kinetic energy for tables                      1 GeV
Number of bins per decade of a table               20
Verbose level                                      1
Verbose level for worker thread                    0
Bremsstrahlung energy threshold above which 
  primary e+- is added to the list of secondary    100 TeV
Bremsstrahlung energy threshold above which primary
  muon/hadron is added to the list of secondary    100 TeV
Positron annihilation at rest model                AllisonPositronium
Enable 3 gamma annihilation on fly                 0
Lowest triplet kinetic energy                      1 MeV
Enable sampling of gamma linear polarisation       0
5D gamma conversion model type                     0
5D gamma conversion model on isolated ion          0
Use Ricardo-Gerardo pair production model          0
Livermore data directory                           epics_2017
=======================================================================
======                 Ionisation Parameters                   ========
=======================================================================
Step function for e+-                              (0.2, 0.01 mm)
Step function for muons/hadrons                    (0.1, 0.05 mm)
Step function for light ions                       (0.1, 0.02 mm)
Step function for general ions                     (0.1, 0.001 mm)
Lowest e+e- kinetic energy                         0 eV 
Lowest muon/hadron kinetic energy                  1 keV
Use ICRU90 data                                    1
Fluctuations of dE/dx are enabled                  1
Type of fluctuation model for leptons and hadrons  Universal
Use built-in Birks satuaration                     0
Build CSDA range enabled                           0
Use cut as a final range enabled                   0
Enable angular generator interface                 1
Max kinetic energy for CSDA tables                 1 GeV
Max kinetic energy for NIEL computation            0 eV 
Linear loss limit                                  0.01
Read data from file for e+e- pair production by mu 0
=======================================================================
======                 Multiple Scattering Parameters          ========
=======================================================================
Type of msc step limit algorithm for e+-           2
Type of msc step limit algorithm for muons/hadrons 0
Msc lateral displacement for e+- enabled           1
Msc lateral displacement for muons and hadrons     0
Urban msc model lateral displacement alg96         1
Range factor for msc step limit for e+-            0.08
Range factor for msc step limit for muons/hadrons  0.2
Geometry factor for msc step limitation of e+-     2.5
Safety factor for msc step limit for e+-           0.6
Skin parameter for msc step limitation of e+-      3
Lambda limit for msc step limit for e+-            1 mm
Use Mott correction for e- scattering              1
Factor used for dynamic computation of angular 
  limit between single and multiple scattering     1
Fixed angular limit between single 
  and multiple scattering                          3.1416 rad
Upper energy limit for e+- multiple scattering     100 MeV
Type of electron single scattering model           0
Type of nuclear form-factor                        1
Screening factor                                   1
=======================================================================
======                 Atomic Deexcitation Parameters          ========
=======================================================================
Fluorescence enabled                               1
Directory in G4LEDATA for fluorescence data files  fluor
Auger electron cascade enabled                     1
PIXE atomic de-excitation enabled                  0
De-excitation module ignores cuts                  1
Type of PIXE cross section for hadrons             Empirical
Type of PIXE cross section for e+-                 Livermore
=======================================================================
======                 DNA Physics Parameters                  ========
=======================================================================
Use fast sampling in DNA models                    1
Use Stationary option in DNA models                0
Use DNA with multiple scattering of e-             0
Use DNA e- solvation model type                    11003
=======================================================================
Loaded cross section files for Michaud_ELSEPA_HIGH Elastic model
Michaud_ELSEPA_HIGH Elastic model is initialized 
Energy range: 200 eV - 10 MeV
Loaded cross section files for Michaud_ELSEPA_LOW Elastic model
Michaud_ELSEPA_LOW Elastic model is initialized 
Energy range: 2 eV - 0.0002 MeV
[DEBUG] eTdummyVec.size() = 155
[DEBUG] eVecm[0].size() = 0
[DEBUG] eVecm[1.7].size() = 181
[DEBUG] eVecm[1.75394].size() = 181
[DEBUG] eVecm[1.8096].size() = 181
[DEBUG] eVecm[1.86701].size() = 181
[DEBUG] eVecm[200].size() = 181

e-_G4DNAElastic_ICE:  for e- SubType=51 BuildTable=0
      ===== EM models for the G4Region  DefaultRegionForTheWorld ======
DNAMichaud_ELSEPA_LOW_ElasticModel : Emin=    0 eV  Emax=  200 eV 
DNAMichaud_ELSEPA_HIGH_ElasticModel : Emin=  200 eV  Emax=   10 MeV

e-_G4DNAVib_ICE:  for e- SubType=54 BuildTable=0
      ===== EM models for the G4Region  DefaultRegionForTheWorld ======
DNAMichaudExcitationModel : Emin=    0 eV  Emax=  100 eV 

e-_G4DNAAttachment_ICE:  for e- SubType=55 BuildTable=0
      ===== EM models for the G4Region  DefaultRegionForTheWorld ======
DNAMichaudAttachmentModel : Emin=    0 eV  Emax=   13 eV 

e-_G4DNAExcitation_ICE:  for e- SubType=52 BuildTable=0
      ===== EM models for the G4Region  DefaultRegionForTheWorld ======
DNAEmfietzoglou_iceExcitationModel : Emin=    0 eV  Emax=   10 MeV

e-_G4DNAIonisation_ICE:  for e- SubType=53 BuildTable=0
      ===== EM models for the G4Region  DefaultRegionForTheWorld ======
DNAEmfietzoglou_iceIonisationModel : Emin=    0 eV  Emax=   10 MeV  deltaBorn
        MollerBhabha : Emin=   10 MeV Emax=    1 GeV

msc:  for e-  SubType= 10
      ===== EM models for the G4Region  DefaultRegionForTheWorld ======
            UrbanMsc : Emin=    0 eV  Emax=    1 GeV Nbins=40  10 MeV -   1 GeV
          StepLim=SafetyPlus Rfact=0.08 Gfact=2.5 Sfact=0.6 DispFlag:1 Skin=3 Llim=1 mm

eBrem:  for e-  XStype:3  SubType=3
      dE/dx and range tables from 10 MeV to 1 GeV in 180 bins
      Lambda tables from threshold to 1 GeV, 20 bins/decade, spline: 1
      LPM flag: 1 for E > 1 GeV,  VertexHighEnergyTh(GeV)= 100000
      ===== EM models for the G4Region  DefaultRegionForTheWorld ======
             eBremSB : Emin=    0 eV  Emax=    1 GeV  ModifiedTsai

CoulombScat:  for e- XStype:1 SubType=1 BuildTable=1
      Lambda table from threshold  to 1 GeV, 20 bins/decade, spline: 0
      ThetaMin(p) < Theta(degree) < 180, pLimit(GeV^1)= 0.139531
      ===== EM models for the G4Region  DefaultRegionForTheWorld ======
        WentzelVIUni : Emin=    0 eV  Emax=    1 GeV
          StepLim=SafetyPlus Rfact=0.08 Gfact=2.5 Sfact=0.6 DispFlag:1 Skin=3 Llim=1 mm

=========================================================================
--> G4TaskRunManager::CreateAndStartWorkers() --> Initializing workers...
=========================================================================

G4WT0 > ##### Create analysis manager   0x925b6c000
G4WT0 > Accumulable registered as "accumulable_0"
G4WT0 > Accumulable registered as "accumulable_1"
G4WT0 > Accumulable registered as "accumulable_2"
G4WT0 > Accumulable registered as "accumulable_3"
G4WT4 > ##### Create analysis manager   0x925b6c600
G4WT4 > Accumulable registered as "accumulable_0"
G4WT4 > Accumulable registered as "accumulable_1"
G4WT4 > Accumulable registered as "accumulable_2"
G4WT4 > Accumulable registered as "accumulable_3"
G4WT0 > Using  analysis manager
G4WT4 > Using  analysis manager
G4WT1 > ##### Create analysis manager   0x925b6df80
G4WT1 > Accumulable registered as "accumulable_0"
G4WT1 > Accumulable registered as "accumulable_1"
G4WT1 > Accumulable registered as "accumulable_2"
G4WT1 > Accumulable registered as "accumulable_3"
G4WT3 > ##### Create analysis manager   0x925b6e280
G4WT3 > Accumulable registered as "accumulable_0"
G4WT3 > Accumulable registered as "accumulable_1"
G4WT3 > Accumulable registered as "accumulable_2"
G4WT3 > Accumulable registered as "accumulable_3"
G4WT1 > Using  analysis manager
G4WT3 > Using  analysis manager
G4WT5 > ##### Create analysis manager   0x925b6eb80
G4WT5 > Accumulable registered as "accumulable_0"
G4WT5 > Accumulable registered as "accumulable_1"
G4WT5 > Accumulable registered as "accumulable_2"
G4WT5 > Accumulable registered as "accumulable_3"
G4WT7 > ##### Create analysis manager   0x925b6f480
G4WT7 > Accumulable registered as "accumulable_0"
G4WT7 > Accumulable registered as "accumulable_1"
G4WT7 > Accumulable registered as "accumulable_2"
G4WT7 > Accumulable registered as "accumulable_3"
G4WT5 > Using  analysis manager
G4WT7 > Using  analysis manager
G4WT9 > ##### Create analysis manager   0x924818780
G4WT9 > Accumulable registered as "accumulable_0"
G4WT6 > ##### Create analysis manager   0x924818a80
G4WT6 > Accumulable registered as "accumulable_0"
G4WT9 > Accumulable registered as "accumulable_1"
G4WT9 > Accumulable registered as "accumulable_2"
G4WT10 > ##### Create analysis manager   0x924819380
G4WT10 > Accumulable registered as "accumulable_0"
G4WT10 > Accumulable registered as "accumulable_1"
G4WT10 > Accumulable registered as "accumulable_2"
G4WT10 > Accumulable registered as "accumulable_3"
G4WT9 > Accumulable registered as "accumulable_3"
G4WT2 > ##### Create analysis manager   0x924819080
G4WT2 > Accumulable registered as "accumulable_0"
G4WT2 > Accumulable registered as "accumulable_1"
G4WT11 > ##### Create analysis manager   0x924819f80
G4WT8 > ##### Create analysis manager   0x924819c80
G4WT8 > Accumulable registered as "accumulable_0"
G4WT8 > Accumulable registered as "accumulable_1"
G4WT8 > Accumulable registered as "accumulable_2"
G4WT11 > Accumulable registered as "accumulable_0"
G4WT6 > Accumulable registered as "accumulable_1"
G4WT8 > Accumulable registered as "accumulable_3"
G4WT2 > Accumulable registered as "accumulable_2"
G4WT2 > Accumulable registered as "accumulable_3"
G4WT10 > Using  analysis manager
G4WT9 > Using  analysis manager
G4WT11 > Accumulable registered as "accumulable_1"
G4WT11 > Accumulable registered as "accumulable_2"
G4WT11 > Accumulable registered as "accumulable_3"
G4WT6 > Accumulable registered as "accumulable_2"
G4WT6 > Accumulable registered as "accumulable_3"
G4WT11 > Using  analysis manager
G4WT8 > Using  analysis manager
G4WT2 > Using  analysis manager
G4WT6 > Using  analysis manager
DNA logging mode: minimal
... set ntuple merging row mode : row-wise - done
... create file : dna_ice_am_rho0p5_E00036_0p00368195399MeV.root - done
... open analysis file : dna_ice_am_rho0p5_E00036_0p00368195399MeV.root - done
... open main analysis file : dna_ice_am_rho0p5_E00036_0p00368195399MeV.root - done

==========================================================================================
--> G4TaskRunManager::CreateAndStartWorkers() --> Creating 32 tasks with 31 events/task...
==========================================================================================

G4WT4 > DNA logging mode: minimal
G4WT4 > ... set ntuple merging row mode : row-wise - done
G4WT10 > DNA logging mode: minimal
G4WT10 > ... set ntuple merging row mode : row-wise - done
G4WT5 > DNA logging mode: minimal
G4WT5 > ... set ntuple merging row mode : row-wise - done
G4WT9 > DNA logging mode: minimal
G4WT9 > ... set ntuple merging row mode : row-wise - done
G4WT3 > DNA logging mode: minimal
G4WT3 > ... set ntuple merging row mode : row-wise - done
G4WT7 > DNA logging mode: minimal
G4WT7 > ... set ntuple merging row mode : row-wise - done
G4WT11 > DNA logging mode: minimal
G4WT11 > ... set ntuple merging row mode : row-wise - done
G4WT0 > DNA logging mode: minimal
G4WT0 > ... set ntuple merging row mode : row-wise - done
G4WT2 > DNA logging mode: minimal
G4WT2 > ... set ntuple merging row mode : row-wise - done
G4WT6 > DNA logging mode: minimal
G4WT6 > ... set ntuple merging row mode : row-wise - done
G4WT8 > DNA logging mode: minimal
G4WT8 > ... set ntuple merging row mode : row-wise - done
G4WT1 > DNA logging mode: minimal
G4WT1 > ... set ntuple merging row mode : row-wise - done
... write file : dna_ice_am_rho0p5_E00036_0p00368195399MeV.root - done
... close file : dna_ice_am_rho0p5_E00036_0p00368195399MeV.root - done

 Nb of ionisations = 65.529 +- 60.451

 w = 56.188 eV  +- 51.834 eV 
[energy 37] SKIP existing root/dna_ice_am_rho0p5_E00037_0p00370607541MeV.root
[energy 38] E=0.00373035486 MeV -> root/dna_ice_am_rho0p5_E00038_0p00373035486MeV.root

**************************************************************
 Geant4 version Name: geant4-11-03-patch-02 [MT]   (25-April-2025)
  << in Multi-threaded mode >> 
                       Copyright : Geant4 Collaboration
                      References : NIM A 506 (2003), 250-303
                                 : IEEE-TNS 53 (2006), 270-278
                                 : NIM A 835 (2016), 186-225
                             WWW : http://geant4.org/
**************************************************************

Using physics list: ice (phase: amorphous)
##### Create analysis manager   0xc12ced500
Accumulable registered as "accumulable_0"
Accumulable registered as "accumulable_1"
Accumulable registered as "accumulable_2"
Accumulable registered as "accumulable_3"
Using  analysis manager
RunAction: log mode set to minimal
-> Density of water_modified material (g/cm3)=0.5

***** Table : Nb of materials = 5 *****

 Material:   G4_ICE H_2O   density:  1.000 g/cm3   RadL:  36.083 cm   Nucl.Int.Length:  75.375 cm 
                       Imean:  78.000 eV   temperature: 293.15 K  pressure:   1.00 atm

   --->  Element: H (H)   Z =  1.0   N =     1   A =  1.008 g/mole
         --->  Isotope:    H1   Z =  1   N =   1   A =   1.01 g/mole   abundance: 99.989 %
         --->  Isotope:    H2   Z =  1   N =   2   A =   2.01 g/mole   abundance:  0.011 %
          ElmMassFraction:  11.19 %  ElmAbundance  66.67 % 

   --->  Element: O (O)   Z =  8.0   N =    16   A = 15.999 g/mole
         --->  Isotope:   O16   Z =  8   N =  16   A =  15.99 g/mole   abundance: 99.757 %
         --->  Isotope:   O17   Z =  8   N =  17   A =  17.00 g/mole   abundance:  0.038 %
         --->  Isotope:   O18   Z =  8   N =  18   A =  18.00 g/mole   abundance:  0.205 %
          ElmMassFraction:  88.81 %  ElmAbundance  33.33 % 


 Material: G4_Galactic    density:  0.000 mg/cm3  RadL: 204310098.490 pc   Nucl.Int.Length: 3240.779 pc 
                       Imean:  21.800 eV   temperature:   2.73 K  pressure:   0.00 atm

   --->  Element: H (H)   Z =  1.0   N =     1   A =  1.008 g/mole
         --->  Isotope:    H1   Z =  1   N =   1   A =   1.01 g/mole   abundance: 99.989 %
         --->  Isotope:    H2   Z =  1   N =   2   A =   2.01 g/mole   abundance:  0.011 %
          ElmMassFraction: 100.00 %  ElmAbundance 100.00 % 


 Material: G4_WATER H_2O   density:  1.000 g/cm3   RadL:  36.083 cm   Nucl.Int.Length:  75.375 cm 
                       Imean:  78.000 eV   temperature: 293.15 K  pressure:   1.00 atm

   --->  Element: H (H)   Z =  1.0   N =     1   A =  1.008 g/mole
         --->  Isotope:    H1   Z =  1   N =   1   A =   1.01 g/mole   abundance: 99.989 %
         --->  Isotope:    H2   Z =  1   N =   2   A =   2.01 g/mole   abundance:  0.011 %
          ElmMassFraction:  11.19 %  ElmAbundance  66.67 % 

   --->  Element: O (O)   Z =  8.0   N =    16   A = 15.999 g/mole
         --->  Isotope:   O16   Z =  8   N =  16   A =  15.99 g/mole   abundance: 99.757 %
         --->  Isotope:   O17   Z =  8   N =  17   A =  17.00 g/mole   abundance:  0.038 %
         --->  Isotope:   O18   Z =  8   N =  18   A =  18.00 g/mole   abundance:  0.205 %
          ElmMassFraction:  88.81 %  ElmAbundance  33.33 % 


 Material: G4_WATER_ICE_USER H_2O   density: 500.000 mg/cm3  RadL:  72.166 cm   Nucl.Int.Length:   1.507 m  
                       Imean:  78.000 eV   temperature: 293.15 K  pressure:   1.00 atm

   --->  Element: H (H)   Z =  1.0   N =     1   A =  1.008 g/mole
         --->  Isotope:    H1   Z =  1   N =   1   A =   1.01 g/mole   abundance: 99.989 %
         --->  Isotope:    H2   Z =  1   N =   2   A =   2.01 g/mole   abundance:  0.011 %
          ElmMassFraction:  11.19 %  ElmAbundance  66.67 % 

   --->  Element: O (O)   Z =  8.0   N =    16   A = 15.999 g/mole
         --->  Isotope:   O16   Z =  8   N =  16   A =  15.99 g/mole   abundance: 99.757 %
         --->  Isotope:   O17   Z =  8   N =  17   A =  17.00 g/mole   abundance:  0.038 %
         --->  Isotope:   O18   Z =  8   N =  18   A =  18.00 g/mole   abundance:  0.205 %
          ElmMassFraction:  88.81 %  ElmAbundance  33.33 % 


 Material: G4_WATER_ICE_AMORPHOUS H_2O   density: 940.000 mg/cm3  RadL:  38.386 cm   Nucl.Int.Length:  80.186 cm 
                       Imean:  78.000 eV   temperature: 293.15 K  pressure:   1.00 atm

   --->  Element: H (H)   Z =  1.0   N =     1   A =  1.008 g/mole
         --->  Isotope:    H1   Z =  1   N =   1   A =   1.01 g/mole   abundance: 99.989 %
         --->  Isotope:    H2   Z =  1   N =   2   A =   2.01 g/mole   abundance:  0.011 %
          ElmMassFraction:  11.19 %  ElmAbundance  66.67 % 

   --->  Element: O (O)   Z =  8.0   N =    16   A = 15.999 g/mole
         --->  Isotope:   O16   Z =  8   N =  16   A =  15.99 g/mole   abundance: 99.757 %
         --->  Isotope:   O17   Z =  8   N =  17   A =  17.00 g/mole   abundance:  0.038 %
         --->  Isotope:   O18   Z =  8   N =  18   A =  18.00 g/mole   abundance:  0.205 %
          ElmMassFraction:  88.81 %  ElmAbundance  33.33 % 



Michaud_ELSEPA_LOW Elastic model is constructed 
Energy range: 2 eV - 0.0002 MeV
Michaud_ELSEPA_HIGH Elastic model is constructed 
Energy range: 200 eV - 10 MeV
=======================================================================
======                 Electromagnetic Physics Parameters      ========
=======================================================================
LPM effect enabled                                 1
Enable creation and use of sampling tables         0
Apply cuts on all EM processes                     0
Use combined TransportationWithMsc                 Disabled
Use general process                                0
Enable linear polarisation for gamma               0
Enable photoeffect sampling below K-shell          1
Enable sampling of quantum entanglement            0
X-section factor for integral approach             0.8
Min kinetic energy for tables                      1 eV 
Max kinetic energy for tables                      1 GeV
Number of bins per decade of a table               20
Verbose level                                      1
Verbose level for worker thread                    0
Bremsstrahlung energy threshold above which 
  primary e+- is added to the list of secondary    100 TeV
Bremsstrahlung energy threshold above which primary
  muon/hadron is added to the list of secondary    100 TeV
Positron annihilation at rest model                AllisonPositronium
Enable 3 gamma annihilation on fly                 0
Lowest triplet kinetic energy                      1 MeV
Enable sampling of gamma linear polarisation       0
5D gamma conversion model type                     0
5D gamma conversion model on isolated ion          0
Use Ricardo-Gerardo pair production model          0
Livermore data directory                           epics_2017
=======================================================================
======                 Ionisation Parameters                   ========
=======================================================================
Step function for e+-                              (0.2, 0.01 mm)
Step function for muons/hadrons                    (0.1, 0.05 mm)
Step function for light ions                       (0.1, 0.02 mm)
Step function for general ions                     (0.1, 0.001 mm)
Lowest e+e- kinetic energy                         0 eV 
Lowest muon/hadron kinetic energy                  1 keV
Use ICRU90 data                                    1
Fluctuations of dE/dx are enabled                  1
Type of fluctuation model for leptons and hadrons  Universal
Use built-in Birks satuaration                     0
Build CSDA range enabled                           0
Use cut as a final range enabled                   0
Enable angular generator interface                 1
Max kinetic energy for CSDA tables                 1 GeV
Max kinetic energy for NIEL computation            0 eV 
Linear loss limit                                  0.01
Read data from file for e+e- pair production by mu 0
=======================================================================
======                 Multiple Scattering Parameters          ========
=======================================================================
Type of msc step limit algorithm for e+-           2
Type of msc step limit algorithm for muons/hadrons 0
Msc lateral displacement for e+- enabled           1
Msc lateral displacement for muons and hadrons     0
Urban msc model lateral displacement alg96         1
Range factor for msc step limit for e+-            0.08
Range factor for msc step limit for muons/hadrons  0.2
Geometry factor for msc step limitation of e+-     2.5
Safety factor for msc step limit for e+-           0.6
Skin parameter for msc step limitation of e+-      3
Lambda limit for msc step limit for e+-            1 mm
Use Mott correction for e- scattering              1
Factor used for dynamic computation of angular 
  limit between single and multiple scattering     1
Fixed angular limit between single 
  and multiple scattering                          3.1416 rad
Upper energy limit for e+- multiple scattering     100 MeV
Type of electron single scattering model           0
Type of nuclear form-factor                        1
Screening factor                                   1
=======================================================================
======                 Atomic Deexcitation Parameters          ========
=======================================================================
Fluorescence enabled                               1
Directory in G4LEDATA for fluorescence data files  fluor
Auger electron cascade enabled                     1
PIXE atomic de-excitation enabled                  0
De-excitation module ignores cuts                  1
Type of PIXE cross section for hadrons             Empirical
Type of PIXE cross section for e+-                 Livermore
=======================================================================
======                 DNA Physics Parameters                  ========
=======================================================================
Use fast sampling in DNA models                    1
Use Stationary option in DNA models                0
Use DNA with multiple scattering of e-             0
Use DNA e- solvation model type                    11003
=======================================================================
Loaded cross section files for Michaud_ELSEPA_HIGH Elastic model
Michaud_ELSEPA_HIGH Elastic model is initialized 
Energy range: 200 eV - 10 MeV
Loaded cross section files for Michaud_ELSEPA_LOW Elastic model
Michaud_ELSEPA_LOW Elastic model is initialized 
Energy range: 2 eV - 0.0002 MeV
[DEBUG] eTdummyVec.size() = 155
[DEBUG] eVecm[0].size() = 0
[DEBUG] eVecm[1.7].size() = 181
[DEBUG] eVecm[1.75394].size() = 181
[DEBUG] eVecm[1.8096].size() = 181
[DEBUG] eVecm[1.86701].size() = 181
[DEBUG] eVecm[200].size() = 181

e-_G4DNAElastic_ICE:  for e- SubType=51 BuildTable=0
      ===== EM models for the G4Region  DefaultRegionForTheWorld ======
DNAMichaud_ELSEPA_LOW_ElasticModel : Emin=    0 eV  Emax=  200 eV 
DNAMichaud_ELSEPA_HIGH_ElasticModel : Emin=  200 eV  Emax=   10 MeV

e-_G4DNAVib_ICE:  for e- SubType=54 BuildTable=0
      ===== EM models for the G4Region  DefaultRegionForTheWorld ======
DNAMichaudExcitationModel : Emin=    0 eV  Emax=  100 eV 

e-_G4DNAAttachment_ICE:  for e- SubType=55 BuildTable=0
      ===== EM models for the G4Region  DefaultRegionForTheWorld ======
DNAMichaudAttachmentModel : Emin=    0 eV  Emax=   13 eV 

e-_G4DNAExcitation_ICE:  for e- SubType=52 BuildTable=0
      ===== EM models for the G4Region  DefaultRegionForTheWorld ======
DNAEmfietzoglou_iceExcitationModel : Emin=    0 eV  Emax=   10 MeV

e-_G4DNAIonisation_ICE:  for e- SubType=53 BuildTable=0
      ===== EM models for the G4Region  DefaultRegionForTheWorld ======
DNAEmfietzoglou_iceIonisationModel : Emin=    0 eV  Emax=   10 MeV  deltaBorn
        MollerBhabha : Emin=   10 MeV Emax=    1 GeV

msc:  for e-  SubType= 10
      ===== EM models for the G4Region  DefaultRegionForTheWorld ======
            UrbanMsc : Emin=    0 eV  Emax=    1 GeV Nbins=40  10 MeV -   1 GeV
          StepLim=SafetyPlus Rfact=0.08 Gfact=2.5 Sfact=0.6 DispFlag:1 Skin=3 Llim=1 mm

eBrem:  for e-  XStype:3  SubType=3
      dE/dx and range tables from 10 MeV to 1 GeV in 180 bins
      Lambda tables from threshold to 1 GeV, 20 bins/decade, spline: 1
      LPM flag: 1 for E > 1 GeV,  VertexHighEnergyTh(GeV)= 100000
      ===== EM models for the G4Region  DefaultRegionForTheWorld ======
             eBremSB : Emin=    0 eV  Emax=    1 GeV  ModifiedTsai

CoulombScat:  for e- XStype:1 SubType=1 BuildTable=1
      Lambda table from threshold  to 1 GeV, 20 bins/decade, spline: 0
      ThetaMin(p) < Theta(degree) < 180, pLimit(GeV^1)= 0.139531
      ===== EM models for the G4Region  DefaultRegionForTheWorld ======
        WentzelVIUni : Emin=    0 eV  Emax=    1 GeV
          StepLim=SafetyPlus Rfact=0.08 Gfact=2.5 Sfact=0.6 DispFlag:1 Skin=3 Llim=1 mm

=========================================================================
--> G4TaskRunManager::CreateAndStartWorkers() --> Initializing workers...
=========================================================================

G4WT5 > ##### Create analysis manager   0xc12d33a80
G4WT1 > ##### Create analysis manager   0xc12d33900
G4WT1 > Accumulable registered as "accumulable_0"
G4WT2 > ##### Create analysis manager   0xc12d33c00
G4WT2 > Accumulable registered as "accumulable_0"
G4WT2 > Accumulable registered as "accumulable_1"
G4WT2 > Accumulable registered as "accumulable_2"
G4WT2 > Accumulable registered as "accumulable_3"
G4WT5 > Accumulable registered as "accumulable_0"
G4WT7 > ##### Create analysis manager   0xc127c8900
G4WT8 > ##### Create analysis manager   0xc127c8d80
G4WT0 > ##### Create analysis manager   0xc127c8480
G4WT0 > Accumulable registered as "accumulable_0"
G4WT0 > Accumulable registered as "accumulable_1"
G4WT0 > Accumulable registered as "accumulable_2"
G4WT5 > Accumulable registered as "accumulable_1"
G4WT6 > ##### Create analysis manager   0xc127c8a80
G4WT6 > Accumulable registered as "accumulable_0"
G4WT6 > Accumulable registered as "accumulable_1"
G4WT6 > Accumulable registered as "accumulable_2"
G4WT6 > Accumulable registered as "accumulable_3"
G4WT8 > Accumulable registered as "accumulable_0"
G4WT9 > ##### Create analysis manager   0xc127c9200
G4WT5 > Accumulable registered as "accumulable_2"
G4WT5 > Accumulable registered as "accumulable_3"
G4WT2 > Using  analysis manager
G4WT10 > ##### Create analysis manager   0xc127c9380
G4WT10 > Accumulable registered as "accumulable_0"
G4WT10 > Accumulable registered as "accumulable_1"
G4WT10 > Accumulable registered as "accumulable_2"
G4WT10 > Accumulable registered as "accumulable_3"
G4WT8 > Accumulable registered as "accumulable_1"
G4WT11 > ##### Create analysis manager   0xc127c9500
G4WT11 > Accumulable registered as "accumulable_0"
G4WT11 > Accumulable registered as "accumulable_1"
G4WT11 > Accumulable registered as "accumulable_2"
G4WT11 > Accumulable registered as "accumulable_3"
G4WT6 > Using  analysis manager
G4WT5 > Using  analysis manager
G4WT10 > Using  analysis manager
G4WT8 > Accumulable registered as "accumulable_2"
G4WT8 > Accumulable registered as "accumulable_3"
G4WT11 > Using  analysis manager
G4WT1 > Accumulable registered as "accumulable_1"
G4WT7 > Accumulable registered as "accumulable_0"
G4WT4 > ##### Create analysis manager   0xc127c9080
G4WT3 > ##### Create analysis manager   0xc127c8c00
G4WT1 > Accumulable registered as "accumulable_2"
G4WT1 > Accumulable registered as "accumulable_3"
G4WT8 > Using  analysis manager
G4WT9 > Accumulable registered as "accumulable_0"
G4WT9 > Accumulable registered as "accumulable_1"
G4WT9 > Accumulable registered as "accumulable_2"
G4WT7 > Accumulable registered as "accumulable_1"
G4WT7 > Accumulable registered as "accumulable_2"
G4WT7 > Accumulable registered as "accumulable_3"
G4WT4 > Accumulable registered as "accumulable_0"
G4WT4 > Accumulable registered as "accumulable_1"
G4WT4 > Accumulable registered as "accumulable_2"
G4WT4 > Accumulable registered as "accumulable_3"
G4WT0 > Accumulable registered as "accumulable_3"
G4WT9 > Accumulable registered as "accumulable_3"
G4WT4 > Using  analysis manager
G4WT7 > Using  analysis manager
G4WT3 > Accumulable registered as "accumulable_0"
G4WT3 > Accumulable registered as "accumulable_1"
G4WT3 > Accumulable registered as "accumulable_2"
G4WT1 > Using  analysis manager
G4WT3 > Accumulable registered as "accumulable_3"
G4WT0 > Using  analysis manager
G4WT9 > Using  analysis manager
G4WT3 > Using  analysis manager
DNA logging mode: minimal
... set ntuple merging row mode : row-wise - done
... create file : dna_ice_am_rho0p5_E00038_0p00373035486MeV.root - done
... open analysis file : dna_ice_am_rho0p5_E00038_0p00373035486MeV.root - done
... open main analysis file : dna_ice_am_rho0p5_E00038_0p00373035486MeV.root - done

==========================================================================================
--> G4TaskRunManager::CreateAndStartWorkers() --> Creating 32 tasks with 31 events/task...
==========================================================================================

G4WT4 > DNA logging mode: minimal
G4WT4 > ... set ntuple merging row mode : row-wise - done
G4WT8 > DNA logging mode: minimal
G4WT8 > ... set ntuple merging row mode : row-wise - done
G4WT9 > DNA logging mode: minimal
G4WT9 > ... set ntuple merging row mode : row-wise - done
G4WT1 > DNA logging mode: minimal
G4WT1 > ... set ntuple merging row mode : row-wise - done
G4WT5 > DNA logging mode: minimal
G4WT5 > ... set ntuple merging row mode : row-wise - done
G4WT3 > DNA logging mode: minimal
G4WT3 > ... set ntuple merging row mode : row-wise - done
G4WT2 > DNA logging mode: minimal
G4WT2 > ... set ntuple merging row mode : row-wise - done
G4WT10 > DNA logging mode: minimal
G4WT10 > ... set ntuple merging row mode : row-wise - done
G4WT0 > DNA logging mode: minimal
G4WT0 > ... set ntuple merging row mode : row-wise - done
G4WT11 > DNA logging mode: minimal
G4WT11 > ... set ntuple merging row mode : row-wise - done
G4WT6 > DNA logging mode: minimal
G4WT6 > ... set ntuple merging row mode : row-wise - done
G4WT7 > DNA logging mode: minimal
G4WT7 > ... set ntuple merging row mode : row-wise - done
... write file : dna_ice_am_rho0p5_E00038_0p00373035486MeV.root - done
... close file : dna_ice_am_rho0p5_E00038_0p00373035486MeV.root - done

 Nb of ionisations = 68.323 +- 61.784

 w = 54.599 eV  +- 49.373 eV 
[energy 39] SKIP existing root/dna_ice_am_rho0p5_E00039_0p00375479337MeV.root
[energy 40] E=0.00377939198 MeV -> root/dna_ice_am_rho0p5_E00040_0p00377939198MeV.root

**************************************************************
 Geant4 version Name: geant4-11-03-patch-02 [MT]   (25-April-2025)
  << in Multi-threaded mode >> 
                       Copyright : Geant4 Collaboration
                      References : NIM A 506 (2003), 250-303
                                 : IEEE-TNS 53 (2006), 270-278
                                 : NIM A 835 (2016), 186-225
                             WWW : http://geant4.org/
**************************************************************

Using physics list: ice (phase: amorphous)
##### Create analysis manager   0xc4446d200
Accumulable registered as "accumulable_0"
Accumulable registered as "accumulable_1"
Accumulable registered as "accumulable_2"
Accumulable registered as "accumulable_3"
Using  analysis manager
RunAction: log mode set to minimal
-> Density of water_modified material (g/cm3)=0.5

***** Table : Nb of materials = 5 *****

 Material:   G4_ICE H_2O   density:  1.000 g/cm3   RadL:  36.083 cm   Nucl.Int.Length:  75.375 cm 
                       Imean:  78.000 eV   temperature: 293.15 K  pressure:   1.00 atm

   --->  Element: H (H)   Z =  1.0   N =     1   A =  1.008 g/mole
         --->  Isotope:    H1   Z =  1   N =   1   A =   1.01 g/mole   abundance: 99.989 %
         --->  Isotope:    H2   Z =  1   N =   2   A =   2.01 g/mole   abundance:  0.011 %
          ElmMassFraction:  11.19 %  ElmAbundance  66.67 % 

   --->  Element: O (O)   Z =  8.0   N =    16   A = 15.999 g/mole
         --->  Isotope:   O16   Z =  8   N =  16   A =  15.99 g/mole   abundance: 99.757 %
         --->  Isotope:   O17   Z =  8   N =  17   A =  17.00 g/mole   abundance:  0.038 %
         --->  Isotope:   O18   Z =  8   N =  18   A =  18.00 g/mole   abundance:  0.205 %
          ElmMassFraction:  88.81 %  ElmAbundance  33.33 % 


 Material: G4_Galactic    density:  0.000 mg/cm3  RadL: 204310098.490 pc   Nucl.Int.Length: 3240.779 pc 
                       Imean:  21.800 eV   temperature:   2.73 K  pressure:   0.00 atm

   --->  Element: H (H)   Z =  1.0   N =     1   A =  1.008 g/mole
         --->  Isotope:    H1   Z =  1   N =   1   A =   1.01 g/mole   abundance: 99.989 %
         --->  Isotope:    H2   Z =  1   N =   2   A =   2.01 g/mole   abundance:  0.011 %
          ElmMassFraction: 100.00 %  ElmAbundance 100.00 % 


 Material: G4_WATER H_2O   density:  1.000 g/cm3   RadL:  36.083 cm   Nucl.Int.Length:  75.375 cm 
                       Imean:  78.000 eV   temperature: 293.15 K  pressure:   1.00 atm

   --->  Element: H (H)   Z =  1.0   N =     1   A =  1.008 g/mole
         --->  Isotope:    H1   Z =  1   N =   1   A =   1.01 g/mole   abundance: 99.989 %
         --->  Isotope:    H2   Z =  1   N =   2   A =   2.01 g/mole   abundance:  0.011 %
          ElmMassFraction:  11.19 %  ElmAbundance  66.67 % 

   --->  Element: O (O)   Z =  8.0   N =    16   A = 15.999 g/mole
         --->  Isotope:   O16   Z =  8   N =  16   A =  15.99 g/mole   abundance: 99.757 %
         --->  Isotope:   O17   Z =  8   N =  17   A =  17.00 g/mole   abundance:  0.038 %
         --->  Isotope:   O18   Z =  8   N =  18   A =  18.00 g/mole   abundance:  0.205 %
          ElmMassFraction:  88.81 %  ElmAbundance  33.33 % 


 Material: G4_WATER_ICE_USER H_2O   density: 500.000 mg/cm3  RadL:  72.166 cm   Nucl.Int.Length:   1.507 m  
                       Imean:  78.000 eV   temperature: 293.15 K  pressure:   1.00 atm

   --->  Element: H (H)   Z =  1.0   N =     1   A =  1.008 g/mole
         --->  Isotope:    H1   Z =  1   N =   1   A =   1.01 g/mole   abundance: 99.989 %
         --->  Isotope:    H2   Z =  1   N =   2   A =   2.01 g/mole   abundance:  0.011 %
          ElmMassFraction:  11.19 %  ElmAbundance  66.67 % 

   --->  Element: O (O)   Z =  8.0   N =    16   A = 15.999 g/mole
         --->  Isotope:   O16   Z =  8   N =  16   A =  15.99 g/mole   abundance: 99.757 %
         --->  Isotope:   O17   Z =  8   N =  17   A =  17.00 g/mole   abundance:  0.038 %
         --->  Isotope:   O18   Z =  8   N =  18   A =  18.00 g/mole   abundance:  0.205 %
          ElmMassFraction:  88.81 %  ElmAbundance  33.33 % 


 Material: G4_WATER_ICE_AMORPHOUS H_2O   density: 940.000 mg/cm3  RadL:  38.386 cm   Nucl.Int.Length:  80.186 cm 
                       Imean:  78.000 eV   temperature: 293.15 K  pressure:   1.00 atm

   --->  Element: H (H)   Z =  1.0   N =     1   A =  1.008 g/mole
         --->  Isotope:    H1   Z =  1   N =   1   A =   1.01 g/mole   abundance: 99.989 %
         --->  Isotope:    H2   Z =  1   N =   2   A =   2.01 g/mole   abundance:  0.011 %
          ElmMassFraction:  11.19 %  ElmAbundance  66.67 % 

   --->  Element: O (O)   Z =  8.0   N =    16   A = 15.999 g/mole
         --->  Isotope:   O16   Z =  8   N =  16   A =  15.99 g/mole   abundance: 99.757 %
         --->  Isotope:   O17   Z =  8   N =  17   A =  17.00 g/mole   abundance:  0.038 %
         --->  Isotope:   O18   Z =  8   N =  18   A =  18.00 g/mole   abundance:  0.205 %
          ElmMassFraction:  88.81 %  ElmAbundance  33.33 % 



Michaud_ELSEPA_LOW Elastic model is constructed 
Energy range: 2 eV - 0.0002 MeV
Michaud_ELSEPA_HIGH Elastic model is constructed 
Energy range: 200 eV - 10 MeV
=======================================================================
======                 Electromagnetic Physics Parameters      ========
=======================================================================
LPM effect enabled                                 1
Enable creation and use of sampling tables         0
Apply cuts on all EM processes                     0
Use combined TransportationWithMsc                 Disabled
Use general process                                0
Enable linear polarisation for gamma               0
Enable photoeffect sampling below K-shell          1
Enable sampling of quantum entanglement            0
X-section factor for integral approach             0.8
Min kinetic energy for tables                      1 eV 
Max kinetic energy for tables                      1 GeV
Number of bins per decade of a table               20
Verbose level                                      1
Verbose level for worker thread                    0
Bremsstrahlung energy threshold above which 
  primary e+- is added to the list of secondary    100 TeV
Bremsstrahlung energy threshold above which primary
  muon/hadron is added to the list of secondary    100 TeV
Positron annihilation at rest model                AllisonPositronium
Enable 3 gamma annihilation on fly                 0
Lowest triplet kinetic energy                      1 MeV
Enable sampling of gamma linear polarisation       0
5D gamma conversion model type                     0
5D gamma conversion model on isolated ion          0
Use Ricardo-Gerardo pair production model          0
Livermore data directory                           epics_2017
=======================================================================
======                 Ionisation Parameters                   ========
=======================================================================
Step function for e+-                              (0.2, 0.01 mm)
Step function for muons/hadrons                    (0.1, 0.05 mm)
Step function for light ions                       (0.1, 0.02 mm)
Step function for general ions                     (0.1, 0.001 mm)
Lowest e+e- kinetic energy                         0 eV 
Lowest muon/hadron kinetic energy                  1 keV
Use ICRU90 data                                    1
Fluctuations of dE/dx are enabled                  1
Type of fluctuation model for leptons and hadrons  Universal
Use built-in Birks satuaration                     0
Build CSDA range enabled                           0
Use cut as a final range enabled                   0
Enable angular generator interface                 1
Max kinetic energy for CSDA tables                 1 GeV
Max kinetic energy for NIEL computation            0 eV 
Linear loss limit                                  0.01
Read data from file for e+e- pair production by mu 0
=======================================================================
======                 Multiple Scattering Parameters          ========
=======================================================================
Type of msc step limit algorithm for e+-           2
Type of msc step limit algorithm for muons/hadrons 0
Msc lateral displacement for e+- enabled           1
Msc lateral displacement for muons and hadrons     0
Urban msc model lateral displacement alg96         1
Range factor for msc step limit for e+-            0.08
Range factor for msc step limit for muons/hadrons  0.2
Geometry factor for msc step limitation of e+-     2.5
Safety factor for msc step limit for e+-           0.6
Skin parameter for msc step limitation of e+-      3
Lambda limit for msc step limit for e+-            1 mm
Use Mott correction for e- scattering              1
Factor used for dynamic computation of angular 
  limit between single and multiple scattering     1
Fixed angular limit between single 
  and multiple scattering                          3.1416 rad
Upper energy limit for e+- multiple scattering     100 MeV
Type of electron single scattering model           0
Type of nuclear form-factor                        1
Screening factor                                   1
=======================================================================
======                 Atomic Deexcitation Parameters          ========
=======================================================================
Fluorescence enabled                               1
Directory in G4LEDATA for fluorescence data files  fluor
Auger electron cascade enabled                     1
PIXE atomic de-excitation enabled                  0
De-excitation module ignores cuts                  1
Type of PIXE cross section for hadrons             Empirical
Type of PIXE cross section for e+-                 Livermore
=======================================================================
======                 DNA Physics Parameters                  ========
=======================================================================
Use fast sampling in DNA models                    1
Use Stationary option in DNA models                0
Use DNA with multiple scattering of e-             0
Use DNA e- solvation model type                    11003
=======================================================================
Loaded cross section files for Michaud_ELSEPA_HIGH Elastic model
Michaud_ELSEPA_HIGH Elastic model is initialized 
Energy range: 200 eV - 10 MeV
Loaded cross section files for Michaud_ELSEPA_LOW Elastic model
Michaud_ELSEPA_LOW Elastic model is initialized 
Energy range: 2 eV - 0.0002 MeV
[DEBUG] eTdummyVec.size() = 155
[DEBUG] eVecm[0].size() = 0
[DEBUG] eVecm[1.7].size() = 181
[DEBUG] eVecm[1.75394].size() = 181
[DEBUG] eVecm[1.8096].size() = 181
[DEBUG] eVecm[1.86701].size() = 181
[DEBUG] eVecm[200].size() = 181

e-_G4DNAElastic_ICE:  for e- SubType=51 BuildTable=0
      ===== EM models for the G4Region  DefaultRegionForTheWorld ======
DNAMichaud_ELSEPA_LOW_ElasticModel : Emin=    0 eV  Emax=  200 eV 
DNAMichaud_ELSEPA_HIGH_ElasticModel : Emin=  200 eV  Emax=   10 MeV

e-_G4DNAVib_ICE:  for e- SubType=54 BuildTable=0
      ===== EM models for the G4Region  DefaultRegionForTheWorld ======
DNAMichaudExcitationModel : Emin=    0 eV  Emax=  100 eV 

e-_G4DNAAttachment_ICE:  for e- SubType=55 BuildTable=0
      ===== EM models for the G4Region  DefaultRegionForTheWorld ======
DNAMichaudAttachmentModel : Emin=    0 eV  Emax=   13 eV 

e-_G4DNAExcitation_ICE:  for e- SubType=52 BuildTable=0
      ===== EM models for the G4Region  DefaultRegionForTheWorld ======
DNAEmfietzoglou_iceExcitationModel : Emin=    0 eV  Emax=   10 MeV

e-_G4DNAIonisation_ICE:  for e- SubType=53 BuildTable=0
      ===== EM models for the G4Region  DefaultRegionForTheWorld ======
DNAEmfietzoglou_iceIonisationModel : Emin=    0 eV  Emax=   10 MeV  deltaBorn
        MollerBhabha : Emin=   10 MeV Emax=    1 GeV

msc:  for e-  SubType= 10
      ===== EM models for the G4Region  DefaultRegionForTheWorld ======
            UrbanMsc : Emin=    0 eV  Emax=    1 GeV Nbins=40  10 MeV -   1 GeV
          StepLim=SafetyPlus Rfact=0.08 Gfact=2.5 Sfact=0.6 DispFlag:1 Skin=3 Llim=1 mm

eBrem:  for e-  XStype:3  SubType=3
      dE/dx and range tables from 10 MeV to 1 GeV in 180 bins
      Lambda tables from threshold to 1 GeV, 20 bins/decade, spline: 1
      LPM flag: 1 for E > 1 GeV,  VertexHighEnergyTh(GeV)= 100000
      ===== EM models for the G4Region  DefaultRegionForTheWorld ======
             eBremSB : Emin=    0 eV  Emax=    1 GeV  ModifiedTsai

CoulombScat:  for e- XStype:1 SubType=1 BuildTable=1
      Lambda table from threshold  to 1 GeV, 20 bins/decade, spline: 0
      ThetaMin(p) < Theta(degree) < 180, pLimit(GeV^1)= 0.139531
      ===== EM models for the G4Region  DefaultRegionForTheWorld ======
        WentzelVIUni : Emin=    0 eV  Emax=    1 GeV
          StepLim=SafetyPlus Rfact=0.08 Gfact=2.5 Sfact=0.6 DispFlag:1 Skin=3 Llim=1 mm

=========================================================================
--> G4TaskRunManager::CreateAndStartWorkers() --> Initializing workers...
=========================================================================

G4WT3 > ##### Create analysis manager   0xc44443300
G4WT3 > Accumulable registered as "accumulable_0"
G4WT3 > Accumulable registered as "accumulable_1"
G4WT3 > Accumulable registered as "accumulable_2"
G4WT3 > Accumulable registered as "accumulable_3"
G4WT11 > ##### Create analysis manager   0xc44443c00
G4WT11 > Accumulable registered as "accumulable_0"
G4WT11 > Accumulable registered as "accumulable_1"
G4WT11 > Accumulable registered as "accumulable_2"
G4WT11 > Accumulable registered as "accumulable_3"
G4WT9 > ##### Create analysis manager   0xc43acc300
G4WT9 > Accumulable registered as "accumulable_0"
G4WT9 > Accumulable registered as "accumulable_1"
G4WT9 > Accumulable registered as "accumulable_2"
G4WT9 > Accumulable registered as "accumulable_3"
G4WT3 > Using  analysis manager
G4WT11 > Using  analysis manager
G4WT9 > Using  analysis manager
G4WT10 > ##### Create analysis manager   0xc43accc00
G4WT10 > Accumulable registered as "accumulable_0"
G4WT10 > Accumulable registered as "accumulable_1"
G4WT10 > Accumulable registered as "accumulable_2"
G4WT10 > Accumulable registered as "accumulable_3"
G4WT2 > ##### Create analysis manager   0xc43acd380
G4WT2 > Accumulable registered as "accumulable_0"
G4WT2 > Accumulable registered as "accumulable_1"
G4WT2 > Accumulable registered as "accumulable_2"
G4WT2 > Accumulable registered as "accumulable_3"
G4WT0 > ##### Create analysis manager   0xc43acd200
G4WT0 > Accumulable registered as "accumulable_0"
G4WT0 > Accumulable registered as "accumulable_1"
G4WT0 > Accumulable registered as "accumulable_2"
G4WT0 > Accumulable registered as "accumulable_3"
G4WT6 > ##### Create analysis manager   0xc44443600
G4WT2 > Using  analysis manager
G4WT10 > Using  analysis manager
G4WT1 > ##### Create analysis manager   0xc43acdb00
G4WT1 > Accumulable registered as "accumulable_0"
G4WT1 > Accumulable registered as "accumulable_1"
G4WT1 > Accumulable registered as "accumulable_2"
G4WT1 > Accumulable registered as "accumulable_3"
G4WT0 > Using  analysis manager
G4WT6 > Accumulable registered as "accumulable_0"
G4WT6 > Accumulable registered as "accumulable_1"
G4WT6 > Accumulable registered as "accumulable_2"
G4WT6 > Accumulable registered as "accumulable_3"
G4WT5 > ##### Create analysis manager   0xc43aceb80
G4WT5 > Accumulable registered as "accumulable_0"
G4WT7 > ##### Create analysis manager   0xc43aced00
G4WT7 > Accumulable registered as "accumulable_0"
G4WT7 > Accumulable registered as "accumulable_1"
G4WT7 > Accumulable registered as "accumulable_2"
G4WT7 > Accumulable registered as "accumulable_3"
G4WT8 > ##### Create analysis manager   0xc43acf900
G4WT8 > Accumulable registered as "accumulable_0"
G4WT8 > Accumulable registered as "accumulable_1"
G4WT8 > Accumulable registered as "accumulable_2"
G4WT8 > Accumulable registered as "accumulable_3"
G4WT5 > Accumulable registered as "accumulable_1"
G4WT5 > Accumulable registered as "accumulable_2"
G4WT5 > Accumulable registered as "accumulable_3"
G4WT1 > Using  analysis manager
G4WT6 > Using  analysis manager
G4WT7 > Using  analysis manager
G4WT4 > ##### Create analysis manager   0xc43acf600
G4WT4 > Accumulable registered as "accumulable_0"
G4WT4 > Accumulable registered as "accumulable_1"
G4WT4 > Accumulable registered as "accumulable_2"
G4WT4 > Accumulable registered as "accumulable_3"
G4WT8 > Using  analysis manager
G4WT4 > Using  analysis manager
G4WT5 > Using  analysis manager
DNA logging mode: minimal
... set ntuple merging row mode : row-wise - done
... create file : dna_ice_am_rho0p5_E00040_0p00377939198MeV.root - done
... open analysis file : dna_ice_am_rho0p5_E00040_0p00377939198MeV.root - done
... open main analysis file : dna_ice_am_rho0p5_E00040_0p00377939198MeV.root - done

==========================================================================================
--> G4TaskRunManager::CreateAndStartWorkers() --> Creating 32 tasks with 31 events/task...
==========================================================================================

G4WT11 > DNA logging mode: minimal
G4WT11 > ... set ntuple merging row mode : row-wise - done
G4WT5 > DNA logging mode: minimal
G4WT5 > ... set ntuple merging row mode : row-wise - done
G4WT2 > DNA logging mode: minimal
G4WT2 > ... set ntuple merging row mode : row-wise - done
G4WT1 > DNA logging mode: minimal
G4WT1 > ... set ntuple merging row mode : row-wise - done
G4WT0 > DNA logging mode: minimal
G4WT0 > ... set ntuple merging row mode : row-wise - done
G4WT10 > DNA logging mode: minimal
G4WT10 > ... set ntuple merging row mode : row-wise - done
G4WT9 > DNA logging mode: minimal
G4WT9 > ... set ntuple merging row mode : row-wise - done
G4WT6 > DNA logging mode: minimal
G4WT6 > ... set ntuple merging row mode : row-wise - done
G4WT4 > DNA logging mode: minimal
G4WT4 > ... set ntuple merging row mode : row-wise - done
G4WT7 > DNA logging mode: minimal
G4WT7 > ... set ntuple merging row mode : row-wise - done
G4WT8 > DNA logging mode: minimal
G4WT8 > ... set ntuple merging row mode : row-wise - done
G4WT3 > DNA logging mode: minimal
G4WT3 > ... set ntuple merging row mode : row-wise - done
... write file : dna_ice_am_rho0p5_E00040_0p00377939198MeV.root - done
... close file : dna_ice_am_rho0p5_E00040_0p00377939198MeV.root - done

 Nb of ionisations = 66.659 +- 60.652

 w = 56.697 eV  +- 51.588 eV 
[energy 41] SKIP existing root/dna_ice_am_rho0p5_E00041_0p00380415174MeV.root
[energy 42] E=0.00382907371 MeV -> root/dna_ice_am_rho0p5_E00042_0p00382907371MeV.root

**************************************************************
 Geant4 version Name: geant4-11-03-patch-02 [MT]   (25-April-2025)
  << in Multi-threaded mode >> 
                       Copyright : Geant4 Collaboration
                      References : NIM A 506 (2003), 250-303
                                 : IEEE-TNS 53 (2006), 270-278
                                 : NIM A 835 (2016), 186-225
                             WWW : http://geant4.org/
**************************************************************

Using physics list: ice (phase: amorphous)
##### Create analysis manager   0xba8d7c780
Accumulable registered as "accumulable_0"
Accumulable registered as "accumulable_1"
Accumulable registered as "accumulable_2"
Accumulable registered as "accumulable_3"
Using  analysis manager
RunAction: log mode set to minimal
-> Density of water_modified material (g/cm3)=0.5

***** Table : Nb of materials = 5 *****

 Material:   G4_ICE H_2O   density:  1.000 g/cm3   RadL:  36.083 cm   Nucl.Int.Length:  75.375 cm 
                       Imean:  78.000 eV   temperature: 293.15 K  pressure:   1.00 atm

   --->  Element: H (H)   Z =  1.0   N =     1   A =  1.008 g/mole
         --->  Isotope:    H1   Z =  1   N =   1   A =   1.01 g/mole   abundance: 99.989 %
         --->  Isotope:    H2   Z =  1   N =   2   A =   2.01 g/mole   abundance:  0.011 %
          ElmMassFraction:  11.19 %  ElmAbundance  66.67 % 

   --->  Element: O (O)   Z =  8.0   N =    16   A = 15.999 g/mole
         --->  Isotope:   O16   Z =  8   N =  16   A =  15.99 g/mole   abundance: 99.757 %
         --->  Isotope:   O17   Z =  8   N =  17   A =  17.00 g/mole   abundance:  0.038 %
         --->  Isotope:   O18   Z =  8   N =  18   A =  18.00 g/mole   abundance:  0.205 %
          ElmMassFraction:  88.81 %  ElmAbundance  33.33 % 


 Material: G4_Galactic    density:  0.000 mg/cm3  RadL: 204310098.490 pc   Nucl.Int.Length: 3240.779 pc 
                       Imean:  21.800 eV   temperature:   2.73 K  pressure:   0.00 atm

   --->  Element: H (H)   Z =  1.0   N =     1   A =  1.008 g/mole
         --->  Isotope:    H1   Z =  1   N =   1   A =   1.01 g/mole   abundance: 99.989 %
         --->  Isotope:    H2   Z =  1   N =   2   A =   2.01 g/mole   abundance:  0.011 %
          ElmMassFraction: 100.00 %  ElmAbundance 100.00 % 


 Material: G4_WATER H_2O   density:  1.000 g/cm3   RadL:  36.083 cm   Nucl.Int.Length:  75.375 cm 
                       Imean:  78.000 eV   temperature: 293.15 K  pressure:   1.00 atm

   --->  Element: H (H)   Z =  1.0   N =     1   A =  1.008 g/mole
         --->  Isotope:    H1   Z =  1   N =   1   A =   1.01 g/mole   abundance: 99.989 %
         --->  Isotope:    H2   Z =  1   N =   2   A =   2.01 g/mole   abundance:  0.011 %
          ElmMassFraction:  11.19 %  ElmAbundance  66.67 % 

   --->  Element: O (O)   Z =  8.0   N =    16   A = 15.999 g/mole
         --->  Isotope:   O16   Z =  8   N =  16   A =  15.99 g/mole   abundance: 99.757 %
         --->  Isotope:   O17   Z =  8   N =  17   A =  17.00 g/mole   abundance:  0.038 %
         --->  Isotope:   O18   Z =  8   N =  18   A =  18.00 g/mole   abundance:  0.205 %
          ElmMassFraction:  88.81 %  ElmAbundance  33.33 % 


 Material: G4_WATER_ICE_USER H_2O   density: 500.000 mg/cm3  RadL:  72.166 cm   Nucl.Int.Length:   1.507 m  
                       Imean:  78.000 eV   temperature: 293.15 K  pressure:   1.00 atm

   --->  Element: H (H)   Z =  1.0   N =     1   A =  1.008 g/mole
         --->  Isotope:    H1   Z =  1   N =   1   A =   1.01 g/mole   abundance: 99.989 %
         --->  Isotope:    H2   Z =  1   N =   2   A =   2.01 g/mole   abundance:  0.011 %
          ElmMassFraction:  11.19 %  ElmAbundance  66.67 % 

   --->  Element: O (O)   Z =  8.0   N =    16   A = 15.999 g/mole
         --->  Isotope:   O16   Z =  8   N =  16   A =  15.99 g/mole   abundance: 99.757 %
         --->  Isotope:   O17   Z =  8   N =  17   A =  17.00 g/mole   abundance:  0.038 %
         --->  Isotope:   O18   Z =  8   N =  18   A =  18.00 g/mole   abundance:  0.205 %
          ElmMassFraction:  88.81 %  ElmAbundance  33.33 % 


 Material: G4_WATER_ICE_AMORPHOUS H_2O   density: 940.000 mg/cm3  RadL:  38.386 cm   Nucl.Int.Length:  80.186 cm 
                       Imean:  78.000 eV   temperature: 293.15 K  pressure:   1.00 atm

   --->  Element: H (H)   Z =  1.0   N =     1   A =  1.008 g/mole
         --->  Isotope:    H1   Z =  1   N =   1   A =   1.01 g/mole   abundance: 99.989 %
         --->  Isotope:    H2   Z =  1   N =   2   A =   2.01 g/mole   abundance:  0.011 %
          ElmMassFraction:  11.19 %  ElmAbundance  66.67 % 

   --->  Element: O (O)   Z =  8.0   N =    16   A = 15.999 g/mole
         --->  Isotope:   O16   Z =  8   N =  16   A =  15.99 g/mole   abundance: 99.757 %
         --->  Isotope:   O17   Z =  8   N =  17   A =  17.00 g/mole   abundance:  0.038 %
         --->  Isotope:   O18   Z =  8   N =  18   A =  18.00 g/mole   abundance:  0.205 %
          ElmMassFraction:  88.81 %  ElmAbundance  33.33 % 



Michaud_ELSEPA_LOW Elastic model is constructed 
Energy range: 2 eV - 0.0002 MeV
Michaud_ELSEPA_HIGH Elastic model is constructed 
Energy range: 200 eV - 10 MeV
=======================================================================
======                 Electromagnetic Physics Parameters      ========
=======================================================================
LPM effect enabled                                 1
Enable creation and use of sampling tables         0
Apply cuts on all EM processes                     0
Use combined TransportationWithMsc                 Disabled
Use general process                                0
Enable linear polarisation for gamma               0
Enable photoeffect sampling below K-shell          1
Enable sampling of quantum entanglement            0
X-section factor for integral approach             0.8
Min kinetic energy for tables                      1 eV 
Max kinetic energy for tables                      1 GeV
Number of bins per decade of a table               20
Verbose level                                      1
Verbose level for worker thread                    0
Bremsstrahlung energy threshold above which 
  primary e+- is added to the list of secondary    100 TeV
Bremsstrahlung energy threshold above which primary
  muon/hadron is added to the list of secondary    100 TeV
Positron annihilation at rest model                AllisonPositronium
Enable 3 gamma annihilation on fly                 0
Lowest triplet kinetic energy                      1 MeV
Enable sampling of gamma linear polarisation       0
5D gamma conversion model type                     0
5D gamma conversion model on isolated ion          0
Use Ricardo-Gerardo pair production model          0
Livermore data directory                           epics_2017
=======================================================================
======                 Ionisation Parameters                   ========
=======================================================================
Step function for e+-                              (0.2, 0.01 mm)
Step function for muons/hadrons                    (0.1, 0.05 mm)
Step function for light ions                       (0.1, 0.02 mm)
Step function for general ions                     (0.1, 0.001 mm)
Lowest e+e- kinetic energy                         0 eV 
Lowest muon/hadron kinetic energy                  1 keV
Use ICRU90 data                                    1
Fluctuations of dE/dx are enabled                  1
Type of fluctuation model for leptons and hadrons  Universal
Use built-in Birks satuaration                     0
Build CSDA range enabled                           0
Use cut as a final range enabled                   0
Enable angular generator interface                 1
Max kinetic energy for CSDA tables                 1 GeV
Max kinetic energy for NIEL computation            0 eV 
Linear loss limit                                  0.01
Read data from file for e+e- pair production by mu 0
=======================================================================
======                 Multiple Scattering Parameters          ========
=======================================================================
Type of msc step limit algorithm for e+-           2
Type of msc step limit algorithm for muons/hadrons 0
Msc lateral displacement for e+- enabled           1
Msc lateral displacement for muons and hadrons     0
Urban msc model lateral displacement alg96         1
Range factor for msc step limit for e+-            0.08
Range factor for msc step limit for muons/hadrons  0.2
Geometry factor for msc step limitation of e+-     2.5
Safety factor for msc step limit for e+-           0.6
Skin parameter for msc step limitation of e+-      3
Lambda limit for msc step limit for e+-            1 mm
Use Mott correction for e- scattering              1
Factor used for dynamic computation of angular 
  limit between single and multiple scattering     1
Fixed angular limit between single 
  and multiple scattering                          3.1416 rad
Upper energy limit for e+- multiple scattering     100 MeV
Type of electron single scattering model           0
Type of nuclear form-factor                        1
Screening factor                                   1
=======================================================================
======                 Atomic Deexcitation Parameters          ========
=======================================================================
Fluorescence enabled                               1
Directory in G4LEDATA for fluorescence data files  fluor
Auger electron cascade enabled                     1
PIXE atomic de-excitation enabled                  0
De-excitation module ignores cuts                  1
Type of PIXE cross section for hadrons             Empirical
Type of PIXE cross section for e+-                 Livermore
=======================================================================
======                 DNA Physics Parameters                  ========
=======================================================================
Use fast sampling in DNA models                    1
Use Stationary option in DNA models                0
Use DNA with multiple scattering of e-             0
Use DNA e- solvation model type                    11003
=======================================================================
Loaded cross section files for Michaud_ELSEPA_HIGH Elastic model
Michaud_ELSEPA_HIGH Elastic model is initialized 
Energy range: 200 eV - 10 MeV
Loaded cross section files for Michaud_ELSEPA_LOW Elastic model
Michaud_ELSEPA_LOW Elastic model is initialized 
Energy range: 2 eV - 0.0002 MeV
[DEBUG] eTdummyVec.size() = 155
[DEBUG] eVecm[0].size() = 0
[DEBUG] eVecm[1.7].size() = 181
[DEBUG] eVecm[1.75394].size() = 181
[DEBUG] eVecm[1.8096].size() = 181
[DEBUG] eVecm[1.86701].size() = 181
[DEBUG] eVecm[200].size() = 181

e-_G4DNAElastic_ICE:  for e- SubType=51 BuildTable=0
      ===== EM models for the G4Region  DefaultRegionForTheWorld ======
DNAMichaud_ELSEPA_LOW_ElasticModel : Emin=    0 eV  Emax=  200 eV 
DNAMichaud_ELSEPA_HIGH_ElasticModel : Emin=  200 eV  Emax=   10 MeV

e-_G4DNAVib_ICE:  for e- SubType=54 BuildTable=0
      ===== EM models for the G4Region  DefaultRegionForTheWorld ======
DNAMichaudExcitationModel : Emin=    0 eV  Emax=  100 eV 

e-_G4DNAAttachment_ICE:  for e- SubType=55 BuildTable=0
      ===== EM models for the G4Region  DefaultRegionForTheWorld ======
DNAMichaudAttachmentModel : Emin=    0 eV  Emax=   13 eV 

e-_G4DNAExcitation_ICE:  for e- SubType=52 BuildTable=0
      ===== EM models for the G4Region  DefaultRegionForTheWorld ======
DNAEmfietzoglou_iceExcitationModel : Emin=    0 eV  Emax=   10 MeV

e-_G4DNAIonisation_ICE:  for e- SubType=53 BuildTable=0
      ===== EM models for the G4Region  DefaultRegionForTheWorld ======
DNAEmfietzoglou_iceIonisationModel : Emin=    0 eV  Emax=   10 MeV  deltaBorn
        MollerBhabha : Emin=   10 MeV Emax=    1 GeV

msc:  for e-  SubType= 10
      ===== EM models for the G4Region  DefaultRegionForTheWorld ======
            UrbanMsc : Emin=    0 eV  Emax=    1 GeV Nbins=40  10 MeV -   1 GeV
          StepLim=SafetyPlus Rfact=0.08 Gfact=2.5 Sfact=0.6 DispFlag:1 Skin=3 Llim=1 mm

eBrem:  for e-  XStype:3  SubType=3
      dE/dx and range tables from 10 MeV to 1 GeV in 180 bins
      Lambda tables from threshold to 1 GeV, 20 bins/decade, spline: 1
      LPM flag: 1 for E > 1 GeV,  VertexHighEnergyTh(GeV)= 100000
      ===== EM models for the G4Region  DefaultRegionForTheWorld ======
             eBremSB : Emin=    0 eV  Emax=    1 GeV  ModifiedTsai

CoulombScat:  for e- XStype:1 SubType=1 BuildTable=1
      Lambda table from threshold  to 1 GeV, 20 bins/decade, spline: 0
      ThetaMin(p) < Theta(degree) < 180, pLimit(GeV^1)= 0.139531
      ===== EM models for the G4Region  DefaultRegionForTheWorld ======
        WentzelVIUni : Emin=    0 eV  Emax=    1 GeV
          StepLim=SafetyPlus Rfact=0.08 Gfact=2.5 Sfact=0.6 DispFlag:1 Skin=3 Llim=1 mm

=========================================================================
--> G4TaskRunManager::CreateAndStartWorkers() --> Initializing workers...
=========================================================================

G4WT2 > ##### Create analysis manager   0xba8d7d080
G4WT2 > Accumulable registered as "accumulable_0"
G4WT2 > Accumulable registered as "accumulable_1"
G4WT2 > Accumulable registered as "accumulable_2"
G4WT2 > Accumulable registered as "accumulable_3"
G4WT2 > Using  analysis manager
G4WT0 > ##### Create analysis manager   0xba8d7d980
G4WT0 > Accumulable registered as "accumulable_0"
G4WT0 > Accumulable registered as "accumulable_1"
G4WT0 > Accumulable registered as "accumulable_2"
G4WT0 > Accumulable registered as "accumulable_3"
G4WT0 > Using  analysis manager
G4WT4 > ##### Create analysis manager   0xba8d7e880
G4WT4 > Accumulable registered as "accumulable_0"
G4WT4 > Accumulable registered as "accumulable_1"
G4WT4 > Accumulable registered as "accumulable_2"
G4WT4 > Accumulable registered as "accumulable_3"
G4WT8 > ##### Create analysis manager   0xba8d7eb80
G4WT8 > Accumulable registered as "accumulable_0"
G4WT8 > Accumulable registered as "accumulable_1"
G4WT8 > Accumulable registered as "accumulable_2"
G4WT8 > Accumulable registered as "accumulable_3"
G4WT4 > Using  analysis manager
G4WT8 > Using  analysis manager
G4WT5 > ##### Create analysis manager   0xba8d7fc00
G4WT5 > Accumulable registered as "accumulable_0"
G4WT5 > Accumulable registered as "accumulable_1"
G4WT5 > Accumulable registered as "accumulable_2"
G4WT5 > Accumulable registered as "accumulable_3"
G4WT7 > ##### Create analysis manager   0xba7d18180
G4WT7 > Accumulable registered as "accumulable_0"
G4WT7 > Accumulable registered as "accumulable_1"
G4WT7 > Accumulable registered as "accumulable_2"
G4WT7 > Accumulable registered as "accumulable_3"
G4WT3 > ##### Create analysis manager   0xba7d18000
G4WT3 > Accumulable registered as "accumulable_0"
G4WT3 > Accumulable registered as "accumulable_1"
G4WT3 > Accumulable registered as "accumulable_2"
G4WT3 > Accumulable registered as "accumulable_3"
G4WT10 > ##### Create analysis manager   0xba7d18900
G4WT10 > Accumulable registered as "accumulable_0"
G4WT10 > Accumulable registered as "accumulable_1"
G4WT1 > ##### Create analysis manager   0xba7d18780
G4WT1 > Accumulable registered as "accumulable_0"
G4WT1 > Accumulable registered as "accumulable_1"
G4WT1 > Accumulable registered as "accumulable_2"
G4WT1 > Accumulable registered as "accumulable_3"
G4WT11 > ##### Create analysis manager   0xba7d18f00
G4WT11 > Accumulable registered as "accumulable_0"
G4WT11 > Accumulable registered as "accumulable_1"
G4WT6 > ##### Create analysis manager   0xba7d19080
G4WT10 > Accumulable registered as "accumulable_2"
G4WT11 > Accumulable registered as "accumulable_2"
G4WT11 > Accumulable registered as "accumulable_3"
G4WT6 > Accumulable registered as "accumulable_0"
G4WT6 > Accumulable registered as "accumulable_1"
G4WT6 > Accumulable registered as "accumulable_2"
G4WT6 > Accumulable registered as "accumulable_3"
G4WT9 > ##### Create analysis manager   0xba7d18c00
G4WT9 > Accumulable registered as "accumulable_0"
G4WT7 > Using  analysis manager
G4WT3 > Using  analysis manager
G4WT9 > Accumulable registered as "accumulable_1"
G4WT9 > Accumulable registered as "accumulable_2"
G4WT9 > Accumulable registered as "accumulable_3"
G4WT5 > Using  analysis manager
G4WT1 > Using  analysis manager
G4WT11 > Using  analysis manager
G4WT10 > Accumulable registered as "accumulable_3"
G4WT9 > Using  analysis manager
G4WT6 > Using  analysis manager
G4WT10 > Using  analysis manager
DNA logging mode: minimal
... set ntuple merging row mode : row-wise - done
... create file : dna_ice_am_rho0p5_E00042_0p00382907371MeV.root - done
... open analysis file : dna_ice_am_rho0p5_E00042_0p00382907371MeV.root - done
... open main analysis file : dna_ice_am_rho0p5_E00042_0p00382907371MeV.root - done

==========================================================================================
--> G4TaskRunManager::CreateAndStartWorkers() --> Creating 32 tasks with 31 events/task...
==========================================================================================

G4WT4 > DNA logging mode: minimal
G4WT4 > ... set ntuple merging row mode : row-wise - done
G4WT9 > DNA logging mode: minimal
G4WT9 > ... set ntuple merging row mode : row-wise - done
G4WT11 > DNA logging mode: minimal
G4WT11 > ... set ntuple merging row mode : row-wise - done
G4WT2 > DNA logging mode: minimal
G4WT2 > ... set ntuple merging row mode : row-wise - done
G4WT6 > DNA logging mode: minimal
G4WT6 > ... set ntuple merging row mode : row-wise - done
G4WT8 > DNA logging mode: minimal
G4WT8 > ... set ntuple merging row mode : row-wise - done
G4WT0 > DNA logging mode: minimal
G4WT0 > ... set ntuple merging row mode : row-wise - done
G4WT7 > DNA logging mode: minimal
G4WT7 > ... set ntuple merging row mode : row-wise - done
G4WT10 > DNA logging mode: minimal
G4WT10 > ... set ntuple merging row mode : row-wise - done
G4WT5 > DNA logging mode: minimal
G4WT5 > ... set ntuple merging row mode : row-wise - done
G4WT3 > DNA logging mode: minimal
G4WT3 > ... set ntuple merging row mode : row-wise - done
G4WT1 > DNA logging mode: minimal
G4WT1 > ... set ntuple merging row mode : row-wise - done
... write file : dna_ice_am_rho0p5_E00042_0p00382907371MeV.root - done
... close file : dna_ice_am_rho0p5_E00042_0p00382907371MeV.root - done

 Nb of ionisations = 67.251 +- 61.814

 w = 56.937 eV  +- 52.334 eV 
[energy 43] E=0.00385415895 MeV -> root/dna_ice_am_rho0p5_E00043_0p00385415895MeV.root
./run_per_energy.sh: line 45: /Users/yoffegid/Dropbox (Weizmann Institute)/Eureka Science/Code/geant4_projects/dnaphysics-ice/europa_energy_library/../build/dnaphysics: No such file or directory
